[{"semTypes": ["T127", "T121", "T119"], "to": "47792", "fro": "47784", "fullId": "http://purl.bioontology.org/ontology/MSH/D014815", "preferredName": "Vitamins"}, {"semTypes": ["T121", "T109"], "to": "62425", "fro": "62413", "fullId": "http://purl.bioontology.org/ontology/RXNORM/41127", "preferredName": "fluvastatin"}, {"semTypes": ["T999"], "to": "32145", "fro": "32136", "fullId": "http://purl.bioontology.org/ontology/MSH/D009254", "preferredName": "Nafcillin"}, {"semTypes": ["T999"], "to": "43989", "fro": "43979", "fullId": "http://purl.bioontology.org/ontology/MSH/D009254", "preferredName": "Nafcillin"}, {"semTypes": ["T121", "T124"], "to": "35778", "fro": "35769", "fullId": "http://purl.bioontology.org/ontology/MSH/D017291", "preferredName": "Clarithromycin"}, {"semTypes": ["T999"], "to": "55379", "fro": "55363", "fullId": "http://purl.bioontology.org/ontology/RXNORM/5224", "preferredName": "Heparin"}, {"semTypes": ["T999"], "to": "33328", "fro": "33313", "fullId": "http://purl.bioontology.org/ontology/MSH/C065179", "preferredName": "atorvastatin"}, {"semTypes": ["T109", "T121"], "to": "39881", "fro": "39874", "fullId": "http://purl.bioontology.org/ontology/RXNORM/5224", "preferredName": "Heparin"}, {"semTypes": ["T999"], "to": "42858", "fro": "42851", "fullId": "http://purl.bioontology.org/ontology/RXNORM/7623", "preferredName": "Ofloxacin"}, {"semTypes": ["T999"], "to": "27336", "fro": "27326", "fullId": "http://purl.bioontology.org/ontology/RXNORM/2356", "preferredName": "Chlordiazepoxide"}, {"semTypes": ["T125", "T121", "T110"], "to": "56312", "fro": "56303", "fullId": "http://purl.bioontology.org/ontology/RXNORM/11289", "preferredName": "Warfarin"}, {"semTypes": ["T999"], "to": "26394", "fro": "26384", "fullId": "http://purl.bioontology.org/ontology/RXNORM/8134", "preferredName": "Phenobarbital"}, {"semTypes": ["T999"], "to": "23995", "fro": "23986", "fullId": "http://purl.bioontology.org/ontology/RXNORM/7623", "preferredName": "Ofloxacin"}, {"semTypes": ["T119", "T121"], "to": "41430", "fro": "41422", "fullId": "http://purl.bioontology.org/ontology/RXNORM/10379", "preferredName": "Testosterone"}, {"semTypes": ["T121", "T109"], "to": "28846", "fro": "28840", "fullId": "http://purl.bioontology.org/ontology/RXNORM/10379", "preferredName": "Testosterone"}, {"semTypes": ["T109", "T121"], "to": "33903", "fro": "33890", "fullId": "http://purl.bioontology.org/ontology/MSH/D013988", "preferredName": "Ticlopidine"}, {"semTypes": ["T121", "T115"], "to": "37132", "fro": "37117", "fullId": "http://purl.bioontology.org/ontology/RXNORM/8640", "preferredName": "Prednisone"}, {"semTypes": ["T121", "T116"], "to": "31670", "fro": "31662", "fullId": "http://purl.bioontology.org/ontology/MSH/D004061", "preferredName": "Diflunisal"}, {"semTypes": ["T121", "T125", "T110"], "to": "43659", "fro": "43648", "fullId": "http://purl.bioontology.org/ontology/MSH/C004470", "preferredName": "butalbital"}, {"semTypes": ["T109", "T121"], "to": "58323", "fro": "58314", "fullId": "http://purl.bioontology.org/ontology/MSH/C004470", "preferredName": "butalbital"}, {"semTypes": ["T110", "T125", "T121"], "to": "62802", "fro": "62794", "fullId": "http://purl.bioontology.org/ontology/RXNORM/3640", "preferredName": "Doxycycline"}, {"semTypes": ["T999"], "to": "29083", "fro": "29075", "fullId": "http://purl.bioontology.org/ontology/RXNORM/10689", "preferredName": "Tramadol"}, {"semTypes": ["T999"], "to": "35210", "fro": "35200", "fullId": "http://purl.bioontology.org/ontology/RXNORM/11289", "preferredName": "Warfarin"}, {"semTypes": ["T121", "T109"], "to": "57240", "fro": "57229", "fullId": "http://purl.bioontology.org/ontology/RXNORM/3640", "preferredName": "Doxycycline"}, {"semTypes": ["T999"], "to": "62300", "fro": "62288", "fullId": "http://purl.bioontology.org/ontology/MSH/D009643", "preferredName": "Norfloxacin"}, {"semTypes": ["T999"], "to": "60348", "fro": "60335", "fullId": "http://purl.bioontology.org/ontology/MSH/D018942", "preferredName": "Macrolides"}, {"semTypes": ["T999"], "to": "24582", "fro": "24572", "fullId": "http://purl.bioontology.org/ontology/MSH/C063129", "preferredName": "rabeprazole"}, {"semTypes": ["T999"], "to": "42741", "fro": "42731", "fullId": "http://purl.bioontology.org/ontology/MSH/D018942", "preferredName": "Macrolides"}, {"semTypes": ["T999"], "to": "22577", "fro": "22566", "fullId": "http://purl.bioontology.org/ontology/MSH/D000493", "preferredName": "Allopurinol"}, {"semTypes": ["T121", "T109"], "to": "30843", "fro": "30834", "fullId": "http://purl.bioontology.org/ontology/MSH/D020849", "preferredName": "Raloxifene"}, {"semTypes": ["T999"], "to": "36888", "fro": "36878", "fullId": "http://purl.bioontology.org/ontology/MSH/D020849", "preferredName": "Raloxifene"}, {"semTypes": ["T121", "T119"], "to": "25712", "fro": "25702", "fullId": "http://purl.bioontology.org/ontology/MSH/D011899", "preferredName": "Ranitidine"}, {"semTypes": ["T999"], "to": "43659", "fro": "43648", "fullId": "http://purl.bioontology.org/ontology/MSH/D013419", "preferredName": "Sulfamethizole"}, {"semTypes": ["T109", "T121"], "to": "60004", "fro": "59989", "fullId": "http://purl.bioontology.org/ontology/MSH/D010406", "preferredName": "Penicillins"}, {"semTypes": ["T121", "T109"], "to": "37463", "fro": "37453", "fullId": "http://purl.bioontology.org/ontology/RXNORM/11289", "preferredName": "Warfarin"}, {"semTypes": ["T999"], "to": "11717", "fro": "11707", "fullId": "http://purl.bioontology.org/ontology/MSH/D013419", "preferredName": "Sulfamethizole"}, {"semTypes": ["T999"], "to": "28733", "fro": "28722", "fullId": "http://purl.bioontology.org/ontology/RXNORM/283742", "preferredName": "Esomeprazole"}, {"semTypes": ["T999"], "to": "40485", "fro": "40477", "fullId": "http://purl.bioontology.org/ontology/MSH/D003981", "preferredName": "Diazoxide"}, {"semTypes": ["T121", "T109"], "to": "58079", "fro": "58070", "fullId": "http://purl.bioontology.org/ontology/RXNORM/283742", "preferredName": "Esomeprazole"}, {"semTypes": ["T121", "T109"], "to": "30612", "fro": "30604", "fullId": "http://purl.bioontology.org/ontology/MSH/D010672", "preferredName": "Phenytoin"}, {"semTypes": ["T999"], "to": "41785", "fro": "41776", "fullId": "http://purl.bioontology.org/ontology/RXNORM/8787", "preferredName": "Propranolol"}, {"semTypes": ["T109", "T121"], "to": "22079", "fro": "22069", "fullId": "http://purl.bioontology.org/ontology/RXNORM/8787", "preferredName": "Propranolol"}, {"semTypes": ["T109", "T121"], "to": "34617", "fro": "34605", "fullId": "http://purl.bioontology.org/ontology/MSH/D013629", "preferredName": "Tamoxifen"}, {"semTypes": ["T195", "T109"], "to": "30144", "fro": "30134", "fullId": "http://purl.bioontology.org/ontology/MSH/D017963", "preferredName": "Azithromycin"}, {"semTypes": ["T121", "T109"], "to": "44115", "fro": "44104", "fullId": "http://purl.bioontology.org/ontology/MSH/D016293", "preferredName": "Moricizine"}, {"semTypes": ["T109", "T121"], "to": "42858", "fro": "42851", "fullId": "http://purl.bioontology.org/ontology/MSH/D013629", "preferredName": "Tamoxifen"}, {"semTypes": ["T999"], "to": "35093", "fro": "35085", "fullId": "http://purl.bioontology.org/ontology/RXNORM/3554", "preferredName": "Disulfiram"}, {"semTypes": ["T999"], "to": "12590", "fro": "12577", "fullId": "http://purl.bioontology.org/ontology/RXNORM/3554", "preferredName": "Disulfiram"}, {"semTypes": ["T999"], "to": "56873", "fro": "56861", "fullId": "http://purl.bioontology.org/ontology/RXNORM/6876", "preferredName": "Methyldopa"}, {"semTypes": ["T999"], "to": "40723", "fro": "40714", "fullId": "http://purl.bioontology.org/ontology/MSH/D008795", "preferredName": "Metronidazole"}, {"semTypes": ["T999"], "to": "58446", "fro": "58436", "fullId": "http://purl.bioontology.org/ontology/RXNORM/2187", "preferredName": "Cefotetan"}, {"semTypes": ["T109", "T121"], "to": "39053", "fro": "39043", "fullId": "http://purl.bioontology.org/ontology/MSH/D017035", "preferredName": "Pravastatin"}, {"semTypes": ["T999"], "to": "26163", "fro": "26152", "fullId": "http://purl.bioontology.org/ontology/MSH/D010406", "preferredName": "Penicillins"}, {"semTypes": ["T109", "T121"], "to": "34257", "fro": "34248", "fullId": "http://purl.bioontology.org/ontology/MSH/D011899", "preferredName": "Ranitidine"}, {"semTypes": ["T114", "T121"], "to": "27106", "fro": "27095", "fullId": "http://purl.bioontology.org/ontology/RXNORM/3002", "preferredName": "Cyclophosphamide"}, {"semTypes": ["T195", "T109"], "to": "24230", "fro": "24219", "fullId": "http://purl.bioontology.org/ontology/RXNORM/3002", "preferredName": "Cyclophosphamide"}, {"semTypes": ["T121", "T109"], "to": "24465", "fro": "24459", "fullId": "http://purl.bioontology.org/ontology/MSH/C064276", "preferredName": "pantoprazole"}, {"semTypes": ["T109", "T121"], "to": "45438", "fro": "45431", "fullId": "http://purl.bioontology.org/ontology/RXNORM/3002", "preferredName": "Cyclophosphamide"}, {"semTypes": ["T999"], "to": "43541", "fro": "43533", "fullId": "http://purl.bioontology.org/ontology/RXNORM/9143", "preferredName": "Ranitidine"}, {"semTypes": ["T999"], "to": "29694", "fro": "29683", "fullId": "http://purl.bioontology.org/ontology/RXNORM/3002", "preferredName": "Cyclophosphamide"}, {"semTypes": ["T999"], "to": "29339", "fro": "29329", "fullId": "http://purl.bioontology.org/ontology/MSH/D005473", "preferredName": "Fluoxetine"}, {"semTypes": ["T999"], "to": "30612", "fro": "30604", "fullId": "http://purl.bioontology.org/ontology/RXNORM/40169", "preferredName": "Moricizine"}, {"semTypes": ["T121", "T109"], "to": "34856", "fro": "34849", "fullId": "http://purl.bioontology.org/ontology/MSH/D013988", "preferredName": "Ticlopidine"}, {"semTypes": ["T999"], "to": "11154", "fro": "11144", "fullId": "http://purl.bioontology.org/ontology/MSH/D002701", "preferredName": "Chloramphenicol"}, {"semTypes": ["T195", "T109"], "to": "35662", "fro": "35649", "fullId": "http://purl.bioontology.org/ontology/MSH/C108606", "preferredName": "ezetimibe"}, {"semTypes": ["T109", "T121"], "to": "40253", "fro": "40245", "fullId": "http://purl.bioontology.org/ontology/RXNORM/6835", "preferredName": "Methimazole"}, {"semTypes": ["T195", "T109"], "to": "33328", "fro": "33313", "fullId": "http://purl.bioontology.org/ontology/MSH/D017374", "preferredName": "Paroxetine"}, {"semTypes": ["T999"], "to": "38706", "fro": "38692", "fullId": "http://purl.bioontology.org/ontology/MSH/D013988", "preferredName": "Ticlopidine"}, {"semTypes": ["T109", "T121"], "to": "37346", "fro": "37334", "fullId": "http://purl.bioontology.org/ontology/RXNORM/114979", "preferredName": "rabeprazole"}, {"semTypes": ["T999"], "to": "61539", "fro": "61531", "fullId": "http://purl.bioontology.org/ontology/MSH/D017291", "preferredName": "Clarithromycin"}, {"semTypes": ["T999"], "to": "61905", "fro": "61895", "fullId": "http://purl.bioontology.org/ontology/MSH/D004061", "preferredName": "Diflunisal"}, {"semTypes": ["T116", "T125", "T121"], "to": "38706", "fro": "38692", "fullId": "http://purl.bioontology.org/ontology/MSH/D010672", "preferredName": "Phenytoin"}, {"semTypes": ["T109", "T121"], "to": "57957", "fro": "57946", "fullId": "http://purl.bioontology.org/ontology/MSH/D000493", "preferredName": "Allopurinol"}, {"semTypes": ["T109", "T121"], "to": "60596", "fro": "60583", "fullId": "http://purl.bioontology.org/ontology/MSH/D009853", "preferredName": "Omeprazole"}, {"semTypes": ["T109", "T121"], "to": "38822", "fro": "38813", "fullId": "http://purl.bioontology.org/ontology/MSH/D011899", "preferredName": "Ranitidine"}, {"semTypes": ["T999"], "to": "61782", "fro": "61774", "fullId": "http://purl.bioontology.org/ontology/RXNORM/9143", "preferredName": "Ranitidine"}, {"semTypes": ["T999"], "to": "27575", "fro": "27565", "fullId": "http://purl.bioontology.org/ontology/MSH/D008795", "preferredName": "Metronidazole"}, {"semTypes": ["T999"], "to": "36747", "fro": "36732", "fullId": "http://purl.bioontology.org/ontology/MSH/D003981", "preferredName": "Diazoxide"}, {"semTypes": ["T121", "T109"], "to": "42384", "fro": "42374", "fullId": "http://purl.bioontology.org/ontology/RXNORM/83367", "preferredName": "atorvastatin"}, {"semTypes": ["T999"], "to": "28615", "fro": "28604", "fullId": "http://purl.bioontology.org/ontology/RXNORM/114979", "preferredName": "rabeprazole"}, {"semTypes": ["T999"], "to": "39053", "fro": "39043", "fullId": "http://purl.bioontology.org/ontology/RXNORM/83367", "preferredName": "atorvastatin"}, {"semTypes": ["T109", "T195"], "to": "35896", "fro": "35885", "fullId": "http://purl.bioontology.org/ontology/RXNORM/6835", "preferredName": "Methimazole"}, {"semTypes": ["T195", "T109"], "to": "22195", "fro": "22186", "fullId": "http://purl.bioontology.org/ontology/MSH/D011441", "preferredName": "Propylthiouracil"}, {"semTypes": ["T999"], "to": "58910", "fro": "58898", "fullId": "http://purl.bioontology.org/ontology/RXNORM/6835", "preferredName": "Methimazole"}, {"semTypes": ["T999"], "to": "3597", "fro": "3590", "fullId": "http://purl.bioontology.org/ontology/RXNORM/2409", "preferredName": "Chlorthalidone"}, {"semTypes": ["T109", "T121"], "to": "23662", "fro": "23654", "fullId": "http://purl.bioontology.org/ontology/MSH/D011899", "preferredName": "Ranitidine"}, {"semTypes": ["T999"], "to": "39290", "fro": "39282", "fullId": "http://purl.bioontology.org/ontology/MSH/D015725", "preferredName": "Fluconazole"}, {"semTypes": ["T109", "T121"], "to": "23065", "fro": "23056", "fullId": "http://purl.bioontology.org/ontology/MSH/C065179", "preferredName": "atorvastatin"}, {"semTypes": ["T999"], "to": "37698", "fro": "37692", "fullId": "http://purl.bioontology.org/ontology/MSH/D011441", "preferredName": "Propylthiouracil"}, {"semTypes": ["T121", "T109"], "to": "33087", "fro": "33074", "fullId": "http://purl.bioontology.org/ontology/MSH/D010634", "preferredName": "Phenobarbital"}, {"semTypes": ["T999"], "to": "29576", "fro": "29568", "fullId": "http://purl.bioontology.org/ontology/MSH/D011441", "preferredName": "Propylthiouracil"}, {"semTypes": ["T121", "T109"], "to": "30727", "fro": "30719", "fullId": "http://purl.bioontology.org/ontology/MSH/D011241", "preferredName": "Prednisone"}, {"semTypes": ["T999"], "to": "36255", "fro": "36241", "fullId": "http://purl.bioontology.org/ontology/RXNORM/3102", "preferredName": "Danazol"}, {"semTypes": ["T121", "T109"], "to": "21452", "fro": "21443", "fullId": "http://purl.bioontology.org/ontology/RXNORM/10737", "preferredName": "Trazodone"}, {"semTypes": ["T999"], "to": "31318", "fro": "31308", "fullId": "http://purl.bioontology.org/ontology/RXNORM/2409", "preferredName": "Chlorthalidone"}, {"semTypes": ["T999"], "to": "38822", "fro": "38813", "fullId": "http://purl.bioontology.org/ontology/MSH/D003520", "preferredName": "Cyclophosphamide"}, {"semTypes": ["T999"], "to": "25712", "fro": "25702", "fullId": "http://purl.bioontology.org/ontology/RXNORM/42355", "preferredName": "Fluvoxamine"}, {"semTypes": ["T999"], "to": "56190", "fro": "56178", "fullId": "http://purl.bioontology.org/ontology/MSH/D003024", "preferredName": "Clozapine"}, {"semTypes": ["T999"], "to": "23423", "fro": "23414", "fullId": "http://purl.bioontology.org/ontology/RXNORM/42355", "preferredName": "Fluvoxamine"}, {"semTypes": ["T109", "T121"], "to": "55379", "fro": "55363", "fullId": "http://purl.bioontology.org/ontology/MSH/D013420", "preferredName": "Sulfamethoxazole"}, {"semTypes": ["T999"], "to": "62425", "fro": "62413", "fullId": "http://purl.bioontology.org/ontology/MSH/D014196", "preferredName": "Trazodone"}, {"semTypes": ["T999"], "to": "40840", "fro": "40830", "fullId": "http://purl.bioontology.org/ontology/MSH/D010634", "preferredName": "Phenobarbital"}, {"semTypes": ["T121", "T109"], "to": "57364", "fro": "57353", "fullId": "http://purl.bioontology.org/ontology/MSH/D014044", "preferredName": "Tolbutamide"}, {"semTypes": ["T999"], "to": "34257", "fro": "34248", "fullId": "http://purl.bioontology.org/ontology/RXNORM/10395", "preferredName": "Tetracycline"}, {"semTypes": ["T999"], "to": "16021", "fro": "16010", "fullId": "http://purl.bioontology.org/ontology/RXNORM/10395", "preferredName": "Tetracycline"}, {"semTypes": ["T999"], "to": "15478", "fro": "15469", "fullId": "http://purl.bioontology.org/ontology/MSH/D001262", "preferredName": "Atenolol"}, {"semTypes": ["T999"], "to": "30843", "fro": "30834", "fullId": "http://purl.bioontology.org/ontology/MSH/D002220", "preferredName": "Carbamazepine"}, {"semTypes": ["T109", "T121"], "to": "28733", "fro": "28722", "fullId": "http://purl.bioontology.org/ontology/MSH/D002220", "preferredName": "Carbamazepine"}, {"semTypes": ["T121", "T125", "T110"], "to": "31786", "fro": "31777", "fullId": "http://purl.bioontology.org/ontology/MSH/D013300", "preferredName": "Streptokinase"}, {"semTypes": ["T999"], "to": "58568", "fro": "58559", "fullId": "http://purl.bioontology.org/ontology/MSH/D003520", "preferredName": "Cyclophosphamide"}, {"semTypes": ["T999"], "to": "32264", "fro": "32252", "fullId": "http://purl.bioontology.org/ontology/MSH/C065179", "preferredName": "atorvastatin"}, {"semTypes": ["T125", "T116", "T121", "T124"], "to": "62300", "fro": "62288", "fullId": "http://purl.bioontology.org/ontology/MSH/D013300", "preferredName": "Streptokinase"}, {"semTypes": ["T999"], "to": "30260", "fro": "30251", "fullId": "http://purl.bioontology.org/ontology/RXNORM/4493", "preferredName": "Fluoxetine"}, {"semTypes": ["T121", "T109"], "to": "41785", "fro": "41776", "fullId": "http://purl.bioontology.org/ontology/RXNORM/4493", "preferredName": "Fluoxetine"}, {"semTypes": ["T109", "T121"], "to": "22459", "fro": "22449", "fullId": "http://purl.bioontology.org/ontology/MSH/D009853", "preferredName": "Omeprazole"}, {"semTypes": ["T999"], "to": "16624", "fro": "16612", "fullId": "http://purl.bioontology.org/ontology/MSH/D003613", "preferredName": "Danazol"}, {"semTypes": ["T109", "T121"], "to": "21336", "fro": "21324", "fullId": "http://purl.bioontology.org/ontology/MSH/D003613", "preferredName": "Danazol"}, {"semTypes": ["T999"], "to": "60004", "fro": "59989", "fullId": "http://purl.bioontology.org/ontology/MSH/D002440", "preferredName": "Cefoxitin"}, {"semTypes": ["T999"], "to": "27812", "fro": "27797", "fullId": "http://purl.bioontology.org/ontology/RXNORM/9143", "preferredName": "Ranitidine"}, {"semTypes": ["T110", "T121"], "to": "60348", "fro": "60335", "fullId": "http://purl.bioontology.org/ontology/MSH/D015725", "preferredName": "Fluconazole"}, {"semTypes": ["T999"], "to": "14663", "fro": "14652", "fullId": "http://purl.bioontology.org/ontology/MSH/D002435", "preferredName": "Cefamandole"}, {"semTypes": ["T109", "T121"], "to": "40840", "fro": "40830", "fullId": "http://purl.bioontology.org/ontology/MSH/D002440", "preferredName": "Cefoxitin"}, {"semTypes": ["T126", "T121", "T116"], "to": "40485", "fro": "40477", "fullId": "http://purl.bioontology.org/ontology/RXNORM/35827", "preferredName": "Ketorolac"}, {"semTypes": ["T999"], "to": "59630", "fro": "59615", "fullId": "http://purl.bioontology.org/ontology/RXNORM/35827", "preferredName": "Ketorolac"}, {"semTypes": ["T121", "T116"], "to": "26633", "fro": "26623", "fullId": "http://purl.bioontology.org/ontology/RXNORM/2714", "preferredName": "Collagen"}, {"semTypes": ["T999"], "to": "56994", "fro": "56986", "fullId": "http://purl.bioontology.org/ontology/RXNORM/32937", "preferredName": "Paroxetine"}, {"semTypes": ["T999"], "to": "22697", "fro": "22684", "fullId": "http://purl.bioontology.org/ontology/RXNORM/32937", "preferredName": "Paroxetine"}, {"semTypes": ["T999"], "to": "28260", "fro": "28251", "fullId": "http://purl.bioontology.org/ontology/RXNORM/2594", "preferredName": "Clofibrate"}, {"semTypes": ["T999"], "to": "55725", "fro": "55715", "fullId": "http://purl.bioontology.org/ontology/RXNORM/9143", "preferredName": "Ranitidine"}, {"semTypes": ["T195", "T109"], "to": "26163", "fro": "26152", "fullId": "http://purl.bioontology.org/ontology/RXNORM/8691", "preferredName": "Primidone"}, {"semTypes": ["T999"], "to": "27690", "fro": "27682", "fullId": "http://purl.bioontology.org/ontology/RXNORM/2594", "preferredName": "Clofibrate"}, {"semTypes": ["T999"], "to": "57240", "fro": "57229", "fullId": "http://purl.bioontology.org/ontology/MSH/D005934", "preferredName": "Glucagon"}, {"semTypes": ["T109", "T121"], "to": "34376", "fro": "34364", "fullId": "http://purl.bioontology.org/ontology/MSH/D005934", "preferredName": "Glucagon"}, {"semTypes": ["T195", "T109"], "to": "36888", "fro": "36878", "fullId": "http://purl.bioontology.org/ontology/RXNORM/2714", "preferredName": "Collagen"}, {"semTypes": ["T109", "T121"], "to": "42264", "fro": "42255", "fullId": "http://purl.bioontology.org/ontology/RXNORM/7299", "preferredName": "Neomycin"}, {"semTypes": ["T999"], "to": "40367", "fro": "40360", "fullId": "http://purl.bioontology.org/ontology/RXNORM/7299", "preferredName": "Neomycin"}, {"semTypes": ["T109", "T121"], "to": "61782", "fro": "61774", "fullId": "http://purl.bioontology.org/ontology/MSH/D000082", "preferredName": "Acetaminophen"}, {"semTypes": ["T109", "T121"], "to": "39767", "fro": "39758", "fullId": "http://purl.bioontology.org/ontology/RXNORM/10737", "preferredName": "Trazodone"}, {"semTypes": ["T121", "T114"], "to": "22577", "fro": "22566", "fullId": "http://purl.bioontology.org/ontology/RXNORM/8691", "preferredName": "Primidone"}, {"semTypes": ["T999"], "to": "60596", "fro": "60583", "fullId": "http://purl.bioontology.org/ontology/RXNORM/5021", "preferredName": "Griseofulvin"}, {"semTypes": ["T109", "T121"], "to": "34141", "fro": "34132", "fullId": "http://purl.bioontology.org/ontology/MSH/D000082", "preferredName": "Acetaminophen"}, {"semTypes": ["T121", "T109"], "to": "35093", "fro": "35085", "fullId": "http://purl.bioontology.org/ontology/RXNORM/9068", "preferredName": "Quinidine"}, {"semTypes": ["T999"], "to": "30727", "fro": "30719", "fullId": "http://purl.bioontology.org/ontology/RXNORM/9068", "preferredName": "Quinidine"}, {"semTypes": ["T109", "T121"], "to": "24697", "fro": "24689", "fullId": "http://purl.bioontology.org/ontology/MSH/D004967", "preferredName": "Estrogens"}, {"semTypes": ["T121", "T116", "T125", "T124"], "to": "26277", "fro": "26270", "fullId": "http://purl.bioontology.org/ontology/RXNORM/2356", "preferredName": "Chlordiazepoxide"}, {"semTypes": ["T195", "T109"], "to": "59153", "fro": "59146", "fullId": "http://purl.bioontology.org/ontology/MSH/D003024", "preferredName": "Clozapine"}, {"semTypes": ["T999"], "to": "63431", "fro": "63423", "fullId": "http://purl.bioontology.org/ontology/RXNORM/2187", "preferredName": "Cefotetan"}, {"semTypes": ["T109", "T195"], "to": "28615", "fro": "28604", "fullId": "http://purl.bioontology.org/ontology/RXNORM/8785", "preferredName": "Propoxyphene"}, {"semTypes": ["T999"], "to": "24112", "fro": "24102", "fullId": "http://purl.bioontology.org/ontology/MSH/D014196", "preferredName": "Trazodone"}, {"semTypes": ["T109", "T195"], "to": "29576", "fro": "29568", "fullId": "http://purl.bioontology.org/ontology/RXNORM/3102", "preferredName": "Danazol"}, {"semTypes": ["T999"], "to": "26633", "fro": "26623", "fullId": "http://purl.bioontology.org/ontology/MSH/C105934", "preferredName": "celecoxib"}, {"semTypes": ["T999"], "to": "60954", "fro": "60945", "fullId": "http://purl.bioontology.org/ontology/MSH/C105934", "preferredName": "celecoxib"}, {"semTypes": ["T121", "T109"], "to": "43221", "fro": "43213", "fullId": "http://purl.bioontology.org/ontology/RXNORM/8785", "preferredName": "Propoxyphene"}, {"semTypes": ["T109", "T121"], "to": "59754", "fro": "59743", "fullId": "http://purl.bioontology.org/ontology/RXNORM/140587", "preferredName": "celecoxib"}, {"semTypes": ["T121", "T109"], "to": "57833", "fro": "57822", "fullId": "http://purl.bioontology.org/ontology/MSH/D003918", "preferredName": "Dextrothyroxine"}, {"semTypes": ["T999"], "to": "59033", "fro": "59023", "fullId": "http://purl.bioontology.org/ontology/RXNORM/8754", "preferredName": "Propafenone"}, {"semTypes": ["T121", "T115"], "to": "55507", "fro": "55492", "fullId": "http://purl.bioontology.org/ontology/RXNORM/8640", "preferredName": "Prednisone"}, {"semTypes": ["T121", "T109"], "to": "56065", "fro": "56055", "fullId": "http://purl.bioontology.org/ontology/RXNORM/4118", "preferredName": "Ethchlorvynol"}, {"semTypes": ["T109", "T195"], "to": "42148", "fro": "42137", "fullId": "http://purl.bioontology.org/ontology/MSH/C064276", "preferredName": "pantoprazole"}, {"semTypes": ["T121", "T109"], "to": "60127", "fro": "60117", "fullId": "http://purl.bioontology.org/ontology/MSH/D010672", "preferredName": "Phenytoin"}, {"semTypes": ["T999"], "to": "37463", "fro": "37453", "fullId": "http://purl.bioontology.org/ontology/MSH/D010672", "preferredName": "Phenytoin"}, {"semTypes": ["T109", "T121"], "to": "21568", "fro": "21559", "fullId": "http://purl.bioontology.org/ontology/MSH/D011241", "preferredName": "Prednisone"}, {"semTypes": ["T109", "T121"], "to": "26748", "fro": "26740", "fullId": "http://purl.bioontology.org/ontology/RXNORM/4508", "preferredName": "Flutamide"}, {"semTypes": ["T999"], "to": "41669", "fro": "41659", "fullId": "http://purl.bioontology.org/ontology/RXNORM/4508", "preferredName": "Flutamide"}, {"semTypes": ["T121", "T109"], "to": "59033", "fro": "59023", "fullId": "http://purl.bioontology.org/ontology/RXNORM/1598", "preferredName": "Dicumarol"}, {"semTypes": ["T999"], "to": "30144", "fro": "30134", "fullId": "http://purl.bioontology.org/ontology/RXNORM/8013", "preferredName": "Pentoxifylline"}, {"semTypes": ["T121", "T109"], "to": "35420", "fro": "35412", "fullId": "http://purl.bioontology.org/ontology/RXNORM/519", "preferredName": "Allopurinol"}, {"semTypes": ["T121", "T109"], "to": "39290", "fro": "39282", "fullId": "http://purl.bioontology.org/ontology/RXNORM/8013", "preferredName": "Pentoxifylline"}, {"semTypes": ["T999"], "to": "31670", "fro": "31662", "fullId": "http://purl.bioontology.org/ontology/RXNORM/40790", "preferredName": "pantoprazole"}, {"semTypes": ["T999"], "to": "57957", "fro": "57946", "fullId": "http://purl.bioontology.org/ontology/RXNORM/40790", "preferredName": "pantoprazole"}, {"semTypes": ["T999"], "to": "39881", "fro": "39874", "fullId": "http://purl.bioontology.org/ontology/RXNORM/4118", "preferredName": "Ethchlorvynol"}, {"semTypes": ["T121", "T109"], "to": "36134", "fro": "36125", "fullId": "http://purl.bioontology.org/ontology/RXNORM/8183", "preferredName": "Phenytoin"}, {"semTypes": ["T999"], "to": "41197", "fro": "41188", "fullId": "http://purl.bioontology.org/ontology/RXNORM/6472", "preferredName": "Lovastatin"}, {"semTypes": ["T195", "T109"], "to": "56190", "fro": "56178", "fullId": "http://purl.bioontology.org/ontology/MSH/D002435", "preferredName": "Cefamandole"}, {"semTypes": ["T121", "T118"], "to": "38184", "fro": "38178", "fullId": "http://purl.bioontology.org/ontology/RXNORM/6472", "preferredName": "Lovastatin"}, {"semTypes": ["T109", "T195"], "to": "28144", "fro": "28136", "fullId": "http://purl.bioontology.org/ontology/RXNORM/6371", "preferredName": "Levamisole"}, {"semTypes": ["T999"], "to": "30375", "fro": "30367", "fullId": "http://purl.bioontology.org/ontology/RXNORM/4719", "preferredName": "Gemfibrozil"}, {"semTypes": ["T109", "T121"], "to": "24112", "fro": "24102", "fullId": "http://purl.bioontology.org/ontology/MSH/D002792", "preferredName": "Cholestyramine Resin"}, {"semTypes": ["T999"], "to": "24697", "fro": "24689", "fullId": "http://purl.bioontology.org/ontology/RXNORM/4719", "preferredName": "Gemfibrozil"}, {"semTypes": ["T118", "T121"], "to": "60954", "fro": "60945", "fullId": "http://purl.bioontology.org/ontology/RXNORM/10205", "preferredName": "Sulfinpyrazone"}, {"semTypes": ["T999"], "to": "39767", "fro": "39758", "fullId": "http://purl.bioontology.org/ontology/RXNORM/70618", "preferredName": "Penicillin"}, {"semTypes": ["T999"], "to": "31555", "fro": "31547", "fullId": "http://purl.bioontology.org/ontology/RXNORM/9997", "preferredName": "Spironolactone"}, {"semTypes": ["T999"], "to": "36134", "fro": "36125", "fullId": "http://purl.bioontology.org/ontology/RXNORM/70618", "preferredName": "Penicillin"}, {"semTypes": ["T999"], "to": "63661", "fro": "63651", "fullId": "http://purl.bioontology.org/ontology/MSH/D011241", "preferredName": "Prednisone"}, {"semTypes": ["T999"], "to": "26277", "fro": "26270", "fullId": "http://purl.bioontology.org/ontology/RXNORM/8183", "preferredName": "Phenytoin"}, {"semTypes": ["T999"], "to": "42264", "fro": "42255", "fullId": "http://purl.bioontology.org/ontology/MSH/D017035", "preferredName": "Pravastatin"}, {"semTypes": ["T999"], "to": "41312", "fro": "41304", "fullId": "http://purl.bioontology.org/ontology/MSH/D017035", "preferredName": "Pravastatin"}, {"semTypes": ["T999"], "to": "62802", "fro": "62794", "fullId": "http://purl.bioontology.org/ontology/RXNORM/8339", "preferredName": "Piperacillin"}, {"semTypes": ["T109", "T195"], "to": "27575", "fro": "27565", "fullId": "http://purl.bioontology.org/ontology/MSH/D017035", "preferredName": "Pravastatin"}, {"semTypes": ["T999"], "to": "42384", "fro": "42374", "fullId": "http://purl.bioontology.org/ontology/RXNORM/2178", "preferredName": "Cefamandole"}, {"semTypes": ["T999"], "to": "61418", "fro": "61410", "fullId": "http://purl.bioontology.org/ontology/MSH/D004967", "preferredName": "Estrogens"}, {"semTypes": ["T999"], "to": "27106", "fro": "27095", "fullId": "http://purl.bioontology.org/ontology/RXNORM/2178", "preferredName": "Cefamandole"}, {"semTypes": ["T999"], "to": "51803", "fro": "51796", "fullId": "http://purl.bioontology.org/ontology/MSH/D014812", "preferredName": "Vitamin K"}, {"semTypes": ["T999"], "to": "28846", "fro": "28840", "fullId": "http://purl.bioontology.org/ontology/RXNORM/10635", "preferredName": "Tolbutamide"}, {"semTypes": ["T121", "T109"], "to": "29694", "fro": "29683", "fullId": "http://purl.bioontology.org/ontology/RXNORM/6371", "preferredName": "Levamisole"}, {"semTypes": ["T195", "T118"], "to": "40367", "fro": "40360", "fullId": "http://purl.bioontology.org/ontology/RXNORM/10594", "preferredName": "Ticlopidine"}, {"semTypes": ["T999"], "to": "37949", "fro": "37939", "fullId": "http://purl.bioontology.org/ontology/RXNORM/194000", "preferredName": "capecitabine"}, {"semTypes": ["T999"], "to": "23547", "fro": "23539", "fullId": "http://purl.bioontology.org/ontology/RXNORM/194000", "preferredName": "capecitabine"}, {"semTypes": ["T999"], "to": "59754", "fro": "59743", "fullId": "http://purl.bioontology.org/ontology/RXNORM/8339", "preferredName": "Piperacillin"}, {"semTypes": ["T118", "T123", "T121"], "to": "27219", "fro": "27213", "fullId": "http://purl.bioontology.org/ontology/MSH/D004967", "preferredName": "Estrogens"}, {"semTypes": ["T999"], "to": "21336", "fro": "21324", "fullId": "http://purl.bioontology.org/ontology/RXNORM/10594", "preferredName": "Ticlopidine"}, {"semTypes": ["T999"], "to": "57364", "fro": "57353", "fullId": "http://purl.bioontology.org/ontology/MSH/C108606", "preferredName": "ezetimibe"}, {"semTypes": ["T121", "T109"], "to": "28375", "fro": "28367", "fullId": "http://purl.bioontology.org/ontology/MSH/D010406", "preferredName": "Penicillins"}, {"semTypes": ["T999"], "to": "26748", "fro": "26740", "fullId": "http://purl.bioontology.org/ontology/RXNORM/10689", "preferredName": "Tramadol"}, {"semTypes": ["T121", "T109"], "to": "30260", "fro": "30251", "fullId": "http://purl.bioontology.org/ontology/RXNORM/8134", "preferredName": "Phenobarbital"}, {"semTypes": ["T121", "T125", "T110"], "to": "42741", "fro": "42731", "fullId": "http://purl.bioontology.org/ontology/MSH/D005472", "preferredName": "Fluorouracil"}, {"semTypes": ["T109", "T121"], "to": "39529", "fro": "39522", "fullId": "http://purl.bioontology.org/ontology/MSH/D010406", "preferredName": "Penicillins"}, {"semTypes": ["T999"], "to": "21452", "fro": "21443", "fullId": "http://purl.bioontology.org/ontology/MSH/D017963", "preferredName": "Azithromycin"}, {"semTypes": ["T999"], "to": "32029", "fro": "32015", "fullId": "http://purl.bioontology.org/ontology/MSH/D009853", "preferredName": "Omeprazole"}, {"semTypes": ["T999"], "to": "61202", "fro": "61189", "fullId": "http://purl.bioontology.org/ontology/MSH/D014812", "preferredName": "Vitamin K"}, {"semTypes": ["T109", "T121"], "to": "27690", "fro": "27682", "fullId": "http://purl.bioontology.org/ontology/MSH/D002939", "preferredName": "Ciprofloxacin"}, {"semTypes": ["T999"], "to": "56065", "fro": "56055", "fullId": "http://purl.bioontology.org/ontology/MSH/D002701", "preferredName": "Chloramphenicol"}, {"semTypes": ["T999"], "to": "33206", "fro": "33194", "fullId": "http://purl.bioontology.org/ontology/MSH/D002438", "preferredName": "Cefoperazone"}, {"semTypes": ["T999"], "to": "24933", "fro": "24926", "fullId": "http://purl.bioontology.org/ontology/MSH/D015242", "preferredName": "Ofloxacin"}, {"semTypes": ["T109", "T131", "T121"], "to": "54883", "fro": "54876", "fullId": "http://purl.bioontology.org/ontology/RXNORM/114194", "preferredName": "Warfarin Sodium"}, {"semTypes": ["T116", "T122", "T123"], "to": "3597", "fro": "3590", "fullId": "http://purl.bioontology.org/ontology/MSH/D015242", "preferredName": "Ofloxacin"}, {"semTypes": ["T109", "T121"], "to": "56653", "fro": "56642", "fullId": "http://purl.bioontology.org/ontology/RXNORM/11258", "preferredName": "Vitamin K"}, {"semTypes": ["T109", "T121"], "to": "26394", "fro": "26384", "fullId": "http://purl.bioontology.org/ontology/MSH/D009853", "preferredName": "Omeprazole"}, {"semTypes": ["T999"], "to": "40253", "fro": "40245", "fullId": "http://purl.bioontology.org/ontology/MSH/D001262", "preferredName": "Atenolol"}, {"semTypes": ["T121", "T109"], "to": "36255", "fro": "36241", "fullId": "http://purl.bioontology.org/ontology/MSH/D015242", "preferredName": "Ofloxacin"}, {"semTypes": ["T109", "T131", "T121"], "to": "1018", "fro": "1004", "fullId": "http://purl.bioontology.org/ontology/MSH/D014859", "preferredName": "Warfarin"}, {"semTypes": ["T125", "T110", "T121"], "to": "14663", "fro": "14652", "fullId": "http://purl.bioontology.org/ontology/MSH/C008047", "preferredName": "3-hydroxy-3-methylglutaryl-coenzyme A"}, {"semTypes": ["T999"], "to": "34617", "fro": "34605", "fullId": "http://purl.bioontology.org/ontology/MSH/D015242", "preferredName": "Ofloxacin"}, {"semTypes": ["T999"], "to": "37814", "fro": "37805", "fullId": "http://purl.bioontology.org/ontology/RXNORM/8754", "preferredName": "Propafenone"}, {"semTypes": ["T121", "T109"], "to": "24933", "fro": "24926", "fullId": "http://purl.bioontology.org/ontology/MSH/D004967", "preferredName": "Estrogens"}, {"semTypes": ["T121", "T109"], "to": "35210", "fro": "35200", "fullId": "http://purl.bioontology.org/ontology/RXNORM/42463", "preferredName": "Pravastatin"}, {"semTypes": ["T999"], "to": "49698", "fro": "49687", "fullId": "http://purl.bioontology.org/ontology/MSH/D002792", "preferredName": "Cholestyramine Resin"}, {"semTypes": ["T999"], "to": "59153", "fro": "59146", "fullId": "http://purl.bioontology.org/ontology/RXNORM/6922", "preferredName": "Metronidazole"}, {"semTypes": ["T999"], "to": "40959", "fro": "40950", "fullId": "http://purl.bioontology.org/ontology/RXNORM/519", "preferredName": "Allopurinol"}, {"semTypes": ["T109", "T121"], "to": "37814", "fro": "37805", "fullId": "http://purl.bioontology.org/ontology/RXNORM/6901", "preferredName": "Methylphenidate"}, {"semTypes": ["T999"], "to": "19476", "fro": "19462", "fullId": "http://purl.bioontology.org/ontology/MSH/D016293", "preferredName": "Moricizine"}, {"semTypes": ["T999"], "to": "58323", "fro": "58314", "fullId": "http://purl.bioontology.org/ontology/MSH/C021100", "preferredName": "trichloroacetaldehyde"}, {"semTypes": ["T121", "T109"], "to": "40723", "fro": "40714", "fullId": "http://purl.bioontology.org/ontology/RXNORM/6901", "preferredName": "Methylphenidate"}, {"semTypes": ["T109", "T195"], "to": "41312", "fro": "41304", "fullId": "http://purl.bioontology.org/ontology/MSH/C008047", "preferredName": "3-hydroxy-3-methylglutaryl-coenzyme A"}, {"semTypes": ["T999"], "to": "41430", "fro": "41422", "fullId": "http://purl.bioontology.org/ontology/RXNORM/9997", "preferredName": "Spironolactone"}, {"semTypes": ["T999"], "to": "33903", "fro": "33890", "fullId": "http://purl.bioontology.org/ontology/MSH/D002939", "preferredName": "Ciprofloxacin"}, {"semTypes": ["T999"], "to": "25500", "fro": "25489", "fullId": "http://purl.bioontology.org/ontology/RXNORM/42463", "preferredName": "Pravastatin"}, {"semTypes": ["T121", "T109"], "to": "23185", "fro": "23172", "fullId": "http://purl.bioontology.org/ontology/RXNORM/8356", "preferredName": "Piroxicam"}, {"semTypes": ["T195", "T109"], "to": "41669", "fro": "41659", "fullId": "http://purl.bioontology.org/ontology/MSH/C021100", "preferredName": "trichloroacetaldehyde"}, {"semTypes": ["T999"], "to": "34856", "fro": "34849", "fullId": "http://purl.bioontology.org/ontology/RXNORM/2898", "preferredName": "coumarin"}, {"semTypes": ["T121", "T109"], "to": "31318", "fro": "31308", "fullId": "http://purl.bioontology.org/ontology/RXNORM/1202", "preferredName": "Atenolol"}, {"semTypes": ["T999"], "to": "59394", "fro": "59388", "fullId": "http://purl.bioontology.org/ontology/RXNORM/11258", "preferredName": "Vitamin K"}, {"semTypes": ["T999"], "to": "23185", "fro": "23172", "fullId": "http://purl.bioontology.org/ontology/RXNORM/8356", "preferredName": "Piroxicam"}, {"semTypes": ["T999"], "to": "58079", "fro": "58070", "fullId": "http://purl.bioontology.org/ontology/MSH/D002792", "preferredName": "Cholestyramine Resin"}, {"semTypes": ["T999"], "to": "45438", "fro": "45431", "fullId": "http://purl.bioontology.org/ontology/MSH/D001463", "preferredName": "Barbiturates"}, {"semTypes": ["T999"], "to": "35778", "fro": "35769", "fullId": "http://purl.bioontology.org/ontology/MSH/D001463", "preferredName": "Barbiturates"}, {"semTypes": ["T999"], "to": "57492", "fro": "57477", "fullId": "http://purl.bioontology.org/ontology/RXNORM/42463", "preferredName": "Pravastatin"}, {"semTypes": ["T121", "T109"], "to": "58446", "fro": "58436", "fullId": "http://purl.bioontology.org/ontology/RXNORM/41127", "preferredName": "fluvastatin"}, {"semTypes": ["T999"], "to": "52068", "fro": "52054", "fullId": "http://purl.bioontology.org/ontology/RXNORM/11258", "preferredName": "Vitamin K"}, {"semTypes": ["T999"], "to": "13160", "fro": "13151", "fullId": "http://purl.bioontology.org/ontology/MSH/D002792", "preferredName": "Cholestyramine Resin"}, {"semTypes": ["T999"], "to": "56312", "fro": "56303", "fullId": "http://purl.bioontology.org/ontology/RXNORM/42463", "preferredName": "Pravastatin"}, {"semTypes": ["T121", "T116"], "to": "23995", "fro": "23986", "fullId": "http://purl.bioontology.org/ontology/MSH/D005472", "preferredName": "Fluorouracil"}, {"semTypes": ["T121", "T115"], "to": "28260", "fro": "28251", "fullId": "http://purl.bioontology.org/ontology/RXNORM/1598", "preferredName": "Dicumarol"}, {"semTypes": ["T999"], "to": "39529", "fro": "39522", "fullId": "http://purl.bioontology.org/ontology/MSH/D013444", "preferredName": "Sulfisoxazole"}, {"semTypes": ["T999"], "to": "35896", "fro": "35885", "fullId": "http://purl.bioontology.org/ontology/RXNORM/1202", "preferredName": "Atenolol"}, {"semTypes": ["T999"], "to": "40016", "fro": "39988", "fullId": "http://purl.bioontology.org/ontology/RXNORM/2404", "preferredName": "Chlorpropamide"}, {"semTypes": ["T999"], "to": "29810", "fro": "29801", "fullId": "http://purl.bioontology.org/ontology/RXNORM/114194", "preferredName": "Warfarin Sodium"}, {"semTypes": ["T109", "T121"], "to": "55033", "fro": "55025", "fullId": "http://purl.bioontology.org/ontology/RXNORM/83367", "preferredName": "atorvastatin"}, {"semTypes": ["T999"], "to": "21568", "fro": "21559", "fullId": "http://purl.bioontology.org/ontology/RXNORM/8640", "preferredName": "Prednisone"}, {"semTypes": ["T999"], "to": "32845", "fro": "32832", "fullId": "http://purl.bioontology.org/ontology/MSH/C008047", "preferredName": "3-hydroxy-3-methylglutaryl-coenzyme A"}, {"semTypes": ["T999"], "to": "612", "fro": "598", "fullId": "http://purl.bioontology.org/ontology/MSH/D014859", "preferredName": "Warfarin"}, {"semTypes": ["T121", "T109"], "to": "63661", "fro": "63651", "fullId": "http://purl.bioontology.org/ontology/RXNORM/83367", "preferredName": "atorvastatin"}, {"semTypes": ["T999"], "to": "23662", "fro": "23654", "fullId": "http://purl.bioontology.org/ontology/MSH/D011241", "preferredName": "Prednisone"}, {"semTypes": ["T999"], "to": "33783", "fro": "33772", "fullId": "http://purl.bioontology.org/ontology/RXNORM/6922", "preferredName": "Metronidazole"}, {"semTypes": ["T999"], "to": "12327", "fro": "12319", "fullId": "http://purl.bioontology.org/ontology/MSH/D013420", "preferredName": "Sulfamethoxazole"}, {"semTypes": ["T121", "T109"], "to": "25048", "fro": "25040", "fullId": "http://purl.bioontology.org/ontology/RXNORM/10237", "preferredName": "Sulindac"}, {"semTypes": ["T121", "T109"], "to": "42624", "fro": "42613", "fullId": "http://purl.bioontology.org/ontology/MSH/C008047", "preferredName": "3-hydroxy-3-methylglutaryl-coenzyme A"}, {"semTypes": ["T999"], "to": "36604", "fro": "36597", "fullId": "http://purl.bioontology.org/ontology/MSH/D014859", "preferredName": "Warfarin"}, {"semTypes": ["T999"], "to": "1018", "fro": "1004", "fullId": "http://purl.bioontology.org/ontology/MSH/D014859", "preferredName": "Warfarin"}, {"semTypes": ["T999"], "to": "51455", "fro": "51442", "fullId": "http://purl.bioontology.org/ontology/RXNORM/18631", "preferredName": "Azithromycin"}, {"semTypes": ["T121", "T109"], "to": "43541", "fro": "43533", "fullId": "http://purl.bioontology.org/ontology/RXNORM/10180", "preferredName": "Sulfamethoxazole"}, {"semTypes": ["T999"], "to": "14341", "fro": "14331", "fullId": "http://purl.bioontology.org/ontology/MSH/D008713", "preferredName": "Methimazole"}, {"semTypes": ["T999"], "to": "63645", "fro": "63638", "fullId": "http://purl.bioontology.org/ontology/MSH/D014859", "preferredName": "Warfarin"}, {"semTypes": ["T999"], "to": "745", "fro": "731", "fullId": "http://purl.bioontology.org/ontology/MSH/D014859", "preferredName": "Warfarin"}, {"semTypes": ["T999"], "to": "27219", "fro": "27213", "fullId": "http://purl.bioontology.org/ontology/RXNORM/2898", "preferredName": "coumarin"}, {"semTypes": ["T109", "T121"], "to": "23423", "fro": "23414", "fullId": "http://purl.bioontology.org/ontology/MSH/C008729", "preferredName": "oxaprozin"}, {"semTypes": ["T999"], "to": "54883", "fro": "54876", "fullId": "http://purl.bioontology.org/ontology/MSH/D014859", "preferredName": "Warfarin"}, {"semTypes": ["T121", "T109"], "to": "32845", "fro": "32832", "fullId": "http://purl.bioontology.org/ontology/RXNORM/10237", "preferredName": "Sulindac"}, {"semTypes": ["T109", "T121"], "to": "27336", "fro": "27326", "fullId": "http://purl.bioontology.org/ontology/MSH/D000970", "preferredName": "Antineoplastic Agents"}, {"semTypes": ["T999"], "to": "63276", "fro": "63262", "fullId": "http://purl.bioontology.org/ontology/MSH/D014859", "preferredName": "Warfarin"}, {"semTypes": ["T999"], "to": "46157", "fro": "46143", "fullId": "http://purl.bioontology.org/ontology/MSH/D014859", "preferredName": "Warfarin"}, {"semTypes": ["T999"], "to": "4612", "fro": "4598", "fullId": "http://purl.bioontology.org/ontology/MSH/D014859", "preferredName": "Warfarin"}, {"semTypes": ["T109", "T131", "T121"], "to": "63276", "fro": "63262", "fullId": "http://purl.bioontology.org/ontology/MSH/D014859", "preferredName": "Warfarin"}, {"semTypes": ["T109", "T131", "T121"], "to": "46157", "fro": "46143", "fullId": "http://purl.bioontology.org/ontology/MSH/D014859", "preferredName": "Warfarin"}, {"semTypes": ["T999"], "to": "22195", "fro": "22186", "fullId": "http://purl.bioontology.org/ontology/MSH/D008713", "preferredName": "Methimazole"}, {"semTypes": ["T109", "T131", "T121"], "to": "4612", "fro": "4598", "fullId": "http://purl.bioontology.org/ontology/MSH/D014859", "preferredName": "Warfarin"}, {"semTypes": ["T109", "T131", "T121"], "to": "745", "fro": "731", "fullId": "http://purl.bioontology.org/ontology/MSH/D014859", "preferredName": "Warfarin"}, {"semTypes": ["T110", "T121", "T125"], "to": "37698", "fro": "37692", "fullId": "http://purl.bioontology.org/ontology/MSH/D003520", "preferredName": "Cyclophosphamide"}, {"semTypes": ["T109", "T131", "T121"], "to": "612", "fro": "598", "fullId": "http://purl.bioontology.org/ontology/MSH/D014859", "preferredName": "Warfarin"}, {"semTypes": ["T999"], "to": "49901", "fro": "49895", "fullId": "http://purl.bioontology.org/ontology/MSH/D016293", "preferredName": "Moricizine"}, {"semTypes": ["T999"], "to": "62544", "fro": "62538", "fullId": "http://purl.bioontology.org/ontology/MSH/D014859", "preferredName": "Warfarin"}, {"semTypes": ["T999"], "to": "53494", "fro": "53487", "fullId": "http://purl.bioontology.org/ontology/MSH/D014859", "preferredName": "Warfarin"}, {"semTypes": ["T127", "T121", "T119"], "to": "859", "fro": "851", "fullId": "http://purl.bioontology.org/ontology/MSH/D014815", "preferredName": "Vitamins"}, {"semTypes": ["T999"], "to": "62024", "fro": "62018", "fullId": "http://purl.bioontology.org/ontology/MSH/D014859", "preferredName": "Warfarin"}, {"semTypes": ["T999"], "to": "3868", "fro": "3862", "fullId": "http://purl.bioontology.org/ontology/RXNORM/114194", "preferredName": "Warfarin Sodium"}, {"semTypes": ["T999"], "to": "18083", "fro": "18076", "fullId": "http://purl.bioontology.org/ontology/RXNORM/114194", "preferredName": "Warfarin Sodium"}, {"semTypes": ["T999"], "to": "41901", "fro": "41895", "fullId": "http://purl.bioontology.org/ontology/RXNORM/114194", "preferredName": "Warfarin Sodium"}, {"semTypes": ["T109", "T131", "T121"], "to": "36604", "fro": "36597", "fullId": "http://purl.bioontology.org/ontology/RXNORM/114194", "preferredName": "Warfarin Sodium"}, {"semTypes": ["T999"], "to": "23065", "fro": "23056", "fullId": "http://purl.bioontology.org/ontology/RXNORM/8640", "preferredName": "Prednisone"}, {"semTypes": ["T999"], "to": "35420", "fro": "35412", "fullId": "http://purl.bioontology.org/ontology/MSH/D000970", "preferredName": "Antineoplastic Agents"}, {"semTypes": ["T999"], "to": "25048", "fro": "25040", "fullId": "http://purl.bioontology.org/ontology/RXNORM/7909", "preferredName": "Paraldehyde"}, {"semTypes": ["T109", "T131", "T121"], "to": "63645", "fro": "63638", "fullId": "http://purl.bioontology.org/ontology/RXNORM/114194", "preferredName": "Warfarin Sodium"}, {"semTypes": ["T999"], "to": "24465", "fro": "24459", "fullId": "http://purl.bioontology.org/ontology/MSH/D013444", "preferredName": "Sulfisoxazole"}, {"semTypes": ["T999"], "to": "55507", "fro": "55492", "fullId": "http://purl.bioontology.org/ontology/RXNORM/114194", "preferredName": "Warfarin Sodium"}, {"semTypes": ["T109", "T121"], "to": "29810", "fro": "29801", "fullId": "http://purl.bioontology.org/ontology/RXNORM/114194", "preferredName": "Warfarin Sodium"}, {"semTypes": ["T125", "T121", "T110"], "to": "25828", "fro": "25819", "fullId": "http://purl.bioontology.org/ontology/RXNORM/114194", "preferredName": "Warfarin Sodium"}, {"semTypes": ["T999"], "to": "55033", "fro": "55025", "fullId": "http://purl.bioontology.org/ontology/RXNORM/114194", "preferredName": "Warfarin Sodium"}, {"semTypes": ["T121", "T109"], "to": "55725", "fro": "55715", "fullId": "http://purl.bioontology.org/ontology/MSH/D014815", "preferredName": "Vitamins"}, {"semTypes": ["T999"], "to": "25828", "fro": "25819", "fullId": "http://purl.bioontology.org/ontology/RXNORM/114194", "preferredName": "Warfarin Sodium"}, {"semTypes": ["T999"], "to": "37346", "fro": "37334", "fullId": "http://purl.bioontology.org/ontology/RXNORM/10594", "preferredName": "Ticlopidine"}, {"semTypes": ["T121", "T109"], "to": "25165", "fro": "25155", "fullId": "http://purl.bioontology.org/ontology/MSH/D014815", "preferredName": "Vitamins"}, {"semTypes": ["T999"], "to": "26866", "fro": "26855", "fullId": "http://purl.bioontology.org/ontology/RXNORM/2404", "preferredName": "Chlorpropamide"}, {"semTypes": ["T109", "T121"], "to": "29339", "fro": "29329", "fullId": "http://purl.bioontology.org/ontology/RXNORM/10594", "preferredName": "Ticlopidine"}, {"semTypes": ["T109", "T121"], "to": "25500", "fro": "25489", "fullId": "http://purl.bioontology.org/ontology/MSH/D014815", "preferredName": "Vitamins"}, {"semTypes": ["T999"], "to": "60127", "fro": "60117", "fullId": "http://purl.bioontology.org/ontology/MSH/D014815", "preferredName": "Vitamins"}, {"semTypes": ["T109", "T121"], "to": "41197", "fro": "41188", "fullId": "http://purl.bioontology.org/ontology/MSH/C021100", "preferredName": "trichloroacetaldehyde"}, {"semTypes": ["T999"], "to": "34141", "fro": "34132", "fullId": "http://purl.bioontology.org/ontology/RXNORM/7909", "preferredName": "Paraldehyde"}, {"semTypes": ["T999"], "to": "25165", "fro": "25155", "fullId": "http://purl.bioontology.org/ontology/MSH/D014815", "preferredName": "Vitamins"}, {"semTypes": ["T121", "T114"], "to": "27812", "fro": "27797", "fullId": "http://purl.bioontology.org/ontology/MSH/D014815", "preferredName": "Vitamins"}, {"semTypes": ["T999"], "to": "47792", "fro": "47784", "fullId": "http://purl.bioontology.org/ontology/MSH/D014815", "preferredName": "Vitamins"}, {"semTypes": ["T999"], "to": "62935", "fro": "62923", "fullId": "http://purl.bioontology.org/ontology/RXNORM/40169", "preferredName": "Moricizine"}, {"semTypes": ["T121", "T114"], "to": "57492", "fro": "57477", "fullId": "http://purl.bioontology.org/ontology/MSH/D014815", "preferredName": "Vitamins"}, {"semTypes": ["T999"], "to": "859", "fro": "851", "fullId": "http://purl.bioontology.org/ontology/MSH/D014815", "preferredName": "Vitamins"}, {"semTypes": ["T999"], "to": "60718", "fro": "60709", "fullId": "http://purl.bioontology.org/ontology/MSH/D014815", "preferredName": "Vitamins"}, {"semTypes": ["T109", "T195"], "to": "29083", "fro": "29075", "fullId": "http://purl.bioontology.org/ontology/MSH/C021100", "preferredName": "trichloroacetaldehyde"}, {"semTypes": ["T999"], "to": "42624", "fro": "42613", "fullId": "http://purl.bioontology.org/ontology/RXNORM/8794", "preferredName": "Propylthiouracil"}, {"semTypes": ["T999"], "to": "35662", "fro": "35649", "fullId": "http://purl.bioontology.org/ontology/MSH/D008713", "preferredName": "Methimazole"}, {"semTypes": ["T109", "T121"], "to": "61539", "fro": "61531", "fullId": "http://purl.bioontology.org/ontology/RXNORM/40169", "preferredName": "Moricizine"}, {"semTypes": ["T109", "T121"], "to": "58568", "fro": "58559", "fullId": "http://purl.bioontology.org/ontology/RXNORM/11258", "preferredName": "Vitamin K"}, {"semTypes": ["T999"], "to": "57833", "fro": "57822", "fullId": "http://purl.bioontology.org/ontology/MSH/D002438", "preferredName": "Cefoperazone"}, {"semTypes": ["T109", "T121"], "to": "56873", "fro": "56861", "fullId": "http://purl.bioontology.org/ontology/RXNORM/8183", "preferredName": "Phenytoin"}, {"semTypes": ["T109", "T121"], "to": "23547", "fro": "23539", "fullId": "http://purl.bioontology.org/ontology/RXNORM/8183", "preferredName": "Phenytoin"}, {"semTypes": ["T999"], "to": "22079", "fro": "22069", "fullId": "http://purl.bioontology.org/ontology/RXNORM/40169", "preferredName": "Moricizine"}, {"semTypes": ["T109", "T195"], "to": "32725", "fro": "32714", "fullId": "http://purl.bioontology.org/ontology/RXNORM/3292", "preferredName": "Dextrothyroxine"}, {"semTypes": ["T121", "T109"], "to": "62935", "fro": "62923", "fullId": "http://purl.bioontology.org/ontology/MSH/D016293", "preferredName": "Moricizine"}, {"semTypes": ["T109", "T121"], "to": "60718", "fro": "60709", "fullId": "http://purl.bioontology.org/ontology/RXNORM/11289", "preferredName": "Warfarin"}, {"semTypes": ["T109", "T121"], "to": "43989", "fro": "43979", "fullId": "http://purl.bioontology.org/ontology/RXNORM/10180", "preferredName": "Sulfamethoxazole"}, {"semTypes": ["T999"], "to": "37132", "fro": "37117", "fullId": "http://purl.bioontology.org/ontology/RXNORM/11289", "preferredName": "Warfarin"}, {"semTypes": ["T999"], "to": "44115", "fro": "44104", "fullId": "http://purl.bioontology.org/ontology/MSH/D000970", "preferredName": "Antineoplastic Agents"}, {"semTypes": ["T999"], "to": "32725", "fro": "32714", "fullId": "http://purl.bioontology.org/ontology/RXNORM/8794", "preferredName": "Propylthiouracil"}, {"semTypes": ["T999"], "to": "56653", "fro": "56642", "fullId": "http://purl.bioontology.org/ontology/RXNORM/11289", "preferredName": "Warfarin"}, {"semTypes": ["T999"], "to": "24230", "fro": "24219", "fullId": "http://purl.bioontology.org/ontology/RXNORM/114970", "preferredName": "zafirlukast"}, {"semTypes": ["T121", "T109"], "to": "58910", "fro": "58898", "fullId": "http://purl.bioontology.org/ontology/MSH/D017964", "preferredName": "Itraconazole"}, {"semTypes": ["T121", "T109"], "to": "61905", "fro": "61895", "fullId": "http://purl.bioontology.org/ontology/MSH/D011441", "preferredName": "Propylthiouracil"}, {"semTypes": ["T109", "T121"], "to": "56994", "fro": "56986", "fullId": "http://purl.bioontology.org/ontology/MSH/D003520", "preferredName": "Cyclophosphamide"}, {"semTypes": ["T999"], "to": "42148", "fro": "42137", "fullId": "http://purl.bioontology.org/ontology/MSH/D014044", "preferredName": "Tolbutamide"}, {"semTypes": ["T121", "T109"], "to": "26866", "fro": "26855", "fullId": "http://purl.bioontology.org/ontology/MSH/D000970", "preferredName": "Antineoplastic Agents"}, {"semTypes": ["T999"], "to": "15501", "fro": "15486", "fullId": "http://purl.bioontology.org/ontology/RXNORM/10635", "preferredName": "Tolbutamide"}, {"semTypes": ["T121", "T109"], "to": "24582", "fro": "24572", "fullId": "http://purl.bioontology.org/ontology/MSH/C065179", "preferredName": "atorvastatin"}, {"semTypes": ["T999"], "to": "28144", "fro": "28136", "fullId": "http://purl.bioontology.org/ontology/MSH/D003918", "preferredName": "Dextrothyroxine"}, {"semTypes": ["T121", "T116", "T126"], "to": "32264", "fro": "32252", "fullId": "http://purl.bioontology.org/ontology/RXNORM/114970", "preferredName": "zafirlukast"}, {"semTypes": ["T999"], "to": "34376", "fro": "34364", "fullId": "http://purl.bioontology.org/ontology/MSH/D013988", "preferredName": "Ticlopidine"}, {"semTypes": ["T999"], "to": "33570", "fro": "33557", "fullId": "http://purl.bioontology.org/ontology/MSH/D014812", "preferredName": "Vitamin K"}, {"semTypes": ["T121", "T109"], "to": "40959", "fro": "40950", "fullId": "http://purl.bioontology.org/ontology/RXNORM/5021", "preferredName": "Griseofulvin"}, {"semTypes": ["T109", "T121"], "to": "30375", "fro": "30367", "fullId": "http://purl.bioontology.org/ontology/MSH/C008729", "preferredName": "oxaprozin"}, {"semTypes": ["T999"], "to": "38184", "fro": "38178", "fullId": "http://purl.bioontology.org/ontology/MSH/D009643", "preferredName": "Norfloxacin"}, {"semTypes": ["T999"], "to": "31786", "fro": "31777", "fullId": "http://purl.bioontology.org/ontology/MSH/C063129", "preferredName": "rabeprazole"}, {"semTypes": ["T109", "T121"], "to": "32145", "fro": "32136", "fullId": "http://purl.bioontology.org/ontology/MSH/D005473", "preferredName": "Fluoxetine"}, {"semTypes": ["T999"], "to": "52426", "fro": "52419", "fullId": "http://purl.bioontology.org/ontology/RXNORM/8794", "preferredName": "Propylthiouracil"}, {"semTypes": ["T195", "T109"], "to": "32029", "fro": "32015", "fullId": "http://purl.bioontology.org/ontology/RXNORM/10205", "preferredName": "Sulfinpyrazone"}, {"semTypes": ["T121", "T109"], "to": "22697", "fro": "22684", "fullId": "http://purl.bioontology.org/ontology/MSH/D017374", "preferredName": "Paroxetine"}, {"semTypes": ["T999"], "to": "19661", "fro": "19655", "fullId": "http://purl.bioontology.org/ontology/RXNORM/8794", "preferredName": "Propylthiouracil"}, {"semTypes": ["T999"], "to": "22459", "fro": "22449", "fullId": "http://purl.bioontology.org/ontology/MSH/D008713", "preferredName": "Methimazole"}, {"semTypes": ["T999"], "to": "31083", "fro": "31072", "fullId": "http://purl.bioontology.org/ontology/RXNORM/3292", "preferredName": "Dextrothyroxine"}, {"semTypes": ["T999"], "to": "28375", "fro": "28367", "fullId": "http://purl.bioontology.org/ontology/RXNORM/140587", "preferredName": "celecoxib"}, {"semTypes": ["T195", "T109"], "to": "61418", "fro": "61410", "fullId": "http://purl.bioontology.org/ontology/RXNORM/6876", "preferredName": "Methyldopa"}, {"semTypes": ["T999"], "to": "43221", "fro": "43213", "fullId": "http://purl.bioontology.org/ontology/RXNORM/6835", "preferredName": "Methimazole"}, {"semTypes": ["T999"], "to": "32499", "fro": "32493", "fullId": "http://purl.bioontology.org/ontology/MSH/D014812", "preferredName": "Vitamin K"}, {"semTypes": ["T999"], "to": "33087", "fro": "33074", "fullId": "http://purl.bioontology.org/ontology/MSH/D017964", "preferredName": "Itraconazole"}]