[{"semTypes": ["T121", "T109"], "to": "8372", "fro": "8364", "fullId": "http://purl.bioontology.org/ontology/RXNORM/2556", "preferredName": "Citalopram"}, {"semTypes": ["T999"], "to": "9097", "fro": "9087", "fullId": "http://purl.bioontology.org/ontology/RXNORM/11289", "preferredName": "Warfarin"}, {"semTypes": ["T999"], "to": "6444", "fro": "6433", "fullId": "http://purl.bioontology.org/ontology/MSH/D010672", "preferredName": "Phenytoin"}, {"semTypes": ["T121", "T109"], "to": "9122", "fro": "9113", "fullId": "http://purl.bioontology.org/ontology/MSH/C074619", "preferredName": "bivalirudin"}, {"semTypes": ["T121", "T109"], "to": "6229", "fro": "6220", "fullId": "http://purl.bioontology.org/ontology/RXNORM/75207", "preferredName": "bosentan"}, {"semTypes": ["T121", "T109"], "to": "6397", "fro": "6388", "fullId": "http://purl.bioontology.org/ontology/MSH/D019438", "preferredName": "Ritonavir"}, {"semTypes": ["T999"], "to": "6359", "fro": "6352", "fullId": "http://purl.bioontology.org/ontology/RXNORM/85762", "preferredName": "Ritonavir"}, {"semTypes": ["T121", "T123", "T118"], "to": "8066", "fro": "8060", "fullId": "http://purl.bioontology.org/ontology/RXNORM/41127", "preferredName": "fluvastatin"}, {"semTypes": ["T999"], "to": "5225", "fro": "5215", "fullId": "http://purl.bioontology.org/ontology/RXNORM/28031", "preferredName": "Itraconazole"}, {"semTypes": ["T121", "T109"], "to": "8723", "fro": "8714", "fullId": "http://purl.bioontology.org/ontology/RXNORM/2551", "preferredName": "Ciprofloxacin"}, {"semTypes": ["T109", "T121"], "to": "6349", "fro": "6340", "fullId": "http://purl.bioontology.org/ontology/RXNORM/405155", "preferredName": "Jantoven"}, {"semTypes": ["T999"], "to": "311", "fro": "303", "fullId": "http://purl.bioontology.org/ontology/MSH/C105934", "preferredName": "celecoxib"}, {"semTypes": ["T121", "T109"], "to": "5891", "fro": "5882", "fullId": "http://purl.bioontology.org/ontology/RXNORM/40169", "preferredName": "Moricizine"}, {"semTypes": ["T121", "T109"], "to": "5305", "fro": "5295", "fullId": "http://purl.bioontology.org/ontology/RXNORM/4450", "preferredName": "Fluconazole"}, {"semTypes": ["T999"], "to": "8760", "fro": "8753", "fullId": "http://purl.bioontology.org/ontology/MSH/D000638", "preferredName": "Amiodarone"}, {"semTypes": ["T121", "T116"], "to": "8046", "fro": "8036", "fullId": "http://purl.bioontology.org/ontology/RXNORM/21107", "preferredName": "cilostazol"}, {"semTypes": ["T999"], "to": "8046", "fro": "8036", "fullId": "http://purl.bioontology.org/ontology/RXNORM/2551", "preferredName": "Ciprofloxacin"}, {"semTypes": ["T999"], "to": "5305", "fro": "5295", "fullId": "http://purl.bioontology.org/ontology/RXNORM/2541", "preferredName": "Cimetidine"}, {"semTypes": ["T121", "T109"], "to": "87", "fro": "80", "fullId": "http://purl.bioontology.org/ontology/RXNORM/11289", "preferredName": "Warfarin"}, {"semTypes": ["T999"], "to": "8697", "fro": "8689", "fullId": "http://purl.bioontology.org/ontology/MSH/D002927", "preferredName": "Cimetidine"}, {"semTypes": ["T121", "T109"], "to": "8361", "fro": "8350", "fullId": "http://purl.bioontology.org/ontology/MSH/D012293", "preferredName": "Rifampin"}, {"semTypes": ["T121", "T109"], "to": "6155", "fro": "6144", "fullId": "http://purl.bioontology.org/ontology/RXNORM/40575", "preferredName": "zileuton"}, {"semTypes": ["T109", "T121"], "to": "5165", "fro": "5153", "fullId": "http://purl.bioontology.org/ontology/MSH/C114556", "preferredName": "aprepitant"}, {"semTypes": ["T121", "T109"], "to": "5380", "fro": "5373", "fullId": "http://purl.bioontology.org/ontology/RXNORM/358255", "preferredName": "aprepitant"}, {"semTypes": ["T109", "T195"], "to": "4733", "fro": "4723", "fullId": "http://purl.bioontology.org/ontology/MSH/C083544", "preferredName": "lepirudin"}, {"semTypes": ["T121", "T114"], "to": "4599", "fro": "4588", "fullId": "http://purl.bioontology.org/ontology/RXNORM/3443", "preferredName": "Diltiazem"}, {"semTypes": ["T999"], "to": "8077", "fro": "8069", "fullId": "http://purl.bioontology.org/ontology/RXNORM/40575", "preferredName": "zileuton"}, {"semTypes": ["T195", "T109"], "to": "6217", "fro": "6205", "fullId": "http://purl.bioontology.org/ontology/RXNORM/1886", "preferredName": "Caffeine"}, {"semTypes": ["T999"], "to": "5863", "fro": "5851", "fullId": "http://purl.bioontology.org/ontology/MSH/D016666", "preferredName": "Fluvoxamine"}, {"semTypes": ["T121", "T109"], "to": "9072", "fro": "9061", "fullId": "http://purl.bioontology.org/ontology/MSH/D002927", "preferredName": "Cimetidine"}, {"semTypes": ["T109", "T121"], "to": "5346", "fro": "5334", "fullId": "http://purl.bioontology.org/ontology/MSH/D005473", "preferredName": "Fluoxetine"}, {"semTypes": ["T121", "T109"], "to": "5138", "fro": "5131", "fullId": "http://purl.bioontology.org/ontology/RXNORM/8183", "preferredName": "Phenytoin"}, {"semTypes": ["T121", "T109"], "to": "6085", "fro": "6077", "fullId": "http://purl.bioontology.org/ontology/RXNORM/11289", "preferredName": "Warfarin"}, {"semTypes": ["T121", "T109"], "to": "9046", "fro": "9033", "fullId": "http://purl.bioontology.org/ontology/MSH/C102790", "preferredName": "voriconazole"}, {"semTypes": ["T999"], "to": "6374", "fro": "6362", "fullId": "http://purl.bioontology.org/ontology/RXNORM/405155", "preferredName": "Jantoven"}, {"semTypes": ["T999"], "to": "9159", "fro": "9150", "fullId": "http://purl.bioontology.org/ontology/MSH/C063449", "preferredName": "zileuton"}, {"semTypes": ["T121", "T109"], "to": "4652", "fro": "4642", "fullId": "http://purl.bioontology.org/ontology/MSH/D002220", "preferredName": "Carbamazepine"}, {"semTypes": ["T121", "T109"], "to": "5760", "fro": "5751", "fullId": "http://purl.bioontology.org/ontology/RXNORM/21212", "preferredName": "Clarithromycin"}, {"semTypes": ["T121", "T109"], "to": "6014", "fro": "6007", "fullId": "http://purl.bioontology.org/ontology/MSH/C045645", "preferredName": "cilostazol"}, {"semTypes": ["T999"], "to": "6243", "fro": "6232", "fullId": "http://purl.bioontology.org/ontology/RXNORM/85762", "preferredName": "Ritonavir"}, {"semTypes": ["T999"], "to": "6097", "fro": "6088", "fullId": "http://purl.bioontology.org/ontology/MSH/C426859", "preferredName": "fosamprenavir"}, {"semTypes": ["T109", "T121"], "to": "5937", "fro": "5929", "fullId": "http://purl.bioontology.org/ontology/RXNORM/475969", "preferredName": "etravirine"}, {"semTypes": ["T999"], "to": "4614", "fro": "4602", "fullId": "http://purl.bioontology.org/ontology/RXNORM/8640", "preferredName": "Prednisone"}, {"semTypes": ["T109", "T121"], "to": "6385", "fro": "6377", "fullId": "http://purl.bioontology.org/ontology/RXNORM/228656", "preferredName": "Amprenavir"}, {"semTypes": ["T121", "T109"], "to": "5824", "fro": "5813", "fullId": "http://purl.bioontology.org/ontology/RXNORM/7646", "preferredName": "Omeprazole"}, {"semTypes": ["T999"], "to": "9084", "fro": "9075", "fullId": "http://purl.bioontology.org/ontology/MSH/D019438", "preferredName": "Ritonavir"}, {"semTypes": ["T999"], "to": "5177", "fro": "5168", "fullId": "http://purl.bioontology.org/ontology/MSH/D005473", "preferredName": "Fluoxetine"}, {"semTypes": ["T999"], "to": "4856", "fro": "4844", "fullId": "http://purl.bioontology.org/ontology/RXNORM/42355", "preferredName": "Fluvoxamine"}, {"semTypes": ["T999"], "to": "6004", "fro": "5992", "fullId": "http://purl.bioontology.org/ontology/RXNORM/475969", "preferredName": "etravirine"}, {"semTypes": ["T121", "T109"], "to": "1103", "fro": "1096", "fullId": "http://purl.bioontology.org/ontology/RXNORM/11289", "preferredName": "Warfarin"}, {"semTypes": ["T999"], "to": "5464", "fro": "5455", "fullId": "http://purl.bioontology.org/ontology/MSH/C063449", "preferredName": "zileuton"}, {"semTypes": ["T999"], "to": "6253", "fro": "6246", "fullId": "http://purl.bioontology.org/ontology/RXNORM/358255", "preferredName": "aprepitant"}, {"semTypes": ["T121", "T125", "T110"], "to": "4704", "fro": "4694", "fullId": "http://purl.bioontology.org/ontology/MSH/D002220", "preferredName": "Carbamazepine"}, {"semTypes": ["T999"], "to": "6036", "fro": "6028", "fullId": "http://purl.bioontology.org/ontology/MSH/D002939", "preferredName": "Ciprofloxacin"}, {"semTypes": ["T999"], "to": "8347", "fro": "8337", "fullId": "http://purl.bioontology.org/ontology/MSH/D010672", "preferredName": "Phenytoin"}, {"semTypes": ["T121", "T109"], "to": "4871", "fro": "4859", "fullId": "http://purl.bioontology.org/ontology/RXNORM/358255", "preferredName": "aprepitant"}, {"semTypes": ["T109", "T121"], "to": "5359", "fro": "5349", "fullId": "http://purl.bioontology.org/ontology/MSH/C114556", "preferredName": "aprepitant"}, {"semTypes": ["T999"], "to": "6179", "fro": "6170", "fullId": "http://purl.bioontology.org/ontology/RXNORM/190548", "preferredName": "tipranavir"}, {"semTypes": ["T999"], "to": "8771", "fro": "8763", "fullId": "http://purl.bioontology.org/ontology/RXNORM/121243", "preferredName": "voriconazole"}, {"semTypes": ["T121", "T109"], "to": "5318", "fro": "5308", "fullId": "http://purl.bioontology.org/ontology/MSH/D010672", "preferredName": "Phenytoin"}, {"semTypes": ["T999"], "to": "6064", "fro": "6053", "fullId": "http://purl.bioontology.org/ontology/RXNORM/2002", "preferredName": "Carbamazepine"}, {"semTypes": ["T999"], "to": "6385", "fro": "6377", "fullId": "http://purl.bioontology.org/ontology/MSH/D015725", "preferredName": "Fluconazole"}, {"semTypes": ["T999"], "to": "8723", "fro": "8714", "fullId": "http://purl.bioontology.org/ontology/MSH/C107201", "preferredName": "tipranavir"}, {"semTypes": ["T999"], "to": "5452", "fro": "5442", "fullId": "http://purl.bioontology.org/ontology/MSH/C102790", "preferredName": "voriconazole"}, {"semTypes": ["T999"], "to": "6430", "fro": "6422", "fullId": "http://purl.bioontology.org/ontology/RXNORM/42355", "preferredName": "Fluvoxamine"}, {"semTypes": ["T109", "T121"], "to": "4831", "fro": "4822", "fullId": "http://purl.bioontology.org/ontology/RXNORM/11289", "preferredName": "Warfarin"}, {"semTypes": ["T121", "T109"], "to": "6097", "fro": "6088", "fullId": "http://purl.bioontology.org/ontology/MSH/C048833", "preferredName": "modafinil"}, {"semTypes": ["T121", "T109"], "to": "4665", "fro": "4655", "fullId": "http://purl.bioontology.org/ontology/RXNORM/11289", "preferredName": "Warfarin"}, {"semTypes": ["T109", "T121"], "to": "5250", "fro": "5240", "fullId": "http://purl.bioontology.org/ontology/RXNORM/8134", "preferredName": "Phenobarbital"}, {"semTypes": ["T195", "T109"], "to": "5951", "fro": "5940", "fullId": "http://purl.bioontology.org/ontology/RXNORM/75207", "preferredName": "bosentan"}, {"semTypes": ["T116", "T121"], "to": "8077", "fro": "8069", "fullId": "http://purl.bioontology.org/ontology/MSH/D012293", "preferredName": "Rifampin"}, {"semTypes": ["T116", "T121"], "to": "8057", "fro": "8049", "fullId": "http://purl.bioontology.org/ontology/RXNORM/40575", "preferredName": "zileuton"}, {"semTypes": ["T999"], "to": "5150", "fro": "5141", "fullId": "http://purl.bioontology.org/ontology/MSH/C451734", "preferredName": "etravirine"}, {"semTypes": ["T999"], "to": "8650", "fro": "8642", "fullId": "http://purl.bioontology.org/ontology/RXNORM/2002", "preferredName": "Carbamazepine"}, {"semTypes": ["T121", "T109"], "to": "8711", "fro": "8700", "fullId": "http://purl.bioontology.org/ontology/MSH/D010634", "preferredName": "Phenobarbital"}, {"semTypes": ["T999"], "to": "4599", "fro": "4588", "fullId": "http://purl.bioontology.org/ontology/RXNORM/8787", "preferredName": "Propranolol"}, {"semTypes": ["T999"], "to": "11161", "fro": "11152", "fullId": "http://purl.bioontology.org/ontology/MSH/C062735", "preferredName": "zafirlukast"}, {"semTypes": ["T121", "T109"], "to": "6179", "fro": "6170", "fullId": "http://purl.bioontology.org/ontology/RXNORM/4493", "preferredName": "Fluoxetine"}, {"semTypes": ["T999"], "to": "5760", "fro": "5751", "fullId": "http://purl.bioontology.org/ontology/MSH/C408153", "preferredName": "prasugrel"}, {"semTypes": ["T999"], "to": "4680", "fro": "4668", "fullId": "http://purl.bioontology.org/ontology/RXNORM/10594", "preferredName": "Ticlopidine"}, {"semTypes": ["T121", "T109"], "to": "5331", "fro": "5321", "fullId": "http://purl.bioontology.org/ontology/RXNORM/2002", "preferredName": "Carbamazepine"}, {"semTypes": ["T121", "T109"], "to": "10241", "fro": "10234", "fullId": "http://purl.bioontology.org/ontology/RXNORM/11289", "preferredName": "Warfarin"}, {"semTypes": ["T121", "T109", "T131"], "to": "10392", "fro": "10378", "fullId": "http://purl.bioontology.org/ontology/MSH/C101425", "preferredName": "posaconazole"}, {"semTypes": ["T109", "T121"], "to": "9110", "fro": "9100", "fullId": "http://purl.bioontology.org/ontology/RXNORM/41127", "preferredName": "fluvastatin"}, {"semTypes": ["T999"], "to": "5476", "fro": "5467", "fullId": "http://purl.bioontology.org/ontology/RXNORM/4450", "preferredName": "Fluconazole"}, {"semTypes": ["T999"], "to": "9110", "fro": "9100", "fullId": "http://purl.bioontology.org/ontology/RXNORM/228656", "preferredName": "Amprenavir"}, {"semTypes": ["T109", "T121"], "to": "9030", "fro": "9021", "fullId": "http://purl.bioontology.org/ontology/RXNORM/75207", "preferredName": "bosentan"}, {"semTypes": ["T999"], "to": "5187", "fro": "5180", "fullId": "http://purl.bioontology.org/ontology/MSH/D015283", "preferredName": "Citalopram"}, {"semTypes": ["T121", "T109"], "to": "8792", "fro": "8785", "fullId": "http://purl.bioontology.org/ontology/RXNORM/8183", "preferredName": "Phenytoin"}, {"semTypes": ["T109", "T121"], "to": "5476", "fro": "5467", "fullId": "http://purl.bioontology.org/ontology/MSH/D015725", "preferredName": "Fluconazole"}, {"semTypes": ["T999"], "to": "7090", "fro": "7083", "fullId": "http://purl.bioontology.org/ontology/MSH/D014859", "preferredName": "Warfarin"}, {"semTypes": ["T121", "T109"], "to": "9058", "fro": "9049", "fullId": "http://purl.bioontology.org/ontology/RXNORM/9384", "preferredName": "Rifampin"}, {"semTypes": ["T109", "T121"], "to": "4856", "fro": "4844", "fullId": "http://purl.bioontology.org/ontology/MSH/C045645", "preferredName": "cilostazol"}, {"semTypes": ["T109", "T121"], "to": "5810", "fro": "5801", "fullId": "http://purl.bioontology.org/ontology/MSH/C095108", "preferredName": "amprenavir"}, {"semTypes": ["T999"], "to": "6167", "fro": "6158", "fullId": "http://purl.bioontology.org/ontology/RXNORM/4053", "preferredName": "Erythromycin"}, {"semTypes": ["T999"], "to": "6075", "fro": "6067", "fullId": "http://purl.bioontology.org/ontology/RXNORM/28031", "preferredName": "Itraconazole"}, {"semTypes": ["T109", "T121"], "to": "6064", "fro": "6053", "fullId": "http://purl.bioontology.org/ontology/MSH/D015283", "preferredName": "Citalopram"}, {"semTypes": ["T999"], "to": "5891", "fro": "5882", "fullId": "http://purl.bioontology.org/ontology/RXNORM/4450", "preferredName": "Fluconazole"}, {"semTypes": ["T999"], "to": "5318", "fro": "5308", "fullId": "http://purl.bioontology.org/ontology/MSH/C086232", "preferredName": "bosentan"}, {"semTypes": ["T121", "T109"], "to": "5916", "fro": "5908", "fullId": "http://purl.bioontology.org/ontology/MSH/C093875", "preferredName": "montelukast"}, {"semTypes": ["T109", "T195"], "to": "5879", "fro": "5866", "fullId": "http://purl.bioontology.org/ontology/RXNORM/121243", "preferredName": "voriconazole"}, {"semTypes": ["T121", "T131", "T109"], "to": "7090", "fro": "7083", "fullId": "http://purl.bioontology.org/ontology/MSH/D014859", "preferredName": "Warfarin"}, {"semTypes": ["T121", "T109"], "to": "5989", "fro": "5979", "fullId": "http://purl.bioontology.org/ontology/RXNORM/11289", "preferredName": "Warfarin"}, {"semTypes": ["T999"], "to": "5370", "fro": "5362", "fullId": "http://purl.bioontology.org/ontology/MSH/C063449", "preferredName": "zileuton"}, {"semTypes": ["T109", "T121"], "to": "5464", "fro": "5455", "fullId": "http://purl.bioontology.org/ontology/MSH/D000638", "preferredName": "Amiodarone"}, {"semTypes": ["T999"], "to": "4691", "fro": "4682", "fullId": "http://purl.bioontology.org/ontology/RXNORM/282446", "preferredName": "posaconazole"}, {"semTypes": ["T999"], "to": "4760", "fro": "4750", "fullId": "http://purl.bioontology.org/ontology/RXNORM/121243", "preferredName": "voriconazole"}, {"semTypes": ["T109", "T121"], "to": "6444", "fro": "6433", "fullId": "http://purl.bioontology.org/ontology/RXNORM/475969", "preferredName": "etravirine"}, {"semTypes": ["T999"], "to": "5199", "fro": "5190", "fullId": "http://purl.bioontology.org/ontology/MSH/D013988", "preferredName": "Ticlopidine"}, {"semTypes": ["T110", "T121", "T125"], "to": "6456", "fro": "6447", "fullId": "http://purl.bioontology.org/ontology/MSH/C045645", "preferredName": "cilostazol"}, {"semTypes": ["T121", "T109"], "to": "5748", "fro": "5739", "fullId": "http://purl.bioontology.org/ontology/MSH/D002939", "preferredName": "Ciprofloxacin"}, {"semTypes": ["T999"], "to": "5905", "fro": "5894", "fullId": "http://purl.bioontology.org/ontology/MSH/D005473", "preferredName": "Fluoxetine"}, {"semTypes": ["T121", "T109"], "to": "5292", "fro": "5274", "fullId": "http://purl.bioontology.org/ontology/RXNORM/4053", "preferredName": "Erythromycin"}, {"semTypes": ["T999"], "to": "5346", "fro": "5334", "fullId": "http://purl.bioontology.org/ontology/MSH/D005473", "preferredName": "Fluoxetine"}, {"semTypes": ["T109", "T121"], "to": "5199", "fro": "5190", "fullId": "http://purl.bioontology.org/ontology/MSH/D002220", "preferredName": "Carbamazepine"}, {"semTypes": ["T999"], "to": "2990", "fro": "2983", "fullId": "http://purl.bioontology.org/ontology/MSH/D014859", "preferredName": "Warfarin"}, {"semTypes": ["T999"], "to": "10730", "fro": "10725", "fullId": "http://purl.bioontology.org/ontology/RXNORM/9384", "preferredName": "Rifampin"}, {"semTypes": ["T121", "T109"], "to": "8334", "fro": "8325", "fullId": "http://purl.bioontology.org/ontology/RXNORM/405155", "preferredName": "Jantoven"}, {"semTypes": ["T121", "T109"], "to": "6050", "fro": "6039", "fullId": "http://purl.bioontology.org/ontology/RXNORM/75207", "preferredName": "bosentan"}, {"semTypes": ["T999"], "to": "2817", "fro": "2810", "fullId": "http://purl.bioontology.org/ontology/MSH/D014859", "preferredName": "Warfarin"}, {"semTypes": ["T109", "T121"], "to": "6430", "fro": "6422", "fullId": "http://purl.bioontology.org/ontology/RXNORM/85762", "preferredName": "Ritonavir"}, {"semTypes": ["T109", "T121"], "to": "5370", "fro": "5362", "fullId": "http://purl.bioontology.org/ontology/RXNORM/2541", "preferredName": "Cimetidine"}, {"semTypes": ["T121", "T109"], "to": "6025", "fro": "6017", "fullId": "http://purl.bioontology.org/ontology/MSH/C086232", "preferredName": "bosentan"}, {"semTypes": ["T121", "T114"], "to": "5115", "fro": "5107", "fullId": "http://purl.bioontology.org/ontology/RXNORM/703", "preferredName": "Amiodarone"}, {"semTypes": ["T999"], "to": "6217", "fro": "6205", "fullId": "http://purl.bioontology.org/ontology/MSH/D009643", "preferredName": "Norfloxacin"}, {"semTypes": ["T999"], "to": "6109", "fro": "6100", "fullId": "http://purl.bioontology.org/ontology/RXNORM/60819", "preferredName": "bivalirudin"}, {"semTypes": ["T999"], "to": "5380", "fro": "5373", "fullId": "http://purl.bioontology.org/ontology/MSH/D016666", "preferredName": "Fluvoxamine"}, {"semTypes": ["T999"], "to": "8322", "fro": "8316", "fullId": "http://purl.bioontology.org/ontology/RXNORM/2541", "preferredName": "Cimetidine"}, {"semTypes": ["T999"], "to": "6456", "fro": "6447", "fullId": "http://purl.bioontology.org/ontology/RXNORM/8134", "preferredName": "Phenobarbital"}, {"semTypes": ["T999"], "to": "6025", "fro": "6017", "fullId": "http://purl.bioontology.org/ontology/RXNORM/2556", "preferredName": "Citalopram"}, {"semTypes": ["T999"], "to": "9030", "fro": "9021", "fullId": "http://purl.bioontology.org/ontology/RXNORM/10594", "preferredName": "Ticlopidine"}, {"semTypes": ["T999"], "to": "10392", "fro": "10378", "fullId": "http://purl.bioontology.org/ontology/MSH/D014859", "preferredName": "Warfarin"}, {"semTypes": ["T121", "T109"], "to": "5491", "fro": "5479", "fullId": "http://purl.bioontology.org/ontology/RXNORM/358255", "preferredName": "aprepitant"}, {"semTypes": ["T999"], "to": "4704", "fro": "4694", "fullId": "http://purl.bioontology.org/ontology/MSH/C105934", "preferredName": "celecoxib"}, {"semTypes": ["T999"], "to": "5951", "fro": "5940", "fullId": "http://purl.bioontology.org/ontology/RXNORM/4493", "preferredName": "Fluoxetine"}, {"semTypes": ["T121", "T109"], "to": "5772", "fro": "5763", "fullId": "http://purl.bioontology.org/ontology/MSH/D016666", "preferredName": "Fluvoxamine"}, {"semTypes": ["T109", "T121"], "to": "6359", "fro": "6352", "fullId": "http://purl.bioontology.org/ontology/RXNORM/405155", "preferredName": "Jantoven"}, {"semTypes": ["T999"], "to": "9599", "fro": "9592", "fullId": "http://purl.bioontology.org/ontology/MSH/D014859", "preferredName": "Warfarin"}, {"semTypes": ["T109", "T121"], "to": "4747", "fro": "4736", "fullId": "http://purl.bioontology.org/ontology/MSH/C114556", "preferredName": "aprepitant"}, {"semTypes": ["T999"], "to": "8750", "fro": "8737", "fullId": "http://purl.bioontology.org/ontology/RXNORM/4493", "preferredName": "Fluoxetine"}, {"semTypes": ["T109", "T121"], "to": "6325", "fro": "6315", "fullId": "http://purl.bioontology.org/ontology/RXNORM/7779", "preferredName": "Oxandrolone"}, {"semTypes": ["T121", "T131", "T109"], "to": "2778", "fro": "2771", "fullId": "http://purl.bioontology.org/ontology/MSH/D014859", "preferredName": "Warfarin"}, {"semTypes": ["T999"], "to": "2778", "fro": "2771", "fullId": "http://purl.bioontology.org/ontology/MSH/D014859", "preferredName": "Warfarin"}, {"semTypes": ["T999"], "to": "6190", "fro": "6182", "fullId": "http://purl.bioontology.org/ontology/RXNORM/11289", "preferredName": "Warfarin"}, {"semTypes": ["T999"], "to": "9883", "fro": "9876", "fullId": "http://purl.bioontology.org/ontology/MSH/D014859", "preferredName": "Warfarin"}, {"semTypes": ["T999"], "to": "9072", "fro": "9061", "fullId": "http://purl.bioontology.org/ontology/MSH/D013988", "preferredName": "Ticlopidine"}, {"semTypes": ["T109", "T121"], "to": "9084", "fro": "9075", "fullId": "http://purl.bioontology.org/ontology/RXNORM/42355", "preferredName": "Fluvoxamine"}, {"semTypes": ["T999"], "to": "9755", "fro": "9748", "fullId": "http://purl.bioontology.org/ontology/MSH/D014859", "preferredName": "Warfarin"}, {"semTypes": ["T999"], "to": "9058", "fro": "9049", "fullId": "http://purl.bioontology.org/ontology/MSH/C095108", "preferredName": "amprenavir"}, {"semTypes": ["T121", "T109"], "to": "6004", "fro": "5992", "fullId": "http://purl.bioontology.org/ontology/RXNORM/2551", "preferredName": "Ciprofloxacin"}, {"semTypes": ["T121", "T109"], "to": "8322", "fro": "8316", "fullId": "http://purl.bioontology.org/ontology/MSH/C451734", "preferredName": "etravirine"}, {"semTypes": ["T999"], "to": "3745", "fro": "3738", "fullId": "http://purl.bioontology.org/ontology/MSH/D014859", "preferredName": "Warfarin"}, {"semTypes": ["T121", "T109"], "to": "10911", "fro": "10904", "fullId": "http://purl.bioontology.org/ontology/RXNORM/11289", "preferredName": "Warfarin"}, {"semTypes": ["T999"], "to": "5292", "fro": "5274", "fullId": "http://purl.bioontology.org/ontology/RXNORM/6142", "preferredName": "Ketoprofen"}, {"semTypes": ["T999"], "to": "7026", "fro": "7019", "fullId": "http://purl.bioontology.org/ontology/MSH/D014859", "preferredName": "Warfarin"}, {"semTypes": ["T999"], "to": "5772", "fro": "5763", "fullId": "http://purl.bioontology.org/ontology/MSH/D019438", "preferredName": "Ritonavir"}, {"semTypes": ["T999"], "to": "2951", "fro": "2944", "fullId": "http://purl.bioontology.org/ontology/MSH/D014859", "preferredName": "Warfarin"}, {"semTypes": ["T121", "T109"], "to": "8760", "fro": "8753", "fullId": "http://purl.bioontology.org/ontology/RXNORM/4450", "preferredName": "Fluconazole"}, {"semTypes": ["T121", "T109"], "to": "8674", "fro": "8665", "fullId": "http://purl.bioontology.org/ontology/RXNORM/7233", "preferredName": "Nafcillin"}, {"semTypes": ["T999"], "to": "2524", "fro": "2517", "fullId": "http://purl.bioontology.org/ontology/MSH/D014859", "preferredName": "Warfarin"}, {"semTypes": ["T999"], "to": "9122", "fro": "9113", "fullId": "http://purl.bioontology.org/ontology/MSH/C107201", "preferredName": "tipranavir"}, {"semTypes": ["T999"], "to": "2452", "fro": "2445", "fullId": "http://purl.bioontology.org/ontology/MSH/D014859", "preferredName": "Warfarin"}, {"semTypes": ["T999"], "to": "5250", "fro": "5240", "fullId": "http://purl.bioontology.org/ontology/RXNORM/21107", "preferredName": "cilostazol"}, {"semTypes": ["T109", "T121"], "to": "8734", "fro": "8726", "fullId": "http://purl.bioontology.org/ontology/RXNORM/8134", "preferredName": "Phenobarbital"}, {"semTypes": ["T999"], "to": "5331", "fro": "5321", "fullId": "http://purl.bioontology.org/ontology/RXNORM/2541", "preferredName": "Cimetidine"}, {"semTypes": ["T999"], "to": "1527", "fro": "1520", "fullId": "http://purl.bioontology.org/ontology/MSH/D014859", "preferredName": "Warfarin"}, {"semTypes": ["T109", "T121"], "to": "5784", "fro": "5775", "fullId": "http://purl.bioontology.org/ontology/RXNORM/405155", "preferredName": "Jantoven"}, {"semTypes": ["T121", "T109"], "to": "6190", "fro": "6182", "fullId": "http://purl.bioontology.org/ontology/RXNORM/11289", "preferredName": "Warfarin"}, {"semTypes": ["T121", "T131", "T109"], "to": "9599", "fro": "9592", "fullId": "http://purl.bioontology.org/ontology/MSH/D014859", "preferredName": "Warfarin"}, {"semTypes": ["T121", "T109"], "to": "6478", "fro": "6469", "fullId": "http://purl.bioontology.org/ontology/MSH/D015725", "preferredName": "Fluconazole"}, {"semTypes": ["T999"], "to": "8734", "fro": "8726", "fullId": "http://purl.bioontology.org/ontology/RXNORM/190548", "preferredName": "tipranavir"}, {"semTypes": ["T121", "T131", "T109"], "to": "9883", "fro": "9876", "fullId": "http://purl.bioontology.org/ontology/MSH/D014859", "preferredName": "Warfarin"}, {"semTypes": ["T121", "T109"], "to": "5836", "fro": "5827", "fullId": "http://purl.bioontology.org/ontology/MSH/C114556", "preferredName": "aprepitant"}, {"semTypes": ["T999"], "to": "5491", "fro": "5479", "fullId": "http://purl.bioontology.org/ontology/RXNORM/42355", "preferredName": "Fluvoxamine"}, {"semTypes": ["T999"], "to": "8674", "fro": "8665", "fullId": "http://purl.bioontology.org/ontology/RXNORM/3443", "preferredName": "Diltiazem"}, {"semTypes": ["T999"], "to": "5128", "fro": "5118", "fullId": "http://purl.bioontology.org/ontology/RXNORM/2002", "preferredName": "Carbamazepine"}, {"semTypes": ["T121", "T131", "T109"], "to": "7026", "fro": "7019", "fullId": "http://purl.bioontology.org/ontology/MSH/D014859", "preferredName": "Warfarin"}, {"semTypes": ["T999"], "to": "4831", "fro": "4822", "fullId": "http://purl.bioontology.org/ontology/RXNORM/405155", "preferredName": "Jantoven"}, {"semTypes": ["T121", "T131", "T109"], "to": "2817", "fro": "2810", "fullId": "http://purl.bioontology.org/ontology/MSH/D014859", "preferredName": "Warfarin"}, {"semTypes": ["T999"], "to": "8372", "fro": "8364", "fullId": "http://purl.bioontology.org/ontology/MSH/C102790", "preferredName": "voriconazole"}, {"semTypes": ["T195", "T109"], "to": "6419", "fro": "6411", "fullId": "http://purl.bioontology.org/ontology/RXNORM/8183", "preferredName": "Phenytoin"}, {"semTypes": ["T121", "T131", "T109"], "to": "1527", "fro": "1520", "fullId": "http://purl.bioontology.org/ontology/MSH/D014859", "preferredName": "Warfarin"}, {"semTypes": ["T999"], "to": "5736", "fro": "5727", "fullId": "http://purl.bioontology.org/ontology/MSH/C102790", "preferredName": "voriconazole"}, {"semTypes": ["T999"], "to": "5964", "fro": "5954", "fullId": "http://purl.bioontology.org/ontology/RXNORM/405155", "preferredName": "Jantoven"}, {"semTypes": ["T999"], "to": "5976", "fro": "5967", "fullId": "http://purl.bioontology.org/ontology/MSH/D019438", "preferredName": "Ritonavir"}, {"semTypes": ["T999"], "to": "4639", "fro": "4629", "fullId": "http://purl.bioontology.org/ontology/MSH/D016666", "preferredName": "Fluvoxamine"}, {"semTypes": ["T121", "T109"], "to": "6167", "fro": "6158", "fullId": "http://purl.bioontology.org/ontology/MSH/C063449", "preferredName": "zileuton"}, {"semTypes": ["T121", "T131", "T109"], "to": "2951", "fro": "2944", "fullId": "http://purl.bioontology.org/ontology/MSH/D014859", "preferredName": "Warfarin"}, {"semTypes": ["T121", "T109"], "to": "5848", "fro": "5839", "fullId": "http://purl.bioontology.org/ontology/RXNORM/85762", "preferredName": "Ritonavir"}, {"semTypes": ["T121", "T109"], "to": "4639", "fro": "4629", "fullId": "http://purl.bioontology.org/ontology/RXNORM/358255", "preferredName": "aprepitant"}, {"semTypes": ["T121", "T131", "T109"], "to": "9755", "fro": "9748", "fullId": "http://purl.bioontology.org/ontology/MSH/D014859", "preferredName": "Warfarin"}, {"semTypes": ["T109", "T121"], "to": "4760", "fro": "4750", "fullId": "http://purl.bioontology.org/ontology/RXNORM/282446", "preferredName": "posaconazole"}, {"semTypes": ["T109", "T121"], "to": "5187", "fro": "5180", "fullId": "http://purl.bioontology.org/ontology/MSH/C426859", "preferredName": "fosamprenavir"}, {"semTypes": ["T121", "T131", "T109"], "to": "2524", "fro": "2517", "fullId": "http://purl.bioontology.org/ontology/MSH/D014859", "preferredName": "Warfarin"}, {"semTypes": ["T999"], "to": "4720", "fro": "4707", "fullId": "http://purl.bioontology.org/ontology/MSH/D010634", "preferredName": "Phenobarbital"}, {"semTypes": ["T999"], "to": "6419", "fro": "6411", "fullId": "http://purl.bioontology.org/ontology/RXNORM/7646", "preferredName": "Omeprazole"}, {"semTypes": ["T121", "T131", "T109"], "to": "3745", "fro": "3738", "fullId": "http://purl.bioontology.org/ontology/MSH/D014859", "preferredName": "Warfarin"}, {"semTypes": ["T121", "T109"], "to": "4720", "fro": "4707", "fullId": "http://purl.bioontology.org/ontology/MSH/D002927", "preferredName": "Cimetidine"}, {"semTypes": ["T121", "T131", "T109"], "to": "2452", "fro": "2445", "fullId": "http://purl.bioontology.org/ontology/MSH/D014859", "preferredName": "Warfarin"}, {"semTypes": ["T109", "T121"], "to": "5976", "fro": "5967", "fullId": "http://purl.bioontology.org/ontology/MSH/D016666", "preferredName": "Fluvoxamine"}, {"semTypes": ["T999"], "to": "6085", "fro": "6077", "fullId": "http://purl.bioontology.org/ontology/RXNORM/11289", "preferredName": "Warfarin"}, {"semTypes": ["T999"], "to": "4626", "fro": "4617", "fullId": "http://purl.bioontology.org/ontology/RXNORM/405155", "preferredName": "Jantoven"}, {"semTypes": ["T109", "T121"], "to": "8771", "fro": "8763", "fullId": "http://purl.bioontology.org/ontology/MSH/D012293", "preferredName": "Rifampin"}, {"semTypes": ["T121", "T109"], "to": "9134", "fro": "9125", "fullId": "http://purl.bioontology.org/ontology/MSH/D002939", "preferredName": "Ciprofloxacin"}, {"semTypes": ["T121", "T109"], "to": "1598", "fro": "1591", "fullId": "http://purl.bioontology.org/ontology/MSH/D014859", "preferredName": "Warfarin"}, {"semTypes": ["T109", "T121"], "to": "8650", "fro": "8642", "fullId": "http://purl.bioontology.org/ontology/MSH/C055162", "preferredName": "clopidogrel"}, {"semTypes": ["T121", "T109"], "to": "205", "fro": "198", "fullId": "http://purl.bioontology.org/ontology/RXNORM/11289", "preferredName": "Warfarin"}, {"semTypes": ["T109", "T121"], "to": "6408", "fro": "6400", "fullId": "http://purl.bioontology.org/ontology/MSH/D000638", "preferredName": "Amiodarone"}, {"semTypes": ["T121", "T109"], "to": "8697", "fro": "8689", "fullId": "http://purl.bioontology.org/ontology/MSH/C451734", "preferredName": "etravirine"}, {"semTypes": ["T999"], "to": "8686", "fro": "8677", "fullId": "http://purl.bioontology.org/ontology/MSH/C055162", "preferredName": "clopidogrel"}, {"semTypes": ["T121", "T109"], "to": "1395", "fro": "1388", "fullId": "http://purl.bioontology.org/ontology/RXNORM/11289", "preferredName": "Warfarin"}, {"semTypes": ["T999"], "to": "8021", "fro": "8012", "fullId": "http://purl.bioontology.org/ontology/RXNORM/228656", "preferredName": "Amprenavir"}, {"semTypes": ["T999"], "to": "8782", "fro": "8774", "fullId": "http://purl.bioontology.org/ontology/MSH/C083544", "preferredName": "lepirudin"}, {"semTypes": ["T999"], "to": "5165", "fro": "5153", "fullId": "http://purl.bioontology.org/ontology/RXNORM/405155", "preferredName": "Jantoven"}, {"semTypes": ["T999"], "to": "4871", "fro": "4859", "fullId": "http://purl.bioontology.org/ontology/RXNORM/42355", "preferredName": "Fluvoxamine"}, {"semTypes": ["T121", "T109"], "to": "473", "fro": "466", "fullId": "http://purl.bioontology.org/ontology/RXNORM/11289", "preferredName": "Warfarin"}, {"semTypes": ["T999"], "to": "4747", "fro": "4736", "fullId": "http://purl.bioontology.org/ontology/RXNORM/405155", "preferredName": "Jantoven"}, {"semTypes": ["T999"], "to": "8711", "fro": "8700", "fullId": "http://purl.bioontology.org/ontology/RXNORM/7233", "preferredName": "Nafcillin"}, {"semTypes": ["T109", "T121"], "to": "8385", "fro": "8375", "fullId": "http://purl.bioontology.org/ontology/RXNORM/405155", "preferredName": "Jantoven"}, {"semTypes": ["T121", "T109"], "to": "5237", "fro": "5228", "fullId": "http://purl.bioontology.org/ontology/RXNORM/6142", "preferredName": "Ketoprofen"}, {"semTypes": ["T121", "T109"], "to": "2103", "fro": "2096", "fullId": "http://purl.bioontology.org/ontology/RXNORM/11289", "preferredName": "Warfarin"}, {"semTypes": ["T116", "T121"], "to": "8021", "fro": "8012", "fullId": "http://purl.bioontology.org/ontology/MSH/D010672", "preferredName": "Phenytoin"}, {"semTypes": ["T121", "T109"], "to": "8686", "fro": "8677", "fullId": "http://purl.bioontology.org/ontology/MSH/C048833", "preferredName": "modafinil"}, {"semTypes": ["T999"], "to": "8385", "fro": "8375", "fullId": "http://purl.bioontology.org/ontology/RXNORM/405155", "preferredName": "Jantoven"}, {"semTypes": ["T121", "T109"], "to": "6337", "fro": "6328", "fullId": "http://purl.bioontology.org/ontology/MSH/D019438", "preferredName": "Ritonavir"}, {"semTypes": ["T999"], "to": "4585", "fro": "4576", "fullId": "http://purl.bioontology.org/ontology/MSH/C114556", "preferredName": "aprepitant"}, {"semTypes": ["T109", "T121"], "to": "4691", "fro": "4682", "fullId": "http://purl.bioontology.org/ontology/RXNORM/121243", "preferredName": "voriconazole"}, {"semTypes": ["T999"], "to": "5798", "fro": "5787", "fullId": "http://purl.bioontology.org/ontology/RXNORM/8787", "preferredName": "Propranolol"}, {"semTypes": ["T999"], "to": "6120", "fro": "6112", "fullId": "http://purl.bioontology.org/ontology/RXNORM/8640", "preferredName": "Prednisone"}, {"semTypes": ["T121", "T109"], "to": "10977", "fro": "10970", "fullId": "http://purl.bioontology.org/ontology/RXNORM/11289", "preferredName": "Warfarin"}, {"semTypes": ["T999"], "to": "8361", "fro": "8350", "fullId": "http://purl.bioontology.org/ontology/MSH/C408153", "preferredName": "prasugrel"}, {"semTypes": ["T999"], "to": "4881", "fro": "4874", "fullId": "http://purl.bioontology.org/ontology/RXNORM/85762", "preferredName": "Ritonavir"}, {"semTypes": ["T999"], "to": "4841", "fro": "4834", "fullId": "http://purl.bioontology.org/ontology/MSH/D016666", "preferredName": "Fluvoxamine"}, {"semTypes": ["T999"], "to": "6349", "fro": "6340", "fullId": "http://purl.bioontology.org/ontology/RXNORM/11289", "preferredName": "Warfarin"}, {"semTypes": ["T109", "T121"], "to": "5502", "fro": "5494", "fullId": "http://purl.bioontology.org/ontology/RXNORM/405155", "preferredName": "Jantoven"}, {"semTypes": ["T109", "T121"], "to": "5798", "fro": "5787", "fullId": "http://purl.bioontology.org/ontology/RXNORM/228656", "preferredName": "Amprenavir"}, {"semTypes": ["T999"], "to": "5810", "fro": "5801", "fullId": "http://purl.bioontology.org/ontology/RXNORM/703", "preferredName": "Amiodarone"}, {"semTypes": ["T999"], "to": "4733", "fro": "4723", "fullId": "http://purl.bioontology.org/ontology/RXNORM/8183", "preferredName": "Phenytoin"}, {"semTypes": ["T121", "T109"], "to": "11078", "fro": "11071", "fullId": "http://purl.bioontology.org/ontology/RXNORM/11289", "preferredName": "Warfarin"}, {"semTypes": ["T999"], "to": "8066", "fro": "8060", "fullId": "http://purl.bioontology.org/ontology/RXNORM/40575", "preferredName": "zileuton"}, {"semTypes": ["T999"], "to": "5138", "fro": "5131", "fullId": "http://purl.bioontology.org/ontology/RXNORM/9384", "preferredName": "Rifampin"}, {"semTypes": ["T999"], "to": "5848", "fro": "5839", "fullId": "http://purl.bioontology.org/ontology/MSH/C451734", "preferredName": "etravirine"}, {"semTypes": ["T999"], "to": "6014", "fro": "6007", "fullId": "http://purl.bioontology.org/ontology/RXNORM/9384", "preferredName": "Rifampin"}, {"semTypes": ["T999"], "to": "5359", "fro": "5349", "fullId": "http://purl.bioontology.org/ontology/RXNORM/358255", "preferredName": "aprepitant"}, {"semTypes": ["T999"], "to": "4665", "fro": "4655", "fullId": "http://purl.bioontology.org/ontology/RXNORM/11289", "preferredName": "Warfarin"}, {"semTypes": ["T109", "T121"], "to": "5452", "fro": "5442", "fullId": "http://purl.bioontology.org/ontology/RXNORM/4493", "preferredName": "Fluoxetine"}, {"semTypes": ["T121", "T109"], "to": "5736", "fro": "5727", "fullId": "http://purl.bioontology.org/ontology/RXNORM/37801", "preferredName": "terbinafine"}, {"semTypes": ["T121", "T109"], "to": "8662", "fro": "8653", "fullId": "http://purl.bioontology.org/ontology/MSH/C093875", "preferredName": "montelukast"}, {"semTypes": ["T999"], "to": "5748", "fro": "5739", "fullId": "http://purl.bioontology.org/ontology/RXNORM/405155", "preferredName": "Jantoven"}, {"semTypes": ["T999"], "to": "9147", "fro": "9137", "fullId": "http://purl.bioontology.org/ontology/RXNORM/703", "preferredName": "Amiodarone"}, {"semTypes": ["T121", "T109"], "to": "9097", "fro": "9087", "fullId": "http://purl.bioontology.org/ontology/RXNORM/11289", "preferredName": "Warfarin"}, {"semTypes": ["T999"], "to": "5916", "fro": "5908", "fullId": "http://purl.bioontology.org/ontology/RXNORM/21107", "preferredName": "cilostazol"}, {"semTypes": ["T999"], "to": "5115", "fro": "5107", "fullId": "http://purl.bioontology.org/ontology/MSH/D012293", "preferredName": "Rifampin"}, {"semTypes": ["T999"], "to": "8033", "fro": "8024", "fullId": "http://purl.bioontology.org/ontology/RXNORM/282388", "preferredName": "imatinib"}, {"semTypes": ["T999"], "to": "6050", "fro": "6039", "fullId": "http://purl.bioontology.org/ontology/MSH/D015283", "preferredName": "Citalopram"}, {"semTypes": ["T121", "T109"], "to": "4680", "fro": "4668", "fullId": "http://purl.bioontology.org/ontology/RXNORM/475969", "preferredName": "etravirine"}, {"semTypes": ["T121", "T109"], "to": "5212", "fro": "5202", "fullId": "http://purl.bioontology.org/ontology/RXNORM/11289", "preferredName": "Warfarin"}, {"semTypes": ["T121", "T109"], "to": "8782", "fro": "8774", "fullId": "http://purl.bioontology.org/ontology/MSH/D010634", "preferredName": "Phenobarbital"}, {"semTypes": ["T999"], "to": "6466", "fro": "6459", "fullId": "http://purl.bioontology.org/ontology/RXNORM/42355", "preferredName": "Fluvoxamine"}, {"semTypes": ["T999"], "to": "6337", "fro": "6328", "fullId": "http://purl.bioontology.org/ontology/MSH/C045645", "preferredName": "cilostazol"}, {"semTypes": ["T999"], "to": "9134", "fro": "9125", "fullId": "http://purl.bioontology.org/ontology/MSH/C095108", "preferredName": "amprenavir"}, {"semTypes": ["T999"], "to": "4652", "fro": "4642", "fullId": "http://purl.bioontology.org/ontology/MSH/C095108", "preferredName": "amprenavir"}, {"semTypes": ["T121", "T109"], "to": "6253", "fro": "6246", "fullId": "http://purl.bioontology.org/ontology/RXNORM/405155", "preferredName": "Jantoven"}, {"semTypes": ["T999"], "to": "5937", "fro": "5929", "fullId": "http://purl.bioontology.org/ontology/MSH/C086232", "preferredName": "bosentan"}, {"semTypes": ["T999"], "to": "8662", "fro": "8653", "fullId": "http://purl.bioontology.org/ontology/MSH/C048833", "preferredName": "modafinil"}, {"semTypes": ["T109", "T121"], "to": "6120", "fro": "6112", "fullId": "http://purl.bioontology.org/ontology/RXNORM/40169", "preferredName": "Moricizine"}, {"semTypes": ["T121", "T131", "T109"], "to": "2990", "fro": "2983", "fullId": "http://purl.bioontology.org/ontology/MSH/D014859", "preferredName": "Warfarin"}, {"semTypes": ["T999"], "to": "5926", "fro": "5918", "fullId": "http://purl.bioontology.org/ontology/RXNORM/11289", "preferredName": "Warfarin"}, {"semTypes": ["T999"], "to": "5212", "fro": "5202", "fullId": "http://purl.bioontology.org/ontology/RXNORM/11289", "preferredName": "Warfarin"}, {"semTypes": ["T121", "T109"], "to": "4585", "fro": "4576", "fullId": "http://purl.bioontology.org/ontology/RXNORM/85762", "preferredName": "Ritonavir"}, {"semTypes": ["T109", "T121"], "to": "5128", "fro": "5118", "fullId": "http://purl.bioontology.org/ontology/MSH/C086232", "preferredName": "bosentan"}, {"semTypes": ["T121", "T109"], "to": "4626", "fro": "4617", "fullId": "http://purl.bioontology.org/ontology/RXNORM/405155", "preferredName": "Jantoven"}, {"semTypes": ["T999"], "to": "5237", "fro": "5228", "fullId": "http://purl.bioontology.org/ontology/RXNORM/1886", "preferredName": "Caffeine"}, {"semTypes": ["T999"], "to": "8057", "fro": "8049", "fullId": "http://purl.bioontology.org/ontology/MSH/D013988", "preferredName": "Ticlopidine"}, {"semTypes": ["T121", "T109"], "to": "5964", "fro": "5954", "fullId": "http://purl.bioontology.org/ontology/MSH/D002939", "preferredName": "Ciprofloxacin"}, {"semTypes": ["T121", "T109"], "to": "6075", "fro": "6067", "fullId": "http://purl.bioontology.org/ontology/MSH/D010634", "preferredName": "Phenobarbital"}, {"semTypes": ["T999"], "to": "5502", "fro": "5494", "fullId": "http://purl.bioontology.org/ontology/RXNORM/405155", "preferredName": "Jantoven"}, {"semTypes": ["T999"], "to": "11023", "fro": "11017", "fullId": "http://purl.bioontology.org/ontology/MSH/C062735", "preferredName": "zafirlukast"}, {"semTypes": ["T109", "T121"], "to": "6202", "fro": "6193", "fullId": "http://purl.bioontology.org/ontology/MSH/C074619", "preferredName": "bivalirudin"}, {"semTypes": ["T999"], "to": "8792", "fro": "8785", "fullId": "http://purl.bioontology.org/ontology/MSH/D002220", "preferredName": "Carbamazepine"}, {"semTypes": ["T121", "T109"], "to": "8347", "fro": "8337", "fullId": "http://purl.bioontology.org/ontology/MSH/C101425", "preferredName": "posaconazole"}, {"semTypes": ["T109", "T121"], "to": "5863", "fro": "5851", "fullId": "http://purl.bioontology.org/ontology/RXNORM/405155", "preferredName": "Jantoven"}, {"semTypes": ["T999"], "to": "5989", "fro": "5979", "fullId": "http://purl.bioontology.org/ontology/RXNORM/11289", "preferredName": "Warfarin"}, {"semTypes": ["T999"], "to": "6397", "fro": "6388", "fullId": "http://purl.bioontology.org/ontology/MSH/D019438", "preferredName": "Ritonavir"}, {"semTypes": ["T109", "T121"], "to": "9159", "fro": "9150", "fullId": "http://purl.bioontology.org/ontology/MSH/D015283", "preferredName": "Citalopram"}, {"semTypes": ["T121", "T109"], "to": "6036", "fro": "6028", "fullId": "http://purl.bioontology.org/ontology/MSH/D002927", "preferredName": "Cimetidine"}, {"semTypes": ["T999"], "to": "6478", "fro": "6469", "fullId": "http://purl.bioontology.org/ontology/RXNORM/703", "preferredName": "Amiodarone"}, {"semTypes": ["T109", "T121"], "to": "6374", "fro": "6362", "fullId": "http://purl.bioontology.org/ontology/RXNORM/405155", "preferredName": "Jantoven"}, {"semTypes": ["T121", "T109"], "to": "8750", "fro": "8737", "fullId": "http://purl.bioontology.org/ontology/MSH/D009643", "preferredName": "Norfloxacin"}, {"semTypes": ["T127", "T121", "T119"], "to": "311", "fro": "303", "fullId": "http://purl.bioontology.org/ontology/RXNORM/8134", "preferredName": "Phenobarbital"}, {"semTypes": ["T999"], "to": "6229", "fro": "6220", "fullId": "http://purl.bioontology.org/ontology/MSH/D015725", "preferredName": "Fluconazole"}, {"semTypes": ["T999"], "to": "6408", "fro": "6400", "fullId": "http://purl.bioontology.org/ontology/RXNORM/10594", "preferredName": "Ticlopidine"}, {"semTypes": ["T109", "T121"], "to": "4841", "fro": "4834", "fullId": "http://purl.bioontology.org/ontology/RXNORM/405155", "preferredName": "Jantoven"}, {"semTypes": ["T121", "T109"], "to": "9147", "fro": "9137", "fullId": "http://purl.bioontology.org/ontology/RXNORM/21107", "preferredName": "cilostazol"}, {"semTypes": ["T116", "T121"], "to": "5905", "fro": "5894", "fullId": "http://purl.bioontology.org/ontology/MSH/C048833", "preferredName": "modafinil"}, {"semTypes": ["T121", "T123", "T109"], "to": "5225", "fro": "5215", "fullId": "http://purl.bioontology.org/ontology/RXNORM/37801", "preferredName": "terbinafine"}, {"semTypes": ["T999"], "to": "8334", "fro": "8325", "fullId": "http://purl.bioontology.org/ontology/RXNORM/405155", "preferredName": "Jantoven"}, {"semTypes": ["T999"], "to": "5784", "fro": "5775", "fullId": "http://purl.bioontology.org/ontology/RXNORM/11289", "preferredName": "Warfarin"}, {"semTypes": ["T109", "T121"], "to": "6243", "fro": "6232", "fullId": "http://purl.bioontology.org/ontology/MSH/D016666", "preferredName": "Fluvoxamine"}, {"semTypes": ["T195", "T109"], "to": "4881", "fro": "4874", "fullId": "http://purl.bioontology.org/ontology/MSH/C114556", "preferredName": "aprepitant"}, {"semTypes": ["T121", "T109"], "to": "5177", "fro": "5168", "fullId": "http://purl.bioontology.org/ontology/RXNORM/21212", "preferredName": "Clarithromycin"}, {"semTypes": ["T121", "T109"], "to": "6109", "fro": "6100", "fullId": "http://purl.bioontology.org/ontology/RXNORM/7779", "preferredName": "Oxandrolone"}, {"semTypes": ["T999"], "to": "5836", "fro": "5827", "fullId": "http://purl.bioontology.org/ontology/MSH/D016666", "preferredName": "Fluvoxamine"}, {"semTypes": ["T999"], "to": "6155", "fro": "6144", "fullId": "http://purl.bioontology.org/ontology/MSH/D000638", "preferredName": "Amiodarone"}, {"semTypes": ["T999"], "to": "6202", "fro": "6193", "fullId": "http://purl.bioontology.org/ontology/RXNORM/60819", "preferredName": "bivalirudin"}, {"semTypes": ["T121", "T109"], "to": "5926", "fro": "5918", "fullId": "http://purl.bioontology.org/ontology/RXNORM/405155", "preferredName": "Jantoven"}, {"semTypes": ["T195", "T109"], "to": "6466", "fro": "6459", "fullId": "http://purl.bioontology.org/ontology/RXNORM/42355", "preferredName": "Fluvoxamine"}, {"semTypes": ["T999"], "to": "5824", "fro": "5813", "fullId": "http://purl.bioontology.org/ontology/RXNORM/10594", "preferredName": "Ticlopidine"}, {"semTypes": ["T121", "T109"], "to": "5150", "fro": "5141", "fullId": "http://purl.bioontology.org/ontology/RXNORM/42355", "preferredName": "Fluvoxamine"}, {"semTypes": ["T999"], "to": "6325", "fro": "6315", "fullId": "http://purl.bioontology.org/ontology/MSH/D013988", "preferredName": "Ticlopidine"}, {"semTypes": ["T999"], "to": "5879", "fro": "5866", "fullId": "http://purl.bioontology.org/ontology/RXNORM/2551", "preferredName": "Ciprofloxacin"}]