[{"semTypes": ["T999"], "to": "859", "fro": "851", "fullId": "http://purl.bioontology.org/ontology/MSH/D014815", "preferredName": "Vitamins"}, {"semTypes": ["T999"], "to": "22503", "fro": "22492", "fullId": "http://purl.bioontology.org/ontology/MSH/D013392", "preferredName": "Sucralfate"}, {"semTypes": ["T121", "T109"], "to": "30538", "fro": "30530", "fullId": "http://purl.bioontology.org/ontology/RXNORM/2594", "preferredName": "Clofibrate"}, {"semTypes": ["T121", "T109"], "to": "36181", "fro": "36167", "fullId": "http://purl.bioontology.org/ontology/RXNORM/40169", "preferredName": "Moricizine"}, {"semTypes": ["T121", "T109"], "to": "23349", "fro": "23340", "fullId": "http://purl.bioontology.org/ontology/RXNORM/2594", "preferredName": "Clofibrate"}, {"semTypes": ["T999"], "to": "29502", "fro": "29494", "fullId": "http://purl.bioontology.org/ontology/RXNORM/32937", "preferredName": "Paroxetine"}, {"semTypes": ["T109", "T121"], "to": "37740", "fro": "37731", "fullId": "http://purl.bioontology.org/ontology/RXNORM/32937", "preferredName": "Paroxetine"}, {"semTypes": ["T109", "T195"], "to": "59047", "fro": "59040", "fullId": "http://purl.bioontology.org/ontology/RXNORM/2178", "preferredName": "Cefamandole"}, {"semTypes": ["T999"], "to": "3518", "fro": "3511", "fullId": "http://purl.bioontology.org/ontology/MSH/D003348", "preferredName": "Cortisone"}, {"semTypes": ["T115", "T121"], "to": "37058", "fro": "37043", "fullId": "http://purl.bioontology.org/ontology/RXNORM/11289", "preferredName": "Warfarin"}, {"semTypes": ["T109", "T121"], "to": "28772", "fro": "28766", "fullId": "http://purl.bioontology.org/ontology/RXNORM/2178", "preferredName": "Cefamandole"}, {"semTypes": ["T121", "T109"], "to": "30186", "fro": "30177", "fullId": "http://purl.bioontology.org/ontology/MSH/D010242", "preferredName": "Paraldehyde"}, {"semTypes": ["T121", "T109"], "to": "30301", "fro": "30293", "fullId": "http://purl.bioontology.org/ontology/RXNORM/10180", "preferredName": "Sulfamethoxazole"}, {"semTypes": ["T121", "T109"], "to": "24038", "fro": "24028", "fullId": "http://purl.bioontology.org/ontology/MSH/D010242", "preferredName": "Paraldehyde"}, {"semTypes": ["T999"], "to": "13065", "fro": "13056", "fullId": "http://purl.bioontology.org/ontology/RXNORM/8787", "preferredName": "Propranolol"}, {"semTypes": ["T109", "T121"], "to": "41123", "fro": "41114", "fullId": "http://purl.bioontology.org/ontology/RXNORM/8787", "preferredName": "Propranolol"}, {"semTypes": ["T121", "T109"], "to": "59648", "fro": "59637", "fullId": "http://purl.bioontology.org/ontology/MSH/D017963", "preferredName": "Azithromycin"}, {"semTypes": ["T999"], "to": "41711", "fro": "41702", "fullId": "http://purl.bioontology.org/ontology/MSH/D010406", "preferredName": "Penicillins"}, {"semTypes": ["T999"], "to": "23588", "fro": "23580", "fullId": "http://purl.bioontology.org/ontology/RXNORM/11289", "preferredName": "Warfarin"}, {"semTypes": ["T121", "T109"], "to": "57134", "fro": "57123", "fullId": "http://purl.bioontology.org/ontology/MSH/D017963", "preferredName": "Azithromycin"}, {"semTypes": ["T109", "T195"], "to": "29009", "fro": "29001", "fullId": "http://purl.bioontology.org/ontology/MSH/D003374", "preferredName": "Coumarins"}, {"semTypes": ["T121", "T109"], "to": "24859", "fro": "24852", "fullId": "http://purl.bioontology.org/ontology/MSH/D003374", "preferredName": "Coumarins"}, {"semTypes": ["T114", "T121"], "to": "27032", "fro": "27021", "fullId": "http://purl.bioontology.org/ontology/RXNORM/83367", "preferredName": "atorvastatin"}, {"semTypes": ["T999"], "to": "39807", "fro": "39800", "fullId": "http://purl.bioontology.org/ontology/RXNORM/10032", "preferredName": "Stanozolol"}, {"semTypes": ["T999"], "to": "58927", "fro": "58917", "fullId": "http://purl.bioontology.org/ontology/RXNORM/10032", "preferredName": "Stanozolol"}, {"semTypes": ["T999"], "to": "56084", "fro": "56072", "fullId": "http://purl.bioontology.org/ontology/MSH/D013752", "preferredName": "Tetracycline"}, {"semTypes": ["T999"], "to": "62696", "fro": "62688", "fullId": "http://purl.bioontology.org/ontology/MSH/D010406", "preferredName": "Penicillins"}, {"semTypes": ["T121", "T109"], "to": "54927", "fro": "54919", "fullId": "http://purl.bioontology.org/ontology/RXNORM/11289", "preferredName": "Warfarin"}, {"semTypes": ["T109", "T121"], "to": "44041", "fro": "44030", "fullId": "http://purl.bioontology.org/ontology/MSH/D013752", "preferredName": "Tetracycline"}, {"semTypes": ["T999"], "to": "34543", "fro": "34531", "fullId": "http://purl.bioontology.org/ontology/RXNORM/1598", "preferredName": "Dicumarol"}, {"semTypes": ["T121", "T109"], "to": "58927", "fro": "58917", "fullId": "http://purl.bioontology.org/ontology/MSH/D010672", "preferredName": "Phenytoin"}, {"semTypes": ["T999"], "to": "55619", "fro": "55609", "fullId": "http://purl.bioontology.org/ontology/MSH/D003520", "preferredName": "Cyclophosphamide"}, {"semTypes": ["T126", "T116", "T121"], "to": "32190", "fro": "32178", "fullId": "http://purl.bioontology.org/ontology/RXNORM/1598", "preferredName": "Dicumarol"}, {"semTypes": ["T999"], "to": "39942", "fro": "39914", "fullId": "http://purl.bioontology.org/ontology/RXNORM/40575", "preferredName": "zileuton"}, {"semTypes": ["T125", "T110", "T121"], "to": "37624", "fro": "37618", "fullId": "http://purl.bioontology.org/ontology/MSH/D002511", "preferredName": "Cephalosporins"}, {"semTypes": ["T999"], "to": "37624", "fro": "37618", "fullId": "http://purl.bioontology.org/ontology/MSH/D002511", "preferredName": "Cephalosporins"}, {"semTypes": ["T121", "T109"], "to": "61676", "fro": "61668", "fullId": "http://purl.bioontology.org/ontology/MSH/D004061", "preferredName": "Diflunisal"}, {"semTypes": ["T999"], "to": "21378", "fro": "21369", "fullId": "http://purl.bioontology.org/ontology/MSH/D002994", "preferredName": "Clofibrate"}, {"semTypes": ["T999"], "to": "31244", "fro": "31234", "fullId": "http://purl.bioontology.org/ontology/MSH/D009853", "preferredName": "Omeprazole"}, {"semTypes": ["T999"], "to": "58462", "fro": "58453", "fullId": "http://purl.bioontology.org/ontology/RXNORM/11289", "preferredName": "Warfarin"}, {"semTypes": ["T109", "T121"], "to": "55273", "fro": "55257", "fullId": "http://purl.bioontology.org/ontology/MSH/D002994", "preferredName": "Clofibrate"}, {"semTypes": ["T110", "T121"], "to": "60242", "fro": "60229", "fullId": "http://purl.bioontology.org/ontology/RXNORM/2356", "preferredName": "Chlordiazepoxide"}, {"semTypes": ["T999"], "to": "37875", "fro": "37865", "fullId": "http://purl.bioontology.org/ontology/MSH/D011324", "preferredName": "Primidone"}, {"semTypes": ["T999"], "to": "28541", "fro": "28530", "fullId": "http://purl.bioontology.org/ontology/MSH/D011324", "preferredName": "Primidone"}, {"semTypes": ["T999"], "to": "31712", "fro": "31703", "fullId": "http://purl.bioontology.org/ontology/RXNORM/10179", "preferredName": "Sulfamethizole"}, {"semTypes": ["T999"], "to": "32071", "fro": "32062", "fullId": "http://purl.bioontology.org/ontology/RXNORM/8640", "preferredName": "Prednisone"}, {"semTypes": ["T125", "T121", "T110"], "to": "42667", "fro": "42657", "fullId": "http://purl.bioontology.org/ontology/MSH/D009853", "preferredName": "Omeprazole"}, {"semTypes": ["T999"], "to": "34183", "fro": "34174", "fullId": "http://purl.bioontology.org/ontology/MSH/C063129", "preferredName": "rabeprazole"}, {"semTypes": ["T999"], "to": "27032", "fro": "27021", "fullId": "http://purl.bioontology.org/ontology/RXNORM/8794", "preferredName": "Propylthiouracil"}, {"semTypes": ["T121", "T109"], "to": "42310", "fro": "42300", "fullId": "http://purl.bioontology.org/ontology/RXNORM/8794", "preferredName": "Propylthiouracil"}, {"semTypes": ["T195", "T109"], "to": "24156", "fro": "24145", "fullId": "http://purl.bioontology.org/ontology/RXNORM/6835", "preferredName": "Methimazole"}, {"semTypes": ["T121", "T109"], "to": "62829", "fro": "62817", "fullId": "http://purl.bioontology.org/ontology/RXNORM/6835", "preferredName": "Methimazole"}, {"semTypes": ["T109", "T195"], "to": "56084", "fro": "56072", "fullId": "http://purl.bioontology.org/ontology/RXNORM/42463", "preferredName": "Pravastatin"}, {"semTypes": ["T999"], "to": "43915", "fro": "43905", "fullId": "http://purl.bioontology.org/ontology/RXNORM/42463", "preferredName": "Pravastatin"}, {"semTypes": ["T109", "T121"], "to": "39216", "fro": "39208", "fullId": "http://purl.bioontology.org/ontology/MSH/D010406", "preferredName": "Penicillins"}, {"semTypes": ["T999"], "to": "42784", "fro": "42777", "fullId": "http://purl.bioontology.org/ontology/RXNORM/83367", "preferredName": "atorvastatin"}, {"semTypes": ["T999"], "to": "43147", "fro": "43139", "fullId": "http://purl.bioontology.org/ontology/MSH/D013988", "preferredName": "Ticlopidine"}, {"semTypes": ["T999"], "to": "23473", "fro": "23465", "fullId": "http://purl.bioontology.org/ontology/MSH/D013988", "preferredName": "Ticlopidine"}, {"semTypes": ["T109", "T121"], "to": "55959", "fro": "55949", "fullId": "http://purl.bioontology.org/ontology/RXNORM/3393", "preferredName": "Diflunisal"}, {"semTypes": ["T999"], "to": "14568", "fro": "14557", "fullId": "http://purl.bioontology.org/ontology/RXNORM/8640", "preferredName": "Prednisone"}, {"semTypes": ["T121", "T119"], "to": "41356", "fro": "41348", "fullId": "http://purl.bioontology.org/ontology/RXNORM/8640", "preferredName": "Prednisone"}, {"semTypes": ["T999"], "to": "42310", "fro": "42300", "fullId": "http://purl.bioontology.org/ontology/RXNORM/3002", "preferredName": "Cyclophosphamide"}, {"semTypes": ["T109", "T121"], "to": "57973", "fro": "57964", "fullId": "http://purl.bioontology.org/ontology/MSH/D005485", "preferredName": "Flutamide"}, {"semTypes": ["T999"], "to": "40649", "fro": "40640", "fullId": "http://purl.bioontology.org/ontology/RXNORM/3002", "preferredName": "Cyclophosphamide"}, {"semTypes": ["T999"], "to": "24038", "fro": "24028", "fullId": "http://purl.bioontology.org/ontology/RXNORM/3327", "preferredName": "Diazoxide"}, {"semTypes": ["T999"], "to": "28070", "fro": "28062", "fullId": "http://purl.bioontology.org/ontology/RXNORM/9143", "preferredName": "Ranitidine"}, {"semTypes": ["T999"], "to": "55959", "fro": "55949", "fullId": "http://purl.bioontology.org/ontology/MSH/D008713", "preferredName": "Methimazole"}, {"semTypes": ["T999"], "to": "34067", "fro": "34058", "fullId": "http://purl.bioontology.org/ontology/MSH/D001262", "preferredName": "Atenolol"}, {"semTypes": ["T999"], "to": "29265", "fro": "29255", "fullId": "http://purl.bioontology.org/ontology/MSH/D008713", "preferredName": "Methimazole"}, {"semTypes": ["T121", "T109"], "to": "40885", "fro": "40876", "fullId": "http://purl.bioontology.org/ontology/MSH/D017035", "preferredName": "Pravastatin"}, {"semTypes": ["T999"], "to": "43585", "fro": "43574", "fullId": "http://purl.bioontology.org/ontology/MSH/D017035", "preferredName": "Pravastatin"}, {"semTypes": ["T121", "T109"], "to": "24508", "fro": "24498", "fullId": "http://purl.bioontology.org/ontology/MSH/D011241", "preferredName": "Prednisone"}, {"semTypes": ["T109", "T121"], "to": "38979", "fro": "38969", "fullId": "http://purl.bioontology.org/ontology/MSH/D011241", "preferredName": "Prednisone"}, {"semTypes": ["T999"], "to": "39216", "fro": "39208", "fullId": "http://purl.bioontology.org/ontology/MSH/D015242", "preferredName": "Ofloxacin"}, {"semTypes": ["T999"], "to": "47650", "fro": "47642", "fullId": "http://purl.bioontology.org/ontology/RXNORM/10594", "preferredName": "Ticlopidine"}, {"semTypes": ["T999"], "to": "11622", "fro": "11612", "fullId": "http://purl.bioontology.org/ontology/MSH/D003520", "preferredName": "Cyclophosphamide"}, {"semTypes": ["T109", "T121"], "to": "26674", "fro": "26666", "fullId": "http://purl.bioontology.org/ontology/MSH/D003520", "preferredName": "Cyclophosphamide"}, {"semTypes": ["T999"], "to": "31955", "fro": "31941", "fullId": "http://purl.bioontology.org/ontology/RXNORM/83367", "preferredName": "atorvastatin"}, {"semTypes": ["T999"], "to": "26320", "fro": "26310", "fullId": "http://purl.bioontology.org/ontology/RXNORM/83367", "preferredName": "atorvastatin"}, {"semTypes": ["T999"], "to": "22623", "fro": "22610", "fullId": "http://purl.bioontology.org/ontology/MSH/D008795", "preferredName": "Metronidazole"}, {"semTypes": ["T999"], "to": "27616", "fro": "27608", "fullId": "http://purl.bioontology.org/ontology/RXNORM/10594", "preferredName": "Ticlopidine"}, {"semTypes": ["T999"], "to": "38979", "fro": "38969", "fullId": "http://purl.bioontology.org/ontology/RXNORM/10594", "preferredName": "Ticlopidine"}, {"semTypes": ["T999"], "to": "32190", "fro": "32178", "fullId": "http://purl.bioontology.org/ontology/RXNORM/7258", "preferredName": "Naproxen"}, {"semTypes": ["T109", "T121"], "to": "61799", "fro": "61789", "fullId": "http://purl.bioontology.org/ontology/RXNORM/8640", "preferredName": "Prednisone"}, {"semTypes": ["T999"], "to": "15926", "fro": "15915", "fullId": "http://purl.bioontology.org/ontology/MSH/D016293", "preferredName": "Moricizine"}, {"semTypes": ["T116", "T121"], "to": "26559", "fro": "26549", "fullId": "http://purl.bioontology.org/ontology/MSH/D016293", "preferredName": "Moricizine"}, {"semTypes": ["T999"], "to": "39455", "fro": "39448", "fullId": "http://purl.bioontology.org/ontology/RXNORM/2356", "preferredName": "Chlordiazepoxide"}, {"semTypes": ["T999"], "to": "23921", "fro": "23912", "fullId": "http://purl.bioontology.org/ontology/RXNORM/40169", "preferredName": "Moricizine"}, {"semTypes": ["T999"], "to": "33829", "fro": "33816", "fullId": "http://purl.bioontology.org/ontology/MSH/D010110", "preferredName": "Oxymetholone"}, {"semTypes": ["T999"], "to": "61433", "fro": "61425", "fullId": "http://purl.bioontology.org/ontology/RXNORM/42355", "preferredName": "Fluvoxamine"}, {"semTypes": ["T121", "T109"], "to": "57851", "fro": "57840", "fullId": "http://purl.bioontology.org/ontology/RXNORM/42355", "preferredName": "Fluvoxamine"}, {"semTypes": ["T121", "T109"], "to": "24391", "fro": "24385", "fullId": "http://purl.bioontology.org/ontology/MSH/D015242", "preferredName": "Ofloxacin"}, {"semTypes": ["T999"], "to": "24508", "fro": "24498", "fullId": "http://purl.bioontology.org/ontology/RXNORM/10635", "preferredName": "Tolbutamide"}, {"semTypes": ["T121", "T109"], "to": "32071", "fro": "32062", "fullId": "http://purl.bioontology.org/ontology/RXNORM/10635", "preferredName": "Tolbutamide"}, {"semTypes": ["T999"], "to": "30769", "fro": "30760", "fullId": "http://purl.bioontology.org/ontology/MSH/D012459", "preferredName": "Salicylates"}, {"semTypes": ["T109", "T121"], "to": "56547", "fro": "56536", "fullId": "http://purl.bioontology.org/ontology/RXNORM/9143", "preferredName": "Ranitidine"}, {"semTypes": ["T109", "T195"], "to": "30070", "fro": "30060", "fullId": "http://purl.bioontology.org/ontology/MSH/D012459", "preferredName": "Salicylates"}, {"semTypes": ["T121", "T109"], "to": "26792", "fro": "26781", "fullId": "http://purl.bioontology.org/ontology/RXNORM/5095", "preferredName": "Halothane"}, {"semTypes": ["T195", "T109"], "to": "28070", "fro": "28062", "fullId": "http://purl.bioontology.org/ontology/RXNORM/5095", "preferredName": "Halothane"}, {"semTypes": ["T121", "T109"], "to": "30769", "fro": "30760", "fullId": "http://purl.bioontology.org/ontology/MSH/D003981", "preferredName": "Diazoxide"}, {"semTypes": ["T999"], "to": "33254", "fro": "33239", "fullId": "http://purl.bioontology.org/ontology/MSH/D002701", "preferredName": "Chloramphenicol"}, {"semTypes": ["T195", "T109"], "to": "26089", "fro": "26078", "fullId": "http://purl.bioontology.org/ontology/MSH/D002701", "preferredName": "Chloramphenicol"}, {"semTypes": ["T121", "T109"], "to": "58804", "fro": "58792", "fullId": "http://purl.bioontology.org/ontology/RXNORM/3393", "preferredName": "Diflunisal"}, {"semTypes": ["T999"], "to": "57386", "fro": "57371", "fullId": "http://purl.bioontology.org/ontology/RXNORM/10594", "preferredName": "Ticlopidine"}, {"semTypes": ["T195", "T109"], "to": "22121", "fro": "22112", "fullId": "http://purl.bioontology.org/ontology/MSH/D011405", "preferredName": "Propafenone"}, {"semTypes": ["T121", "T109"], "to": "29736", "fro": "29727", "fullId": "http://purl.bioontology.org/ontology/MSH/D011441", "preferredName": "Propylthiouracil"}, {"semTypes": ["T121", "T109"], "to": "24974", "fro": "24966", "fullId": "http://purl.bioontology.org/ontology/MSH/D011405", "preferredName": "Propafenone"}, {"semTypes": ["T109", "T121"], "to": "61433", "fro": "61425", "fullId": "http://purl.bioontology.org/ontology/MSH/D007052", "preferredName": "Ibuprofen"}, {"semTypes": ["T121", "T109"], "to": "37272", "fro": "37260", "fullId": "http://purl.bioontology.org/ontology/MSH/D007052", "preferredName": "Ibuprofen"}, {"semTypes": ["T109", "T195"], "to": "32651", "fro": "32640", "fullId": "http://purl.bioontology.org/ontology/MSH/D003024", "preferredName": "Clozapine"}, {"semTypes": ["T999"], "to": "62194", "fro": "62182", "fullId": "http://purl.bioontology.org/ontology/RXNORM/11055", "preferredName": "Urokinase"}, {"semTypes": ["T109", "T121"], "to": "43147", "fro": "43139", "fullId": "http://purl.bioontology.org/ontology/MSH/D014044", "preferredName": "Tolbutamide"}, {"semTypes": ["T121", "T109"], "to": "22385", "fro": "22375", "fullId": "http://purl.bioontology.org/ontology/MSH/D014044", "preferredName": "Tolbutamide"}, {"semTypes": ["T121", "T109"], "to": "28659", "fro": "28648", "fullId": "http://purl.bioontology.org/ontology/MSH/D013449", "preferredName": "Sulfonamides"}, {"semTypes": ["T125", "T110", "T121"], "to": "25754", "fro": "25745", "fullId": "http://purl.bioontology.org/ontology/MSH/D011441", "preferredName": "Propylthiouracil"}, {"semTypes": ["T999"], "to": "35019", "fro": "35011", "fullId": "http://purl.bioontology.org/ontology/MSH/D013449", "preferredName": "Sulfonamides"}, {"semTypes": ["T999"], "to": "23349", "fro": "23340", "fullId": "http://purl.bioontology.org/ontology/RXNORM/60819", "preferredName": "bivalirudin"}, {"semTypes": ["T121", "T109"], "to": "43467", "fro": "43459", "fullId": "http://purl.bioontology.org/ontology/RXNORM/60819", "preferredName": "bivalirudin"}, {"semTypes": ["T109", "T121"], "to": "30653", "fro": "30645", "fullId": "http://purl.bioontology.org/ontology/MSH/D009853", "preferredName": "Omeprazole"}, {"semTypes": ["T121", "T109"], "to": "26320", "fro": "26310", "fullId": "http://purl.bioontology.org/ontology/MSH/C031942", "preferredName": "argatroban"}, {"semTypes": ["T109", "T195"], "to": "41595", "fro": "41585", "fullId": "http://purl.bioontology.org/ontology/MSH/C031942", "preferredName": "argatroban"}, {"semTypes": ["T121", "T114"], "to": "22503", "fro": "22492", "fullId": "http://purl.bioontology.org/ontology/RXNORM/42635", "preferredName": "Dextran"}, {"semTypes": ["T121", "T114"], "to": "57386", "fro": "57371", "fullId": "http://purl.bioontology.org/ontology/RXNORM/42463", "preferredName": "Pravastatin"}, {"semTypes": ["T999"], "to": "29009", "fro": "29001", "fullId": "http://purl.bioontology.org/ontology/RXNORM/42635", "preferredName": "Dextran"}, {"semTypes": ["T999"], "to": "57851", "fro": "57840", "fullId": "http://purl.bioontology.org/ontology/MSH/C032587", "preferredName": "olsalazine"}, {"semTypes": ["T999"], "to": "41595", "fro": "41585", "fullId": "http://purl.bioontology.org/ontology/MSH/D000654", "preferredName": "Amobarbital"}, {"semTypes": ["T121", "T109"], "to": "31244", "fro": "31234", "fullId": "http://purl.bioontology.org/ontology/MSH/C032587", "preferredName": "olsalazine"}, {"semTypes": ["T121", "T110", "T125"], "to": "14568", "fro": "14557", "fullId": "http://purl.bioontology.org/ontology/RXNORM/1191", "preferredName": "Aspirin"}, {"semTypes": ["T999"], "to": "28772", "fro": "28766", "fullId": "http://purl.bioontology.org/ontology/MSH/D003348", "preferredName": "Cortisone"}, {"semTypes": ["T999"], "to": "32771", "fro": "32758", "fullId": "http://purl.bioontology.org/ontology/RXNORM/8004", "preferredName": "Pentobarbital"}, {"semTypes": ["T109", "T121"], "to": "33013", "fro": "33000", "fullId": "http://purl.bioontology.org/ontology/MSH/D005473", "preferredName": "Fluoxetine"}, {"semTypes": ["T121", "T109"], "to": "35136", "fro": "35126", "fullId": "http://purl.bioontology.org/ontology/RXNORM/42463", "preferredName": "Pravastatin"}, {"semTypes": ["T999"], "to": "30186", "fro": "30177", "fullId": "http://purl.bioontology.org/ontology/RXNORM/5093", "preferredName": "Haloperidol"}, {"semTypes": ["T121", "T109"], "to": "39455", "fro": "39448", "fullId": "http://purl.bioontology.org/ontology/MSH/D017374", "preferredName": "Paroxetine"}, {"semTypes": ["T999"], "to": "40885", "fro": "40876", "fullId": "http://purl.bioontology.org/ontology/MSH/D006220", "preferredName": "Haloperidol"}, {"semTypes": ["T999"], "to": "31009", "fro": "30998", "fullId": "http://purl.bioontology.org/ontology/RXNORM/1191", "preferredName": "Aspirin"}, {"semTypes": ["T999"], "to": "23111", "fro": "23098", "fullId": "http://purl.bioontology.org/ontology/RXNORM/10179", "preferredName": "Sulfamethizole"}, {"semTypes": ["T999"], "to": "16529", "fro": "16517", "fullId": "http://purl.bioontology.org/ontology/MSH/D008795", "preferredName": "Metronidazole"}, {"semTypes": ["T121", "T118"], "to": "60848", "fro": "60839", "fullId": "http://purl.bioontology.org/ontology/MSH/D001379", "preferredName": "Azathioprine"}, {"semTypes": ["T121", "T109"], "to": "22005", "fro": "21995", "fullId": "http://purl.bioontology.org/ontology/MSH/D001379", "preferredName": "Azathioprine"}, {"semTypes": ["T121", "T109"], "to": "41711", "fro": "41702", "fullId": "http://purl.bioontology.org/ontology/MSH/D001262", "preferredName": "Atenolol"}, {"semTypes": ["T195", "T118"], "to": "40293", "fro": "40286", "fullId": "http://purl.bioontology.org/ontology/RXNORM/5224", "preferredName": "Heparin"}, {"semTypes": ["T109", "T195"], "to": "31955", "fro": "31941", "fullId": "http://purl.bioontology.org/ontology/RXNORM/5224", "preferredName": "Heparin"}, {"semTypes": ["T999"], "to": "28186", "fro": "28177", "fullId": "http://purl.bioontology.org/ontology/MSH/D012701", "preferredName": "Serotonin"}, {"semTypes": ["T109", "T121"], "to": "56888", "fro": "56880", "fullId": "http://purl.bioontology.org/ontology/MSH/D002443", "preferredName": "Ceftriaxone"}, {"semTypes": ["T999"], "to": "27501", "fro": "27491", "fullId": "http://purl.bioontology.org/ontology/RXNORM/8356", "preferredName": "Piroxicam"}, {"semTypes": ["T999"], "to": "59047", "fro": "59040", "fullId": "http://purl.bioontology.org/ontology/RXNORM/8160", "preferredName": "Phenylbutazone"}, {"semTypes": ["T999"], "to": "21494", "fro": "21485", "fullId": "http://purl.bioontology.org/ontology/MSH/D011441", "preferredName": "Propylthiouracil"}, {"semTypes": ["T999"], "to": "49759", "fro": "49753", "fullId": "http://purl.bioontology.org/ontology/MSH/D014812", "preferredName": "Vitamin K"}, {"semTypes": ["T109", "T121"], "to": "55619", "fro": "55609", "fullId": "http://purl.bioontology.org/ontology/RXNORM/11258", "preferredName": "Vitamin K"}, {"semTypes": ["T999"], "to": "35588", "fro": "35575", "fullId": "http://purl.bioontology.org/ontology/MSH/D010074", "preferredName": "Oxandrolone"}, {"semTypes": ["T999"], "to": "43467", "fro": "43459", "fullId": "http://purl.bioontology.org/ontology/RXNORM/8160", "preferredName": "Phenylbutazone"}, {"semTypes": ["T999"], "to": "63555", "fro": "63545", "fullId": "http://purl.bioontology.org/ontology/RXNORM/11258", "preferredName": "Vitamin K"}, {"semTypes": ["T109", "T121"], "to": "33829", "fro": "33816", "fullId": "http://purl.bioontology.org/ontology/RXNORM/194000", "preferredName": "capecitabine"}, {"semTypes": ["T999"], "to": "25638", "fro": "25628", "fullId": "http://purl.bioontology.org/ontology/RXNORM/194000", "preferredName": "capecitabine"}, {"semTypes": ["T999"], "to": "44041", "fro": "44030", "fullId": "http://purl.bioontology.org/ontology/MSH/D013739", "preferredName": "Testosterone"}, {"semTypes": ["T121", "T109"], "to": "22991", "fro": "22982", "fullId": "http://purl.bioontology.org/ontology/MSH/C063449", "preferredName": "zileuton"}, {"semTypes": ["T116", "T121", "T125", "T124"], "to": "62194", "fro": "62182", "fullId": "http://purl.bioontology.org/ontology/MSH/D002443", "preferredName": "Ceftriaxone"}, {"semTypes": ["T999"], "to": "57973", "fro": "57964", "fullId": "http://purl.bioontology.org/ontology/RXNORM/8013", "preferredName": "Pentoxifylline"}, {"semTypes": ["T999"], "to": "26203", "fro": "26196", "fullId": "http://purl.bioontology.org/ontology/MSH/C063449", "preferredName": "zileuton"}, {"semTypes": ["T999"], "to": "35704", "fro": "35695", "fullId": "http://purl.bioontology.org/ontology/RXNORM/8013", "preferredName": "Pentoxifylline"}, {"semTypes": ["T121", "T109"], "to": "40766", "fro": "40756", "fullId": "http://purl.bioontology.org/ontology/MSH/D002437", "preferredName": "Cefazolin"}, {"semTypes": ["T999"], "to": "42550", "fro": "42539", "fullId": "http://purl.bioontology.org/ontology/MSH/D011241", "preferredName": "Prednisone"}, {"semTypes": ["T125", "T110", "T121"], "to": "56206", "fro": "56197", "fullId": "http://purl.bioontology.org/ontology/MSH/C065179", "preferredName": "atorvastatin"}, {"semTypes": ["T109", "T121"], "to": "42190", "fro": "42181", "fullId": "http://purl.bioontology.org/ontology/MSH/D009254", "preferredName": "Nafcillin"}, {"semTypes": ["T999"], "to": "61312", "fro": "61304", "fullId": "http://purl.bioontology.org/ontology/RXNORM/9143", "preferredName": "Ranitidine"}, {"semTypes": ["T999"], "to": "32651", "fro": "32640", "fullId": "http://purl.bioontology.org/ontology/MSH/D011899", "preferredName": "Ranitidine"}, {"semTypes": ["T999"], "to": "59524", "fro": "59509", "fullId": "http://purl.bioontology.org/ontology/RXNORM/7909", "preferredName": "Paraldehyde"}, {"semTypes": ["T195", "T109"], "to": "42074", "fro": "42063", "fullId": "http://purl.bioontology.org/ontology/MSH/D009643", "preferredName": "Norfloxacin"}, {"semTypes": ["T999"], "to": "42190", "fro": "42181", "fullId": "http://purl.bioontology.org/ontology/RXNORM/8794", "preferredName": "Propylthiouracil"}, {"semTypes": ["T121", "T109"], "to": "34302", "fro": "34290", "fullId": "http://purl.bioontology.org/ontology/MSH/D007978", "preferredName": "Levamisole"}, {"semTypes": ["T195", "T109"], "to": "35588", "fro": "35575", "fullId": "http://purl.bioontology.org/ontology/MSH/D011899", "preferredName": "Ranitidine"}, {"semTypes": ["T115", "T121"], "to": "55401", "fro": "55386", "fullId": "http://purl.bioontology.org/ontology/MSH/C065179", "preferredName": "atorvastatin"}, {"semTypes": ["T999"], "to": "31596", "fro": "31588", "fullId": "http://purl.bioontology.org/ontology/MSH/C110904", "preferredName": "capecitabine"}, {"semTypes": ["T999"], "to": "62319", "fro": "62307", "fullId": "http://purl.bioontology.org/ontology/MSH/C110904", "preferredName": "capecitabine"}, {"semTypes": ["T195", "T109"], "to": "35822", "fro": "35811", "fullId": "http://purl.bioontology.org/ontology/RXNORM/114970", "preferredName": "zafirlukast"}, {"semTypes": ["T999"], "to": "34782", "fro": "34775", "fullId": "http://purl.bioontology.org/ontology/MSH/D009643", "preferredName": "Norfloxacin"}, {"semTypes": ["T121", "T118"], "to": "38110", "fro": "38104", "fullId": "http://purl.bioontology.org/ontology/RXNORM/40169", "preferredName": "Moricizine"}, {"semTypes": ["T109", "T121"], "to": "35346", "fro": "35338", "fullId": "http://purl.bioontology.org/ontology/RXNORM/8004", "preferredName": "Pentobarbital"}, {"semTypes": ["T999"], "to": "59898", "fro": "59883", "fullId": "http://purl.bioontology.org/ontology/MSH/D019821", "preferredName": "Simvastatin"}, {"semTypes": ["T999"], "to": "26674", "fro": "26666", "fullId": "http://purl.bioontology.org/ontology/MSH/D019821", "preferredName": "Simvastatin"}, {"semTypes": ["T999"], "to": "35136", "fro": "35126", "fullId": "http://purl.bioontology.org/ontology/MSH/D003520", "preferredName": "Cyclophosphamide"}, {"semTypes": ["T109", "T195"], "to": "29502", "fro": "29494", "fullId": "http://purl.bioontology.org/ontology/RXNORM/7779", "preferredName": "Oxandrolone"}, {"semTypes": ["T125", "T121", "T116"], "to": "38632", "fro": "38618", "fullId": "http://purl.bioontology.org/ontology/RXNORM/7779", "preferredName": "Oxandrolone"}, {"semTypes": ["T121", "T109"], "to": "57258", "fro": "57247", "fullId": "http://purl.bioontology.org/ontology/RXNORM/3327", "preferredName": "Diazoxide"}, {"semTypes": ["T999"], "to": "19551", "fro": "19545", "fullId": "http://purl.bioontology.org/ontology/MSH/D010672", "preferredName": "Phenytoin"}, {"semTypes": ["T121", "T116"], "to": "23921", "fro": "23912", "fullId": "http://purl.bioontology.org/ontology/RXNORM/35827", "preferredName": "Ketorolac"}, {"semTypes": ["T121", "T109"], "to": "39807", "fro": "39800", "fullId": "http://purl.bioontology.org/ontology/MSH/D010406", "preferredName": "Penicillins"}, {"semTypes": ["T999"], "to": "38632", "fro": "38618", "fullId": "http://purl.bioontology.org/ontology/RXNORM/7258", "preferredName": "Naproxen"}, {"semTypes": ["T999"], "to": "61676", "fro": "61668", "fullId": "http://purl.bioontology.org/ontology/MSH/D015242", "preferredName": "Ofloxacin"}, {"semTypes": ["T121", "T109"], "to": "29620", "fro": "29609", "fullId": "http://purl.bioontology.org/ontology/MSH/D012701", "preferredName": "Serotonin"}, {"semTypes": ["T999"], "to": "36814", "fro": "36804", "fullId": "http://purl.bioontology.org/ontology/MSH/D003981", "preferredName": "Diazoxide"}, {"semTypes": ["T999"], "to": "30070", "fro": "30060", "fullId": "http://purl.bioontology.org/ontology/MSH/D015242", "preferredName": "Ofloxacin"}, {"semTypes": ["T999"], "to": "40766", "fro": "40756", "fullId": "http://purl.bioontology.org/ontology/MSH/D009853", "preferredName": "Omeprazole"}, {"semTypes": ["T999"], "to": "52284", "fro": "52277", "fullId": "http://purl.bioontology.org/ontology/MSH/D008713", "preferredName": "Methimazole"}, {"semTypes": ["T999"], "to": "61799", "fro": "61789", "fullId": "http://purl.bioontology.org/ontology/MSH/D002792", "preferredName": "Cholestyramine Resin"}, {"semTypes": ["T999"], "to": "28659", "fro": "28648", "fullId": "http://purl.bioontology.org/ontology/MSH/D003024", "preferredName": "Clozapine"}, {"semTypes": ["T999"], "to": "19381", "fro": "19367", "fullId": "http://purl.bioontology.org/ontology/MSH/D014812", "preferredName": "Vitamin K"}, {"semTypes": ["T121", "T109"], "to": "43915", "fro": "43905", "fullId": "http://purl.bioontology.org/ontology/MSH/C021100", "preferredName": "trichloroacetaldehyde"}, {"semTypes": ["T999"], "to": "30538", "fro": "30530", "fullId": "http://purl.bioontology.org/ontology/MSH/D010074", "preferredName": "Oxandrolone"}, {"semTypes": ["T121", "T109"], "to": "60021", "fro": "60011", "fullId": "http://purl.bioontology.org/ontology/RXNORM/9143", "preferredName": "Ranitidine"}, {"semTypes": ["T999"], "to": "24974", "fro": "24966", "fullId": "http://purl.bioontology.org/ontology/MSH/C021100", "preferredName": "trichloroacetaldehyde"}, {"semTypes": ["T999"], "to": "25754", "fro": "25745", "fullId": "http://purl.bioontology.org/ontology/RXNORM/11258", "preferredName": "Vitamin K"}, {"semTypes": ["T116", "T121"], "to": "31596", "fro": "31588", "fullId": "http://purl.bioontology.org/ontology/MSH/D004967", "preferredName": "Estrogens"}, {"semTypes": ["T999"], "to": "60848", "fro": "60839", "fullId": "http://purl.bioontology.org/ontology/MSH/D004967", "preferredName": "Estrogens"}, {"semTypes": ["T121", "T109"], "to": "36060", "fro": "36051", "fullId": "http://purl.bioontology.org/ontology/MSH/C021100", "preferredName": "trichloroacetaldehyde"}, {"semTypes": ["T999"], "to": "51926", "fro": "51912", "fullId": "http://purl.bioontology.org/ontology/MSH/D008713", "preferredName": "Methimazole"}, {"semTypes": ["T109", "T121"], "to": "21262", "fro": "21250", "fullId": "http://purl.bioontology.org/ontology/RXNORM/8703", "preferredName": "Fenofibrate"}, {"semTypes": ["T999"], "to": "40411", "fro": "40403", "fullId": "http://purl.bioontology.org/ontology/MSH/D010634", "preferredName": "Phenobarbital"}, {"semTypes": ["T109", "T121"], "to": "21494", "fro": "21485", "fullId": "http://purl.bioontology.org/ontology/MSH/C021100", "preferredName": "trichloroacetaldehyde"}, {"semTypes": ["T121", "T109"], "to": "34782", "fro": "34775", "fullId": "http://purl.bioontology.org/ontology/RXNORM/8356", "preferredName": "Piroxicam"}, {"semTypes": ["T109", "T195"], "to": "27501", "fro": "27491", "fullId": "http://purl.bioontology.org/ontology/MSH/D002792", "preferredName": "Cholestyramine Resin"}, {"semTypes": ["T999"], "to": "59648", "fro": "59637", "fullId": "http://purl.bioontology.org/ontology/RXNORM/35827", "preferredName": "Ketorolac"}, {"semTypes": ["T999"], "to": "55401", "fro": "55386", "fullId": "http://purl.bioontology.org/ontology/RXNORM/11258", "preferredName": "Vitamin K"}, {"semTypes": ["T123", "T122", "T116"], "to": "3518", "fro": "3511", "fullId": "http://purl.bioontology.org/ontology/RXNORM/114970", "preferredName": "zafirlukast"}, {"semTypes": ["T121", "T109"], "to": "27262", "fro": "27252", "fullId": "http://purl.bioontology.org/ontology/MSH/D002792", "preferredName": "Cholestyramine Resin"}, {"semTypes": ["T121", "T109"], "to": "57727", "fro": "57716", "fullId": "http://purl.bioontology.org/ontology/RXNORM/8703", "preferredName": "Fenofibrate"}, {"semTypes": ["T999"], "to": "33013", "fro": "33000", "fullId": "http://purl.bioontology.org/ontology/MSH/C419708", "preferredName": "gefitinib"}, {"semTypes": ["T121", "T109"], "to": "21378", "fro": "21369", "fullId": "http://purl.bioontology.org/ontology/RXNORM/8134", "preferredName": "Phenobarbital"}, {"semTypes": ["T999"], "to": "26089", "fro": "26078", "fullId": "http://purl.bioontology.org/ontology/MSH/D002792", "preferredName": "Cholestyramine Resin"}, {"semTypes": ["T999"], "to": "60490", "fro": "60477", "fullId": "http://purl.bioontology.org/ontology/MSH/C419708", "preferredName": "gefitinib"}, {"semTypes": ["T999"], "to": "24391", "fro": "24385", "fullId": "http://purl.bioontology.org/ontology/RXNORM/237057", "preferredName": "lepirudin"}, {"semTypes": ["T999"], "to": "49556", "fro": "49545", "fullId": "http://purl.bioontology.org/ontology/RXNORM/237057", "preferredName": "lepirudin"}, {"semTypes": ["T109", "T121"], "to": "25426", "fro": "25415", "fullId": "http://purl.bioontology.org/ontology/MSH/D017035", "preferredName": "Pravastatin"}, {"semTypes": ["T999"], "to": "12495", "fro": "12482", "fullId": "http://purl.bioontology.org/ontology/MSH/D000970", "preferredName": "Antineoplastic Agents"}, {"semTypes": ["T999"], "to": "41123", "fro": "41114", "fullId": "http://purl.bioontology.org/ontology/RXNORM/8134", "preferredName": "Phenobarbital"}, {"semTypes": ["T999"], "to": "63325", "fro": "63317", "fullId": "http://purl.bioontology.org/ontology/MSH/C008047", "preferredName": "3-hydroxy-3-methylglutaryl-coenzyme A"}, {"semTypes": ["T109", "T195"], "to": "61312", "fro": "61304", "fullId": "http://purl.bioontology.org/ontology/RXNORM/2551", "preferredName": "Ciprofloxacin"}, {"semTypes": ["T121", "T109"], "to": "37389", "fro": "37379", "fullId": "http://purl.bioontology.org/ontology/MSH/D017035", "preferredName": "Pravastatin"}, {"semTypes": ["T999"], "to": "31481", "fro": "31473", "fullId": "http://purl.bioontology.org/ontology/MSH/D005984", "preferredName": "Glutethimide"}, {"semTypes": ["T999"], "to": "21262", "fro": "21250", "fullId": "http://purl.bioontology.org/ontology/RXNORM/3002", "preferredName": "Cyclophosphamide"}, {"semTypes": ["T110", "T121", "T125"], "to": "31712", "fro": "31703", "fullId": "http://purl.bioontology.org/ontology/MSH/C008047", "preferredName": "3-hydroxy-3-methylglutaryl-coenzyme A"}, {"semTypes": ["T999"], "to": "34302", "fro": "34290", "fullId": "http://purl.bioontology.org/ontology/RXNORM/5093", "preferredName": "Haloperidol"}, {"semTypes": ["T121", "T131", "T109"], "to": "36530", "fro": "36523", "fullId": "http://purl.bioontology.org/ontology/RXNORM/114194", "preferredName": "Warfarin Sodium"}, {"semTypes": ["T999"], "to": "60612", "fro": "60603", "fullId": "http://purl.bioontology.org/ontology/MSH/D013988", "preferredName": "Ticlopidine"}, {"semTypes": ["T109", "T121"], "to": "42550", "fro": "42539", "fullId": "http://purl.bioontology.org/ontology/RXNORM/3356", "preferredName": "Dicloxacillin"}, {"semTypes": ["T999"], "to": "35822", "fro": "35811", "fullId": "http://purl.bioontology.org/ontology/MSH/D004967", "preferredName": "Estrogens"}, {"semTypes": ["T999"], "to": "36673", "fro": "36658", "fullId": "http://purl.bioontology.org/ontology/RXNORM/11055", "preferredName": "Urokinase"}, {"semTypes": ["T999"], "to": "40179", "fro": "40171", "fullId": "http://purl.bioontology.org/ontology/RXNORM/35255", "preferredName": "Cisapride"}, {"semTypes": ["T999"], "to": "46031", "fro": "46017", "fullId": "http://purl.bioontology.org/ontology/MSH/D014859", "preferredName": "Warfarin"}, {"semTypes": ["T121", "T109"], "to": "60612", "fro": "60603", "fullId": "http://purl.bioontology.org/ontology/MSH/D013988", "preferredName": "Ticlopidine"}, {"semTypes": ["T999"], "to": "24623", "fro": "24615", "fullId": "http://purl.bioontology.org/ontology/RXNORM/40254", "preferredName": "Valproate"}, {"semTypes": ["T999"], "to": "27738", "fro": "27723", "fullId": "http://purl.bioontology.org/ontology/RXNORM/114194", "preferredName": "Warfarin Sodium"}, {"semTypes": ["T109", "T121"], "to": "40179", "fro": "40171", "fullId": "http://purl.bioontology.org/ontology/MSH/D004967", "preferredName": "Estrogens"}, {"semTypes": ["T999"], "to": "57727", "fro": "57716", "fullId": "http://purl.bioontology.org/ontology/MSH/D010634", "preferredName": "Phenobarbital"}, {"semTypes": ["T999"], "to": "745", "fro": "731", "fullId": "http://purl.bioontology.org/ontology/MSH/D014859", "preferredName": "Warfarin"}, {"semTypes": ["T999"], "to": "63170", "fro": "63156", "fullId": "http://purl.bioontology.org/ontology/MSH/D014859", "preferredName": "Warfarin"}, {"semTypes": ["T999"], "to": "22121", "fro": "22112", "fullId": "http://purl.bioontology.org/ontology/MSH/D011241", "preferredName": "Prednisone"}, {"semTypes": ["T109", "T121"], "to": "23111", "fro": "23098", "fullId": "http://purl.bioontology.org/ontology/RXNORM/6835", "preferredName": "Methimazole"}, {"semTypes": ["T121", "T115"], "to": "28186", "fro": "28177", "fullId": "http://purl.bioontology.org/ontology/RXNORM/8339", "preferredName": "Piperacillin"}, {"semTypes": ["T999"], "to": "612", "fro": "598", "fullId": "http://purl.bioontology.org/ontology/MSH/D014859", "preferredName": "Warfarin"}, {"semTypes": ["T999"], "to": "54777", "fro": "54770", "fullId": "http://purl.bioontology.org/ontology/MSH/D014859", "preferredName": "Warfarin"}, {"semTypes": ["T999"], "to": "63539", "fro": "63532", "fullId": "http://purl.bioontology.org/ontology/MSH/D014859", "preferredName": "Warfarin"}, {"semTypes": ["T121", "T119", "T127"], "to": "47650", "fro": "47642", "fullId": "http://purl.bioontology.org/ontology/RXNORM/114194", "preferredName": "Warfarin Sodium"}, {"semTypes": ["T999"], "to": "29620", "fro": "29609", "fullId": "http://purl.bioontology.org/ontology/MSH/D013392", "preferredName": "Sucralfate"}, {"semTypes": ["T999"], "to": "1018", "fro": "1004", "fullId": "http://purl.bioontology.org/ontology/MSH/D014859", "preferredName": "Warfarin"}, {"semTypes": ["T999"], "to": "36530", "fro": "36523", "fullId": "http://purl.bioontology.org/ontology/MSH/D014859", "preferredName": "Warfarin"}, {"semTypes": ["T999"], "to": "4533", "fro": "4519", "fullId": "http://purl.bioontology.org/ontology/MSH/D014859", "preferredName": "Warfarin"}, {"semTypes": ["T131", "T121", "T109"], "to": "4533", "fro": "4519", "fullId": "http://purl.bioontology.org/ontology/MSH/D014859", "preferredName": "Warfarin"}, {"semTypes": ["T131", "T121", "T109"], "to": "46031", "fro": "46017", "fullId": "http://purl.bioontology.org/ontology/MSH/D014859", "preferredName": "Warfarin"}, {"semTypes": ["T121", "T109"], "to": "23473", "fro": "23465", "fullId": "http://purl.bioontology.org/ontology/MSH/C065179", "preferredName": "atorvastatin"}, {"semTypes": ["T999"], "to": "30653", "fro": "30645", "fullId": "http://purl.bioontology.org/ontology/MSH/D002437", "preferredName": "Cefazolin"}, {"semTypes": ["T131", "T121", "T109"], "to": "63170", "fro": "63156", "fullId": "http://purl.bioontology.org/ontology/MSH/D014859", "preferredName": "Warfarin"}, {"semTypes": ["T131", "T121", "T109"], "to": "745", "fro": "731", "fullId": "http://purl.bioontology.org/ontology/MSH/D014859", "preferredName": "Warfarin"}, {"semTypes": ["T131", "T121", "T109"], "to": "612", "fro": "598", "fullId": "http://purl.bioontology.org/ontology/MSH/D014859", "preferredName": "Warfarin"}, {"semTypes": ["T131", "T121", "T109"], "to": "1018", "fro": "1004", "fullId": "http://purl.bioontology.org/ontology/MSH/D014859", "preferredName": "Warfarin"}, {"semTypes": ["T999"], "to": "17988", "fro": "17981", "fullId": "http://purl.bioontology.org/ontology/MSH/D014859", "preferredName": "Warfarin"}, {"semTypes": ["T999"], "to": "53352", "fro": "53345", "fullId": "http://purl.bioontology.org/ontology/MSH/D014859", "preferredName": "Warfarin"}, {"semTypes": ["T999"], "to": "37058", "fro": "37043", "fullId": "http://purl.bioontology.org/ontology/MSH/D014815", "preferredName": "Vitamins"}, {"semTypes": ["T999"], "to": "3789", "fro": "3783", "fullId": "http://purl.bioontology.org/ontology/MSH/D014859", "preferredName": "Warfarin"}, {"semTypes": ["T999"], "to": "62438", "fro": "62432", "fullId": "http://purl.bioontology.org/ontology/RXNORM/114194", "preferredName": "Warfarin Sodium"}, {"semTypes": ["T999"], "to": "61918", "fro": "61912", "fullId": "http://purl.bioontology.org/ontology/RXNORM/114194", "preferredName": "Warfarin Sodium"}, {"semTypes": ["T999"], "to": "41827", "fro": "41821", "fullId": "http://purl.bioontology.org/ontology/RXNORM/114194", "preferredName": "Warfarin Sodium"}, {"semTypes": ["T121", "T131", "T109"], "to": "54777", "fro": "54770", "fullId": "http://purl.bioontology.org/ontology/RXNORM/114194", "preferredName": "Warfarin Sodium"}, {"semTypes": ["T999"], "to": "24156", "fro": "24145", "fullId": "http://purl.bioontology.org/ontology/RXNORM/3356", "preferredName": "Dicloxacillin"}, {"semTypes": ["T999"], "to": "14246", "fro": "14236", "fullId": "http://purl.bioontology.org/ontology/MSH/D011899", "preferredName": "Ranitidine"}, {"semTypes": ["T121", "T131", "T109"], "to": "63539", "fro": "63532", "fullId": "http://purl.bioontology.org/ontology/RXNORM/114194", "preferredName": "Warfarin Sodium"}, {"semTypes": ["T121", "T109"], "to": "56767", "fro": "56755", "fullId": "http://purl.bioontology.org/ontology/RXNORM/3002", "preferredName": "Cyclophosphamide"}, {"semTypes": ["T121", "T109"], "to": "58462", "fro": "58453", "fullId": "http://purl.bioontology.org/ontology/RXNORM/114194", "preferredName": "Warfarin Sodium"}, {"semTypes": ["T125", "T121", "T110"], "to": "62696", "fro": "62688", "fullId": "http://purl.bioontology.org/ontology/MSH/D011345", "preferredName": "Fenofibrate"}, {"semTypes": ["T109", "T121"], "to": "25091", "fro": "25081", "fullId": "http://purl.bioontology.org/ontology/RXNORM/114194", "preferredName": "Warfarin Sodium"}, {"semTypes": ["T999"], "to": "60242", "fro": "60229", "fullId": "http://purl.bioontology.org/ontology/MSH/D011345", "preferredName": "Fenofibrate"}, {"semTypes": ["T999"], "to": "33132", "fro": "33120", "fullId": "http://purl.bioontology.org/ontology/RXNORM/5640", "preferredName": "Ibuprofen"}, {"semTypes": ["T999"], "to": "25091", "fro": "25081", "fullId": "http://purl.bioontology.org/ontology/MSH/D014815", "preferredName": "Vitamins"}, {"semTypes": ["T999"], "to": "56547", "fro": "56536", "fullId": "http://purl.bioontology.org/ontology/RXNORM/114194", "preferredName": "Warfarin Sodium"}, {"semTypes": ["T121", "T109"], "to": "63555", "fro": "63545", "fullId": "http://purl.bioontology.org/ontology/RXNORM/114194", "preferredName": "Warfarin Sodium"}, {"semTypes": ["T999"], "to": "58217", "fro": "58208", "fullId": "http://purl.bioontology.org/ontology/RXNORM/8183", "preferredName": "Phenytoin"}, {"semTypes": ["T121", "T119", "T127"], "to": "859", "fro": "851", "fullId": "http://purl.bioontology.org/ontology/MSH/D014815", "preferredName": "Vitamins"}, {"semTypes": ["T999"], "to": "30301", "fro": "30293", "fullId": "http://purl.bioontology.org/ontology/RXNORM/8183", "preferredName": "Phenytoin"}, {"semTypes": ["T999"], "to": "38110", "fro": "38104", "fullId": "http://purl.bioontology.org/ontology/RXNORM/40575", "preferredName": "zileuton"}, {"semTypes": ["T999"], "to": "37389", "fro": "37379", "fullId": "http://purl.bioontology.org/ontology/MSH/D014815", "preferredName": "Vitamins"}, {"semTypes": ["T999"], "to": "11059", "fro": "11049", "fullId": "http://purl.bioontology.org/ontology/MSH/D005485", "preferredName": "Flutamide"}, {"semTypes": ["T121", "T109"], "to": "45312", "fro": "45305", "fullId": "http://purl.bioontology.org/ontology/MSH/D009254", "preferredName": "Nafcillin"}, {"semTypes": ["T999"], "to": "29736", "fro": "29727", "fullId": "http://purl.bioontology.org/ontology/MSH/D014815", "preferredName": "Vitamins"}, {"semTypes": ["T999"], "to": "42074", "fro": "42063", "fullId": "http://purl.bioontology.org/ontology/MSH/D013739", "preferredName": "Testosterone"}, {"semTypes": ["T999"], "to": "38748", "fro": "38739", "fullId": "http://purl.bioontology.org/ontology/MSH/D014815", "preferredName": "Vitamins"}, {"semTypes": ["T999"], "to": "56206", "fro": "56197", "fullId": "http://purl.bioontology.org/ontology/MSH/D014815", "preferredName": "Vitamins"}, {"semTypes": ["T121", "T109"], "to": "23588", "fro": "23580", "fullId": "http://purl.bioontology.org/ontology/MSH/D014815", "preferredName": "Vitamins"}, {"semTypes": ["T999"], "to": "54927", "fro": "54919", "fullId": "http://purl.bioontology.org/ontology/MSH/D014815", "preferredName": "Vitamins"}, {"semTypes": ["T999"], "to": "51313", "fro": "51300", "fullId": "http://purl.bioontology.org/ontology/RXNORM/35255", "preferredName": "Cisapride"}, {"semTypes": ["T999"], "to": "60021", "fro": "60011", "fullId": "http://purl.bioontology.org/ontology/MSH/D014815", "preferredName": "Vitamins"}, {"semTypes": ["T999"], "to": "41238", "fro": "41230", "fullId": "http://purl.bioontology.org/ontology/RXNORM/8794", "preferredName": "Propylthiouracil"}, {"semTypes": ["T999"], "to": "37272", "fro": "37260", "fullId": "http://purl.bioontology.org/ontology/MSH/D011441", "preferredName": "Propylthiouracil"}, {"semTypes": ["T999"], "to": "57134", "fro": "57123", "fullId": "http://purl.bioontology.org/ontology/MSH/D014812", "preferredName": "Vitamin K"}, {"semTypes": ["T999"], "to": "22005", "fro": "21995", "fullId": "http://purl.bioontology.org/ontology/MSH/D004061", "preferredName": "Diflunisal"}, {"semTypes": ["T121", "T109"], "to": "29265", "fro": "29255", "fullId": "http://purl.bioontology.org/ontology/MSH/D011899", "preferredName": "Ranitidine"}, {"semTypes": ["T999"], "to": "33709", "fro": "33698", "fullId": "http://purl.bioontology.org/ontology/MSH/D011802", "preferredName": "Quinidine"}, {"semTypes": ["T999"], "to": "15383", "fro": "15374", "fullId": "http://purl.bioontology.org/ontology/MSH/C063129", "preferredName": "rabeprazole"}, {"semTypes": ["T999"], "to": "12232", "fro": "12224", "fullId": "http://purl.bioontology.org/ontology/RXNORM/6835", "preferredName": "Methimazole"}, {"semTypes": ["T121", "T109"], "to": "34067", "fro": "34058", "fullId": "http://purl.bioontology.org/ontology/MSH/D000616", "preferredName": "Aminoglutethimide"}, {"semTypes": ["T999"], "to": "37740", "fro": "37731", "fullId": "http://purl.bioontology.org/ontology/MSH/D000654", "preferredName": "Amobarbital"}, {"semTypes": ["T999"], "to": "25426", "fro": "25415", "fullId": "http://purl.bioontology.org/ontology/RXNORM/11289", "preferredName": "Warfarin"}, {"semTypes": ["T109", "T121"], "to": "58217", "fro": "58208", "fullId": "http://purl.bioontology.org/ontology/RXNORM/7909", "preferredName": "Paraldehyde"}, {"semTypes": ["T121", "T109"], "to": "34183", "fro": "34174", "fullId": "http://purl.bioontology.org/ontology/RXNORM/8339", "preferredName": "Piperacillin"}, {"semTypes": ["T121", "T109"], "to": "38748", "fro": "38739", "fullId": "http://purl.bioontology.org/ontology/RXNORM/11289", "preferredName": "Warfarin"}, {"semTypes": ["T121", "T109"], "to": "28301", "fro": "28293", "fullId": "http://purl.bioontology.org/ontology/RXNORM/278567", "preferredName": "valdecoxib"}, {"semTypes": ["T999"], "to": "36181", "fro": "36167", "fullId": "http://purl.bioontology.org/ontology/RXNORM/278567", "preferredName": "valdecoxib"}, {"semTypes": ["T121", "T114"], "to": "27738", "fro": "27723", "fullId": "http://purl.bioontology.org/ontology/MSH/D014815", "preferredName": "Vitamins"}, {"semTypes": ["T121", "T119"], "to": "25638", "fro": "25628", "fullId": "http://purl.bioontology.org/ontology/MSH/D010110", "preferredName": "Oxymetholone"}, {"semTypes": ["T999"], "to": "36060", "fro": "36051", "fullId": "http://purl.bioontology.org/ontology/MSH/D000970", "preferredName": "Antineoplastic Agents"}, {"semTypes": ["T999"], "to": "32425", "fro": "32419", "fullId": "http://purl.bioontology.org/ontology/MSH/D016293", "preferredName": "Moricizine"}, {"semTypes": ["T999"], "to": "56888", "fro": "56880", "fullId": "http://purl.bioontology.org/ontology/MSH/C008047", "preferredName": "3-hydroxy-3-methylglutaryl-coenzyme A"}, {"semTypes": ["T121", "T109"], "to": "32771", "fro": "32758", "fullId": "http://purl.bioontology.org/ontology/MSH/C008047", "preferredName": "3-hydroxy-3-methylglutaryl-coenzyme A"}, {"semTypes": ["T999"], "to": "58804", "fro": "58792", "fullId": "http://purl.bioontology.org/ontology/RXNORM/2551", "preferredName": "Ciprofloxacin"}, {"semTypes": ["T109", "T121"], "to": "58340", "fro": "58330", "fullId": "http://purl.bioontology.org/ontology/MSH/D000970", "preferredName": "Antineoplastic Agents"}, {"semTypes": ["T999"], "to": "45312", "fro": "45305", "fullId": "http://purl.bioontology.org/ontology/MSH/C065179", "preferredName": "atorvastatin"}, {"semTypes": ["T999"], "to": "58340", "fro": "58330", "fullId": "http://purl.bioontology.org/ontology/MSH/D000970", "preferredName": "Antineoplastic Agents"}, {"semTypes": ["T999"], "to": "24859", "fro": "24852", "fullId": "http://purl.bioontology.org/ontology/MSH/D000082", "preferredName": "Acetaminophen"}, {"semTypes": ["T121", "T124"], "to": "35704", "fro": "35695", "fullId": "http://purl.bioontology.org/ontology/RXNORM/10180", "preferredName": "Sulfamethoxazole"}, {"semTypes": ["T121", "T109"], "to": "22623", "fro": "22610", "fullId": "http://purl.bioontology.org/ontology/MSH/D000082", "preferredName": "Acetaminophen"}, {"semTypes": ["T999"], "to": "22385", "fro": "22375", "fullId": "http://purl.bioontology.org/ontology/MSH/D007978", "preferredName": "Levamisole"}, {"semTypes": ["T121", "T109"], "to": "24623", "fro": "24615", "fullId": "http://purl.bioontology.org/ontology/RXNORM/4118", "preferredName": "Ethchlorvynol"}, {"semTypes": ["T999"], "to": "55273", "fro": "55257", "fullId": "http://purl.bioontology.org/ontology/RXNORM/4118", "preferredName": "Ethchlorvynol"}, {"semTypes": ["T999"], "to": "27262", "fro": "27252", "fullId": "http://purl.bioontology.org/ontology/MSH/C008729", "preferredName": "oxaprozin"}, {"semTypes": ["T109", "T121"], "to": "59898", "fro": "59883", "fullId": "http://purl.bioontology.org/ontology/MSH/C074619", "preferredName": "bivalirudin"}, {"semTypes": ["T999"], "to": "41356", "fro": "41348", "fullId": "http://purl.bioontology.org/ontology/RXNORM/5640", "preferredName": "Ibuprofen"}, {"semTypes": ["T195", "T109"], "to": "36814", "fro": "36804", "fullId": "http://purl.bioontology.org/ontology/RXNORM/40254", "preferredName": "Valproate"}, {"semTypes": ["T109", "T121"], "to": "62319", "fro": "62307", "fullId": "http://purl.bioontology.org/ontology/MSH/C074619", "preferredName": "bivalirudin"}, {"semTypes": ["T999"], "to": "40293", "fro": "40286", "fullId": "http://purl.bioontology.org/ontology/MSH/D006220", "preferredName": "Haloperidol"}, {"semTypes": ["T109", "T121"], "to": "34543", "fro": "34531", "fullId": "http://purl.bioontology.org/ontology/RXNORM/6760", "preferredName": "Meprobamate"}, {"semTypes": ["T109", "T195"], "to": "33254", "fro": "33239", "fullId": "http://purl.bioontology.org/ontology/RXNORM/6760", "preferredName": "Meprobamate"}, {"semTypes": ["T999"], "to": "59288", "fro": "59282", "fullId": "http://purl.bioontology.org/ontology/RXNORM/8183", "preferredName": "Phenytoin"}, {"semTypes": ["T121", "T109"], "to": "40649", "fro": "40640", "fullId": "http://purl.bioontology.org/ontology/MSH/C004470", "preferredName": "butalbital"}, {"semTypes": ["T999"], "to": "51661", "fro": "51654", "fullId": "http://purl.bioontology.org/ontology/MSH/D016293", "preferredName": "Moricizine"}, {"semTypes": ["T999"], "to": "42667", "fro": "42657", "fullId": "http://purl.bioontology.org/ontology/MSH/C004470", "preferredName": "butalbital"}, {"semTypes": ["T121", "T109"], "to": "35019", "fro": "35011", "fullId": "http://purl.bioontology.org/ontology/MSH/C116926", "preferredName": "rofecoxib"}, {"semTypes": ["T109", "T195"], "to": "41238", "fro": "41230", "fullId": "http://purl.bioontology.org/ontology/MSH/C008729", "preferredName": "oxaprozin"}, {"semTypes": ["T999"], "to": "22991", "fro": "22982", "fullId": "http://purl.bioontology.org/ontology/RXNORM/40169", "preferredName": "Moricizine"}, {"semTypes": ["T999"], "to": "57258", "fro": "57247", "fullId": "http://purl.bioontology.org/ontology/MSH/C116926", "preferredName": "rofecoxib"}, {"semTypes": ["T121", "T109"], "to": "27616", "fro": "27608", "fullId": "http://purl.bioontology.org/ontology/RXNORM/21212", "preferredName": "Clarithromycin"}, {"semTypes": ["T999"], "to": "26559", "fro": "26549", "fullId": "http://purl.bioontology.org/ontology/MSH/D010672", "preferredName": "Phenytoin"}, {"semTypes": ["T109", "T121"], "to": "42784", "fro": "42777", "fullId": "http://purl.bioontology.org/ontology/RXNORM/21212", "preferredName": "Clarithromycin"}, {"semTypes": ["T999"], "to": "26792", "fro": "26781", "fullId": "http://purl.bioontology.org/ontology/MSH/D005984", "preferredName": "Glutethimide"}, {"semTypes": ["T999"], "to": "61096", "fro": "61083", "fullId": "http://purl.bioontology.org/ontology/RXNORM/8183", "preferredName": "Phenytoin"}, {"semTypes": ["T121", "T126", "T116"], "to": "40411", "fro": "40403", "fullId": "http://purl.bioontology.org/ontology/RXNORM/114979", "preferredName": "rabeprazole"}, {"semTypes": ["T195", "T109"], "to": "28541", "fro": "28530", "fullId": "http://purl.bioontology.org/ontology/MSH/D017374", "preferredName": "Paroxetine"}, {"semTypes": ["T999"], "to": "62829", "fro": "62817", "fullId": "http://purl.bioontology.org/ontology/RXNORM/114979", "preferredName": "rabeprazole"}, {"semTypes": ["T999"], "to": "56767", "fro": "56755", "fullId": "http://purl.bioontology.org/ontology/MSH/C062735", "preferredName": "zafirlukast"}, {"semTypes": ["T999"], "to": "28301", "fro": "28293", "fullId": "http://purl.bioontology.org/ontology/RXNORM/4508", "preferredName": "Flutamide"}, {"semTypes": ["T123", "T121", "T118"], "to": "27145", "fro": "27139", "fullId": "http://purl.bioontology.org/ontology/MSH/D014812", "preferredName": "Vitamin K"}, {"semTypes": ["T125", "T121", "T110"], "to": "43585", "fro": "43574", "fullId": "http://purl.bioontology.org/ontology/MSH/C062735", "preferredName": "zafirlukast"}, {"semTypes": ["T999"], "to": "15406", "fro": "15391", "fullId": "http://purl.bioontology.org/ontology/RXNORM/4508", "preferredName": "Flutamide"}, {"semTypes": ["T109", "T121"], "to": "39693", "fro": "39684", "fullId": "http://purl.bioontology.org/ontology/MSH/D000616", "preferredName": "Aminoglutethimide"}, {"semTypes": ["T999"], "to": "35346", "fro": "35338", "fullId": "http://purl.bioontology.org/ontology/MSH/C030123", "preferredName": "coumarin"}, {"semTypes": ["T109", "T121"], "to": "60490", "fro": "60477", "fullId": "http://purl.bioontology.org/ontology/MSH/C030123", "preferredName": "coumarin"}, {"semTypes": ["T999"], "to": "33496", "fro": "33483", "fullId": "http://purl.bioontology.org/ontology/MSH/D010672", "preferredName": "Phenytoin"}, {"semTypes": ["T999"], "to": "27145", "fro": "27139", "fullId": "http://purl.bioontology.org/ontology/RXNORM/6901", "preferredName": "Methylphenidate"}, {"semTypes": ["T124", "T121", "T116", "T125"], "to": "26203", "fro": "26196", "fullId": "http://purl.bioontology.org/ontology/RXNORM/6901", "preferredName": "Methylphenidate"}, {"semTypes": ["T999"], "to": "39693", "fro": "39684", "fullId": "http://purl.bioontology.org/ontology/MSH/D005473", "preferredName": "Fluoxetine"}]