[{"semTypes": ["T109", "T121"], "to": "5856", "fro": "5847", "fullId": "http://purl.bioontology.org/ontology/MSH/D005473", "preferredName": "Fluoxetine"}, {"semTypes": ["T109", "T121"], "to": "5949", "fro": "5931", "fullId": "http://purl.bioontology.org/ontology/MSH/C045645", "preferredName": "cilostazol"}, {"semTypes": ["T121", "T109"], "to": "12616", "fro": "12609", "fullId": "http://purl.bioontology.org/ontology/MSH/D014859", "preferredName": "Warfarin"}, {"semTypes": ["T109", "T121"], "to": "7308", "fro": "7299", "fullId": "http://purl.bioontology.org/ontology/MSH/C048833", "preferredName": "modafinil"}, {"semTypes": ["T999"], "to": "6905", "fro": "6896", "fullId": "http://purl.bioontology.org/ontology/RXNORM/75207", "preferredName": "bosentan"}, {"semTypes": ["T121", "T109"], "to": "5277", "fro": "5266", "fullId": "http://purl.bioontology.org/ontology/MSH/C114556", "preferredName": "aprepitant"}, {"semTypes": ["T195", "T109"], "to": "6747", "fro": "6736", "fullId": "http://purl.bioontology.org/ontology/RXNORM/2551", "preferredName": "Ciprofloxacin"}, {"semTypes": ["T999"], "to": "9304", "fro": "9296", "fullId": "http://purl.bioontology.org/ontology/MSH/C063449", "preferredName": "zileuton"}, {"semTypes": ["T999"], "to": "310", "fro": "302", "fullId": "http://purl.bioontology.org/ontology/MSH/D002927", "preferredName": "Cimetidine"}, {"semTypes": ["T109", "T121"], "to": "10592", "fro": "10579", "fullId": "http://purl.bioontology.org/ontology/RXNORM/40575", "preferredName": "zileuton"}, {"semTypes": ["T999"], "to": "9268", "fro": "9259", "fullId": "http://purl.bioontology.org/ontology/RXNORM/2551", "preferredName": "Ciprofloxacin"}, {"semTypes": ["T999"], "to": "6800", "fro": "6788", "fullId": "http://purl.bioontology.org/ontology/MSH/D015283", "preferredName": "Citalopram"}, {"semTypes": ["T999"], "to": "6556", "fro": "6547", "fullId": "http://purl.bioontology.org/ontology/MSH/D000493", "preferredName": "Allopurinol"}, {"semTypes": ["T999"], "to": "10144", "fro": "10133", "fullId": "http://purl.bioontology.org/ontology/MSH/C086232", "preferredName": "bosentan"}, {"semTypes": ["T999"], "to": "6544", "fro": "6535", "fullId": "http://purl.bioontology.org/ontology/RXNORM/202421", "preferredName": "Coumadin"}, {"semTypes": ["T999"], "to": "6975", "fro": "6966", "fullId": "http://purl.bioontology.org/ontology/RXNORM/613391", "preferredName": "prasugrel"}, {"semTypes": ["T121", "T109"], "to": "6155", "fro": "6146", "fullId": "http://purl.bioontology.org/ontology/RXNORM/8134", "preferredName": "Phenobarbital"}, {"semTypes": ["T999"], "to": "5844", "fro": "5837", "fullId": "http://purl.bioontology.org/ontology/RXNORM/21107", "preferredName": "cilostazol"}, {"semTypes": ["T999"], "to": "5772", "fro": "5764", "fullId": "http://purl.bioontology.org/ontology/MSH/C086232", "preferredName": "bosentan"}, {"semTypes": ["T109", "T121", "T131"], "to": "7856", "fro": "7849", "fullId": "http://purl.bioontology.org/ontology/MSH/D014859", "preferredName": "Warfarin"}, {"semTypes": ["T999"], "to": "5290", "fro": "5280", "fullId": "http://purl.bioontology.org/ontology/RXNORM/8134", "preferredName": "Phenobarbital"}, {"semTypes": ["T999"], "to": "10119", "fro": "10110", "fullId": "http://purl.bioontology.org/ontology/MSH/C045645", "preferredName": "cilostazol"}, {"semTypes": ["T999"], "to": "5420", "fro": "5408", "fullId": "http://purl.bioontology.org/ontology/RXNORM/358255", "preferredName": "aprepitant"}, {"semTypes": ["T999"], "to": "10083", "fro": "10075", "fullId": "http://purl.bioontology.org/ontology/RXNORM/5640", "preferredName": "Ibuprofen"}, {"semTypes": ["T121", "T109"], "to": "6003", "fro": "5991", "fullId": "http://purl.bioontology.org/ontology/MSH/D012293", "preferredName": "Rifampin"}, {"semTypes": ["T109", "T121"], "to": "10656", "fro": "10646", "fullId": "http://purl.bioontology.org/ontology/RXNORM/613391", "preferredName": "prasugrel"}, {"semTypes": ["T999"], "to": "5181", "fro": "5171", "fullId": "http://purl.bioontology.org/ontology/MSH/D019258", "preferredName": "Saquinavir"}, {"semTypes": ["T999"], "to": "10693", "fro": "10683", "fullId": "http://purl.bioontology.org/ontology/MSH/D012293", "preferredName": "Rifampin"}, {"semTypes": ["T999"], "to": "9662", "fro": "9656", "fullId": "http://purl.bioontology.org/ontology/MSH/D015283", "preferredName": "Citalopram"}, {"semTypes": ["T109", "T195"], "to": "7296", "fro": "7289", "fullId": "http://purl.bioontology.org/ontology/MSH/D019438", "preferredName": "Ritonavir"}, {"semTypes": ["T109", "T121"], "to": "5822", "fro": "5810", "fullId": "http://purl.bioontology.org/ontology/RXNORM/202421", "preferredName": "Coumadin"}, {"semTypes": ["T109", "T195"], "to": "6675", "fro": "6662", "fullId": "http://purl.bioontology.org/ontology/RXNORM/9384", "preferredName": "Rifampin"}, {"semTypes": ["T121", "T109"], "to": "5962", "fro": "5952", "fullId": "http://purl.bioontology.org/ontology/MSH/D009254", "preferredName": "Nafcillin"}, {"semTypes": ["T121", "T109"], "to": "6821", "fro": "6813", "fullId": "http://purl.bioontology.org/ontology/RXNORM/75207", "preferredName": "bosentan"}, {"semTypes": ["T999"], "to": "5988", "fro": "5978", "fullId": "http://purl.bioontology.org/ontology/RXNORM/8183", "preferredName": "Phenytoin"}, {"semTypes": ["T109", "T121"], "to": "10183", "fro": "10170", "fullId": "http://purl.bioontology.org/ontology/RXNORM/475969", "preferredName": "etravirine"}, {"semTypes": ["T121", "T109"], "to": "7260", "fro": "7252", "fullId": "http://purl.bioontology.org/ontology/RXNORM/202421", "preferredName": "Coumadin"}, {"semTypes": ["T999"], "to": "6772", "fro": "6763", "fullId": "http://purl.bioontology.org/ontology/RXNORM/11289", "preferredName": "Warfarin"}, {"semTypes": ["T109", "T121"], "to": "5869", "fro": "5859", "fullId": "http://purl.bioontology.org/ontology/RXNORM/11289", "preferredName": "Warfarin"}, {"semTypes": ["T999"], "to": "12699", "fro": "12690", "fullId": "http://purl.bioontology.org/ontology/MSH/C074619", "preferredName": "bivalirudin"}, {"semTypes": ["T110", "T125", "T121"], "to": "5234", "fro": "5224", "fullId": "http://purl.bioontology.org/ontology/MSH/D013988", "preferredName": "Ticlopidine"}, {"semTypes": ["T121", "T109"], "to": "5209", "fro": "5197", "fullId": "http://purl.bioontology.org/ontology/RXNORM/475969", "preferredName": "etravirine"}, {"semTypes": ["T109", "T121"], "to": "5168", "fro": "5158", "fullId": "http://purl.bioontology.org/ontology/MSH/D019438", "preferredName": "Ritonavir"}, {"semTypes": ["T999"], "to": "6998", "fro": "6989", "fullId": "http://purl.bioontology.org/ontology/RXNORM/10594", "preferredName": "Ticlopidine"}, {"semTypes": ["T999"], "to": "9725", "fro": "9715", "fullId": "http://purl.bioontology.org/ontology/MSH/D016666", "preferredName": "Fluvoxamine"}, {"semTypes": ["T109", "T121"], "to": "10144", "fro": "10133", "fullId": "http://purl.bioontology.org/ontology/RXNORM/475969", "preferredName": "etravirine"}, {"semTypes": ["T999"], "to": "5250", "fro": "5237", "fullId": "http://purl.bioontology.org/ontology/MSH/C048833", "preferredName": "modafinil"}, {"semTypes": ["T999"], "to": "6193", "fro": "6185", "fullId": "http://purl.bioontology.org/ontology/RXNORM/202421", "preferredName": "Coumadin"}, {"semTypes": ["T109", "T121"], "to": "5290", "fro": "5280", "fullId": "http://purl.bioontology.org/ontology/RXNORM/10450", "preferredName": "Thiabendazole"}, {"semTypes": ["T999"], "to": "10680", "fro": "10671", "fullId": "http://purl.bioontology.org/ontology/RXNORM/475969", "preferredName": "etravirine"}, {"semTypes": ["T109", "T121", "T131"], "to": "2814", "fro": "2807", "fullId": "http://purl.bioontology.org/ontology/MSH/D014859", "preferredName": "Warfarin"}, {"semTypes": ["T999"], "to": "9701", "fro": "9690", "fullId": "http://purl.bioontology.org/ontology/RXNORM/6142", "preferredName": "Ketoprofen"}, {"semTypes": ["T116", "T121"], "to": "9268", "fro": "9259", "fullId": "http://purl.bioontology.org/ontology/RXNORM/228656", "preferredName": "Amprenavir"}, {"semTypes": ["T999"], "to": "5882", "fro": "5872", "fullId": "http://purl.bioontology.org/ontology/MSH/D002927", "preferredName": "Cimetidine"}, {"semTypes": ["T999"], "to": "6963", "fro": "6954", "fullId": "http://purl.bioontology.org/ontology/MSH/C451734", "preferredName": "etravirine"}, {"semTypes": ["T999"], "to": "7039", "fro": "7028", "fullId": "http://purl.bioontology.org/ontology/MSH/C114556", "preferredName": "aprepitant"}, {"semTypes": ["T109", "T121", "T123"], "to": "5882", "fro": "5872", "fullId": "http://purl.bioontology.org/ontology/MSH/D015283", "preferredName": "Citalopram"}, {"semTypes": ["T999"], "to": "7249", "fro": "7241", "fullId": "http://purl.bioontology.org/ontology/RXNORM/21107", "preferredName": "cilostazol"}, {"semTypes": ["T999"], "to": "6733", "fro": "6725", "fullId": "http://purl.bioontology.org/ontology/MSH/C097613", "preferredName": "imatinib"}, {"semTypes": ["T999"], "to": "7286", "fro": "7277", "fullId": "http://purl.bioontology.org/ontology/MSH/D002927", "preferredName": "Cimetidine"}, {"semTypes": ["T109", "T121"], "to": "5795", "fro": "5788", "fullId": "http://purl.bioontology.org/ontology/MSH/D002939", "preferredName": "Ciprofloxacin"}, {"semTypes": ["T999"], "to": "9313", "fro": "9307", "fullId": "http://purl.bioontology.org/ontology/MSH/C048833", "preferredName": "modafinil"}, {"semTypes": ["T109", "T121"], "to": "6143", "fro": "6133", "fullId": "http://purl.bioontology.org/ontology/RXNORM/121243", "preferredName": "voriconazole"}, {"semTypes": ["T109", "T121"], "to": "7227", "fro": "7218", "fullId": "http://purl.bioontology.org/ontology/RXNORM/202421", "preferredName": "Coumadin"}, {"semTypes": ["T121", "T109"], "to": "9674", "fro": "9665", "fullId": "http://purl.bioontology.org/ontology/MSH/D016666", "preferredName": "Fluvoxamine"}, {"semTypes": ["T999"], "to": "6532", "fro": "6523", "fullId": "http://purl.bioontology.org/ontology/MSH/D016293", "preferredName": "Moricizine"}, {"semTypes": ["T109", "T121"], "to": "10705", "fro": "10696", "fullId": "http://purl.bioontology.org/ontology/MSH/C451734", "preferredName": "etravirine"}, {"semTypes": ["T999"], "to": "6037", "fro": "6030", "fullId": "http://purl.bioontology.org/ontology/RXNORM/202421", "preferredName": "Coumadin"}, {"semTypes": ["T999"], "to": "12267", "fro": "12262", "fullId": "http://purl.bioontology.org/ontology/RXNORM/32968", "preferredName": "clopidogrel"}, {"semTypes": ["T121", "T109"], "to": "204", "fro": "197", "fullId": "http://purl.bioontology.org/ontology/MSH/D014859", "preferredName": "Warfarin"}, {"semTypes": ["T109", "T121", "T131"], "to": "2986", "fro": "2979", "fullId": "http://purl.bioontology.org/ontology/MSH/D014859", "preferredName": "Warfarin"}, {"semTypes": ["T999"], "to": "10643", "fro": "10633", "fullId": "http://purl.bioontology.org/ontology/RXNORM/11289", "preferredName": "Warfarin"}, {"semTypes": ["T121", "T109"], "to": "10225", "fro": "10218", "fullId": "http://purl.bioontology.org/ontology/MSH/C451734", "preferredName": "etravirine"}, {"semTypes": ["T999"], "to": "6594", "fro": "6583", "fullId": "http://purl.bioontology.org/ontology/MSH/C095108", "preferredName": "amprenavir"}, {"semTypes": ["T109", "T121"], "to": "5114", "fro": "5105", "fullId": "http://purl.bioontology.org/ontology/RXNORM/202421", "preferredName": "Coumadin"}, {"semTypes": ["T109", "T121"], "to": "6951", "fro": "6940", "fullId": "http://purl.bioontology.org/ontology/MSH/C060225", "preferredName": "desirudin"}, {"semTypes": ["T121", "T109"], "to": "6568", "fro": "6559", "fullId": "http://purl.bioontology.org/ontology/RXNORM/85762", "preferredName": "Ritonavir"}, {"semTypes": ["T121", "T109"], "to": "10193", "fro": "10186", "fullId": "http://purl.bioontology.org/ontology/MSH/D010634", "preferredName": "Phenobarbital"}, {"semTypes": ["T121", "T109"], "to": "10156", "fro": "10147", "fullId": "http://purl.bioontology.org/ontology/RXNORM/121243", "preferredName": "voriconazole"}, {"semTypes": ["T999"], "to": "5834", "fro": "5825", "fullId": "http://purl.bioontology.org/ontology/MSH/D010634", "preferredName": "Phenobarbital"}, {"semTypes": ["T121", "T109"], "to": "6556", "fro": "6547", "fullId": "http://purl.bioontology.org/ontology/RXNORM/40575", "preferredName": "zileuton"}, {"semTypes": ["T999"], "to": "5143", "fro": "5131", "fullId": "http://purl.bioontology.org/ontology/RXNORM/83367", "preferredName": "atorvastatin"}, {"semTypes": ["T999"], "to": "5155", "fro": "5146", "fullId": "http://purl.bioontology.org/ontology/RXNORM/42355", "preferredName": "Fluvoxamine"}, {"semTypes": ["T999"], "to": "7260", "fro": "7252", "fullId": "http://purl.bioontology.org/ontology/RXNORM/42355", "preferredName": "Fluvoxamine"}, {"semTypes": ["T109", "T121", "T131"], "to": "2521", "fro": "2514", "fullId": "http://purl.bioontology.org/ontology/MSH/D014859", "preferredName": "Warfarin"}, {"semTypes": ["T999"], "to": "7238", "fro": "7230", "fullId": "http://purl.bioontology.org/ontology/MSH/D019438", "preferredName": "Ritonavir"}, {"semTypes": ["T109", "T121"], "to": "6733", "fro": "6725", "fullId": "http://purl.bioontology.org/ontology/RXNORM/321988", "preferredName": "Escitalopram"}, {"semTypes": ["T999"], "to": "6606", "fro": "6597", "fullId": "http://purl.bioontology.org/ontology/MSH/D010634", "preferredName": "Phenobarbital"}, {"semTypes": ["T121", "T109"], "to": "10083", "fro": "10075", "fullId": "http://purl.bioontology.org/ontology/RXNORM/31565", "preferredName": "nefazodone"}, {"semTypes": ["T999"], "to": "10107", "fro": "10098", "fullId": "http://purl.bioontology.org/ontology/MSH/C102790", "preferredName": "voriconazole"}, {"semTypes": ["T121", "T109"], "to": "6620", "fro": "6609", "fullId": "http://purl.bioontology.org/ontology/MSH/D013988", "preferredName": "Ticlopidine"}, {"semTypes": ["T121", "T109"], "to": "6916", "fro": "6908", "fullId": "http://purl.bioontology.org/ontology/MSH/D010672", "preferredName": "Phenytoin"}, {"semTypes": ["T999"], "to": "6893", "fro": "6884", "fullId": "http://purl.bioontology.org/ontology/MSH/D002927", "preferredName": "Cimetidine"}, {"semTypes": ["T999"], "to": "1393", "fro": "1386", "fullId": "http://purl.bioontology.org/ontology/MSH/D014859", "preferredName": "Warfarin"}, {"semTypes": ["T999"], "to": "5277", "fro": "5266", "fullId": "http://purl.bioontology.org/ontology/RXNORM/85762", "preferredName": "Ritonavir"}, {"semTypes": ["T999"], "to": "6620", "fro": "6609", "fullId": "http://purl.bioontology.org/ontology/MSH/D013988", "preferredName": "Ticlopidine"}, {"semTypes": ["T999"], "to": "5128", "fro": "5117", "fullId": "http://purl.bioontology.org/ontology/MSH/D015725", "preferredName": "Fluconazole"}, {"semTypes": ["T999"], "to": "10193", "fro": "10186", "fullId": "http://purl.bioontology.org/ontology/MSH/D002220", "preferredName": "Carbamazepine"}, {"semTypes": ["T121", "T109"], "to": "10693", "fro": "10683", "fullId": "http://purl.bioontology.org/ontology/RXNORM/9384", "preferredName": "Rifampin"}, {"semTypes": ["T999"], "to": "7215", "fro": "7207", "fullId": "http://purl.bioontology.org/ontology/RXNORM/228656", "preferredName": "Amprenavir"}, {"semTypes": ["T121", "T127", "T119"], "to": "310", "fro": "302", "fullId": "http://purl.bioontology.org/ontology/RXNORM/41127", "preferredName": "fluvastatin"}, {"semTypes": ["T999"], "to": "10204", "fro": "10196", "fullId": "http://purl.bioontology.org/ontology/MSH/C086232", "preferredName": "bosentan"}, {"semTypes": ["T109", "T121"], "to": "5194", "fro": "5184", "fullId": "http://purl.bioontology.org/ontology/RXNORM/11289", "preferredName": "Warfarin"}, {"semTypes": ["T121", "T109"], "to": "1595", "fro": "1588", "fullId": "http://purl.bioontology.org/ontology/MSH/D014859", "preferredName": "Warfarin"}, {"semTypes": ["T999"], "to": "7189", "fro": "7182", "fullId": "http://purl.bioontology.org/ontology/RXNORM/42355", "preferredName": "Fluvoxamine"}, {"semTypes": ["T999"], "to": "6016", "fro": "6006", "fullId": "http://purl.bioontology.org/ontology/MSH/D016666", "preferredName": "Fluvoxamine"}, {"semTypes": ["T999"], "to": "10130", "fro": "10122", "fullId": "http://purl.bioontology.org/ontology/RXNORM/703", "preferredName": "Amiodarone"}, {"semTypes": ["T116", "T121"], "to": "9304", "fro": "9296", "fullId": "http://purl.bioontology.org/ontology/MSH/C086232", "preferredName": "bosentan"}, {"semTypes": ["T999"], "to": "5263", "fro": "5253", "fullId": "http://purl.bioontology.org/ontology/RXNORM/4493", "preferredName": "Fluoxetine"}, {"semTypes": ["T121", "T109"], "to": "5988", "fro": "5978", "fullId": "http://purl.bioontology.org/ontology/MSH/D015725", "preferredName": "Fluconazole"}, {"semTypes": ["T109", "T121"], "to": "5907", "fro": "5897", "fullId": "http://purl.bioontology.org/ontology/MSH/D008795", "preferredName": "Metronidazole"}, {"semTypes": ["T999"], "to": "7296", "fro": "7289", "fullId": "http://purl.bioontology.org/ontology/RXNORM/202421", "preferredName": "Coumadin"}, {"semTypes": ["T999"], "to": "6701", "fro": "6690", "fullId": "http://purl.bioontology.org/ontology/RXNORM/5640", "preferredName": "Ibuprofen"}, {"semTypes": ["T109", "T121"], "to": "6182", "fro": "6170", "fullId": "http://purl.bioontology.org/ontology/MSH/D019438", "preferredName": "Ritonavir"}, {"semTypes": ["T121", "T109"], "to": "9701", "fro": "9690", "fullId": "http://purl.bioontology.org/ontology/MSH/C095108", "preferredName": "amprenavir"}, {"semTypes": ["T999"], "to": "5209", "fro": "5197", "fullId": "http://purl.bioontology.org/ontology/MSH/D000638", "preferredName": "Amiodarone"}, {"semTypes": ["T999"], "to": "6027", "fro": "6019", "fullId": "http://purl.bioontology.org/ontology/MSH/C110904", "preferredName": "capecitabine"}, {"semTypes": ["T109", "T121"], "to": "6860", "fro": "6849", "fullId": "http://purl.bioontology.org/ontology/MSH/D010634", "preferredName": "Phenobarbital"}, {"semTypes": ["T999"], "to": "2947", "fro": "2940", "fullId": "http://purl.bioontology.org/ontology/MSH/D014859", "preferredName": "Warfarin"}, {"semTypes": ["T109", "T121", "T131"], "to": "11301", "fro": "11294", "fullId": "http://purl.bioontology.org/ontology/MSH/D014859", "preferredName": "Warfarin"}, {"semTypes": ["T999"], "to": "7227", "fro": "7218", "fullId": "http://purl.bioontology.org/ontology/MSH/D016666", "preferredName": "Fluvoxamine"}, {"semTypes": ["T999"], "to": "2775", "fro": "2768", "fullId": "http://purl.bioontology.org/ontology/MSH/D014859", "preferredName": "Warfarin"}, {"semTypes": ["T121", "T109"], "to": "6167", "fro": "6158", "fullId": "http://purl.bioontology.org/ontology/MSH/D005473", "preferredName": "Fluoxetine"}, {"semTypes": ["T121", "T109"], "to": "6963", "fro": "6954", "fullId": "http://purl.bioontology.org/ontology/RXNORM/41127", "preferredName": "fluvastatin"}, {"semTypes": ["T114", "T121"], "to": "5772", "fro": "5764", "fullId": "http://purl.bioontology.org/ontology/RXNORM/2551", "preferredName": "Ciprofloxacin"}, {"semTypes": ["T999"], "to": "9293", "fro": "9283", "fullId": "http://purl.bioontology.org/ontology/MSH/C063449", "preferredName": "zileuton"}, {"semTypes": ["T121", "T109"], "to": "6027", "fro": "6019", "fullId": "http://purl.bioontology.org/ontology/MSH/C102790", "preferredName": "voriconazole"}, {"semTypes": ["T999"], "to": "5785", "fro": "5775", "fullId": "http://purl.bioontology.org/ontology/MSH/D015725", "preferredName": "Fluconazole"}, {"semTypes": ["T999"], "to": "6659", "fro": "6647", "fullId": "http://purl.bioontology.org/ontology/RXNORM/202421", "preferredName": "Coumadin"}, {"semTypes": ["T121", "T109"], "to": "5785", "fro": "5775", "fullId": "http://purl.bioontology.org/ontology/MSH/D002939", "preferredName": "Ciprofloxacin"}, {"semTypes": ["T999"], "to": "10656", "fro": "10646", "fullId": "http://purl.bioontology.org/ontology/MSH/D061466", "preferredName": "Lopinavir"}, {"semTypes": ["T109", "T121"], "to": "6544", "fro": "6535", "fullId": "http://purl.bioontology.org/ontology/MSH/C114556", "preferredName": "aprepitant"}, {"semTypes": ["T999"], "to": "6951", "fro": "6940", "fullId": "http://purl.bioontology.org/ontology/MSH/C095108", "preferredName": "amprenavir"}, {"semTypes": ["T121", "T109"], "to": "6594", "fro": "6583", "fullId": "http://purl.bioontology.org/ontology/RXNORM/8183", "preferredName": "Phenytoin"}, {"semTypes": ["T999"], "to": "86", "fro": "79", "fullId": "http://purl.bioontology.org/ontology/MSH/D014859", "preferredName": "Warfarin"}, {"semTypes": ["T999"], "to": "10604", "fro": "10595", "fullId": "http://purl.bioontology.org/ontology/RXNORM/2002", "preferredName": "Carbamazepine"}, {"semTypes": ["T999"], "to": "10095", "fro": "10086", "fullId": "http://purl.bioontology.org/ontology/RXNORM/2002", "preferredName": "Carbamazepine"}, {"semTypes": ["T999"], "to": "6785", "fro": "6775", "fullId": "http://purl.bioontology.org/ontology/RXNORM/11289", "preferredName": "Warfarin"}, {"semTypes": ["T121", "T109"], "to": "10215", "fro": "10207", "fullId": "http://purl.bioontology.org/ontology/MSH/D010672", "preferredName": "Phenytoin"}, {"semTypes": ["T999"], "to": "5445", "fro": "5438", "fullId": "http://purl.bioontology.org/ontology/RXNORM/11289", "preferredName": "Warfarin"}, {"semTypes": ["T999"], "to": "6644", "fro": "6635", "fullId": "http://purl.bioontology.org/ontology/RXNORM/358255", "preferredName": "aprepitant"}, {"semTypes": ["T999"], "to": "2521", "fro": "2514", "fullId": "http://purl.bioontology.org/ontology/MSH/D014859", "preferredName": "Warfarin"}, {"semTypes": ["T999"], "to": "6747", "fro": "6736", "fullId": "http://purl.bioontology.org/ontology/MSH/C063449", "preferredName": "zileuton"}, {"semTypes": ["T121", "T109"], "to": "10618", "fro": "10607", "fullId": "http://purl.bioontology.org/ontology/RXNORM/228656", "preferredName": "Amprenavir"}, {"semTypes": ["T121", "T109"], "to": "6998", "fro": "6989", "fullId": "http://purl.bioontology.org/ontology/RXNORM/2002", "preferredName": "Carbamazepine"}, {"semTypes": ["T999"], "to": "10167", "fro": "10159", "fullId": "http://purl.bioontology.org/ontology/RXNORM/4493", "preferredName": "Fluoxetine"}, {"semTypes": ["T109", "T121"], "to": "6832", "fro": "6824", "fullId": "http://purl.bioontology.org/ontology/RXNORM/4450", "preferredName": "Fluconazole"}, {"semTypes": ["T999"], "to": "2814", "fro": "2807", "fullId": "http://purl.bioontology.org/ontology/MSH/D014859", "preferredName": "Warfarin"}, {"semTypes": ["T109", "T195"], "to": "5445", "fro": "5438", "fullId": "http://purl.bioontology.org/ontology/RXNORM/202421", "preferredName": "Coumadin"}, {"semTypes": ["T999"], "to": "11429", "fro": "11422", "fullId": "http://purl.bioontology.org/ontology/MSH/D014859", "preferredName": "Warfarin"}, {"semTypes": ["T999"], "to": "12561", "fro": "12555", "fullId": "http://purl.bioontology.org/ontology/MSH/C074619", "preferredName": "bivalirudin"}, {"semTypes": ["T121", "T109"], "to": "5844", "fro": "5837", "fullId": "http://purl.bioontology.org/ontology/MSH/D002220", "preferredName": "Carbamazepine"}, {"semTypes": ["T999"], "to": "12514", "fro": "12507", "fullId": "http://purl.bioontology.org/ontology/MSH/D014859", "preferredName": "Warfarin"}, {"semTypes": ["T999"], "to": "6916", "fro": "6908", "fullId": "http://purl.bioontology.org/ontology/RXNORM/83367", "preferredName": "atorvastatin"}, {"semTypes": ["T121", "T125", "T110"], "to": "7286", "fro": "7277", "fullId": "http://purl.bioontology.org/ontology/MSH/D005473", "preferredName": "Fluoxetine"}, {"semTypes": ["T999"], "to": "11301", "fro": "11294", "fullId": "http://purl.bioontology.org/ontology/MSH/D014859", "preferredName": "Warfarin"}, {"semTypes": ["T116", "T121"], "to": "6701", "fro": "6690", "fullId": "http://purl.bioontology.org/ontology/MSH/D000638", "preferredName": "Amiodarone"}, {"semTypes": ["T109", "T121", "T131"], "to": "2449", "fro": "2442", "fullId": "http://purl.bioontology.org/ontology/MSH/D014859", "preferredName": "Warfarin"}, {"semTypes": ["T121", "T109"], "to": "10107", "fro": "10098", "fullId": "http://purl.bioontology.org/ontology/RXNORM/75207", "preferredName": "bosentan"}, {"semTypes": ["T999"], "to": "11929", "fro": "11922", "fullId": "http://purl.bioontology.org/ontology/MSH/D014859", "preferredName": "Warfarin"}, {"semTypes": ["T999"], "to": "5822", "fro": "5810", "fullId": "http://purl.bioontology.org/ontology/MSH/C114556", "preferredName": "aprepitant"}, {"semTypes": ["T999"], "to": "1595", "fro": "1588", "fullId": "http://purl.bioontology.org/ontology/MSH/D014859", "preferredName": "Warfarin"}, {"semTypes": ["T116", "T121"], "to": "9293", "fro": "9283", "fullId": "http://purl.bioontology.org/ontology/RXNORM/3355", "preferredName": "Diclofenac"}, {"semTypes": ["T121", "T109"], "to": "7274", "fro": "7263", "fullId": "http://purl.bioontology.org/ontology/RXNORM/40575", "preferredName": "zileuton"}, {"semTypes": ["T109", "T121"], "to": "9662", "fro": "9656", "fullId": "http://purl.bioontology.org/ontology/RXNORM/703", "preferredName": "Amiodarone"}, {"semTypes": ["T109", "T121"], "to": "5181", "fro": "5171", "fullId": "http://purl.bioontology.org/ontology/MSH/C063449", "preferredName": "zileuton"}, {"semTypes": ["T999"], "to": "2100", "fro": "2093", "fullId": "http://purl.bioontology.org/ontology/MSH/D014859", "preferredName": "Warfarin"}, {"semTypes": ["T121", "T109"], "to": "6712", "fro": "6704", "fullId": "http://purl.bioontology.org/ontology/RXNORM/10594", "preferredName": "Ticlopidine"}, {"semTypes": ["T999"], "to": "11145", "fro": "11138", "fullId": "http://purl.bioontology.org/ontology/MSH/D014859", "preferredName": "Warfarin"}, {"semTypes": ["T999"], "to": "6167", "fro": "6158", "fullId": "http://purl.bioontology.org/ontology/MSH/D016293", "preferredName": "Moricizine"}, {"semTypes": ["T999"], "to": "12616", "fro": "12609", "fullId": "http://purl.bioontology.org/ontology/MSH/D014859", "preferredName": "Warfarin"}, {"semTypes": ["T999"], "to": "472", "fro": "465", "fullId": "http://purl.bioontology.org/ontology/MSH/D014859", "preferredName": "Warfarin"}, {"semTypes": ["T121", "T109"], "to": "2100", "fro": "2093", "fullId": "http://purl.bioontology.org/ontology/MSH/D014859", "preferredName": "Warfarin"}, {"semTypes": ["T999"], "to": "7920", "fro": "7913", "fullId": "http://purl.bioontology.org/ontology/MSH/D014859", "preferredName": "Warfarin"}, {"semTypes": ["T999"], "to": "10705", "fro": "10696", "fullId": "http://purl.bioontology.org/ontology/MSH/C045645", "preferredName": "cilostazol"}, {"semTypes": ["T121", "T109"], "to": "6016", "fro": "6006", "fullId": "http://purl.bioontology.org/ontology/RXNORM/358255", "preferredName": "aprepitant"}, {"semTypes": ["T999"], "to": "2449", "fro": "2442", "fullId": "http://purl.bioontology.org/ontology/MSH/D014859", "preferredName": "Warfarin"}, {"semTypes": ["T109", "T121"], "to": "10095", "fro": "10086", "fullId": "http://purl.bioontology.org/ontology/MSH/D012293", "preferredName": "Rifampin"}, {"semTypes": ["T999"], "to": "9712", "fro": "9704", "fullId": "http://purl.bioontology.org/ontology/MSH/D009643", "preferredName": "Norfloxacin"}, {"semTypes": ["T999"], "to": "3807", "fro": "3800", "fullId": "http://purl.bioontology.org/ontology/MSH/D014859", "preferredName": "Warfarin"}, {"semTypes": ["T999"], "to": "5221", "fro": "5212", "fullId": "http://purl.bioontology.org/ontology/MSH/D012293", "preferredName": "Rifampin"}, {"semTypes": ["T999"], "to": "6712", "fro": "6704", "fullId": "http://purl.bioontology.org/ontology/MSH/D015283", "preferredName": "Citalopram"}, {"semTypes": ["T999"], "to": "1101", "fro": "1094", "fullId": "http://purl.bioontology.org/ontology/MSH/D014859", "preferredName": "Warfarin"}, {"semTypes": ["T109", "T195"], "to": "7249", "fro": "7241", "fullId": "http://purl.bioontology.org/ontology/MSH/D011405", "preferredName": "Propafenone"}, {"semTypes": ["T999"], "to": "6632", "fro": "6623", "fullId": "http://purl.bioontology.org/ontology/RXNORM/202421", "preferredName": "Coumadin"}, {"semTypes": ["T195", "T109"], "to": "7013", "fro": "7001", "fullId": "http://purl.bioontology.org/ontology/MSH/D002220", "preferredName": "Carbamazepine"}, {"semTypes": ["T999"], "to": "204", "fro": "197", "fullId": "http://purl.bioontology.org/ontology/MSH/D014859", "preferredName": "Warfarin"}, {"semTypes": ["T999"], "to": "6687", "fro": "6678", "fullId": "http://purl.bioontology.org/ontology/RXNORM/21107", "preferredName": "cilostazol"}, {"semTypes": ["T999"], "to": "12448", "fro": "12441", "fullId": "http://purl.bioontology.org/ontology/MSH/D014859", "preferredName": "Warfarin"}, {"semTypes": ["T999"], "to": "6986", "fro": "6978", "fullId": "http://purl.bioontology.org/ontology/RXNORM/11289", "preferredName": "Warfarin"}, {"semTypes": ["T999"], "to": "5194", "fro": "5184", "fullId": "http://purl.bioontology.org/ontology/RXNORM/11289", "preferredName": "Warfarin"}, {"semTypes": ["T109", "T121"], "to": "10643", "fro": "10633", "fullId": "http://purl.bioontology.org/ontology/RXNORM/11289", "preferredName": "Warfarin"}, {"semTypes": ["T121", "T109"], "to": "6606", "fro": "6597", "fullId": "http://purl.bioontology.org/ontology/MSH/D013988", "preferredName": "Ticlopidine"}, {"semTypes": ["T118", "T121", "T123"], "to": "9313", "fro": "9307", "fullId": "http://purl.bioontology.org/ontology/RXNORM/121243", "preferredName": "voriconazole"}, {"semTypes": ["T999"], "to": "11785", "fro": "11778", "fullId": "http://purl.bioontology.org/ontology/MSH/D014859", "preferredName": "Warfarin"}, {"semTypes": ["T999"], "to": "7204", "fro": "7192", "fullId": "http://purl.bioontology.org/ontology/RXNORM/42355", "preferredName": "Fluvoxamine"}, {"semTypes": ["T109", "T121"], "to": "6905", "fro": "6896", "fullId": "http://purl.bioontology.org/ontology/MSH/D011405", "preferredName": "Propafenone"}, {"semTypes": ["T121", "T109"], "to": "10130", "fro": "10122", "fullId": "http://purl.bioontology.org/ontology/RXNORM/10594", "preferredName": "Ticlopidine"}, {"semTypes": ["T109", "T121"], "to": "6772", "fro": "6763", "fullId": "http://purl.bioontology.org/ontology/RXNORM/202421", "preferredName": "Coumadin"}, {"semTypes": ["T999"], "to": "7025", "fro": "7016", "fullId": "http://purl.bioontology.org/ontology/MSH/D015725", "preferredName": "Fluconazole"}, {"semTypes": ["T999"], "to": "1524", "fro": "1517", "fullId": "http://purl.bioontology.org/ontology/MSH/D014859", "preferredName": "Warfarin"}, {"semTypes": ["T109", "T121"], "to": "6037", "fro": "6030", "fullId": "http://purl.bioontology.org/ontology/RXNORM/202421", "preferredName": "Coumadin"}, {"semTypes": ["T999"], "to": "7308", "fro": "7299", "fullId": "http://purl.bioontology.org/ontology/RXNORM/2541", "preferredName": "Cimetidine"}, {"semTypes": ["T999"], "to": "10183", "fro": "10170", "fullId": "http://purl.bioontology.org/ontology/RXNORM/7646", "preferredName": "Omeprazole"}, {"semTypes": ["T109", "T121", "T131"], "to": "3807", "fro": "3800", "fullId": "http://purl.bioontology.org/ontology/MSH/D014859", "preferredName": "Warfarin"}, {"semTypes": ["T999"], "to": "2986", "fro": "2979", "fullId": "http://purl.bioontology.org/ontology/MSH/D014859", "preferredName": "Warfarin"}, {"semTypes": ["T121", "T109"], "to": "11785", "fro": "11778", "fullId": "http://purl.bioontology.org/ontology/MSH/D014859", "preferredName": "Warfarin"}, {"semTypes": ["T121", "T109"], "to": "7179", "fro": "7170", "fullId": "http://purl.bioontology.org/ontology/RXNORM/11289", "preferredName": "Warfarin"}, {"semTypes": ["T999"], "to": "7274", "fro": "7263", "fullId": "http://purl.bioontology.org/ontology/RXNORM/10450", "preferredName": "Thiabendazole"}, {"semTypes": ["T109", "T121"], "to": "7204", "fro": "7192", "fullId": "http://purl.bioontology.org/ontology/RXNORM/202421", "preferredName": "Coumadin"}, {"semTypes": ["T109", "T121"], "to": "10680", "fro": "10671", "fullId": "http://purl.bioontology.org/ontology/MSH/C451734", "preferredName": "etravirine"}, {"semTypes": ["T109", "T121", "T131"], "to": "2947", "fro": "2940", "fullId": "http://purl.bioontology.org/ontology/MSH/D014859", "preferredName": "Warfarin"}, {"semTypes": ["T999"], "to": "7013", "fro": "7001", "fullId": "http://purl.bioontology.org/ontology/MSH/D009254", "preferredName": "Nafcillin"}, {"semTypes": ["T999"], "to": "10630", "fro": "10621", "fullId": "http://purl.bioontology.org/ontology/MSH/C114556", "preferredName": "aprepitant"}, {"semTypes": ["T109", "T121", "T131"], "to": "11429", "fro": "11422", "fullId": "http://purl.bioontology.org/ontology/MSH/D014859", "preferredName": "Warfarin"}, {"semTypes": ["T999"], "to": "6810", "fro": "6803", "fullId": "http://purl.bioontology.org/ontology/RXNORM/21107", "preferredName": "cilostazol"}, {"semTypes": ["T109", "T121"], "to": "6810", "fro": "6803", "fullId": "http://purl.bioontology.org/ontology/MSH/D019258", "preferredName": "Saquinavir"}, {"semTypes": ["T999"], "to": "10215", "fro": "10207", "fullId": "http://purl.bioontology.org/ontology/RXNORM/75207", "preferredName": "bosentan"}, {"semTypes": ["T999"], "to": "9324", "fro": "9316", "fullId": "http://purl.bioontology.org/ontology/MSH/D002939", "preferredName": "Ciprofloxacin"}, {"semTypes": ["T109", "T121", "T131"], "to": "7920", "fro": "7913", "fullId": "http://purl.bioontology.org/ontology/MSH/D014859", "preferredName": "Warfarin"}, {"semTypes": ["T121", "T109"], "to": "10167", "fro": "10159", "fullId": "http://purl.bioontology.org/ontology/MSH/C048833", "preferredName": "modafinil"}, {"semTypes": ["T121", "T109"], "to": "5395", "fro": "5386", "fullId": "http://purl.bioontology.org/ontology/RXNORM/11289", "preferredName": "Warfarin"}, {"semTypes": ["T109", "T121"], "to": "5155", "fro": "5146", "fullId": "http://purl.bioontology.org/ontology/RXNORM/202421", "preferredName": "Coumadin"}, {"semTypes": ["T109", "T121"], "to": "5420", "fro": "5408", "fullId": "http://purl.bioontology.org/ontology/RXNORM/42355", "preferredName": "Fluvoxamine"}, {"semTypes": ["T109", "T121", "T131"], "to": "1524", "fro": "1517", "fullId": "http://purl.bioontology.org/ontology/MSH/D014859", "preferredName": "Warfarin"}, {"semTypes": ["T999"], "to": "5949", "fro": "5931", "fullId": "http://purl.bioontology.org/ontology/RXNORM/32968", "preferredName": "clopidogrel"}, {"semTypes": ["T121", "T109"], "to": "12514", "fro": "12507", "fullId": "http://purl.bioontology.org/ontology/MSH/D014859", "preferredName": "Warfarin"}, {"semTypes": ["T999"], "to": "9674", "fro": "9665", "fullId": "http://purl.bioontology.org/ontology/MSH/D016666", "preferredName": "Fluvoxamine"}, {"semTypes": ["T999"], "to": "6881", "fro": "6873", "fullId": "http://purl.bioontology.org/ontology/RXNORM/11289", "preferredName": "Warfarin"}, {"semTypes": ["T116", "T121"], "to": "9324", "fro": "9316", "fullId": "http://purl.bioontology.org/ontology/MSH/C095108", "preferredName": "amprenavir"}, {"semTypes": ["T121", "T109"], "to": "6644", "fro": "6635", "fullId": "http://purl.bioontology.org/ontology/RXNORM/202421", "preferredName": "Coumadin"}, {"semTypes": ["T121", "T109"], "to": "10604", "fro": "10595", "fullId": "http://purl.bioontology.org/ontology/RXNORM/2551", "preferredName": "Ciprofloxacin"}, {"semTypes": ["T121", "T109"], "to": "6687", "fro": "6678", "fullId": "http://purl.bioontology.org/ontology/RXNORM/4450", "preferredName": "Fluconazole"}, {"semTypes": ["T109", "T121"], "to": "5405", "fro": "5398", "fullId": "http://purl.bioontology.org/ontology/RXNORM/85762", "preferredName": "Ritonavir"}, {"semTypes": ["T999"], "to": "7179", "fro": "7170", "fullId": "http://purl.bioontology.org/ontology/RXNORM/11289", "preferredName": "Warfarin"}, {"semTypes": ["T109", "T121"], "to": "6893", "fro": "6884", "fullId": "http://purl.bioontology.org/ontology/RXNORM/121243", "preferredName": "voriconazole"}, {"semTypes": ["T109", "T121"], "to": "10204", "fro": "10196", "fullId": "http://purl.bioontology.org/ontology/MSH/C110904", "preferredName": "capecitabine"}, {"semTypes": ["T999"], "to": "5234", "fro": "5224", "fullId": "http://purl.bioontology.org/ontology/RXNORM/40575", "preferredName": "zileuton"}, {"semTypes": ["T109", "T121"], "to": "6881", "fro": "6873", "fullId": "http://purl.bioontology.org/ontology/RXNORM/11289", "preferredName": "Warfarin"}, {"semTypes": ["T999"], "to": "6155", "fro": "6146", "fullId": "http://purl.bioontology.org/ontology/RXNORM/358255", "preferredName": "aprepitant"}, {"semTypes": ["T999"], "to": "5807", "fro": "5798", "fullId": "http://purl.bioontology.org/ontology/RXNORM/42355", "preferredName": "Fluvoxamine"}, {"semTypes": ["T999"], "to": "7856", "fro": "7849", "fullId": "http://purl.bioontology.org/ontology/MSH/D014859", "preferredName": "Warfarin"}, {"semTypes": ["T999"], "to": "10618", "fro": "10607", "fullId": "http://purl.bioontology.org/ontology/RXNORM/85762", "preferredName": "Ritonavir"}, {"semTypes": ["T121", "T109"], "to": "12448", "fro": "12441", "fullId": "http://purl.bioontology.org/ontology/MSH/D014859", "preferredName": "Warfarin"}, {"semTypes": ["T109", "T121"], "to": "6722", "fro": "6714", "fullId": "http://purl.bioontology.org/ontology/RXNORM/11289", "preferredName": "Warfarin"}, {"semTypes": ["T195", "T109"], "to": "5263", "fro": "5253", "fullId": "http://purl.bioontology.org/ontology/MSH/C045645", "preferredName": "cilostazol"}, {"semTypes": ["T999"], "to": "5869", "fro": "5859", "fullId": "http://purl.bioontology.org/ontology/RXNORM/11289", "preferredName": "Warfarin"}, {"semTypes": ["T121", "T109"], "to": "5250", "fro": "5237", "fullId": "http://purl.bioontology.org/ontology/MSH/C102790", "preferredName": "voriconazole"}, {"semTypes": ["T999"], "to": "5405", "fro": "5398", "fullId": "http://purl.bioontology.org/ontology/RXNORM/202421", "preferredName": "Coumadin"}, {"semTypes": ["T999"], "to": "5856", "fro": "5847", "fullId": "http://purl.bioontology.org/ontology/RXNORM/321988", "preferredName": "Escitalopram"}, {"semTypes": ["T109", "T121"], "to": "5435", "fro": "5423", "fullId": "http://purl.bioontology.org/ontology/RXNORM/202421", "preferredName": "Coumadin"}, {"semTypes": ["T109", "T121", "T131"], "to": "2775", "fro": "2768", "fullId": "http://purl.bioontology.org/ontology/MSH/D014859", "preferredName": "Warfarin"}, {"semTypes": ["T999"], "to": "7167", "fro": "7158", "fullId": "http://purl.bioontology.org/ontology/RXNORM/85762", "preferredName": "Ritonavir"}, {"semTypes": ["T121", "T109"], "to": "6193", "fro": "6185", "fullId": "http://purl.bioontology.org/ontology/MSH/D016666", "preferredName": "Fluvoxamine"}, {"semTypes": ["T109", "T121"], "to": "10119", "fro": "10110", "fullId": "http://purl.bioontology.org/ontology/RXNORM/9384", "preferredName": "Rifampin"}, {"semTypes": ["T999"], "to": "5395", "fro": "5386", "fullId": "http://purl.bioontology.org/ontology/RXNORM/11289", "preferredName": "Warfarin"}, {"semTypes": ["T999"], "to": "5435", "fro": "5423", "fullId": "http://purl.bioontology.org/ontology/MSH/D016666", "preferredName": "Fluvoxamine"}, {"semTypes": ["T109", "T121"], "to": "7189", "fro": "7182", "fullId": "http://purl.bioontology.org/ontology/RXNORM/42355", "preferredName": "Fluvoxamine"}, {"semTypes": ["T999"], "to": "9280", "fro": "9271", "fullId": "http://purl.bioontology.org/ontology/MSH/D009643", "preferredName": "Norfloxacin"}, {"semTypes": ["T121", "T109"], "to": "11929", "fro": "11922", "fullId": "http://purl.bioontology.org/ontology/MSH/D014859", "preferredName": "Warfarin"}, {"semTypes": ["T999"], "to": "7155", "fro": "7145", "fullId": "http://purl.bioontology.org/ontology/MSH/D019438", "preferredName": "Ritonavir"}, {"semTypes": ["T109", "T121"], "to": "6986", "fro": "6978", "fullId": "http://purl.bioontology.org/ontology/RXNORM/11289", "preferredName": "Warfarin"}, {"semTypes": ["T999"], "to": "9687", "fro": "9677", "fullId": "http://purl.bioontology.org/ontology/RXNORM/6142", "preferredName": "Ketoprofen"}, {"semTypes": ["T109", "T121"], "to": "7238", "fro": "7230", "fullId": "http://purl.bioontology.org/ontology/RXNORM/2541", "preferredName": "Cimetidine"}, {"semTypes": ["T999"], "to": "6846", "fro": "6835", "fullId": "http://purl.bioontology.org/ontology/RXNORM/4493", "preferredName": "Fluoxetine"}, {"semTypes": ["T999"], "to": "6722", "fro": "6714", "fullId": "http://purl.bioontology.org/ontology/RXNORM/11289", "preferredName": "Warfarin"}, {"semTypes": ["T109", "T121"], "to": "10630", "fro": "10621", "fullId": "http://purl.bioontology.org/ontology/MSH/D019438", "preferredName": "Ritonavir"}, {"semTypes": ["T121", "T109"], "to": "5975", "fro": "5965", "fullId": "http://purl.bioontology.org/ontology/MSH/D000493", "preferredName": "Allopurinol"}, {"semTypes": ["T121", "T114"], "to": "5128", "fro": "5117", "fullId": "http://purl.bioontology.org/ontology/RXNORM/2541", "preferredName": "Cimetidine"}, {"semTypes": ["T999"], "to": "6871", "fro": "6863", "fullId": "http://purl.bioontology.org/ontology/MSH/D000638", "preferredName": "Amiodarone"}, {"semTypes": ["T121", "T109"], "to": "6580", "fro": "6571", "fullId": "http://purl.bioontology.org/ontology/RXNORM/11289", "preferredName": "Warfarin"}, {"semTypes": ["T999"], "to": "10668", "fro": "10659", "fullId": "http://purl.bioontology.org/ontology/RXNORM/7646", "preferredName": "Omeprazole"}, {"semTypes": ["T121", "T109"], "to": "5221", "fro": "5212", "fullId": "http://purl.bioontology.org/ontology/MSH/C097613", "preferredName": "imatinib"}, {"semTypes": ["T109", "T121", "T131"], "to": "11145", "fro": "11138", "fullId": "http://purl.bioontology.org/ontology/MSH/D014859", "preferredName": "Warfarin"}, {"semTypes": ["T999"], "to": "6760", "fro": "6750", "fullId": "http://purl.bioontology.org/ontology/RXNORM/202421", "preferredName": "Coumadin"}, {"semTypes": ["T121", "T109"], "to": "86", "fro": "79", "fullId": "http://purl.bioontology.org/ontology/MSH/D014859", "preferredName": "Warfarin"}, {"semTypes": ["T999"], "to": "5962", "fro": "5952", "fullId": "http://purl.bioontology.org/ontology/RXNORM/358255", "preferredName": "aprepitant"}, {"semTypes": ["T121", "T109"], "to": "6846", "fro": "6835", "fullId": "http://purl.bioontology.org/ontology/RXNORM/4450", "preferredName": "Fluconazole"}, {"semTypes": ["T999"], "to": "6860", "fro": "6849", "fullId": "http://purl.bioontology.org/ontology/RXNORM/703", "preferredName": "Amiodarone"}, {"semTypes": ["T109", "T121"], "to": "6800", "fro": "6788", "fullId": "http://purl.bioontology.org/ontology/RXNORM/4450", "preferredName": "Fluconazole"}, {"semTypes": ["T999"], "to": "6832", "fro": "6824", "fullId": "http://purl.bioontology.org/ontology/RXNORM/8134", "preferredName": "Phenobarbital"}, {"semTypes": ["T121", "T109"], "to": "10668", "fro": "10659", "fullId": "http://purl.bioontology.org/ontology/MSH/C102790", "preferredName": "voriconazole"}, {"semTypes": ["T121", "T109"], "to": "7167", "fro": "7158", "fullId": "http://purl.bioontology.org/ontology/RXNORM/11289", "preferredName": "Warfarin"}, {"semTypes": ["T999"], "to": "5168", "fro": "5158", "fullId": "http://purl.bioontology.org/ontology/RXNORM/202421", "preferredName": "Coumadin"}, {"semTypes": ["T121", "T109"], "to": "5894", "fro": "5885", "fullId": "http://purl.bioontology.org/ontology/MSH/D002939", "preferredName": "Ciprofloxacin"}, {"semTypes": ["T109", "T121"], "to": "6760", "fro": "6750", "fullId": "http://purl.bioontology.org/ontology/MSH/C114556", "preferredName": "aprepitant"}, {"semTypes": ["T109", "T121"], "to": "7025", "fro": "7016", "fullId": "http://purl.bioontology.org/ontology/RXNORM/31565", "preferredName": "nefazodone"}, {"semTypes": ["T999"], "to": "5907", "fro": "5897", "fullId": "http://purl.bioontology.org/ontology/RXNORM/8183", "preferredName": "Phenytoin"}, {"semTypes": ["T999"], "to": "7049", "fro": "7042", "fullId": "http://purl.bioontology.org/ontology/RXNORM/11289", "preferredName": "Warfarin"}, {"semTypes": ["T121", "T109"], "to": "7215", "fro": "7207", "fullId": "http://purl.bioontology.org/ontology/RXNORM/2002", "preferredName": "Carbamazepine"}, {"semTypes": ["T121", "T109"], "to": "6871", "fro": "6863", "fullId": "http://purl.bioontology.org/ontology/MSH/D061466", "preferredName": "Lopinavir"}, {"semTypes": ["T999"], "to": "6675", "fro": "6662", "fullId": "http://purl.bioontology.org/ontology/RXNORM/8183", "preferredName": "Phenytoin"}, {"semTypes": ["T121", "T109"], "to": "1101", "fro": "1094", "fullId": "http://purl.bioontology.org/ontology/MSH/D014859", "preferredName": "Warfarin"}, {"semTypes": ["T109", "T121"], "to": "6659", "fro": "6647", "fullId": "http://purl.bioontology.org/ontology/MSH/D016666", "preferredName": "Fluvoxamine"}, {"semTypes": ["T121", "T109"], "to": "472", "fro": "465", "fullId": "http://purl.bioontology.org/ontology/MSH/D014859", "preferredName": "Warfarin"}, {"semTypes": ["T121", "T109"], "to": "9687", "fro": "9677", "fullId": "http://purl.bioontology.org/ontology/MSH/D005473", "preferredName": "Fluoxetine"}, {"semTypes": ["T121", "T109"], "to": "6532", "fro": "6523", "fullId": "http://purl.bioontology.org/ontology/MSH/C060225", "preferredName": "desirudin"}, {"semTypes": ["T999"], "to": "5795", "fro": "5788", "fullId": "http://purl.bioontology.org/ontology/MSH/D008795", "preferredName": "Metronidazole"}, {"semTypes": ["T999"], "to": "6143", "fro": "6133", "fullId": "http://purl.bioontology.org/ontology/RXNORM/8134", "preferredName": "Phenobarbital"}, {"semTypes": ["T999"], "to": "10156", "fro": "10147", "fullId": "http://purl.bioontology.org/ontology/MSH/D010672", "preferredName": "Phenytoin"}, {"semTypes": ["T121", "T109"], "to": "9725", "fro": "9715", "fullId": "http://purl.bioontology.org/ontology/RXNORM/11289", "preferredName": "Warfarin"}, {"semTypes": ["T109", "T121"], "to": "7049", "fro": "7042", "fullId": "http://purl.bioontology.org/ontology/RXNORM/202421", "preferredName": "Coumadin"}, {"semTypes": ["T999"], "to": "10576", "fro": "10567", "fullId": "http://purl.bioontology.org/ontology/RXNORM/85762", "preferredName": "Ritonavir"}, {"semTypes": ["T121", "T109"], "to": "7155", "fro": "7145", "fullId": "http://purl.bioontology.org/ontology/RXNORM/9384", "preferredName": "Rifampin"}, {"semTypes": ["T999"], "to": "10225", "fro": "10218", "fullId": "http://purl.bioontology.org/ontology/MSH/D002220", "preferredName": "Carbamazepine"}, {"semTypes": ["T121", "T109"], "to": "6632", "fro": "6623", "fullId": "http://purl.bioontology.org/ontology/RXNORM/11289", "preferredName": "Warfarin"}, {"semTypes": ["T999"], "to": "6003", "fro": "5991", "fullId": "http://purl.bioontology.org/ontology/MSH/D000638", "preferredName": "Amiodarone"}, {"semTypes": ["T999"], "to": "6580", "fro": "6571", "fullId": "http://purl.bioontology.org/ontology/RXNORM/11289", "preferredName": "Warfarin"}, {"semTypes": ["T999"], "to": "6821", "fro": "6813", "fullId": "http://purl.bioontology.org/ontology/MSH/D010672", "preferredName": "Phenytoin"}, {"semTypes": ["T109", "T121"], "to": "6785", "fro": "6775", "fullId": "http://purl.bioontology.org/ontology/RXNORM/11289", "preferredName": "Warfarin"}, {"semTypes": ["T121", "T109"], "to": "7039", "fro": "7028", "fullId": "http://purl.bioontology.org/ontology/RXNORM/202421", "preferredName": "Coumadin"}, {"semTypes": ["T121", "T109"], "to": "5807", "fro": "5798", "fullId": "http://purl.bioontology.org/ontology/RXNORM/358255", "preferredName": "aprepitant"}, {"semTypes": ["T999"], "to": "6568", "fro": "6559", "fullId": "http://purl.bioontology.org/ontology/RXNORM/42355", "preferredName": "Fluvoxamine"}, {"semTypes": ["T121", "T109"], "to": "9712", "fro": "9704", "fullId": "http://purl.bioontology.org/ontology/RXNORM/228656", "preferredName": "Amprenavir"}, {"semTypes": ["T121", "T109"], "to": "6975", "fro": "6966", "fullId": "http://purl.bioontology.org/ontology/RXNORM/3355", "preferredName": "Diclofenac"}, {"semTypes": ["T121", "T109"], "to": "10576", "fro": "10567", "fullId": "http://purl.bioontology.org/ontology/RXNORM/4493", "preferredName": "Fluoxetine"}, {"semTypes": ["T121", "T109"], "to": "1393", "fro": "1386", "fullId": "http://purl.bioontology.org/ontology/MSH/D014859", "preferredName": "Warfarin"}, {"semTypes": ["T121", "T109"], "to": "5834", "fro": "5825", "fullId": "http://purl.bioontology.org/ontology/RXNORM/703", "preferredName": "Amiodarone"}, {"semTypes": ["T999"], "to": "6182", "fro": "6170", "fullId": "http://purl.bioontology.org/ontology/RXNORM/202421", "preferredName": "Coumadin"}, {"semTypes": ["T999"], "to": "5894", "fro": "5885", "fullId": "http://purl.bioontology.org/ontology/RXNORM/10594", "preferredName": "Ticlopidine"}, {"semTypes": ["T999"], "to": "5114", "fro": "5105", "fullId": "http://purl.bioontology.org/ontology/RXNORM/202421", "preferredName": "Coumadin"}, {"semTypes": ["T999"], "to": "5975", "fro": "5965", "fullId": "http://purl.bioontology.org/ontology/RXNORM/2541", "preferredName": "Cimetidine"}]