[{"semTypes": ["T121", "T109"], "to": "8305", "fro": "8294", "fullId": "http://purl.bioontology.org/ontology/MSH/D002927", "preferredName": "Cimetidine"}, {"semTypes": ["T999"], "to": "7343", "fro": "7332", "fullId": "http://purl.bioontology.org/ontology/RXNORM/121243", "preferredName": "voriconazole"}, {"semTypes": ["T109", "T131", "T121"], "to": "1398", "fro": "1384", "fullId": "http://purl.bioontology.org/ontology/MSH/D014859", "preferredName": "Warfarin"}, {"semTypes": ["T999"], "to": "7655", "fro": "7647", "fullId": "http://purl.bioontology.org/ontology/MSH/C095108", "preferredName": "amprenavir"}, {"semTypes": ["T999"], "to": "3960", "fro": "3953", "fullId": "http://purl.bioontology.org/ontology/MSH/D014859", "preferredName": "Warfarin"}, {"semTypes": ["T999"], "to": "10534", "fro": "10526", "fullId": "http://purl.bioontology.org/ontology/RXNORM/194000", "preferredName": "capecitabine"}, {"semTypes": ["T109", "T121"], "to": "7586", "fro": "7577", "fullId": "http://purl.bioontology.org/ontology/RXNORM/85762", "preferredName": "Ritonavir"}, {"semTypes": ["T109", "T121"], "to": "7639", "fro": "7632", "fullId": "http://purl.bioontology.org/ontology/RXNORM/2541", "preferredName": "Cimetidine"}, {"semTypes": ["T999"], "to": "468", "fro": "454", "fullId": "http://purl.bioontology.org/ontology/MSH/D014859", "preferredName": "Warfarin"}, {"semTypes": ["T999"], "to": "8925", "fro": "8918", "fullId": "http://purl.bioontology.org/ontology/MSH/D014859", "preferredName": "Warfarin"}, {"semTypes": ["T999"], "to": "7973", "fro": "7966", "fullId": "http://purl.bioontology.org/ontology/RXNORM/42355", "preferredName": "Fluvoxamine"}, {"semTypes": ["T999"], "to": "390", "fro": "383", "fullId": "http://purl.bioontology.org/ontology/MSH/D014859", "preferredName": "Warfarin"}, {"semTypes": ["T109", "T121"], "to": "7273", "fro": "7264", "fullId": "http://purl.bioontology.org/ontology/MSH/D019438", "preferredName": "Ritonavir"}, {"semTypes": ["T999"], "to": "12282", "fro": "12272", "fullId": "http://purl.bioontology.org/ontology/RXNORM/6932", "preferredName": "Miconazole"}, {"semTypes": ["T109", "T121"], "to": "8221", "fro": "8213", "fullId": "http://purl.bioontology.org/ontology/MSH/C451734", "preferredName": "etravirine"}, {"semTypes": ["T121", "T109"], "to": "11022", "fro": "11014", "fullId": "http://purl.bioontology.org/ontology/MSH/D006493", "preferredName": "Heparin"}, {"semTypes": ["T999"], "to": "1673", "fro": "1659", "fullId": "http://purl.bioontology.org/ontology/MSH/D014859", "preferredName": "Warfarin"}, {"semTypes": ["T121", "T109"], "to": "5587", "fro": "5577", "fullId": "http://purl.bioontology.org/ontology/MSH/D012293", "preferredName": "Rifampin"}, {"semTypes": ["T999"], "to": "258", "fro": "244", "fullId": "http://purl.bioontology.org/ontology/MSH/D014859", "preferredName": "Warfarin"}, {"semTypes": ["T109", "T121"], "to": "11566", "fro": "11555", "fullId": "http://purl.bioontology.org/ontology/RXNORM/140587", "preferredName": "celecoxib"}, {"semTypes": ["T109", "T121", "T131"], "to": "3158", "fro": "3151", "fullId": "http://purl.bioontology.org/ontology/MSH/D014859", "preferredName": "Warfarin"}, {"semTypes": ["T121", "T109"], "to": "5764", "fro": "5757", "fullId": "http://purl.bioontology.org/ontology/MSH/D016666", "preferredName": "Fluvoxamine"}, {"semTypes": ["T999"], "to": "3024", "fro": "3017", "fullId": "http://purl.bioontology.org/ontology/MSH/D014859", "preferredName": "Warfarin"}, {"semTypes": ["T109", "T121"], "to": "8354", "fro": "8345", "fullId": "http://purl.bioontology.org/ontology/RXNORM/75207", "preferredName": "bosentan"}, {"semTypes": ["T999"], "to": "12264", "fro": "12255", "fullId": "http://purl.bioontology.org/ontology/MSH/C413408", "preferredName": "atazanavir"}, {"semTypes": ["T999"], "to": "14163", "fro": "14149", "fullId": "http://purl.bioontology.org/ontology/MSH/D014859", "preferredName": "Warfarin"}, {"semTypes": ["T109", "T121"], "to": "11514", "fro": "11505", "fullId": "http://purl.bioontology.org/ontology/RXNORM/40575", "preferredName": "zileuton"}, {"semTypes": ["T999"], "to": "3197", "fro": "3190", "fullId": "http://purl.bioontology.org/ontology/MSH/D014859", "preferredName": "Warfarin"}, {"semTypes": ["T999"], "to": "7551", "fro": "7540", "fullId": "http://purl.bioontology.org/ontology/RXNORM/8183", "preferredName": "Phenytoin"}, {"semTypes": ["T121", "T109"], "to": "12212", "fro": "12202", "fullId": "http://purl.bioontology.org/ontology/RXNORM/11289", "preferredName": "Warfarin"}, {"semTypes": ["T121", "T109"], "to": "7902", "fro": "7893", "fullId": "http://purl.bioontology.org/ontology/MSH/C045645", "preferredName": "cilostazol"}, {"semTypes": ["T999"], "to": "8153", "fro": "8144", "fullId": "http://purl.bioontology.org/ontology/MSH/D019438", "preferredName": "Ritonavir"}, {"semTypes": ["T999"], "to": "8989", "fro": "8982", "fullId": "http://purl.bioontology.org/ontology/MSH/D014859", "preferredName": "Warfarin"}, {"semTypes": ["T999"], "to": "5386", "fro": "5374", "fullId": "http://purl.bioontology.org/ontology/MSH/D017964", "preferredName": "Itraconazole"}, {"semTypes": ["T999"], "to": "2731", "fro": "2724", "fullId": "http://purl.bioontology.org/ontology/MSH/D014859", "preferredName": "Warfarin"}, {"semTypes": ["T121", "T109"], "to": "7604", "fro": "7594", "fullId": "http://purl.bioontology.org/ontology/RXNORM/11289", "preferredName": "Warfarin"}, {"semTypes": ["T109", "T121"], "to": "12141", "fro": "12128", "fullId": "http://purl.bioontology.org/ontology/MSH/D000638", "preferredName": "Amiodarone"}, {"semTypes": ["T109", "T131", "T121"], "to": "13539", "fro": "13525", "fullId": "http://purl.bioontology.org/ontology/MSH/D014859", "preferredName": "Warfarin"}, {"semTypes": ["T999"], "to": "2985", "fro": "2978", "fullId": "http://purl.bioontology.org/ontology/MSH/D014859", "preferredName": "Warfarin"}, {"semTypes": ["T999"], "to": "10969", "fro": "10960", "fullId": "http://purl.bioontology.org/ontology/RXNORM/358255", "preferredName": "aprepitant"}, {"semTypes": ["T109", "T121"], "to": "5477", "fro": "5465", "fullId": "http://purl.bioontology.org/ontology/RXNORM/21107", "preferredName": "cilostazol"}, {"semTypes": ["T999"], "to": "6308", "fro": "6299", "fullId": "http://purl.bioontology.org/ontology/MSH/D002220", "preferredName": "Carbamazepine"}, {"semTypes": ["T999"], "to": "13539", "fro": "13525", "fullId": "http://purl.bioontology.org/ontology/MSH/D014859", "preferredName": "Warfarin"}, {"semTypes": ["T999"], "to": "5532", "fro": "5519", "fullId": "http://purl.bioontology.org/ontology/MSH/D002939", "preferredName": "Ciprofloxacin"}, {"semTypes": ["T999"], "to": "6376", "fro": "6366", "fullId": "http://purl.bioontology.org/ontology/RXNORM/228656", "preferredName": "Amprenavir"}, {"semTypes": ["T109", "T121"], "to": "7655", "fro": "7647", "fullId": "http://purl.bioontology.org/ontology/MSH/C048833", "preferredName": "modafinil"}, {"semTypes": ["T999"], "to": "7709", "fro": "7698", "fullId": "http://purl.bioontology.org/ontology/MSH/D012293", "preferredName": "Rifampin"}, {"semTypes": ["T109", "T121", "T131"], "to": "12918", "fro": "12911", "fullId": "http://purl.bioontology.org/ontology/MSH/D014859", "preferredName": "Warfarin"}, {"semTypes": ["T999"], "to": "6340", "fro": "6331", "fullId": "http://purl.bioontology.org/ontology/RXNORM/2002", "preferredName": "Carbamazepine"}, {"semTypes": ["T999"], "to": "6576", "fro": "6568", "fullId": "http://purl.bioontology.org/ontology/RXNORM/8183", "preferredName": "Phenytoin"}, {"semTypes": ["T121", "T109"], "to": "8170", "fro": "8161", "fullId": "http://purl.bioontology.org/ontology/RXNORM/11289", "preferredName": "Warfarin"}, {"semTypes": ["T999"], "to": "10453", "fro": "10444", "fullId": "http://purl.bioontology.org/ontology/MSH/D010634", "preferredName": "Phenobarbital"}, {"semTypes": ["T999"], "to": "6788", "fro": "6779", "fullId": "http://purl.bioontology.org/ontology/RXNORM/8134", "preferredName": "Phenobarbital"}, {"semTypes": ["T109", "T121", "T131"], "to": "12762", "fro": "12755", "fullId": "http://purl.bioontology.org/ontology/MSH/D014859", "preferredName": "Warfarin"}, {"semTypes": ["T999"], "to": "7360", "fro": "7351", "fullId": "http://purl.bioontology.org/ontology/RXNORM/21107", "preferredName": "cilostazol"}, {"semTypes": ["T121", "T109"], "to": "7379", "fro": "7368", "fullId": "http://purl.bioontology.org/ontology/MSH/D011433", "preferredName": "Propranolol"}, {"semTypes": ["T109", "T121", "T131"], "to": "390", "fro": "383", "fullId": "http://purl.bioontology.org/ontology/MSH/D014859", "preferredName": "Warfarin"}, {"semTypes": ["T109", "T121", "T131"], "to": "3197", "fro": "3190", "fullId": "http://purl.bioontology.org/ontology/MSH/D014859", "preferredName": "Warfarin"}, {"semTypes": ["T109", "T121"], "to": "11480", "fro": "11472", "fullId": "http://purl.bioontology.org/ontology/MSH/D005473", "preferredName": "Fluoxetine"}, {"semTypes": ["T999"], "to": "5493", "fro": "5484", "fullId": "http://purl.bioontology.org/ontology/RXNORM/194000", "preferredName": "capecitabine"}, {"semTypes": ["T109", "T121", "T131"], "to": "2659", "fro": "2652", "fullId": "http://purl.bioontology.org/ontology/MSH/D014859", "preferredName": "Warfarin"}, {"semTypes": ["T999"], "to": "7506", "fro": "7498", "fullId": "http://purl.bioontology.org/ontology/MSH/D002939", "preferredName": "Ciprofloxacin"}, {"semTypes": ["T109", "T121"], "to": "5347", "fro": "5338", "fullId": "http://purl.bioontology.org/ontology/RXNORM/358255", "preferredName": "aprepitant"}, {"semTypes": ["T109", "T121"], "to": "7516", "fro": "7508", "fullId": "http://purl.bioontology.org/ontology/RXNORM/11289", "preferredName": "Warfarin"}, {"semTypes": ["T121", "T116"], "to": "10534", "fro": "10526", "fullId": "http://purl.bioontology.org/ontology/MSH/C451734", "preferredName": "etravirine"}, {"semTypes": ["T999"], "to": "6291", "fro": "6279", "fullId": "http://purl.bioontology.org/ontology/MSH/D016666", "preferredName": "Fluvoxamine"}, {"semTypes": ["T109", "T121", "T131"], "to": "2985", "fro": "2978", "fullId": "http://purl.bioontology.org/ontology/MSH/D014859", "preferredName": "Warfarin"}, {"semTypes": ["T999"], "to": "6221", "fro": "6213", "fullId": "http://purl.bioontology.org/ontology/RXNORM/703", "preferredName": "Amiodarone"}, {"semTypes": ["T999"], "to": "8170", "fro": "8161", "fullId": "http://purl.bioontology.org/ontology/RXNORM/11289", "preferredName": "Warfarin"}, {"semTypes": ["T999"], "to": "8305", "fro": "8294", "fullId": "http://purl.bioontology.org/ontology/RXNORM/2002", "preferredName": "Carbamazepine"}, {"semTypes": ["T109", "T121", "T131"], "to": "3960", "fro": "3953", "fullId": "http://purl.bioontology.org/ontology/MSH/D014859", "preferredName": "Warfarin"}, {"semTypes": ["T999"], "to": "11480", "fro": "11472", "fullId": "http://purl.bioontology.org/ontology/RXNORM/121243", "preferredName": "voriconazole"}, {"semTypes": ["T121", "T109"], "to": "7324", "fro": "7315", "fullId": "http://purl.bioontology.org/ontology/RXNORM/11289", "preferredName": "Warfarin"}, {"semTypes": ["T999"], "to": "5457", "fro": "5447", "fullId": "http://purl.bioontology.org/ontology/RXNORM/11289", "preferredName": "Warfarin"}, {"semTypes": ["T999"], "to": "7273", "fro": "7264", "fullId": "http://purl.bioontology.org/ontology/RXNORM/11289", "preferredName": "Warfarin"}, {"semTypes": ["T114", "T121"], "to": "5366", "fro": "5355", "fullId": "http://purl.bioontology.org/ontology/MSH/D005473", "preferredName": "Fluoxetine"}, {"semTypes": ["T999"], "to": "5511", "fro": "5501", "fullId": "http://purl.bioontology.org/ontology/MSH/C048833", "preferredName": "modafinil"}, {"semTypes": ["T999"], "to": "12158", "fro": "12149", "fullId": "http://purl.bioontology.org/ontology/MSH/D002220", "preferredName": "Carbamazepine"}, {"semTypes": ["T109", "T121"], "to": "7735", "fro": "7727", "fullId": "http://purl.bioontology.org/ontology/RXNORM/11289", "preferredName": "Warfarin"}, {"semTypes": ["T110", "T125", "T121"], "to": "8322", "fro": "8313", "fullId": "http://purl.bioontology.org/ontology/MSH/D015283", "preferredName": "Citalopram"}, {"semTypes": ["T999"], "to": "8354", "fro": "8345", "fullId": "http://purl.bioontology.org/ontology/RXNORM/4450", "preferredName": "Fluconazole"}, {"semTypes": ["T109", "T121"], "to": "7752", "fro": "7743", "fullId": "http://purl.bioontology.org/ontology/RXNORM/460132", "preferredName": "darunavir"}, {"semTypes": ["T999"], "to": "8270", "fro": "8262", "fullId": "http://purl.bioontology.org/ontology/RXNORM/703", "preferredName": "Amiodarone"}, {"semTypes": ["T999"], "to": "11599", "fro": "11591", "fullId": "http://purl.bioontology.org/ontology/MSH/C086232", "preferredName": "bosentan"}, {"semTypes": ["T109", "T121"], "to": "7290", "fro": "7281", "fullId": "http://purl.bioontology.org/ontology/RXNORM/9384", "preferredName": "Rifampin"}, {"semTypes": ["T999"], "to": "5749", "fro": "5740", "fullId": "http://purl.bioontology.org/ontology/RXNORM/11289", "preferredName": "Warfarin"}, {"semTypes": ["T109", "T121"], "to": "11006", "fro": "10995", "fullId": "http://purl.bioontology.org/ontology/MSH/C062735", "preferredName": "zafirlukast"}, {"semTypes": ["T109", "T121"], "to": "6754", "fro": "6744", "fullId": "http://purl.bioontology.org/ontology/RXNORM/1191", "preferredName": "Aspirin"}, {"semTypes": ["T121", "T109"], "to": "6308", "fro": "6299", "fullId": "http://purl.bioontology.org/ontology/RXNORM/228656", "preferredName": "Amprenavir"}, {"semTypes": ["T999"], "to": "11566", "fro": "11555", "fullId": "http://purl.bioontology.org/ontology/RXNORM/40575", "preferredName": "zileuton"}, {"semTypes": ["T109", "T121", "T131"], "to": "2731", "fro": "2724", "fullId": "http://purl.bioontology.org/ontology/MSH/D014859", "preferredName": "Warfarin"}, {"semTypes": ["T999"], "to": "11547", "fro": "11539", "fullId": "http://purl.bioontology.org/ontology/RXNORM/2551", "preferredName": "Ciprofloxacin"}, {"semTypes": ["T109", "T121", "T131"], "to": "8925", "fro": "8918", "fullId": "http://purl.bioontology.org/ontology/MSH/D014859", "preferredName": "Warfarin"}, {"semTypes": ["T999"], "to": "7671", "fro": "7663", "fullId": "http://purl.bioontology.org/ontology/MSH/C095108", "preferredName": "amprenavir"}, {"semTypes": ["T121", "T109"], "to": "11547", "fro": "11539", "fullId": "http://purl.bioontology.org/ontology/MSH/C095108", "preferredName": "amprenavir"}, {"semTypes": ["T109", "T121"], "to": "7690", "fro": "7679", "fullId": "http://purl.bioontology.org/ontology/MSH/C086232", "preferredName": "bosentan"}, {"semTypes": ["T999"], "to": "10987", "fro": "10977", "fullId": "http://purl.bioontology.org/ontology/RXNORM/28031", "preferredName": "Itraconazole"}, {"semTypes": ["T109", "T131", "T121"], "to": "14163", "fro": "14149", "fullId": "http://purl.bioontology.org/ontology/MSH/D014859", "preferredName": "Warfarin"}, {"semTypes": ["T999"], "to": "6468", "fro": "6450", "fullId": "http://purl.bioontology.org/ontology/MSH/D013988", "preferredName": "Ticlopidine"}, {"semTypes": ["T999"], "to": "5421", "fro": "5411", "fullId": "http://purl.bioontology.org/ontology/MSH/C114556", "preferredName": "aprepitant"}, {"semTypes": ["T999"], "to": "11583", "fro": "11574", "fullId": "http://purl.bioontology.org/ontology/MSH/D015283", "preferredName": "Citalopram"}, {"semTypes": ["T109", "T121"], "to": "6393", "fro": "6384", "fullId": "http://purl.bioontology.org/ontology/RXNORM/6038", "preferredName": "isoniazid"}, {"semTypes": ["T121", "T109"], "to": "7769", "fro": "7760", "fullId": "http://purl.bioontology.org/ontology/MSH/D015725", "preferredName": "Fluconazole"}, {"semTypes": ["T109", "T131", "T121"], "to": "468", "fro": "454", "fullId": "http://purl.bioontology.org/ontology/MSH/D014859", "preferredName": "Warfarin"}, {"semTypes": ["T999"], "to": "13902", "fro": "13897", "fullId": "http://purl.bioontology.org/ontology/MSH/D010672", "preferredName": "Phenytoin"}, {"semTypes": ["T999"], "to": "11922", "fro": "11914", "fullId": "http://purl.bioontology.org/ontology/RXNORM/11170", "preferredName": "Verapamil"}, {"semTypes": ["T195", "T109"], "to": "8270", "fro": "8262", "fullId": "http://purl.bioontology.org/ontology/RXNORM/2551", "preferredName": "Ciprofloxacin"}, {"semTypes": ["T999"], "to": "6323", "fro": "6316", "fullId": "http://purl.bioontology.org/ontology/MSH/D013988", "preferredName": "Ticlopidine"}, {"semTypes": ["T109", "T131", "T121"], "to": "1273", "fro": "1259", "fullId": "http://purl.bioontology.org/ontology/MSH/D014859", "preferredName": "Warfarin"}, {"semTypes": ["T999"], "to": "12212", "fro": "12202", "fullId": "http://purl.bioontology.org/ontology/RXNORM/11289", "preferredName": "Warfarin"}, {"semTypes": ["T999"], "to": "11022", "fro": "11014", "fullId": "http://purl.bioontology.org/ontology/MSH/D002939", "preferredName": "Ciprofloxacin"}, {"semTypes": ["T109", "T131", "T121"], "to": "258", "fro": "244", "fullId": "http://purl.bioontology.org/ontology/MSH/D014859", "preferredName": "Warfarin"}, {"semTypes": ["T109", "T121"], "to": "12177", "fro": "12166", "fullId": "http://purl.bioontology.org/ontology/RXNORM/6932", "preferredName": "Miconazole"}, {"semTypes": ["T109", "T195"], "to": "8337", "fro": "8330", "fullId": "http://purl.bioontology.org/ontology/RXNORM/358255", "preferredName": "aprepitant"}, {"semTypes": ["T109", "T121"], "to": "8254", "fro": "8246", "fullId": "http://purl.bioontology.org/ontology/MSH/D002927", "preferredName": "Cimetidine"}, {"semTypes": ["T999"], "to": "7324", "fro": "7315", "fullId": "http://purl.bioontology.org/ontology/RXNORM/11289", "preferredName": "Warfarin"}, {"semTypes": ["T109", "T121"], "to": "6542", "fro": "6530", "fullId": "http://purl.bioontology.org/ontology/MSH/C063449", "preferredName": "zileuton"}, {"semTypes": ["T999"], "to": "11640", "fro": "11633", "fullId": "http://purl.bioontology.org/ontology/MSH/D005473", "preferredName": "Fluoxetine"}, {"semTypes": ["T999"], "to": "6808", "fro": "6796", "fullId": "http://purl.bioontology.org/ontology/RXNORM/358255", "preferredName": "aprepitant"}, {"semTypes": ["T999"], "to": "7454", "fro": "7441", "fullId": "http://purl.bioontology.org/ontology/MSH/C098320", "preferredName": "efavirenz"}, {"semTypes": ["T109", "T121"], "to": "8205", "fro": "8193", "fullId": "http://purl.bioontology.org/ontology/RXNORM/11289", "preferredName": "Warfarin"}, {"semTypes": ["T999"], "to": "7532", "fro": "7524", "fullId": "http://purl.bioontology.org/ontology/MSH/D015725", "preferredName": "Fluconazole"}, {"semTypes": ["T121", "T109"], "to": "7785", "fro": "7777", "fullId": "http://purl.bioontology.org/ontology/MSH/D010672", "preferredName": "Phenytoin"}, {"semTypes": ["T999"], "to": "6271", "fro": "6262", "fullId": "http://purl.bioontology.org/ontology/MSH/D016666", "preferredName": "Fluvoxamine"}, {"semTypes": ["T109", "T131", "T121"], "to": "14090", "fro": "14076", "fullId": "http://purl.bioontology.org/ontology/MSH/D014859", "preferredName": "Warfarin"}, {"semTypes": ["T109", "T121", "T131"], "to": "8989", "fro": "8982", "fullId": "http://purl.bioontology.org/ontology/MSH/D014859", "preferredName": "Warfarin"}, {"semTypes": ["T999"], "to": "7852", "fro": "7843", "fullId": "http://purl.bioontology.org/ontology/MSH/D015738", "preferredName": "Famotidine"}, {"semTypes": ["T999"], "to": "10952", "fro": "10946", "fullId": "http://purl.bioontology.org/ontology/MSH/C102790", "preferredName": "voriconazole"}, {"semTypes": ["T109", "T121"], "to": "7343", "fro": "7332", "fullId": "http://purl.bioontology.org/ontology/RXNORM/8134", "preferredName": "Phenobarbital"}, {"semTypes": ["T999"], "to": "7586", "fro": "7577", "fullId": "http://purl.bioontology.org/ontology/RXNORM/11289", "preferredName": "Warfarin"}, {"semTypes": ["T999"], "to": "10518", "fro": "10512", "fullId": "http://purl.bioontology.org/ontology/MSH/D000638", "preferredName": "Amiodarone"}, {"semTypes": ["T109", "T121"], "to": "7973", "fro": "7966", "fullId": "http://purl.bioontology.org/ontology/MSH/D016666", "preferredName": "Fluvoxamine"}, {"semTypes": ["T109", "T121"], "to": "6788", "fro": "6779", "fullId": "http://purl.bioontology.org/ontology/RXNORM/475969", "preferredName": "etravirine"}, {"semTypes": ["T121", "T109"], "to": "7307", "fro": "7298", "fullId": "http://purl.bioontology.org/ontology/RXNORM/85762", "preferredName": "Ritonavir"}, {"semTypes": ["T121", "T109", "T123"], "to": "6376", "fro": "6366", "fullId": "http://purl.bioontology.org/ontology/MSH/C102790", "preferredName": "voriconazole"}, {"semTypes": ["T109", "T131", "T121"], "to": "1673", "fro": "1659", "fullId": "http://purl.bioontology.org/ontology/MSH/D014859", "preferredName": "Warfarin"}, {"semTypes": ["T999"], "to": "7922", "fro": "7910", "fullId": "http://purl.bioontology.org/ontology/RXNORM/1086769", "preferredName": "vilazodone"}, {"semTypes": ["T999"], "to": "12120", "fro": "12111", "fullId": "http://purl.bioontology.org/ontology/MSH/D019438", "preferredName": "Ritonavir"}, {"semTypes": ["T109", "T121"], "to": "7958", "fro": "7947", "fullId": "http://purl.bioontology.org/ontology/RXNORM/42355", "preferredName": "Fluvoxamine"}, {"semTypes": ["T999"], "to": "8185", "fro": "8178", "fullId": "http://purl.bioontology.org/ontology/RXNORM/11289", "preferredName": "Warfarin"}, {"semTypes": ["T121", "T109"], "to": "6358", "fro": "6348", "fullId": "http://purl.bioontology.org/ontology/RXNORM/11289", "preferredName": "Warfarin"}, {"semTypes": ["T999"], "to": "6754", "fro": "6744", "fullId": "http://purl.bioontology.org/ontology/MSH/C102790", "preferredName": "voriconazole"}, {"semTypes": ["T999"], "to": "12194", "fro": "12185", "fullId": "http://purl.bioontology.org/ontology/RXNORM/11289", "preferredName": "Warfarin"}, {"semTypes": ["T999"], "to": "6411", "fro": "6401", "fullId": "http://purl.bioontology.org/ontology/MSH/C045645", "preferredName": "cilostazol"}, {"semTypes": ["T999"], "to": "7413", "fro": "7404", "fullId": "http://purl.bioontology.org/ontology/RXNORM/11289", "preferredName": "Warfarin"}, {"semTypes": ["T999"], "to": "8221", "fro": "8213", "fullId": "http://purl.bioontology.org/ontology/RXNORM/10594", "preferredName": "Ticlopidine"}, {"semTypes": ["T109", "T121"], "to": "8136", "fro": "8126", "fullId": "http://purl.bioontology.org/ontology/RXNORM/140587", "preferredName": "celecoxib"}, {"semTypes": ["T999"], "to": "6771", "fro": "6762", "fullId": "http://purl.bioontology.org/ontology/RXNORM/10594", "preferredName": "Ticlopidine"}, {"semTypes": ["T109", "T121"], "to": "12194", "fro": "12185", "fullId": "http://purl.bioontology.org/ontology/MSH/C114556", "preferredName": "aprepitant"}, {"semTypes": ["T999"], "to": "5347", "fro": "5338", "fullId": "http://purl.bioontology.org/ontology/RXNORM/114194", "preferredName": "Warfarin Sodium"}, {"semTypes": ["T999"], "to": "7902", "fro": "7893", "fullId": "http://purl.bioontology.org/ontology/RXNORM/190548", "preferredName": "tipranavir"}, {"semTypes": ["T999"], "to": "8136", "fro": "8126", "fullId": "http://purl.bioontology.org/ontology/RXNORM/85762", "preferredName": "Ritonavir"}, {"semTypes": ["T999"], "to": "5366", "fro": "5355", "fullId": "http://purl.bioontology.org/ontology/RXNORM/11170", "preferredName": "Verapamil"}, {"semTypes": ["T999"], "to": "11531", "fro": "11522", "fullId": "http://purl.bioontology.org/ontology/MSH/C048833", "preferredName": "modafinil"}, {"semTypes": ["T109", "T121"], "to": "6560", "fro": "6550", "fullId": "http://purl.bioontology.org/ontology/RXNORM/114194", "preferredName": "Warfarin Sodium"}, {"semTypes": ["T121", "T109"], "to": "10987", "fro": "10977", "fullId": "http://purl.bioontology.org/ontology/RXNORM/75207", "preferredName": "bosentan"}, {"semTypes": ["T109", "T121", "T131"], "to": "13047", "fro": "13040", "fullId": "http://purl.bioontology.org/ontology/MSH/D014859", "preferredName": "Warfarin"}, {"semTypes": ["T999"], "to": "5439", "fro": "5429", "fullId": "http://purl.bioontology.org/ontology/RXNORM/40575", "preferredName": "zileuton"}, {"semTypes": ["T999"], "to": "7939", "fro": "7930", "fullId": "http://purl.bioontology.org/ontology/RXNORM/475969", "preferredName": "etravirine"}, {"semTypes": ["T109", "T121"], "to": "12264", "fro": "12255", "fullId": "http://purl.bioontology.org/ontology/RXNORM/2541", "preferredName": "Cimetidine"}, {"semTypes": ["T121", "T109"], "to": "7869", "fro": "7860", "fullId": "http://purl.bioontology.org/ontology/RXNORM/703", "preferredName": "Amiodarone"}, {"semTypes": ["T109", "T121"], "to": "10969", "fro": "10960", "fullId": "http://purl.bioontology.org/ontology/RXNORM/114194", "preferredName": "Warfarin Sodium"}, {"semTypes": ["T109", "T121"], "to": "7939", "fro": "7930", "fullId": "http://purl.bioontology.org/ontology/RXNORM/21107", "preferredName": "cilostazol"}, {"semTypes": ["T116", "T121"], "to": "10504", "fro": "10496", "fullId": "http://purl.bioontology.org/ontology/MSH/C451734", "preferredName": "etravirine"}, {"semTypes": ["T999"], "to": "7307", "fro": "7298", "fullId": "http://purl.bioontology.org/ontology/MSH/D019438", "preferredName": "Ritonavir"}, {"semTypes": ["T109", "T121"], "to": "6824", "fro": "6816", "fullId": "http://purl.bioontology.org/ontology/RXNORM/114194", "preferredName": "Warfarin Sodium"}, {"semTypes": ["T109", "T121"], "to": "7471", "fro": "7462", "fullId": "http://purl.bioontology.org/ontology/RXNORM/9384", "preferredName": "Rifampin"}, {"semTypes": ["T999"], "to": "5587", "fro": "5577", "fullId": "http://purl.bioontology.org/ontology/MSH/C114556", "preferredName": "aprepitant"}, {"semTypes": ["T999"], "to": "12918", "fro": "12911", "fullId": "http://purl.bioontology.org/ontology/MSH/D014859", "preferredName": "Warfarin"}, {"semTypes": ["T109", "T121"], "to": "5439", "fro": "5429", "fullId": "http://purl.bioontology.org/ontology/RXNORM/121243", "preferredName": "voriconazole"}, {"semTypes": ["T109", "T131", "T121"], "to": "2332", "fro": "2318", "fullId": "http://purl.bioontology.org/ontology/MSH/D014859", "preferredName": "Warfarin"}, {"semTypes": ["T109", "T121"], "to": "8286", "fro": "8278", "fullId": "http://purl.bioontology.org/ontology/RXNORM/114194", "preferredName": "Warfarin Sodium"}, {"semTypes": ["T109", "T121"], "to": "7433", "fro": "7421", "fullId": "http://purl.bioontology.org/ontology/RXNORM/42355", "preferredName": "Fluvoxamine"}, {"semTypes": ["T999"], "to": "10504", "fro": "10496", "fullId": "http://purl.bioontology.org/ontology/MSH/D009288", "preferredName": "Naproxen"}, {"semTypes": ["T109", "T121"], "to": "11656", "fro": "11648", "fullId": "http://purl.bioontology.org/ontology/RXNORM/703", "preferredName": "Amiodarone"}, {"semTypes": ["T121", "T109"], "to": "8185", "fro": "8178", "fullId": "http://purl.bioontology.org/ontology/RXNORM/114194", "preferredName": "Warfarin Sodium"}, {"semTypes": ["T999"], "to": "7690", "fro": "7679", "fullId": "http://purl.bioontology.org/ontology/RXNORM/8183", "preferredName": "Phenytoin"}, {"semTypes": ["T109", "T121"], "to": "11531", "fro": "11522", "fullId": "http://purl.bioontology.org/ontology/RXNORM/75207", "preferredName": "bosentan"}, {"semTypes": ["T109", "T121"], "to": "11672", "fro": "11664", "fullId": "http://purl.bioontology.org/ontology/MSH/C045645", "preferredName": "cilostazol"}, {"semTypes": ["T109", "T121"], "to": "7396", "fro": "7387", "fullId": "http://purl.bioontology.org/ontology/MSH/D019438", "preferredName": "Ritonavir"}, {"semTypes": ["T109", "T121"], "to": "7360", "fro": "7351", "fullId": "http://purl.bioontology.org/ontology/RXNORM/8134", "preferredName": "Phenobarbital"}, {"semTypes": ["T109", "T121"], "to": "5569", "fro": "5558", "fullId": "http://purl.bioontology.org/ontology/RXNORM/114194", "preferredName": "Warfarin Sodium"}, {"semTypes": ["T999"], "to": "10470", "fro": "10461", "fullId": "http://purl.bioontology.org/ontology/MSH/D017964", "preferredName": "Itraconazole"}, {"semTypes": ["T121", "T109"], "to": "10952", "fro": "10946", "fullId": "http://purl.bioontology.org/ontology/RXNORM/2002", "preferredName": "Carbamazepine"}, {"semTypes": ["T121", "T109"], "to": "12282", "fro": "12272", "fullId": "http://purl.bioontology.org/ontology/MSH/D009288", "preferredName": "Naproxen"}, {"semTypes": ["T999"], "to": "7735", "fro": "7727", "fullId": "http://purl.bioontology.org/ontology/RXNORM/11289", "preferredName": "Warfarin"}, {"semTypes": ["T999"], "to": "5403", "fro": "5394", "fullId": "http://purl.bioontology.org/ontology/RXNORM/114194", "preferredName": "Warfarin Sodium"}, {"semTypes": ["T999"], "to": "5569", "fro": "5558", "fullId": "http://purl.bioontology.org/ontology/MSH/D016666", "preferredName": "Fluvoxamine"}, {"semTypes": ["T999"], "to": "11006", "fro": "10995", "fullId": "http://purl.bioontology.org/ontology/RXNORM/21107", "preferredName": "cilostazol"}, {"semTypes": ["T195", "T109"], "to": "7551", "fro": "7540", "fullId": "http://purl.bioontology.org/ontology/MSH/D002220", "preferredName": "Carbamazepine"}, {"semTypes": ["T999"], "to": "12230", "fro": "12220", "fullId": "http://purl.bioontology.org/ontology/RXNORM/228656", "preferredName": "Amprenavir"}, {"semTypes": ["T109", "T121"], "to": "11040", "fro": "11030", "fullId": "http://purl.bioontology.org/ontology/RXNORM/114194", "preferredName": "Warfarin Sodium"}, {"semTypes": ["T999"], "to": "7624", "fro": "7612", "fullId": "http://purl.bioontology.org/ontology/RXNORM/9384", "preferredName": "Rifampin"}, {"semTypes": ["T109", "T121"], "to": "11583", "fro": "11574", "fullId": "http://purl.bioontology.org/ontology/RXNORM/8183", "preferredName": "Phenytoin"}, {"semTypes": ["T109", "T121"], "to": "6254", "fro": "6247", "fullId": "http://purl.bioontology.org/ontology/RXNORM/1191", "preferredName": "Aspirin"}, {"semTypes": ["T999"], "to": "6393", "fro": "6384", "fullId": "http://purl.bioontology.org/ontology/RXNORM/8134", "preferredName": "Phenobarbital"}, {"semTypes": ["T999"], "to": "12177", "fro": "12166", "fullId": "http://purl.bioontology.org/ontology/MSH/D019438", "preferredName": "Ritonavir"}, {"semTypes": ["T999"], "to": "12299", "fro": "12290", "fullId": "http://purl.bioontology.org/ontology/MSH/C095108", "preferredName": "amprenavir"}, {"semTypes": ["T999"], "to": "7433", "fro": "7421", "fullId": "http://purl.bioontology.org/ontology/RXNORM/114194", "preferredName": "Warfarin Sodium"}, {"semTypes": ["T121", "T109"], "to": "7852", "fro": "7843", "fullId": "http://purl.bioontology.org/ontology/MSH/D010672", "preferredName": "Phenytoin"}, {"semTypes": ["T999"], "to": "8286", "fro": "8278", "fullId": "http://purl.bioontology.org/ontology/RXNORM/42355", "preferredName": "Fluvoxamine"}, {"semTypes": ["T999"], "to": "14354", "fro": "14345", "fullId": "http://purl.bioontology.org/ontology/MSH/D004917", "preferredName": "Erythromycin"}, {"semTypes": ["T121", "T109"], "to": "5457", "fro": "5447", "fullId": "http://purl.bioontology.org/ontology/RXNORM/11289", "preferredName": "Warfarin"}, {"semTypes": ["T121", "T109"], "to": "6576", "fro": "6568", "fullId": "http://purl.bioontology.org/ontology/MSH/D000638", "preferredName": "Amiodarone"}, {"semTypes": ["T109", "T131", "T121"], "to": "13388", "fro": "13374", "fullId": "http://purl.bioontology.org/ontology/MSH/D014859", "preferredName": "Warfarin"}, {"semTypes": ["T999"], "to": "5784", "fro": "5772", "fullId": "http://purl.bioontology.org/ontology/RXNORM/114194", "preferredName": "Warfarin Sodium"}, {"semTypes": ["T999"], "to": "12247", "fro": "12238", "fullId": "http://purl.bioontology.org/ontology/RXNORM/10594", "preferredName": "Ticlopidine"}, {"semTypes": ["T121", "T109"], "to": "7413", "fro": "7404", "fullId": "http://purl.bioontology.org/ontology/RXNORM/358255", "preferredName": "aprepitant"}, {"semTypes": ["T109", "T121"], "to": "12120", "fro": "12111", "fullId": "http://purl.bioontology.org/ontology/MSH/D002927", "preferredName": "Cimetidine"}, {"semTypes": ["T999"], "to": "7869", "fro": "7860", "fullId": "http://purl.bioontology.org/ontology/RXNORM/4493", "preferredName": "Fluoxetine"}, {"semTypes": ["T999"], "to": "6560", "fro": "6550", "fullId": "http://purl.bioontology.org/ontology/RXNORM/114194", "preferredName": "Warfarin Sodium"}, {"semTypes": ["T999"], "to": "7769", "fro": "7760", "fullId": "http://purl.bioontology.org/ontology/MSH/C048833", "preferredName": "modafinil"}, {"semTypes": ["T121", "T109"], "to": "6411", "fro": "6401", "fullId": "http://purl.bioontology.org/ontology/RXNORM/75207", "preferredName": "bosentan"}, {"semTypes": ["T121", "T109"], "to": "6468", "fro": "6450", "fullId": "http://purl.bioontology.org/ontology/MSH/D015283", "preferredName": "Citalopram"}, {"semTypes": ["T121", "T109"], "to": "7256", "fro": "7247", "fullId": "http://purl.bioontology.org/ontology/MSH/D010634", "preferredName": "Phenobarbital"}, {"semTypes": ["T109", "T121"], "to": "7835", "fro": "7824", "fullId": "http://purl.bioontology.org/ontology/RXNORM/2002", "preferredName": "Carbamazepine"}, {"semTypes": ["T999"], "to": "6591", "fro": "6584", "fullId": "http://purl.bioontology.org/ontology/RXNORM/114194", "preferredName": "Warfarin Sodium"}, {"semTypes": ["T109", "T121"], "to": "5532", "fro": "5519", "fullId": "http://purl.bioontology.org/ontology/MSH/C063449", "preferredName": "zileuton"}, {"semTypes": ["T999"], "to": "14209", "fro": "14203", "fullId": "http://purl.bioontology.org/ontology/RXNORM/6142", "preferredName": "Ketoprofen"}, {"semTypes": ["T121", "T109"], "to": "7725", "fro": "7717", "fullId": "http://purl.bioontology.org/ontology/MSH/D012293", "preferredName": "Rifampin"}, {"semTypes": ["T999"], "to": "7885", "fro": "7877", "fullId": "http://purl.bioontology.org/ontology/RXNORM/11289", "preferredName": "Warfarin"}, {"semTypes": ["T121", "T123", "T118"], "to": "10518", "fro": "10512", "fullId": "http://purl.bioontology.org/ontology/RXNORM/4493", "preferredName": "Fluoxetine"}, {"semTypes": ["T121", "T109"], "to": "8238", "fro": "8229", "fullId": "http://purl.bioontology.org/ontology/RXNORM/114194", "preferredName": "Warfarin Sodium"}, {"semTypes": ["T999"], "to": "7639", "fro": "7632", "fullId": "http://purl.bioontology.org/ontology/MSH/C062735", "preferredName": "zafirlukast"}, {"semTypes": ["T121", "T114"], "to": "6221", "fro": "6213", "fullId": "http://purl.bioontology.org/ontology/MSH/D002939", "preferredName": "Ciprofloxacin"}, {"semTypes": ["T121", "T109"], "to": "8153", "fro": "8144", "fullId": "http://purl.bioontology.org/ontology/RXNORM/358255", "preferredName": "aprepitant"}, {"semTypes": ["T999"], "to": "8322", "fro": "8313", "fullId": "http://purl.bioontology.org/ontology/MSH/D015283", "preferredName": "Citalopram"}, {"semTypes": ["T121", "T109"], "to": "12247", "fro": "12238", "fullId": "http://purl.bioontology.org/ontology/RXNORM/4450", "preferredName": "Fluconazole"}, {"semTypes": ["T121", "T109"], "to": "11687", "fro": "11680", "fullId": "http://purl.bioontology.org/ontology/RXNORM/4450", "preferredName": "Fluconazole"}, {"semTypes": ["T999"], "to": "8337", "fro": "8330", "fullId": "http://purl.bioontology.org/ontology/RXNORM/114194", "preferredName": "Warfarin Sodium"}, {"semTypes": ["T999"], "to": "7785", "fro": "7777", "fullId": "http://purl.bioontology.org/ontology/MSH/D004917", "preferredName": "Erythromycin"}, {"semTypes": ["T121", "T125", "T110"], "to": "5511", "fro": "5501", "fullId": "http://purl.bioontology.org/ontology/RXNORM/4493", "preferredName": "Fluoxetine"}, {"semTypes": ["T109", "T195"], "to": "7454", "fro": "7441", "fullId": "http://purl.bioontology.org/ontology/MSH/D000525", "preferredName": "Alprazolam"}, {"semTypes": ["T109", "T121"], "to": "11640", "fro": "11633", "fullId": "http://purl.bioontology.org/ontology/MSH/D010634", "preferredName": "Phenobarbital"}, {"semTypes": ["T999"], "to": "8238", "fro": "8229", "fullId": "http://purl.bioontology.org/ontology/RXNORM/114194", "preferredName": "Warfarin Sodium"}, {"semTypes": ["T109", "T195"], "to": "5550", "fro": "5540", "fullId": "http://purl.bioontology.org/ontology/RXNORM/475969", "preferredName": "etravirine"}, {"semTypes": ["T999"], "to": "11687", "fro": "11680", "fullId": "http://purl.bioontology.org/ontology/RXNORM/121243", "preferredName": "voriconazole"}, {"semTypes": ["T999"], "to": "7604", "fro": "7594", "fullId": "http://purl.bioontology.org/ontology/RXNORM/11289", "preferredName": "Warfarin"}, {"semTypes": ["T109", "T131", "T121"], "to": "14271", "fro": "14257", "fullId": "http://purl.bioontology.org/ontology/MSH/D014859", "preferredName": "Warfarin"}, {"semTypes": ["T999"], "to": "7396", "fro": "7387", "fullId": "http://purl.bioontology.org/ontology/RXNORM/114194", "preferredName": "Warfarin Sodium"}, {"semTypes": ["T121", "T109"], "to": "5493", "fro": "5484", "fullId": "http://purl.bioontology.org/ontology/MSH/D005473", "preferredName": "Fluoxetine"}, {"semTypes": ["T999"], "to": "6254", "fro": "6247", "fullId": "http://purl.bioontology.org/ontology/RXNORM/28031", "preferredName": "Itraconazole"}, {"semTypes": ["T999"], "to": "11656", "fro": "11648", "fullId": "http://purl.bioontology.org/ontology/MSH/D002220", "preferredName": "Carbamazepine"}, {"semTypes": ["T999"], "to": "5764", "fro": "5757", "fullId": "http://purl.bioontology.org/ontology/RXNORM/85762", "preferredName": "Ritonavir"}, {"semTypes": ["T109", "T121"], "to": "7709", "fro": "7698", "fullId": "http://purl.bioontology.org/ontology/MSH/D015725", "preferredName": "Fluconazole"}, {"semTypes": ["T109", "T121"], "to": "6239", "fro": "6229", "fullId": "http://purl.bioontology.org/ontology/RXNORM/30125", "preferredName": "modafinil"}, {"semTypes": ["T109", "T121"], "to": "5804", "fro": "5792", "fullId": "http://purl.bioontology.org/ontology/RXNORM/114194", "preferredName": "Warfarin Sodium"}, {"semTypes": ["T999"], "to": "7471", "fro": "7462", "fullId": "http://purl.bioontology.org/ontology/MSH/D006493", "preferredName": "Heparin"}, {"semTypes": ["T121", "T116"], "to": "10488", "fro": "10478", "fullId": "http://purl.bioontology.org/ontology/MSH/D015725", "preferredName": "Fluconazole"}, {"semTypes": ["T109", "T121"], "to": "7569", "fro": "7559", "fullId": "http://purl.bioontology.org/ontology/MSH/C114556", "preferredName": "aprepitant"}, {"semTypes": ["T999"], "to": "6542", "fro": "6530", "fullId": "http://purl.bioontology.org/ontology/MSH/D000525", "preferredName": "Alprazolam"}, {"semTypes": ["T109", "T121"], "to": "5784", "fro": "5772", "fullId": "http://purl.bioontology.org/ontology/RXNORM/114194", "preferredName": "Warfarin Sodium"}, {"semTypes": ["T109", "T121"], "to": "12230", "fro": "12220", "fullId": "http://purl.bioontology.org/ontology/RXNORM/228656", "preferredName": "Amprenavir"}, {"semTypes": ["T121", "T109"], "to": "6504", "fro": "6494", "fullId": "http://purl.bioontology.org/ontology/MSH/D010672", "preferredName": "Phenytoin"}, {"semTypes": ["T121", "T109"], "to": "6771", "fro": "6762", "fullId": "http://purl.bioontology.org/ontology/RXNORM/40575", "preferredName": "zileuton"}, {"semTypes": ["T999"], "to": "7752", "fro": "7743", "fullId": "http://purl.bioontology.org/ontology/RXNORM/4450", "preferredName": "Fluconazole"}, {"semTypes": ["T999"], "to": "14271", "fro": "14257", "fullId": "http://purl.bioontology.org/ontology/MSH/D014859", "preferredName": "Warfarin"}, {"semTypes": ["T109", "T121"], "to": "6323", "fro": "6316", "fullId": "http://purl.bioontology.org/ontology/RXNORM/2551", "preferredName": "Ciprofloxacin"}, {"semTypes": ["T999"], "to": "7516", "fro": "7508", "fullId": "http://purl.bioontology.org/ontology/RXNORM/11289", "preferredName": "Warfarin"}, {"semTypes": ["T999"], "to": "6824", "fro": "6816", "fullId": "http://purl.bioontology.org/ontology/RXNORM/114194", "preferredName": "Warfarin Sodium"}, {"semTypes": ["T999"], "to": "6504", "fro": "6494", "fullId": "http://purl.bioontology.org/ontology/MSH/C086232", "preferredName": "bosentan"}, {"semTypes": ["T999"], "to": "8205", "fro": "8193", "fullId": "http://purl.bioontology.org/ontology/MSH/D016666", "preferredName": "Fluvoxamine"}, {"semTypes": ["T121", "T109"], "to": "7532", "fro": "7524", "fullId": "http://purl.bioontology.org/ontology/MSH/D013988", "preferredName": "Ticlopidine"}, {"semTypes": ["T121", "T109"], "to": "6271", "fro": "6262", "fullId": "http://purl.bioontology.org/ontology/MSH/C114556", "preferredName": "aprepitant"}, {"semTypes": ["T999"], "to": "6522", "fro": "6512", "fullId": "http://purl.bioontology.org/ontology/MSH/C451734", "preferredName": "etravirine"}, {"semTypes": ["T999"], "to": "5819", "fro": "5812", "fullId": "http://purl.bioontology.org/ontology/RXNORM/114194", "preferredName": "Warfarin Sodium"}, {"semTypes": ["T999"], "to": "1504", "fro": "1496", "fullId": "http://purl.bioontology.org/ontology/MSH/D011433", "preferredName": "Propranolol"}, {"semTypes": ["T109", "T121"], "to": "6340", "fro": "6331", "fullId": "http://purl.bioontology.org/ontology/RXNORM/2541", "preferredName": "Cimetidine"}, {"semTypes": ["T999"], "to": "11672", "fro": "11664", "fullId": "http://purl.bioontology.org/ontology/MSH/D015738", "preferredName": "Famotidine"}, {"semTypes": ["T109", "T121"], "to": "6808", "fro": "6796", "fullId": "http://purl.bioontology.org/ontology/RXNORM/114194", "preferredName": "Warfarin Sodium"}, {"semTypes": ["T109", "T121"], "to": "11497", "fro": "11488", "fullId": "http://purl.bioontology.org/ontology/RXNORM/2551", "preferredName": "Ciprofloxacin"}, {"semTypes": ["T116", "T121"], "to": "10453", "fro": "10444", "fullId": "http://purl.bioontology.org/ontology/MSH/D013988", "preferredName": "Ticlopidine"}, {"semTypes": ["T109", "T121", "T131"], "to": "3024", "fro": "3017", "fullId": "http://purl.bioontology.org/ontology/MSH/D014859", "preferredName": "Warfarin"}, {"semTypes": ["T109", "T131", "T121"], "to": "983", "fro": "969", "fullId": "http://purl.bioontology.org/ontology/MSH/D014859", "preferredName": "Warfarin"}, {"semTypes": ["T109", "T195"], "to": "5819", "fro": "5812", "fullId": "http://purl.bioontology.org/ontology/RXNORM/114194", "preferredName": "Warfarin Sodium"}, {"semTypes": ["T109", "T121"], "to": "7506", "fro": "7498", "fullId": "http://purl.bioontology.org/ontology/MSH/D002927", "preferredName": "Cimetidine"}, {"semTypes": ["T999"], "to": "5550", "fro": "5540", "fullId": "http://purl.bioontology.org/ontology/RXNORM/30125", "preferredName": "modafinil"}, {"semTypes": ["T121", "T109"], "to": "12158", "fro": "12149", "fullId": "http://purl.bioontology.org/ontology/MSH/C063449", "preferredName": "zileuton"}, {"semTypes": ["T999"], "to": "2659", "fro": "2652", "fullId": "http://purl.bioontology.org/ontology/MSH/D014859", "preferredName": "Warfarin"}, {"semTypes": ["T999"], "to": "10488", "fro": "10478", "fullId": "http://purl.bioontology.org/ontology/RXNORM/460132", "preferredName": "darunavir"}, {"semTypes": ["T999"], "to": "7290", "fro": "7281", "fullId": "http://purl.bioontology.org/ontology/MSH/C086232", "preferredName": "bosentan"}, {"semTypes": ["T999"], "to": "5477", "fro": "5465", "fullId": "http://purl.bioontology.org/ontology/MSH/C098320", "preferredName": "efavirenz"}, {"semTypes": ["T999"], "to": "13388", "fro": "13374", "fullId": "http://purl.bioontology.org/ontology/MSH/D014859", "preferredName": "Warfarin"}, {"semTypes": ["T121", "T109"], "to": "11599", "fro": "11591", "fullId": "http://purl.bioontology.org/ontology/RXNORM/9384", "preferredName": "Rifampin"}, {"semTypes": ["T109", "T121"], "to": "6591", "fro": "6584", "fullId": "http://purl.bioontology.org/ontology/MSH/D016666", "preferredName": "Fluvoxamine"}, {"semTypes": ["T999"], "to": "7379", "fro": "7368", "fullId": "http://purl.bioontology.org/ontology/RXNORM/734064", "preferredName": "Desvenlafaxine"}, {"semTypes": ["T999"], "to": "11514", "fro": "11505", "fullId": "http://purl.bioontology.org/ontology/RXNORM/475969", "preferredName": "etravirine"}, {"semTypes": ["T121", "T109"], "to": "5403", "fro": "5394", "fullId": "http://purl.bioontology.org/ontology/RXNORM/114194", "preferredName": "Warfarin Sodium"}, {"semTypes": ["T109", "T121"], "to": "5421", "fro": "5411", "fullId": "http://purl.bioontology.org/ontology/RXNORM/42355", "preferredName": "Fluvoxamine"}, {"semTypes": ["T999"], "to": "7835", "fro": "7824", "fullId": "http://purl.bioontology.org/ontology/RXNORM/4493", "preferredName": "Fluoxetine"}, {"semTypes": ["T121", "T119", "T127"], "to": "1504", "fro": "1496", "fullId": "http://purl.bioontology.org/ontology/MSH/D010634", "preferredName": "Phenobarbital"}, {"semTypes": ["T109", "T121"], "to": "7885", "fro": "7877", "fullId": "http://purl.bioontology.org/ontology/RXNORM/11289", "preferredName": "Warfarin"}, {"semTypes": ["T999"], "to": "11040", "fro": "11030", "fullId": "http://purl.bioontology.org/ontology/MSH/D016666", "preferredName": "Fluvoxamine"}, {"semTypes": ["T999"], "to": "14090", "fro": "14076", "fullId": "http://purl.bioontology.org/ontology/MSH/D014859", "preferredName": "Warfarin"}, {"semTypes": ["T121", "T109"], "to": "7671", "fro": "7663", "fullId": "http://purl.bioontology.org/ontology/MSH/D000638", "preferredName": "Amiodarone"}, {"semTypes": ["T999"], "to": "5804", "fro": "5792", "fullId": "http://purl.bioontology.org/ontology/RXNORM/42355", "preferredName": "Fluvoxamine"}, {"semTypes": ["T109", "T121"], "to": "6291", "fro": "6279", "fullId": "http://purl.bioontology.org/ontology/RXNORM/85762", "preferredName": "Ritonavir"}, {"semTypes": ["T999"], "to": "7725", "fro": "7717", "fullId": "http://purl.bioontology.org/ontology/RXNORM/6038", "preferredName": "isoniazid"}, {"semTypes": ["T999"], "to": "13047", "fro": "13040", "fullId": "http://purl.bioontology.org/ontology/MSH/D014859", "preferredName": "Warfarin"}, {"semTypes": ["T999"], "to": "7490", "fro": "7479", "fullId": "http://purl.bioontology.org/ontology/RXNORM/1086769", "preferredName": "vilazodone"}, {"semTypes": ["T999"], "to": "7958", "fro": "7947", "fullId": "http://purl.bioontology.org/ontology/RXNORM/42355", "preferredName": "Fluvoxamine"}, {"semTypes": ["T999"], "to": "8254", "fro": "8246", "fullId": "http://purl.bioontology.org/ontology/RXNORM/85762", "preferredName": "Ritonavir"}, {"semTypes": ["T999"], "to": "6486", "fro": "6476", "fullId": "http://purl.bioontology.org/ontology/RXNORM/734064", "preferredName": "Desvenlafaxine"}, {"semTypes": ["T109", "T121"], "to": "7624", "fro": "7612", "fullId": "http://purl.bioontology.org/ontology/MSH/C413408", "preferredName": "atazanavir"}, {"semTypes": ["T999"], "to": "983", "fro": "969", "fullId": "http://purl.bioontology.org/ontology/MSH/D014859", "preferredName": "Warfarin"}, {"semTypes": ["T121", "T109"], "to": "5749", "fro": "5740", "fullId": "http://purl.bioontology.org/ontology/RXNORM/11289", "preferredName": "Warfarin"}, {"semTypes": ["T109", "T195"], "to": "7922", "fro": "7910", "fullId": "http://purl.bioontology.org/ontology/MSH/C102790", "preferredName": "voriconazole"}, {"semTypes": ["T999"], "to": "6358", "fro": "6348", "fullId": "http://purl.bioontology.org/ontology/RXNORM/11289", "preferredName": "Warfarin"}, {"semTypes": ["T999"], "to": "2332", "fro": "2318", "fullId": "http://purl.bioontology.org/ontology/MSH/D014859", "preferredName": "Warfarin"}, {"semTypes": ["T999"], "to": "6239", "fro": "6229", "fullId": "http://purl.bioontology.org/ontology/MSH/C063449", "preferredName": "zileuton"}, {"semTypes": ["T999"], "to": "11497", "fro": "11488", "fullId": "http://purl.bioontology.org/ontology/MSH/C045645", "preferredName": "cilostazol"}, {"semTypes": ["T121", "T109"], "to": "6486", "fro": "6476", "fullId": "http://purl.bioontology.org/ontology/RXNORM/2541", "preferredName": "Cimetidine"}, {"semTypes": ["T999"], "to": "1398", "fro": "1384", "fullId": "http://purl.bioontology.org/ontology/MSH/D014859", "preferredName": "Warfarin"}, {"semTypes": ["T121", "T109"], "to": "12299", "fro": "12290", "fullId": "http://purl.bioontology.org/ontology/RXNORM/10594", "preferredName": "Ticlopidine"}, {"semTypes": ["T999"], "to": "1273", "fro": "1259", "fullId": "http://purl.bioontology.org/ontology/MSH/D014859", "preferredName": "Warfarin"}, {"semTypes": ["T116", "T121"], "to": "7490", "fro": "7479", "fullId": "http://purl.bioontology.org/ontology/MSH/D012293", "preferredName": "Rifampin"}, {"semTypes": ["T999"], "to": "7569", "fro": "7559", "fullId": "http://purl.bioontology.org/ontology/RXNORM/42355", "preferredName": "Fluvoxamine"}, {"semTypes": ["T999"], "to": "12762", "fro": "12755", "fullId": "http://purl.bioontology.org/ontology/MSH/D014859", "preferredName": "Warfarin"}, {"semTypes": ["T109", "T121"], "to": "6522", "fro": "6512", "fullId": "http://purl.bioontology.org/ontology/RXNORM/190548", "preferredName": "tipranavir"}, {"semTypes": ["T999"], "to": "3158", "fro": "3151", "fullId": "http://purl.bioontology.org/ontology/MSH/D014859", "preferredName": "Warfarin"}, {"semTypes": ["T999"], "to": "7256", "fro": "7247", "fullId": "http://purl.bioontology.org/ontology/MSH/C114556", "preferredName": "aprepitant"}]