[{"semTypes": ["T999"], "to": "14242", "fro": "14231", "fullId": "http://purl.bioontology.org/ontology/MSH/D017963", "preferredName": "Azithromycin"}, {"semTypes": ["T999"], "to": "8148", "fro": "8139", "fullId": "http://purl.bioontology.org/ontology/RXNORM/2409", "preferredName": "Chlorthalidone"}, {"semTypes": ["T121", "T109"], "to": "9454", "fro": "9447", "fullId": "http://purl.bioontology.org/ontology/RXNORM/83367", "preferredName": "atorvastatin"}, {"semTypes": ["T999"], "to": "14275", "fro": "14265", "fullId": "http://purl.bioontology.org/ontology/RXNORM/2714", "preferredName": "Collagen"}, {"semTypes": ["T999"], "to": "8073", "fro": "8062", "fullId": "http://purl.bioontology.org/ontology/RXNORM/2714", "preferredName": "Collagen"}, {"semTypes": ["T999"], "to": "11914", "fro": "11903", "fullId": "http://purl.bioontology.org/ontology/RXNORM/2344", "preferredName": "Chloral Hydrate"}, {"semTypes": ["T121", "T109"], "to": "7106", "fro": "7100", "fullId": "http://purl.bioontology.org/ontology/RXNORM/60819", "preferredName": "bivalirudin"}, {"semTypes": ["T999"], "to": "8271", "fro": "8262", "fullId": "http://purl.bioontology.org/ontology/RXNORM/60819", "preferredName": "bivalirudin"}, {"semTypes": ["T999"], "to": "5483", "fro": "5472", "fullId": "http://purl.bioontology.org/ontology/MSH/D009853", "preferredName": "Omeprazole"}, {"semTypes": ["T999"], "to": "4030", "fro": "4018", "fullId": "http://purl.bioontology.org/ontology/MSH/D024841", "preferredName": "Fluoroquinolones"}, {"semTypes": ["T121", "T109"], "to": "8306", "fro": "8296", "fullId": "http://purl.bioontology.org/ontology/MSH/D014812", "preferredName": "Vitamin K"}, {"semTypes": ["T121", "T109"], "to": "14225", "fro": "14213", "fullId": "http://purl.bioontology.org/ontology/RXNORM/3640", "preferredName": "Doxycycline"}, {"semTypes": ["T999"], "to": "7094", "fro": "7085", "fullId": "http://purl.bioontology.org/ontology/MSH/D015242", "preferredName": "Ofloxacin"}, {"semTypes": ["T109", "T195"], "to": "14207", "fro": "14195", "fullId": "http://purl.bioontology.org/ontology/MSH/D015242", "preferredName": "Ofloxacin"}, {"semTypes": ["T121", "T110", "T125"], "to": "7542", "fro": "7536", "fullId": "http://purl.bioontology.org/ontology/RXNORM/2344", "preferredName": "Chloral Hydrate"}, {"semTypes": ["T999"], "to": "8813", "fro": "8800", "fullId": "http://purl.bioontology.org/ontology/MSH/D015242", "preferredName": "Ofloxacin"}, {"semTypes": ["T109", "T121"], "to": "14291", "fro": "14281", "fullId": "http://purl.bioontology.org/ontology/RXNORM/2193", "preferredName": "Ceftriaxone"}, {"semTypes": ["T999"], "to": "8945", "fro": "8935", "fullId": "http://purl.bioontology.org/ontology/MSH/D009853", "preferredName": "Omeprazole"}, {"semTypes": ["T999"], "to": "8832", "fro": "8819", "fullId": "http://purl.bioontology.org/ontology/MSH/D016293", "preferredName": "Moricizine"}, {"semTypes": ["T109", "T121"], "to": "7688", "fro": "7679", "fullId": "http://purl.bioontology.org/ontology/MSH/D005279", "preferredName": "Fenoprofen"}, {"semTypes": ["T999"], "to": "8369", "fro": "8354", "fullId": "http://purl.bioontology.org/ontology/RXNORM/3292", "preferredName": "Dextrothyroxine"}, {"semTypes": ["T121", "T109"], "to": "7036", "fro": "7026", "fullId": "http://purl.bioontology.org/ontology/RXNORM/7240", "preferredName": "Nalidixic Acid"}, {"semTypes": ["T109", "T121"], "to": "7502", "fro": "7493", "fullId": "http://purl.bioontology.org/ontology/MSH/D001463", "preferredName": "Barbiturates"}, {"semTypes": ["T999"], "to": "8133", "fro": "8125", "fullId": "http://purl.bioontology.org/ontology/MSH/D000970", "preferredName": "Antineoplastic Agents"}, {"semTypes": ["T109", "T121"], "to": "7703", "fro": "7694", "fullId": "http://purl.bioontology.org/ontology/RXNORM/42463", "preferredName": "Pravastatin"}, {"semTypes": ["T999"], "to": "7209", "fro": "7199", "fullId": "http://purl.bioontology.org/ontology/RXNORM/3102", "preferredName": "Danazol"}, {"semTypes": ["T195", "T118"], "to": "8609", "fro": "8602", "fullId": "http://purl.bioontology.org/ontology/MSH/D013420", "preferredName": "Sulfamethoxazole"}, {"semTypes": ["T999"], "to": "14368", "fro": "14353", "fullId": "http://purl.bioontology.org/ontology/RXNORM/3102", "preferredName": "Danazol"}, {"semTypes": ["T999"], "to": "14441", "fro": "14433", "fullId": "http://purl.bioontology.org/ontology/MSH/D000970", "preferredName": "Antineoplastic Agents"}, {"semTypes": ["T999"], "to": "7926", "fro": "7918", "fullId": "http://purl.bioontology.org/ontology/MSH/D016293", "preferredName": "Moricizine"}, {"semTypes": ["T121", "T109"], "to": "8945", "fro": "8935", "fullId": "http://purl.bioontology.org/ontology/MSH/D001241", "preferredName": "Aspirin"}, {"semTypes": ["T999"], "to": "8922", "fro": "8913", "fullId": "http://purl.bioontology.org/ontology/MSH/D013988", "preferredName": "Ticlopidine"}, {"semTypes": ["T121", "T109"], "to": "7753", "fro": "7742", "fullId": "http://purl.bioontology.org/ontology/RXNORM/3554", "preferredName": "Disulfiram"}, {"semTypes": ["T999"], "to": "7315", "fro": "7304", "fullId": "http://purl.bioontology.org/ontology/MSH/D008774", "preferredName": "Methylphenidate"}, {"semTypes": ["T999"], "to": "7787", "fro": "7779", "fullId": "http://purl.bioontology.org/ontology/MSH/D008774", "preferredName": "Methylphenidate"}, {"semTypes": ["T999"], "to": "14772", "fro": "14764", "fullId": "http://purl.bioontology.org/ontology/MSH/D009643", "preferredName": "Norfloxacin"}, {"semTypes": ["T121", "T116", "T126"], "to": "9204", "fro": "9192", "fullId": "http://purl.bioontology.org/ontology/MSH/D002701", "preferredName": "Chloramphenicol"}, {"semTypes": ["T999"], "to": "9204", "fro": "9192", "fullId": "http://purl.bioontology.org/ontology/RXNORM/2356", "preferredName": "Chlordiazepoxide"}, {"semTypes": ["T109", "T121"], "to": "9155", "fro": "9146", "fullId": "http://purl.bioontology.org/ontology/RXNORM/719", "preferredName": "Amobarbital"}, {"semTypes": ["T121", "T109"], "to": "14420", "fro": "14397", "fullId": "http://purl.bioontology.org/ontology/MSH/D016293", "preferredName": "Moricizine"}, {"semTypes": ["T109", "T195"], "to": "7736", "fro": "7725", "fullId": "http://purl.bioontology.org/ontology/RXNORM/8640", "preferredName": "Prednisone"}, {"semTypes": ["T125", "T121", "T116", "T124"], "to": "14147", "fro": "14135", "fullId": "http://purl.bioontology.org/ontology/RXNORM/719", "preferredName": "Amobarbital"}, {"semTypes": ["T999"], "to": "14743", "fro": "14730", "fullId": "http://purl.bioontology.org/ontology/MSH/D007213", "preferredName": "Indomethacin"}, {"semTypes": ["T121", "T109"], "to": "14573", "fro": "14565", "fullId": "http://purl.bioontology.org/ontology/MSH/D011802", "preferredName": "Quinidine"}, {"semTypes": ["T999"], "to": "7818", "fro": "7809", "fullId": "http://purl.bioontology.org/ontology/RXNORM/32613", "preferredName": "oxaprozin"}, {"semTypes": ["T999"], "to": "7349", "fro": "7335", "fullId": "http://purl.bioontology.org/ontology/RXNORM/8183", "preferredName": "Phenytoin"}, {"semTypes": ["T118", "T121"], "to": "7554", "fro": "7548", "fullId": "http://purl.bioontology.org/ontology/MSH/D002747", "preferredName": "Chlorpropamide"}, {"semTypes": ["T109", "T121"], "to": "9088", "fro": "9082", "fullId": "http://purl.bioontology.org/ontology/RXNORM/2344", "preferredName": "Chloral Hydrate"}, {"semTypes": ["T109", "T121"], "to": "14014", "fro": "13999", "fullId": "http://purl.bioontology.org/ontology/RXNORM/9143", "preferredName": "Ranitidine"}, {"semTypes": ["T999"], "to": "14786", "fro": "14778", "fullId": "http://purl.bioontology.org/ontology/RXNORM/341248", "preferredName": "ezetimibe"}, {"semTypes": ["T999"], "to": "13916", "fro": "13905", "fullId": "http://purl.bioontology.org/ontology/MSH/D016293", "preferredName": "Moricizine"}, {"semTypes": ["T999"], "to": "9104", "fro": "9094", "fullId": "http://purl.bioontology.org/ontology/MSH/D005485", "preferredName": "Flutamide"}, {"semTypes": ["T195", "T109"], "to": "9471", "fro": "9460", "fullId": "http://purl.bioontology.org/ontology/RXNORM/8183", "preferredName": "Phenytoin"}, {"semTypes": ["T109", "T195"], "to": "8583", "fro": "8570", "fullId": "http://purl.bioontology.org/ontology/RXNORM/10180", "preferredName": "Sulfamethoxazole"}, {"semTypes": ["T999"], "to": "15080", "fro": "15066", "fullId": "http://purl.bioontology.org/ontology/MSH/D014859", "preferredName": "Warfarin"}, {"semTypes": ["T121", "T118", "T123"], "to": "7982", "fro": "7976", "fullId": "http://purl.bioontology.org/ontology/RXNORM/3640", "preferredName": "Doxycycline"}, {"semTypes": ["T109", "T121"], "to": "7395", "fro": "7382", "fullId": "http://purl.bioontology.org/ontology/RXNORM/83367", "preferredName": "atorvastatin"}, {"semTypes": ["T999"], "to": "12354", "fro": "12347", "fullId": "http://purl.bioontology.org/ontology/MSH/D004917", "preferredName": "Erythromycin"}, {"semTypes": ["T999"], "to": "9076", "fro": "9068", "fullId": "http://purl.bioontology.org/ontology/RXNORM/10180", "preferredName": "Sulfamethoxazole"}, {"semTypes": ["T999"], "to": "14507", "fro": "14499", "fullId": "http://purl.bioontology.org/ontology/RXNORM/11258", "preferredName": "Vitamin K"}, {"semTypes": ["T109", "T121"], "to": "7996", "fro": "7988", "fullId": "http://purl.bioontology.org/ontology/MSH/D009853", "preferredName": "Omeprazole"}, {"semTypes": ["T999"], "to": "7176", "fro": "7166", "fullId": "http://purl.bioontology.org/ontology/MSH/C406224", "preferredName": "valdecoxib"}, {"semTypes": ["T999"], "to": "8183", "fro": "8171", "fullId": "http://purl.bioontology.org/ontology/RXNORM/3292", "preferredName": "Dextrothyroxine"}, {"semTypes": ["T121", "T109"], "to": "9534", "fro": "9525", "fullId": "http://purl.bioontology.org/ontology/RXNORM/9068", "preferredName": "Quinidine"}, {"semTypes": ["T121", "T109"], "to": "8596", "fro": "8589", "fullId": "http://purl.bioontology.org/ontology/RXNORM/376", "preferredName": "Corticotropin"}, {"semTypes": ["T999"], "to": "7395", "fro": "7382", "fullId": "http://purl.bioontology.org/ontology/RXNORM/10180", "preferredName": "Sulfamethoxazole"}, {"semTypes": ["T999"], "to": "8639", "fro": "8631", "fullId": "http://purl.bioontology.org/ontology/RXNORM/8794", "preferredName": "Propylthiouracil"}, {"semTypes": ["T999"], "to": "8699", "fro": "8691", "fullId": "http://purl.bioontology.org/ontology/RXNORM/10156", "preferredName": "Sucralfate"}, {"semTypes": ["T999"], "to": "8748", "fro": "8739", "fullId": "http://purl.bioontology.org/ontology/MSH/D009254", "preferredName": "Nafcillin"}, {"semTypes": ["T121", "T109"], "to": "14384", "fro": "14374", "fullId": "http://purl.bioontology.org/ontology/RXNORM/8794", "preferredName": "Propylthiouracil"}, {"semTypes": ["T116", "T121", "T126"], "to": "9519", "fro": "9511", "fullId": "http://purl.bioontology.org/ontology/RXNORM/42463", "preferredName": "Pravastatin"}, {"semTypes": ["T109", "T195"], "to": "7349", "fro": "7335", "fullId": "http://purl.bioontology.org/ontology/MSH/D011345", "preferredName": "Fenofibrate"}, {"semTypes": ["T999"], "to": "9562", "fro": "9554", "fullId": "http://purl.bioontology.org/ontology/RXNORM/10635", "preferredName": "Tolbutamide"}, {"semTypes": ["T999"], "to": "7912", "fro": "7902", "fullId": "http://purl.bioontology.org/ontology/RXNORM/10156", "preferredName": "Sucralfate"}, {"semTypes": ["T999"], "to": "7060", "fro": "7042", "fullId": "http://purl.bioontology.org/ontology/MSH/D014815", "preferredName": "Vitamins"}, {"semTypes": ["T121", "T115"], "to": "8011", "fro": "8002", "fullId": "http://purl.bioontology.org/ontology/MSH/D007213", "preferredName": "Indomethacin"}, {"semTypes": ["T109", "T121"], "to": "14457", "fro": "14447", "fullId": "http://purl.bioontology.org/ontology/MSH/D005485", "preferredName": "Flutamide"}, {"semTypes": ["T999"], "to": "7542", "fro": "7536", "fullId": "http://purl.bioontology.org/ontology/MSH/D011345", "preferredName": "Fenofibrate"}, {"semTypes": ["T131", "T121", "T109"], "to": "15441", "fro": "15434", "fullId": "http://purl.bioontology.org/ontology/MSH/D014859", "preferredName": "Warfarin"}, {"semTypes": ["T131", "T121", "T109"], "to": "981", "fro": "974", "fullId": "http://purl.bioontology.org/ontology/MSH/D014859", "preferredName": "Warfarin"}, {"semTypes": ["T121", "T131", "T109"], "to": "10757", "fro": "10743", "fullId": "http://purl.bioontology.org/ontology/MSH/D014859", "preferredName": "Warfarin"}, {"semTypes": ["T121", "T109"], "to": "8699", "fro": "8691", "fullId": "http://purl.bioontology.org/ontology/MSH/D002697", "preferredName": "Chloral Hydrate"}, {"semTypes": ["T127", "T121", "T119"], "to": "14812", "fro": "14804", "fullId": "http://purl.bioontology.org/ontology/MSH/D014859", "preferredName": "Warfarin"}, {"semTypes": ["T121", "T131", "T109"], "to": "15080", "fro": "15066", "fullId": "http://purl.bioontology.org/ontology/RXNORM/11289", "preferredName": "Warfarin"}, {"semTypes": ["T999"], "to": "7970", "fro": "7962", "fullId": "http://purl.bioontology.org/ontology/RXNORM/2193", "preferredName": "Ceftriaxone"}, {"semTypes": ["T999"], "to": "14812", "fro": "14804", "fullId": "http://purl.bioontology.org/ontology/RXNORM/11289", "preferredName": "Warfarin"}, {"semTypes": ["T127", "T121", "T119"], "to": "13457", "fro": "13449", "fullId": "http://purl.bioontology.org/ontology/RXNORM/11289", "preferredName": "Warfarin"}, {"semTypes": ["T121", "T131", "T109"], "to": "2651", "fro": "2637", "fullId": "http://purl.bioontology.org/ontology/RXNORM/11289", "preferredName": "Warfarin"}, {"semTypes": ["T121", "T109"], "to": "7912", "fro": "7902", "fullId": "http://purl.bioontology.org/ontology/MSH/D010672", "preferredName": "Phenytoin"}, {"semTypes": ["T999"], "to": "13457", "fro": "13449", "fullId": "http://purl.bioontology.org/ontology/RXNORM/11289", "preferredName": "Warfarin"}, {"semTypes": ["T999"], "to": "9369", "fro": "9359", "fullId": "http://purl.bioontology.org/ontology/RXNORM/11289", "preferredName": "Warfarin"}, {"semTypes": ["T121", "T109"], "to": "7136", "fro": "7125", "fullId": "http://purl.bioontology.org/ontology/MSH/D008713", "preferredName": "Methimazole"}, {"semTypes": ["T999"], "to": "9392", "fro": "9382", "fullId": "http://purl.bioontology.org/ontology/MSH/D002697", "preferredName": "Chloral Hydrate"}, {"semTypes": ["T999"], "to": "12520", "fro": "12513", "fullId": "http://purl.bioontology.org/ontology/RXNORM/11289", "preferredName": "Warfarin"}, {"semTypes": ["T121", "T114"], "to": "9055", "fro": "9040", "fullId": "http://purl.bioontology.org/ontology/RXNORM/11289", "preferredName": "Warfarin"}, {"semTypes": ["T999"], "to": "9088", "fro": "9082", "fullId": "http://purl.bioontology.org/ontology/MSH/D011241", "preferredName": "Prednisone"}, {"semTypes": ["T999"], "to": "14384", "fro": "14374", "fullId": "http://purl.bioontology.org/ontology/RXNORM/11289", "preferredName": "Warfarin"}, {"semTypes": ["T109", "T121"], "to": "15457", "fro": "15447", "fullId": "http://purl.bioontology.org/ontology/MSH/D011899", "preferredName": "Ranitidine"}, {"semTypes": ["T999"], "to": "9505", "fro": "9490", "fullId": "http://purl.bioontology.org/ontology/RXNORM/114194", "preferredName": "Warfarin Sodium"}, {"semTypes": ["T109", "T121"], "to": "9369", "fro": "9359", "fullId": "http://purl.bioontology.org/ontology/RXNORM/114194", "preferredName": "Warfarin Sodium"}, {"semTypes": ["T999"], "to": "14182", "fro": "14167", "fullId": "http://purl.bioontology.org/ontology/MSH/D014812", "preferredName": "Vitamin K"}, {"semTypes": ["T999"], "to": "7851", "fro": "7840", "fullId": "http://purl.bioontology.org/ontology/MSH/D015242", "preferredName": "Ofloxacin"}, {"semTypes": ["T999"], "to": "13892", "fro": "13881", "fullId": "http://purl.bioontology.org/ontology/MSH/D014812", "preferredName": "Vitamin K"}, {"semTypes": ["T999"], "to": "7284", "fro": "7274", "fullId": "http://purl.bioontology.org/ontology/MSH/D011241", "preferredName": "Prednisone"}, {"semTypes": ["T999"], "to": "7136", "fro": "7125", "fullId": "http://purl.bioontology.org/ontology/RXNORM/11258", "preferredName": "Vitamin K"}, {"semTypes": ["T195", "T109"], "to": "8165", "fro": "8154", "fullId": "http://purl.bioontology.org/ontology/MSH/D011241", "preferredName": "Prednisone"}, {"semTypes": ["T110", "T125", "T121"], "to": "8922", "fro": "8913", "fullId": "http://purl.bioontology.org/ontology/RXNORM/114194", "preferredName": "Warfarin Sodium"}, {"semTypes": ["T999"], "to": "7001", "fro": "6989", "fullId": "http://purl.bioontology.org/ontology/MSH/D013300", "preferredName": "Streptokinase"}, {"semTypes": ["T999"], "to": "8654", "fro": "8645", "fullId": "http://purl.bioontology.org/ontology/RXNORM/221126", "preferredName": "Moricizine hydrochloride"}, {"semTypes": ["T121", "T109"], "to": "9441", "fro": "9431", "fullId": "http://purl.bioontology.org/ontology/MSH/D002697", "preferredName": "Chloral Hydrate"}, {"semTypes": ["T121", "T114"], "to": "14650", "fro": "14635", "fullId": "http://purl.bioontology.org/ontology/MSH/D014812", "preferredName": "Vitamin K"}, {"semTypes": ["T999"], "to": "15457", "fro": "15447", "fullId": "http://purl.bioontology.org/ontology/RXNORM/11258", "preferredName": "Vitamin K"}, {"semTypes": ["T999"], "to": "13948", "fro": "13939", "fullId": "http://purl.bioontology.org/ontology/RXNORM/36437", "preferredName": "Sertraline"}, {"semTypes": ["T999"], "to": "8716", "fro": "8705", "fullId": "http://purl.bioontology.org/ontology/RXNORM/7240", "preferredName": "Nalidixic Acid"}, {"semTypes": ["T999"], "to": "11755", "fro": "11742", "fullId": "http://purl.bioontology.org/ontology/MSH/D020910", "preferredName": "Ketorolac"}, {"semTypes": ["T999"], "to": "7298", "fro": "7290", "fullId": "http://purl.bioontology.org/ontology/RXNORM/376", "preferredName": "Corticotropin"}, {"semTypes": ["T121", "T109"], "to": "8148", "fro": "8139", "fullId": "http://purl.bioontology.org/ontology/MSH/D015313", "preferredName": "Cefotetan"}, {"semTypes": ["T121", "T109"], "to": "14687", "fro": "14678", "fullId": "http://purl.bioontology.org/ontology/RXNORM/114194", "preferredName": "Warfarin Sodium"}, {"semTypes": ["T127", "T121", "T119"], "to": "829", "fro": "821", "fullId": "http://purl.bioontology.org/ontology/RXNORM/11289", "preferredName": "Warfarin"}, {"semTypes": ["T999"], "to": "15227", "fro": "15219", "fullId": "http://purl.bioontology.org/ontology/MSH/D017963", "preferredName": "Azithromycin"}, {"semTypes": ["T999"], "to": "5611", "fro": "5604", "fullId": "http://purl.bioontology.org/ontology/MSH/D013420", "preferredName": "Sulfamethoxazole"}, {"semTypes": ["T109", "T121"], "to": "7060", "fro": "7042", "fullId": "http://purl.bioontology.org/ontology/RXNORM/10594", "preferredName": "Ticlopidine"}, {"semTypes": ["T999"], "to": "9353", "fro": "9343", "fullId": "http://purl.bioontology.org/ontology/MSH/D013420", "preferredName": "Sulfamethoxazole"}, {"semTypes": ["T999"], "to": "3987", "fro": "3976", "fullId": "http://purl.bioontology.org/ontology/RXNORM/6835", "preferredName": "Methimazole"}, {"semTypes": ["T110", "T125", "T121"], "to": "9186", "fro": "9177", "fullId": "http://purl.bioontology.org/ontology/RXNORM/2180", "preferredName": "Cefazolin"}, {"semTypes": ["T999"], "to": "14650", "fro": "14635", "fullId": "http://purl.bioontology.org/ontology/MSH/D014812", "preferredName": "Vitamin K"}, {"semTypes": ["T999"], "to": "9263", "fro": "9250", "fullId": "http://purl.bioontology.org/ontology/MSH/D009853", "preferredName": "Omeprazole"}, {"semTypes": ["T999"], "to": "14207", "fro": "14195", "fullId": "http://purl.bioontology.org/ontology/MSH/D009254", "preferredName": "Nafcillin"}, {"semTypes": ["T109", "T121"], "to": "8733", "fro": "8722", "fullId": "http://purl.bioontology.org/ontology/RXNORM/8640", "preferredName": "Prednisone"}, {"semTypes": ["T999"], "to": "14552", "fro": "14543", "fullId": "http://purl.bioontology.org/ontology/MSH/D013988", "preferredName": "Ticlopidine"}, {"semTypes": ["T999"], "to": "8846", "fro": "8838", "fullId": "http://purl.bioontology.org/ontology/MSH/D014815", "preferredName": "Vitamins"}, {"semTypes": ["T109", "T195"], "to": "9353", "fro": "9343", "fullId": "http://purl.bioontology.org/ontology/MSH/D001379", "preferredName": "Azathioprine"}, {"semTypes": ["T999"], "to": "8625", "fro": "8615", "fullId": "http://purl.bioontology.org/ontology/RXNORM/10594", "preferredName": "Ticlopidine"}, {"semTypes": ["T999"], "to": "9119", "fro": "9110", "fullId": "http://purl.bioontology.org/ontology/MSH/D014815", "preferredName": "Vitamins"}, {"semTypes": ["T999"], "to": "9244", "fro": "9229", "fullId": "http://purl.bioontology.org/ontology/RXNORM/8794", "preferredName": "Propylthiouracil"}, {"semTypes": ["T109", "T121"], "to": "7803", "fro": "7793", "fullId": "http://purl.bioontology.org/ontology/RXNORM/2344", "preferredName": "Chloral Hydrate"}, {"semTypes": ["T121", "T109"], "to": "13933", "fro": "13922", "fullId": "http://purl.bioontology.org/ontology/MSH/D000970", "preferredName": "Antineoplastic Agents"}, {"semTypes": ["T110", "T125", "T121"], "to": "14552", "fro": "14543", "fullId": "http://purl.bioontology.org/ontology/MSH/D008713", "preferredName": "Methimazole"}, {"semTypes": ["T109", "T195"], "to": "7268", "fro": "7260", "fullId": "http://purl.bioontology.org/ontology/RXNORM/3355", "preferredName": "Diclofenac"}, {"semTypes": ["T109", "T121"], "to": "8846", "fro": "8838", "fullId": "http://purl.bioontology.org/ontology/RXNORM/10594", "preferredName": "Ticlopidine"}, {"semTypes": ["T109", "T121"], "to": "13916", "fro": "13905", "fullId": "http://purl.bioontology.org/ontology/RXNORM/10689", "preferredName": "Tramadol"}, {"semTypes": ["T999"], "to": "7329", "fro": "7321", "fullId": "http://purl.bioontology.org/ontology/MSH/D004318", "preferredName": "Doxycycline"}, {"semTypes": ["T109", "T121"], "to": "14672", "fro": "14663", "fullId": "http://purl.bioontology.org/ontology/MSH/D001463", "preferredName": "Barbiturates"}, {"semTypes": ["T999"], "to": "7688", "fro": "7679", "fullId": "http://purl.bioontology.org/ontology/MSH/D047069", "preferredName": "Pyrazolones"}, {"semTypes": ["T115", "T121"], "to": "7523", "fro": "7508", "fullId": "http://purl.bioontology.org/ontology/MSH/D003520", "preferredName": "Cyclophosphamide"}, {"semTypes": ["T999"], "to": "8884", "fro": "8876", "fullId": "http://purl.bioontology.org/ontology/RXNORM/10689", "preferredName": "Tramadol"}, {"semTypes": ["T121", "T109"], "to": "8813", "fro": "8800", "fullId": "http://purl.bioontology.org/ontology/MSH/D002792", "preferredName": "Cholestyramine Resin"}, {"semTypes": ["T109", "T195"], "to": "9505", "fro": "9490", "fullId": "http://purl.bioontology.org/ontology/MSH/D003520", "preferredName": "Cyclophosphamide"}, {"semTypes": ["T999"], "to": "7803", "fro": "7793", "fullId": "http://purl.bioontology.org/ontology/RXNORM/9143", "preferredName": "Ranitidine"}, {"semTypes": ["T999"], "to": "7106", "fro": "7100", "fullId": "http://purl.bioontology.org/ontology/MSH/D002792", "preferredName": "Cholestyramine Resin"}, {"semTypes": ["T999"], "to": "4924", "fro": "4902", "fullId": "http://purl.bioontology.org/ontology/MSH/D020910", "preferredName": "Ketorolac"}, {"semTypes": ["T195", "T109"], "to": "7160", "fro": "7149", "fullId": "http://purl.bioontology.org/ontology/MSH/D015313", "preferredName": "Cefotetan"}, {"semTypes": ["T121", "T109"], "to": "7468", "fro": "7460", "fullId": "http://purl.bioontology.org/ontology/RXNORM/5640", "preferredName": "Ibuprofen"}, {"semTypes": ["T999"], "to": "7119", "fro": "7112", "fullId": "http://purl.bioontology.org/ontology/MSH/D010653", "preferredName": "Phenylbutazone"}, {"semTypes": ["T999"], "to": "7956", "fro": "7949", "fullId": "http://purl.bioontology.org/ontology/RXNORM/6835", "preferredName": "Methimazole"}, {"semTypes": ["T999"], "to": "7866", "fro": "7857", "fullId": "http://purl.bioontology.org/ontology/RXNORM/3554", "preferredName": "Disulfiram"}, {"semTypes": ["T999"], "to": "9454", "fro": "9447", "fullId": "http://purl.bioontology.org/ontology/MSH/D018942", "preferredName": "Macrolides"}, {"semTypes": ["T109", "T195"], "to": "8639", "fro": "8631", "fullId": "http://purl.bioontology.org/ontology/RXNORM/5640", "preferredName": "Ibuprofen"}, {"semTypes": ["T125", "T121", "T116", "T124"], "to": "7956", "fro": "7949", "fullId": "http://purl.bioontology.org/ontology/RXNORM/83367", "preferredName": "atorvastatin"}, {"semTypes": ["T999"], "to": "3774", "fro": "3765", "fullId": "http://purl.bioontology.org/ontology/MSH/D000970", "preferredName": "Antineoplastic Agents"}, {"semTypes": ["T999"], "to": "7880", "fro": "7872", "fullId": "http://purl.bioontology.org/ontology/RXNORM/2187", "preferredName": "Cefotetan"}, {"semTypes": ["T999"], "to": "9534", "fro": "9525", "fullId": "http://purl.bioontology.org/ontology/MSH/D001728", "preferredName": "Dicumarol"}, {"semTypes": ["T109", "T121"], "to": "7773", "fro": "7759", "fullId": "http://purl.bioontology.org/ontology/RXNORM/3355", "preferredName": "Diclofenac"}, {"semTypes": ["T121", "T116"], "to": "7094", "fro": "7085", "fullId": "http://purl.bioontology.org/ontology/MSH/C406224", "preferredName": "valdecoxib"}, {"semTypes": ["T999"], "to": "9018", "fro": "9007", "fullId": "http://purl.bioontology.org/ontology/MSH/D004917", "preferredName": "Erythromycin"}, {"semTypes": ["T195", "T109"], "to": "7223", "fro": "7215", "fullId": "http://purl.bioontology.org/ontology/MSH/D001728", "preferredName": "Dicumarol"}, {"semTypes": ["T109", "T121"], "to": "14507", "fro": "14499", "fullId": "http://purl.bioontology.org/ontology/RXNORM/3002", "preferredName": "Cyclophosphamide"}, {"semTypes": ["T999"], "to": "13875", "fro": "13865", "fullId": "http://purl.bioontology.org/ontology/RXNORM/42355", "preferredName": "Fluvoxamine"}, {"semTypes": ["T109", "T195"], "to": "7240", "fro": "7229", "fullId": "http://purl.bioontology.org/ontology/RXNORM/42355", "preferredName": "Fluvoxamine"}, {"semTypes": ["T121", "T109"], "to": "9294", "fro": "9287", "fullId": "http://purl.bioontology.org/ontology/RXNORM/7233", "preferredName": "Nafcillin"}, {"semTypes": ["T121", "T109"], "to": "13875", "fro": "13865", "fullId": "http://purl.bioontology.org/ontology/RXNORM/9143", "preferredName": "Ranitidine"}, {"semTypes": ["T999"], "to": "12290", "fro": "12263", "fullId": "http://purl.bioontology.org/ontology/MSH/D020280", "preferredName": "Sertraline"}, {"semTypes": ["T999"], "to": "8328", "fro": "8319", "fullId": "http://purl.bioontology.org/ontology/MSH/D002792", "preferredName": "Cholestyramine Resin"}, {"semTypes": ["T121", "T124"], "to": "8328", "fro": "8319", "fullId": "http://purl.bioontology.org/ontology/MSH/D002707", "preferredName": "Chlordiazepoxide"}, {"semTypes": ["T195", "T109"], "to": "7209", "fro": "7199", "fullId": "http://purl.bioontology.org/ontology/RXNORM/7233", "preferredName": "Nafcillin"}, {"semTypes": ["T999"], "to": "9519", "fro": "9511", "fullId": "http://purl.bioontology.org/ontology/RXNORM/4508", "preferredName": "Flutamide"}, {"semTypes": ["T999"], "to": "14014", "fro": "13999", "fullId": "http://purl.bioontology.org/ontology/MSH/D007069", "preferredName": "Ifosfamide"}, {"semTypes": ["T999"], "to": "14457", "fro": "14447", "fullId": "http://purl.bioontology.org/ontology/MSH/D007069", "preferredName": "Ifosfamide"}, {"semTypes": ["T109", "T195"], "to": "9244", "fro": "9229", "fullId": "http://purl.bioontology.org/ontology/RXNORM/3002", "preferredName": "Cyclophosphamide"}, {"semTypes": ["T109", "T121"], "to": "9076", "fro": "9068", "fullId": "http://purl.bioontology.org/ontology/RXNORM/8785", "preferredName": "Propoxyphene"}, {"semTypes": ["T999"], "to": "7254", "fro": "7246", "fullId": "http://purl.bioontology.org/ontology/RXNORM/8785", "preferredName": "Propoxyphene"}, {"semTypes": ["T999"], "to": "13966", "fro": "13954", "fullId": "http://purl.bioontology.org/ontology/MSH/D013629", "preferredName": "Tamoxifen"}, {"semTypes": ["T999"], "to": "829", "fro": "821", "fullId": "http://purl.bioontology.org/ontology/MSH/D014859", "preferredName": "Warfarin"}, {"semTypes": ["T109", "T121"], "to": "14033", "fro": "14020", "fullId": "http://purl.bioontology.org/ontology/MSH/D002792", "preferredName": "Cholestyramine Resin"}, {"semTypes": ["T999"], "to": "7659", "fro": "7650", "fullId": "http://purl.bioontology.org/ontology/MSH/D013629", "preferredName": "Tamoxifen"}, {"semTypes": ["T999"], "to": "8028", "fro": "8017", "fullId": "http://purl.bioontology.org/ontology/MSH/D002443", "preferredName": "Ceftriaxone"}, {"semTypes": ["T109", "T121"], "to": "7659", "fro": "7650", "fullId": "http://purl.bioontology.org/ontology/MSH/D002443", "preferredName": "Ceftriaxone"}, {"semTypes": ["T999"], "to": "8900", "fro": "8890", "fullId": "http://purl.bioontology.org/ontology/MSH/C065179", "preferredName": "atorvastatin"}, {"semTypes": ["T121", "T109"], "to": "8832", "fro": "8819", "fullId": "http://purl.bioontology.org/ontology/RXNORM/82122", "preferredName": "Levofloxacin"}, {"semTypes": ["T109", "T121"], "to": "8669", "fro": "8660", "fullId": "http://purl.bioontology.org/ontology/MSH/C065180", "preferredName": "fluvastatin"}, {"semTypes": ["T121", "T109"], "to": "7880", "fro": "7872", "fullId": "http://purl.bioontology.org/ontology/RXNORM/82122", "preferredName": "Levofloxacin"}, {"semTypes": ["T121", "T109"], "to": "9140", "fro": "9132", "fullId": "http://purl.bioontology.org/ontology/MSH/D011803", "preferredName": "Quinine"}, {"semTypes": ["T109", "T195"], "to": "7254", "fro": "7246", "fullId": "http://purl.bioontology.org/ontology/MSH/D002697", "preferredName": "Chloral Hydrate"}, {"semTypes": ["T999"], "to": "5309", "fro": "5299", "fullId": "http://purl.bioontology.org/ontology/RXNORM/2356", "preferredName": "Chlordiazepoxide"}, {"semTypes": ["T999"], "to": "7736", "fro": "7725", "fullId": "http://purl.bioontology.org/ontology/MSH/D011803", "preferredName": "Quinine"}, {"semTypes": ["T121", "T109"], "to": "7673", "fro": "7665", "fullId": "http://purl.bioontology.org/ontology/MSH/D002220", "preferredName": "Carbamazepine"}, {"semTypes": ["T999"], "to": "14707", "fro": "14700", "fullId": "http://purl.bioontology.org/ontology/MSH/D005279", "preferredName": "Fenoprofen"}, {"semTypes": ["T999"], "to": "7719", "fro": "7709", "fullId": "http://purl.bioontology.org/ontology/RXNORM/40575", "preferredName": "zileuton"}, {"semTypes": ["T999"], "to": "9155", "fro": "9146", "fullId": "http://purl.bioontology.org/ontology/RXNORM/40575", "preferredName": "zileuton"}, {"semTypes": ["T999"], "to": "7369", "fro": "7355", "fullId": "http://purl.bioontology.org/ontology/MSH/C065179", "preferredName": "atorvastatin"}, {"semTypes": ["T109", "T121"], "to": "7787", "fro": "7779", "fullId": "http://purl.bioontology.org/ontology/RXNORM/10379", "preferredName": "Testosterone"}, {"semTypes": ["T125", "T121", "T116"], "to": "7574", "fro": "7560", "fullId": "http://purl.bioontology.org/ontology/RXNORM/10379", "preferredName": "Testosterone"}, {"semTypes": ["T999"], "to": "4147", "fro": "4133", "fullId": "http://purl.bioontology.org/ontology/MSH/D011441", "preferredName": "Propylthiouracil"}, {"semTypes": ["T999"], "to": "8102", "fro": "8094", "fullId": "http://purl.bioontology.org/ontology/RXNORM/237057", "preferredName": "lepirudin"}, {"semTypes": ["T999"], "to": "7673", "fro": "7665", "fullId": "http://purl.bioontology.org/ontology/MSH/D010672", "preferredName": "Phenytoin"}, {"semTypes": ["T121", "T109"], "to": "8271", "fro": "8262", "fullId": "http://purl.bioontology.org/ontology/MSH/D002701", "preferredName": "Chloramphenicol"}, {"semTypes": ["T121", "T109"], "to": "9263", "fro": "9250", "fullId": "http://purl.bioontology.org/ontology/RXNORM/237057", "preferredName": "lepirudin"}, {"semTypes": ["T999"], "to": "7240", "fro": "7229", "fullId": "http://purl.bioontology.org/ontology/RXNORM/4331", "preferredName": "Fenoprofen"}, {"semTypes": ["T109", "T121"], "to": "8884", "fro": "8876", "fullId": "http://purl.bioontology.org/ontology/RXNORM/4331", "preferredName": "Fenoprofen"}, {"semTypes": ["T116", "T121"], "to": "7176", "fro": "7166", "fullId": "http://purl.bioontology.org/ontology/RXNORM/8183", "preferredName": "Phenytoin"}, {"semTypes": ["T999"], "to": "8011", "fro": "8002", "fullId": "http://purl.bioontology.org/ontology/RXNORM/6835", "preferredName": "Methimazole"}, {"semTypes": ["T999"], "to": "13859", "fro": "13843", "fullId": "http://purl.bioontology.org/ontology/MSH/D006493", "preferredName": "Heparin"}, {"semTypes": ["T999"], "to": "8422", "fro": "8410", "fullId": "http://purl.bioontology.org/ontology/MSH/D002747", "preferredName": "Chlorpropamide"}, {"semTypes": ["T999"], "to": "14493", "fro": "14481", "fullId": "http://purl.bioontology.org/ontology/MSH/D018942", "preferredName": "Macrolides"}, {"semTypes": ["T999"], "to": "7588", "fro": "7580", "fullId": "http://purl.bioontology.org/ontology/RXNORM/10829", "preferredName": "Trimethoprim"}, {"semTypes": ["T109", "T195"], "to": "9325", "fro": "9314", "fullId": "http://purl.bioontology.org/ontology/MSH/D000654", "preferredName": "Amobarbital"}, {"semTypes": ["T109", "T121"], "to": "7834", "fro": "7824", "fullId": "http://purl.bioontology.org/ontology/MSH/D000654", "preferredName": "Amobarbital"}, {"semTypes": ["T999"], "to": "7773", "fro": "7759", "fullId": "http://purl.bioontology.org/ontology/RXNORM/8160", "preferredName": "Phenylbutazone"}, {"semTypes": ["T114", "T121"], "to": "7193", "fro": "7182", "fullId": "http://purl.bioontology.org/ontology/RXNORM/2184", "preferredName": "Cefoperazone"}, {"semTypes": ["T999"], "to": "7703", "fro": "7694", "fullId": "http://purl.bioontology.org/ontology/RXNORM/2180", "preferredName": "Cefazolin"}, {"semTypes": ["T999"], "to": "7523", "fro": "7508", "fullId": "http://purl.bioontology.org/ontology/MSH/D011899", "preferredName": "Ranitidine"}, {"semTypes": ["T999"], "to": "9325", "fro": "9314", "fullId": "http://purl.bioontology.org/ontology/RXNORM/7813", "preferredName": "Oxymetholone"}, {"semTypes": ["T109", "T195"], "to": "7719", "fro": "7709", "fullId": "http://purl.bioontology.org/ontology/RXNORM/3002", "preferredName": "Cyclophosphamide"}, {"semTypes": ["T121", "T109"], "to": "14129", "fro": "14121", "fullId": "http://purl.bioontology.org/ontology/MSH/D010958", "preferredName": "Plasminogen"}, {"semTypes": ["T195", "T109"], "to": "14441", "fro": "14433", "fullId": "http://purl.bioontology.org/ontology/RXNORM/6835", "preferredName": "Methimazole"}, {"semTypes": ["T999"], "to": "8200", "fro": "8189", "fullId": "http://purl.bioontology.org/ontology/MSH/D020280", "preferredName": "Sertraline"}, {"semTypes": ["T999"], "to": "14129", "fro": "14121", "fullId": "http://purl.bioontology.org/ontology/RXNORM/10829", "preferredName": "Trimethoprim"}, {"semTypes": ["T121", "T109"], "to": "14475", "fro": "14463", "fullId": "http://purl.bioontology.org/ontology/RXNORM/2178", "preferredName": "Cefamandole"}, {"semTypes": ["T999"], "to": "8609", "fro": "8602", "fullId": "http://purl.bioontology.org/ontology/MSH/D002707", "preferredName": "Chlordiazepoxide"}, {"semTypes": ["T121", "T109"], "to": "9223", "fro": "9210", "fullId": "http://purl.bioontology.org/ontology/MSH/D013300", "preferredName": "Streptokinase"}, {"semTypes": ["T127", "T119", "T121"], "to": "9562", "fro": "9554", "fullId": "http://purl.bioontology.org/ontology/RXNORM/2178", "preferredName": "Cefamandole"}, {"semTypes": ["T121", "T109"], "to": "14275", "fro": "14265", "fullId": "http://purl.bioontology.org/ontology/RXNORM/7833", "preferredName": "aminosalicylic acid"}, {"semTypes": ["T121", "T109"], "to": "9119", "fro": "9110", "fullId": "http://purl.bioontology.org/ontology/RXNORM/8640", "preferredName": "Prednisone"}, {"semTypes": ["T121", "T119"], "to": "9548", "fro": "9540", "fullId": "http://purl.bioontology.org/ontology/RXNORM/7833", "preferredName": "aminosalicylic acid"}, {"semTypes": ["T999"], "to": "8870", "fro": "8859", "fullId": "http://purl.bioontology.org/ontology/MSH/D009643", "preferredName": "Norfloxacin"}, {"semTypes": ["T999"], "to": "8348", "fro": "8334", "fullId": "http://purl.bioontology.org/ontology/RXNORM/42463", "preferredName": "Pravastatin"}, {"semTypes": ["T121", "T109"], "to": "8527", "fro": "8518", "fullId": "http://purl.bioontology.org/ontology/MSH/D008750", "preferredName": "Methyldopa"}, {"semTypes": ["T999"], "to": "7160", "fro": "7149", "fullId": "http://purl.bioontology.org/ontology/RXNORM/32613", "preferredName": "oxaprozin"}, {"semTypes": ["T999"], "to": "7436", "fro": "7427", "fullId": "http://purl.bioontology.org/ontology/RXNORM/6922", "preferredName": "Metronidazole"}, {"semTypes": ["T999"], "to": "9294", "fro": "9287", "fullId": "http://purl.bioontology.org/ontology/RXNORM/6922", "preferredName": "Metronidazole"}, {"semTypes": ["T999"], "to": "9600", "fro": "9590", "fullId": "http://purl.bioontology.org/ontology/RXNORM/28031", "preferredName": "Itraconazole"}, {"semTypes": ["T121", "T109"], "to": "13892", "fro": "13881", "fullId": "http://purl.bioontology.org/ontology/RXNORM/8640", "preferredName": "Prednisone"}, {"semTypes": ["T110", "T121", "T125"], "to": "8685", "fro": "8675", "fullId": "http://purl.bioontology.org/ontology/RXNORM/28031", "preferredName": "Itraconazole"}, {"semTypes": ["T999"], "to": "7896", "fro": "7886", "fullId": "http://purl.bioontology.org/ontology/MSH/D017035", "preferredName": "Pravastatin"}, {"semTypes": ["T125", "T110", "T121"], "to": "8716", "fro": "8705", "fullId": "http://purl.bioontology.org/ontology/MSH/D017035", "preferredName": "Pravastatin"}, {"semTypes": ["T121", "T109"], "to": "9018", "fro": "9007", "fullId": "http://purl.bioontology.org/ontology/MSH/D011441", "preferredName": "Propylthiouracil"}, {"semTypes": ["T999"], "to": "9613", "fro": "9606", "fullId": "http://purl.bioontology.org/ontology/MSH/D011802", "preferredName": "Quinidine"}, {"semTypes": ["T121", "T109"], "to": "8748", "fro": "8739", "fullId": "http://purl.bioontology.org/ontology/RXNORM/21212", "preferredName": "Clarithromycin"}, {"semTypes": ["T999"], "to": "7454", "fro": "7442", "fullId": "http://purl.bioontology.org/ontology/RXNORM/21212", "preferredName": "Clarithromycin"}, {"semTypes": ["T109", "T121"], "to": "8625", "fro": "8615", "fullId": "http://purl.bioontology.org/ontology/RXNORM/4832", "preferredName": "Glucagon"}, {"semTypes": ["T999"], "to": "14420", "fro": "14397", "fullId": "http://purl.bioontology.org/ontology/MSH/D008713", "preferredName": "Methimazole"}, {"semTypes": ["T999"], "to": "8596", "fro": "8589", "fullId": "http://purl.bioontology.org/ontology/RXNORM/4832", "preferredName": "Glucagon"}, {"semTypes": ["T121", "T109"], "to": "8422", "fro": "8410", "fullId": "http://purl.bioontology.org/ontology/MSH/D003520", "preferredName": "Cyclophosphamide"}, {"semTypes": ["T121", "T109"], "to": "8073", "fro": "8062", "fullId": "http://purl.bioontology.org/ontology/MSH/D003520", "preferredName": "Cyclophosphamide"}, {"semTypes": ["T999"], "to": "13933", "fro": "13922", "fullId": "http://purl.bioontology.org/ontology/RXNORM/232158", "preferredName": "rofecoxib"}, {"semTypes": ["T109", "T121"], "to": "8028", "fro": "8017", "fullId": "http://purl.bioontology.org/ontology/RXNORM/2409", "preferredName": "Chlorthalidone"}, {"semTypes": ["T999"], "to": "5325", "fro": "5315", "fullId": "http://purl.bioontology.org/ontology/RXNORM/2187", "preferredName": "Cefotetan"}, {"semTypes": ["T121", "T109"], "to": "7866", "fro": "7857", "fullId": "http://purl.bioontology.org/ontology/MSH/D010653", "preferredName": "Phenylbutazone"}, {"semTypes": ["T999"], "to": "14475", "fro": "14463", "fullId": "http://purl.bioontology.org/ontology/MSH/D008750", "preferredName": "Methyldopa"}, {"semTypes": ["T109", "T195"], "to": "7487", "fro": "7474", "fullId": "http://purl.bioontology.org/ontology/RXNORM/9143", "preferredName": "Ranitidine"}, {"semTypes": ["T999"], "to": "14291", "fro": "14281", "fullId": "http://purl.bioontology.org/ontology/MSH/C419708", "preferredName": "gefitinib"}, {"semTypes": ["T109", "T121"], "to": "14724", "fro": "14713", "fullId": "http://purl.bioontology.org/ontology/MSH/D011405", "preferredName": "Propafenone"}, {"semTypes": ["T109", "T121"], "to": "7436", "fro": "7427", "fullId": "http://purl.bioontology.org/ontology/MSH/D006493", "preferredName": "Heparin"}, {"semTypes": ["T121", "T109"], "to": "13859", "fro": "13843", "fullId": "http://purl.bioontology.org/ontology/RXNORM/7299", "preferredName": "Neomycin"}, {"semTypes": ["T999"], "to": "9140", "fro": "9132", "fullId": "http://purl.bioontology.org/ontology/RXNORM/7299", "preferredName": "Neomycin"}, {"semTypes": ["T115", "T121"], "to": "14182", "fro": "14167", "fullId": "http://purl.bioontology.org/ontology/RXNORM/11258", "preferredName": "Vitamin K"}, {"semTypes": ["T999"], "to": "9034", "fro": "9024", "fullId": "http://purl.bioontology.org/ontology/MSH/D002220", "preferredName": "Carbamazepine"}, {"semTypes": ["T121", "T109"], "to": "7896", "fro": "7886", "fullId": "http://purl.bioontology.org/ontology/MSH/D013982", "preferredName": "Ticarcillin"}, {"semTypes": ["T121", "T109"], "to": "7119", "fro": "7112", "fullId": "http://purl.bioontology.org/ontology/MSH/D013982", "preferredName": "Ticarcillin"}, {"semTypes": ["T121", "T109"], "to": "9104", "fro": "9094", "fullId": "http://purl.bioontology.org/ontology/RXNORM/8160", "preferredName": "Phenylbutazone"}, {"semTypes": ["T121", "T109"], "to": "8654", "fro": "8645", "fullId": "http://purl.bioontology.org/ontology/MSH/D013449", "preferredName": "Sulfonamides"}, {"semTypes": ["T999"], "to": "9281", "fro": "9269", "fullId": "http://purl.bioontology.org/ontology/MSH/D014815", "preferredName": "Vitamins"}, {"semTypes": ["T999"], "to": "8669", "fro": "8660", "fullId": "http://purl.bioontology.org/ontology/RXNORM/8794", "preferredName": "Propylthiouracil"}, {"semTypes": ["T999"], "to": "3911", "fro": "3902", "fullId": "http://purl.bioontology.org/ontology/MSH/D013449", "preferredName": "Sulfonamides"}, {"semTypes": ["T121", "T110"], "to": "14743", "fro": "14730", "fullId": "http://purl.bioontology.org/ontology/MSH/D005934", "preferredName": "Glucagon"}, {"semTypes": ["T999"], "to": "8685", "fro": "8675", "fullId": "http://purl.bioontology.org/ontology/MSH/D005934", "preferredName": "Glucagon"}, {"semTypes": ["T999"], "to": "14687", "fro": "14678", "fullId": "http://purl.bioontology.org/ontology/RXNORM/114194", "preferredName": "Warfarin Sodium"}, {"semTypes": ["T999"], "to": "14147", "fro": "14135", "fullId": "http://purl.bioontology.org/ontology/RXNORM/341248", "preferredName": "ezetimibe"}, {"semTypes": ["T999"], "to": "2026", "fro": "2019", "fullId": "http://purl.bioontology.org/ontology/MSH/D010242", "preferredName": "Paraldehyde"}, {"semTypes": ["T999"], "to": "7223", "fro": "7215", "fullId": "http://purl.bioontology.org/ontology/RXNORM/40790", "preferredName": "pantoprazole"}, {"semTypes": ["T109", "T121"], "to": "8102", "fro": "8094", "fullId": "http://purl.bioontology.org/ontology/RXNORM/36437", "preferredName": "Sertraline"}, {"semTypes": ["T109", "T121"], "to": "7001", "fro": "6989", "fullId": "http://purl.bioontology.org/ontology/RXNORM/40790", "preferredName": "pantoprazole"}, {"semTypes": ["T999"], "to": "7193", "fro": "7182", "fullId": "http://purl.bioontology.org/ontology/RXNORM/9068", "preferredName": "Quinidine"}, {"semTypes": ["T121", "T109"], "to": "9034", "fro": "9024", "fullId": "http://purl.bioontology.org/ontology/RXNORM/4053", "preferredName": "Erythromycin"}, {"semTypes": ["T999"], "to": "9186", "fro": "9177", "fullId": "http://purl.bioontology.org/ontology/MSH/C065180", "preferredName": "fluvastatin"}, {"semTypes": ["T109", "T121"], "to": "13948", "fro": "13939", "fullId": "http://purl.bioontology.org/ontology/MSH/D013442", "preferredName": "Sulfinpyrazone"}, {"semTypes": ["T195", "T109"], "to": "14707", "fro": "14700", "fullId": "http://purl.bioontology.org/ontology/RXNORM/4053", "preferredName": "Erythromycin"}, {"semTypes": ["T109", "T121"], "to": "7818", "fro": "7809", "fullId": "http://purl.bioontology.org/ontology/MSH/D011899", "preferredName": "Ranitidine"}, {"semTypes": ["T121", "T109"], "to": "7926", "fro": "7918", "fullId": "http://purl.bioontology.org/ontology/RXNORM/4903", "preferredName": "Glutethimide"}, {"semTypes": ["T999"], "to": "5349", "fro": "5341", "fullId": "http://purl.bioontology.org/ontology/RXNORM/4903", "preferredName": "Glutethimide"}, {"semTypes": ["T999"], "to": "8306", "fro": "8296", "fullId": "http://purl.bioontology.org/ontology/MSH/D014812", "preferredName": "Vitamin K"}, {"semTypes": ["T999"], "to": "14033", "fro": "14020", "fullId": "http://purl.bioontology.org/ontology/RXNORM/2404", "preferredName": "Chlorpropamide"}, {"semTypes": ["T121", "T110", "T125"], "to": "14161", "fro": "14153", "fullId": "http://purl.bioontology.org/ontology/RXNORM/2404", "preferredName": "Chlorpropamide"}, {"semTypes": ["T999"], "to": "8290", "fro": "8277", "fullId": "http://purl.bioontology.org/ontology/RXNORM/9071", "preferredName": "Quinine"}, {"semTypes": ["T999"], "to": "3957", "fro": "3942", "fullId": "http://purl.bioontology.org/ontology/RXNORM/42463", "preferredName": "Pravastatin"}, {"semTypes": ["T999"], "to": "8165", "fro": "8154", "fullId": "http://purl.bioontology.org/ontology/MSH/D013988", "preferredName": "Ticlopidine"}, {"semTypes": ["T999"], "to": "9548", "fro": "9540", "fullId": "http://purl.bioontology.org/ontology/MSH/D004318", "preferredName": "Doxycycline"}, {"semTypes": ["T999"], "to": "14672", "fro": "14663", "fullId": "http://purl.bioontology.org/ontology/RXNORM/9071", "preferredName": "Quinine"}, {"semTypes": ["T999"], "to": "7834", "fro": "7824", "fullId": "http://purl.bioontology.org/ontology/RXNORM/8703", "preferredName": "Fenofibrate"}, {"semTypes": ["T999"], "to": "3735", "fro": "3722", "fullId": "http://purl.bioontology.org/ontology/RXNORM/8703", "preferredName": "Fenofibrate"}, {"semTypes": ["T121", "T109"], "to": "9613", "fro": "9606", "fullId": "http://purl.bioontology.org/ontology/MSH/D011241", "preferredName": "Prednisone"}, {"semTypes": ["T109", "T195"], "to": "8870", "fro": "8859", "fullId": "http://purl.bioontology.org/ontology/MSH/D010131", "preferredName": "Aminosalicylic Acid"}, {"semTypes": ["T109", "T121"], "to": "7588", "fro": "7580", "fullId": "http://purl.bioontology.org/ontology/MSH/D004008", "preferredName": "Diclofenac"}, {"semTypes": ["T999"], "to": "7502", "fro": "7493", "fullId": "http://purl.bioontology.org/ontology/MSH/D010131", "preferredName": "Aminosalicylic Acid"}, {"semTypes": ["T999"], "to": "7468", "fro": "7460", "fullId": "http://purl.bioontology.org/ontology/MSH/D012459", "preferredName": "Salicylates"}, {"semTypes": ["T999"], "to": "9171", "fro": "9161", "fullId": "http://purl.bioontology.org/ontology/MSH/D047069", "preferredName": "Pyrazolones"}, {"semTypes": ["T109", "T121"], "to": "7298", "fro": "7290", "fullId": "http://purl.bioontology.org/ontology/MSH/D013444", "preferredName": "Sulfisoxazole"}, {"semTypes": ["T999"], "to": "14573", "fro": "14565", "fullId": "http://purl.bioontology.org/ontology/RXNORM/7813", "preferredName": "Oxymetholone"}, {"semTypes": ["T999"], "to": "7753", "fro": "7742", "fullId": "http://purl.bioontology.org/ontology/MSH/D013988", "preferredName": "Ticlopidine"}, {"semTypes": ["T121", "T109"], "to": "14772", "fro": "14764", "fullId": "http://purl.bioontology.org/ontology/MSH/D013444", "preferredName": "Sulfisoxazole"}, {"semTypes": ["T109", "T121"], "to": "8290", "fro": "8277", "fullId": "http://purl.bioontology.org/ontology/RXNORM/11055", "preferredName": "Urokinase"}, {"semTypes": ["T109", "T121"], "to": "14242", "fro": "14231", "fullId": "http://purl.bioontology.org/ontology/RXNORM/83367", "preferredName": "atorvastatin"}, {"semTypes": ["T999"], "to": "7554", "fro": "7548", "fullId": "http://purl.bioontology.org/ontology/RXNORM/232158", "preferredName": "rofecoxib"}, {"semTypes": ["T999"], "to": "14259", "fro": "14248", "fullId": "http://purl.bioontology.org/ontology/RXNORM/11055", "preferredName": "Urokinase"}, {"semTypes": ["T125", "T121", "T110"], "to": "5483", "fro": "5472", "fullId": "http://purl.bioontology.org/ontology/MSH/D010672", "preferredName": "Phenytoin"}, {"semTypes": ["T121", "T109"], "to": "7970", "fro": "7962", "fullId": "http://purl.bioontology.org/ontology/MSH/D024841", "preferredName": "Fluoroquinolones"}, {"semTypes": ["T109", "T121"], "to": "9281", "fro": "9269", "fullId": "http://purl.bioontology.org/ontology/MSH/C419708", "preferredName": "gefitinib"}, {"semTypes": ["T999"], "to": "7487", "fro": "7474", "fullId": "http://purl.bioontology.org/ontology/RXNORM/2184", "preferredName": "Cefoperazone"}, {"semTypes": ["T121", "T118"], "to": "14758", "fro": "14749", "fullId": "http://purl.bioontology.org/ontology/RXNORM/3002", "preferredName": "Cyclophosphamide"}, {"semTypes": ["T109", "T121"], "to": "7369", "fro": "7355", "fullId": "http://purl.bioontology.org/ontology/MSH/D013420", "preferredName": "Sulfamethoxazole"}, {"semTypes": ["T999"], "to": "9308", "fro": "9300", "fullId": "http://purl.bioontology.org/ontology/MSH/D011441", "preferredName": "Propylthiouracil"}, {"semTypes": ["T114", "T121"], "to": "7851", "fro": "7840", "fullId": "http://purl.bioontology.org/ontology/RXNORM/221126", "preferredName": "Moricizine hydrochloride"}, {"semTypes": ["T109", "T121"], "to": "8900", "fro": "8890", "fullId": "http://purl.bioontology.org/ontology/RXNORM/10594", "preferredName": "Ticlopidine"}, {"semTypes": ["T999"], "to": "9055", "fro": "9040", "fullId": "http://purl.bioontology.org/ontology/RXNORM/11258", "preferredName": "Vitamin K"}, {"semTypes": ["T999"], "to": "7996", "fro": "7988", "fullId": "http://purl.bioontology.org/ontology/MSH/D001379", "preferredName": "Azathioprine"}, {"semTypes": ["T999"], "to": "8733", "fro": "8722", "fullId": "http://purl.bioontology.org/ontology/MSH/D013739", "preferredName": "Testosterone"}, {"semTypes": ["T999"], "to": "8437", "fro": "8428", "fullId": "http://purl.bioontology.org/ontology/RXNORM/4508", "preferredName": "Flutamide"}, {"semTypes": ["T109", "T121"], "to": "7454", "fro": "7442", "fullId": "http://purl.bioontology.org/ontology/MSH/D013739", "preferredName": "Testosterone"}, {"semTypes": ["T121", "T109"], "to": "14259", "fro": "14248", "fullId": "http://purl.bioontology.org/ontology/RXNORM/10237", "preferredName": "Sulindac"}, {"semTypes": ["T999"], "to": "7036", "fro": "7026", "fullId": "http://purl.bioontology.org/ontology/MSH/C083544", "preferredName": "lepirudin"}, {"semTypes": ["T109", "T121"], "to": "13986", "fro": "13972", "fullId": "http://purl.bioontology.org/ontology/MSH/C065179", "preferredName": "atorvastatin"}, {"semTypes": ["T109", "T121"], "to": "14530", "fro": "14520", "fullId": "http://purl.bioontology.org/ontology/MSH/C065179", "preferredName": "atorvastatin"}, {"semTypes": ["T999"], "to": "14161", "fro": "14153", "fullId": "http://purl.bioontology.org/ontology/MSH/C031942", "preferredName": "argatroban"}, {"semTypes": ["T999"], "to": "14530", "fro": "14520", "fullId": "http://purl.bioontology.org/ontology/RXNORM/114194", "preferredName": "Warfarin Sodium"}, {"semTypes": ["T999"], "to": "7268", "fro": "7260", "fullId": "http://purl.bioontology.org/ontology/MSH/C031942", "preferredName": "argatroban"}, {"semTypes": ["T999"], "to": "14758", "fro": "14749", "fullId": "http://purl.bioontology.org/ontology/MSH/D010242", "preferredName": "Paraldehyde"}, {"semTypes": ["T116", "T121"], "to": "8133", "fro": "8125", "fullId": "http://purl.bioontology.org/ontology/MSH/D010672", "preferredName": "Phenytoin"}, {"semTypes": ["T999"], "to": "14225", "fro": "14213", "fullId": "http://purl.bioontology.org/ontology/RXNORM/3356", "preferredName": "Dicloxacillin"}, {"semTypes": ["T109", "T195"], "to": "8765", "fro": "8754", "fullId": "http://purl.bioontology.org/ontology/RXNORM/3356", "preferredName": "Dicloxacillin"}, {"semTypes": ["T999"], "to": "7574", "fro": "7560", "fullId": "http://purl.bioontology.org/ontology/RXNORM/10237", "preferredName": "Sulindac"}, {"semTypes": ["T999"], "to": "11775", "fro": "11761", "fullId": "http://purl.bioontology.org/ontology/MSH/D017035", "preferredName": "Pravastatin"}, {"semTypes": ["T999"], "to": "8765", "fro": "8754", "fullId": "http://purl.bioontology.org/ontology/MSH/D010431", "preferredName": "Pentoxifylline"}, {"semTypes": ["T121", "T109"], "to": "8348", "fro": "8334", "fullId": "http://purl.bioontology.org/ontology/MSH/D010431", "preferredName": "Pentoxifylline"}, {"semTypes": ["T999"], "to": "9223", "fro": "9210", "fullId": "http://purl.bioontology.org/ontology/MSH/D005472", "preferredName": "Fluorouracil"}, {"semTypes": ["T999"], "to": "10757", "fro": "10743", "fullId": "http://purl.bioontology.org/ontology/MSH/D014859", "preferredName": "Warfarin"}, {"semTypes": ["T999"], "to": "7982", "fro": "7976", "fullId": "http://purl.bioontology.org/ontology/MSH/D011899", "preferredName": "Ranitidine"}, {"semTypes": ["T999"], "to": "9471", "fro": "9460", "fullId": "http://purl.bioontology.org/ontology/MSH/D005472", "preferredName": "Fluorouracil"}, {"semTypes": ["T109", "T121"], "to": "13966", "fro": "13954", "fullId": "http://purl.bioontology.org/ontology/MSH/D011405", "preferredName": "Propafenone"}, {"semTypes": ["T999"], "to": "8527", "fro": "8518", "fullId": "http://purl.bioontology.org/ontology/MSH/D008713", "preferredName": "Methimazole"}, {"semTypes": ["T195", "T109"], "to": "7284", "fro": "7274", "fullId": "http://purl.bioontology.org/ontology/RXNORM/10180", "preferredName": "Sulfamethoxazole"}, {"semTypes": ["T131", "T121", "T109"], "to": "14825", "fro": "14818", "fullId": "http://purl.bioontology.org/ontology/MSH/D014859", "preferredName": "Warfarin"}, {"semTypes": ["T109", "T121"], "to": "14493", "fro": "14481", "fullId": "http://purl.bioontology.org/ontology/MSH/D013442", "preferredName": "Sulfinpyrazone"}, {"semTypes": ["T999"], "to": "14825", "fro": "14818", "fullId": "http://purl.bioontology.org/ontology/MSH/D014859", "preferredName": "Warfarin"}, {"semTypes": ["T999"], "to": "723", "fro": "716", "fullId": "http://purl.bioontology.org/ontology/MSH/D014859", "preferredName": "Warfarin"}, {"semTypes": ["T999"], "to": "9441", "fro": "9431", "fullId": "http://purl.bioontology.org/ontology/MSH/D010958", "preferredName": "Plasminogen"}, {"semTypes": ["T999"], "to": "3832", "fro": "3822", "fullId": "http://purl.bioontology.org/ontology/RXNORM/477631", "preferredName": "butabarbital"}, {"semTypes": ["T999"], "to": "13986", "fro": "13972", "fullId": "http://purl.bioontology.org/ontology/RXNORM/11258", "preferredName": "Vitamin K"}, {"semTypes": ["T121", "T109"], "to": "9308", "fro": "9300", "fullId": "http://purl.bioontology.org/ontology/RXNORM/477631", "preferredName": "butabarbital"}, {"semTypes": ["T123", "T122", "T116"], "to": "2026", "fro": "2019", "fullId": "http://purl.bioontology.org/ontology/RXNORM/8183", "preferredName": "Phenytoin"}, {"semTypes": ["T999"], "to": "981", "fro": "974", "fullId": "http://purl.bioontology.org/ontology/MSH/D014859", "preferredName": "Warfarin"}, {"semTypes": ["T999"], "to": "14724", "fro": "14713", "fullId": "http://purl.bioontology.org/ontology/MSH/C083544", "preferredName": "lepirudin"}, {"semTypes": ["T121", "T109"], "to": "9600", "fro": "9590", "fullId": "http://purl.bioontology.org/ontology/MSH/D004008", "preferredName": "Diclofenac"}, {"semTypes": ["T999"], "to": "2651", "fro": "2637", "fullId": "http://purl.bioontology.org/ontology/MSH/D014859", "preferredName": "Warfarin"}, {"semTypes": ["T999"], "to": "8088", "fro": "8079", "fullId": "http://purl.bioontology.org/ontology/MSH/D012459", "preferredName": "Salicylates"}, {"semTypes": ["T999"], "to": "14108", "fro": "14095", "fullId": "http://purl.bioontology.org/ontology/MSH/D011441", "preferredName": "Propylthiouracil"}, {"semTypes": ["T999"], "to": "15441", "fro": "15434", "fullId": "http://purl.bioontology.org/ontology/MSH/D014859", "preferredName": "Warfarin"}, {"semTypes": ["T109", "T121"], "to": "8088", "fro": "8079", "fullId": "http://purl.bioontology.org/ontology/RXNORM/10635", "preferredName": "Tolbutamide"}, {"semTypes": ["T131", "T121", "T109"], "to": "605", "fro": "598", "fullId": "http://purl.bioontology.org/ontology/MSH/D014859", "preferredName": "Warfarin"}, {"semTypes": ["T999"], "to": "8583", "fro": "8570", "fullId": "http://purl.bioontology.org/ontology/RXNORM/8013", "preferredName": "Pentoxifylline"}, {"semTypes": ["T999"], "to": "605", "fro": "598", "fullId": "http://purl.bioontology.org/ontology/MSH/D014859", "preferredName": "Warfarin"}, {"semTypes": ["T109", "T121"], "to": "9171", "fro": "9161", "fullId": "http://purl.bioontology.org/ontology/RXNORM/8013", "preferredName": "Pentoxifylline"}, {"semTypes": ["T131", "T121", "T109"], "to": "723", "fro": "716", "fullId": "http://purl.bioontology.org/ontology/MSH/D014859", "preferredName": "Warfarin"}, {"semTypes": ["T121", "T109"], "to": "8437", "fro": "8428", "fullId": "http://purl.bioontology.org/ontology/MSH/D001241", "preferredName": "Aspirin"}, {"semTypes": ["T999"], "to": "7414", "fro": "7401", "fullId": "http://purl.bioontology.org/ontology/MSH/D017035", "preferredName": "Pravastatin"}]