[{"semTypes": ["T999"], "to": "15284", "fro": "15276", "fullId": "http://purl.bioontology.org/ontology/RXNORM/11258", "preferredName": "Vitamin K"}, {"semTypes": ["T999"], "to": "14975", "fro": "14960", "fullId": "http://purl.bioontology.org/ontology/MSH/D013300", "preferredName": "Streptokinase"}, {"semTypes": ["T999"], "to": "27390", "fro": "27382", "fullId": "http://purl.bioontology.org/ontology/RXNORM/5657", "preferredName": "Ifosfamide"}, {"semTypes": ["T125", "T110", "T121"], "to": "15171", "fro": "15161", "fullId": "http://purl.bioontology.org/ontology/MSH/D017035", "preferredName": "Pravastatin"}, {"semTypes": ["T109", "T195"], "to": "17291", "fro": "17276", "fullId": "http://purl.bioontology.org/ontology/RXNORM/114194", "preferredName": "Warfarin Sodium"}, {"semTypes": ["T121", "T109"], "to": "14912", "fro": "14899", "fullId": "http://purl.bioontology.org/ontology/RXNORM/278567", "preferredName": "valdecoxib"}, {"semTypes": ["T999"], "to": "17322", "fro": "17314", "fullId": "http://purl.bioontology.org/ontology/MSH/D013300", "preferredName": "Streptokinase"}, {"semTypes": ["T999"], "to": "25145", "fro": "25129", "fullId": "http://purl.bioontology.org/ontology/RXNORM/2344", "preferredName": "Chloral Hydrate"}, {"semTypes": ["T999"], "to": "14958", "fro": "14944", "fullId": "http://purl.bioontology.org/ontology/MSH/D008713", "preferredName": "Methimazole"}, {"semTypes": ["T121", "T109"], "to": "25244", "fro": "25230", "fullId": "http://purl.bioontology.org/ontology/RXNORM/114194", "preferredName": "Warfarin Sodium"}, {"semTypes": ["T999"], "to": "25203", "fro": "25192", "fullId": "http://purl.bioontology.org/ontology/RXNORM/7233", "preferredName": "Nafcillin"}, {"semTypes": ["T999"], "to": "28299", "fro": "28291", "fullId": "http://purl.bioontology.org/ontology/RXNORM/6876", "preferredName": "Methyldopa"}, {"semTypes": ["T999"], "to": "27325", "fro": "27316", "fullId": "http://purl.bioontology.org/ontology/MSH/D013988", "preferredName": "Ticlopidine"}, {"semTypes": ["T121", "T109"], "to": "17125", "fro": "17112", "fullId": "http://purl.bioontology.org/ontology/RXNORM/4493", "preferredName": "Fluoxetine"}, {"semTypes": ["T999"], "to": "17125", "fro": "17112", "fullId": "http://purl.bioontology.org/ontology/MSH/D002511", "preferredName": "Cephalosporins"}, {"semTypes": ["T110", "T121"], "to": "27369", "fro": "27356", "fullId": "http://purl.bioontology.org/ontology/MSH/D002697", "preferredName": "Chloral Hydrate"}, {"semTypes": ["T999"], "to": "12942", "fro": "12933", "fullId": "http://purl.bioontology.org/ontology/MSH/D017964", "preferredName": "Itraconazole"}, {"semTypes": ["T114", "T121"], "to": "13065", "fro": "13054", "fullId": "http://purl.bioontology.org/ontology/RXNORM/2551", "preferredName": "Ciprofloxacin"}, {"semTypes": ["T999"], "to": "26727", "fro": "26719", "fullId": "http://purl.bioontology.org/ontology/RXNORM/9143", "preferredName": "Ranitidine"}, {"semTypes": ["T127", "T119", "T121"], "to": "17332", "fro": "17324", "fullId": "http://purl.bioontology.org/ontology/MSH/D002511", "preferredName": "Cephalosporins"}, {"semTypes": ["T109", "T195"], "to": "17191", "fro": "17181", "fullId": "http://purl.bioontology.org/ontology/RXNORM/10180", "preferredName": "Sulfamethoxazole"}, {"semTypes": ["T121", "T109"], "to": "17260", "fro": "17253", "fullId": "http://purl.bioontology.org/ontology/MSH/D014815", "preferredName": "Vitamins"}, {"semTypes": ["T999"], "to": "11340", "fro": "11326", "fullId": "http://purl.bioontology.org/ontology/MSH/D008774", "preferredName": "Methylphenidate"}, {"semTypes": ["T195", "T109"], "to": "12965", "fro": "12955", "fullId": "http://purl.bioontology.org/ontology/MSH/D014815", "preferredName": "Vitamins"}, {"semTypes": ["T121", "T109"], "to": "10980", "fro": "10974", "fullId": "http://purl.bioontology.org/ontology/RXNORM/8640", "preferredName": "Prednisone"}, {"semTypes": ["T109", "T121"], "to": "26663", "fro": "26651", "fullId": "http://purl.bioontology.org/ontology/RXNORM/8640", "preferredName": "Prednisone"}, {"semTypes": ["T109", "T121"], "to": "15106", "fro": "15099", "fullId": "http://purl.bioontology.org/ontology/MSH/C065179", "preferredName": "atorvastatin"}, {"semTypes": ["T999"], "to": "4742", "fro": "4731", "fullId": "http://purl.bioontology.org/ontology/MSH/C065179", "preferredName": "atorvastatin"}, {"semTypes": ["T999"], "to": "15008", "fro": "14996", "fullId": "http://purl.bioontology.org/ontology/MSH/D015363", "preferredName": "Quinolones"}, {"semTypes": ["T999"], "to": "13194", "fro": "13183", "fullId": "http://purl.bioontology.org/ontology/RXNORM/7779", "preferredName": "Oxandrolone"}, {"semTypes": ["T999"], "to": "4769", "fro": "4757", "fullId": "http://purl.bioontology.org/ontology/MSH/D008713", "preferredName": "Methimazole"}, {"semTypes": ["T999"], "to": "4675", "fro": "4665", "fullId": "http://purl.bioontology.org/ontology/MSH/D008713", "preferredName": "Methimazole"}, {"semTypes": ["T999"], "to": "21489", "fro": "21476", "fullId": "http://purl.bioontology.org/ontology/RXNORM/278567", "preferredName": "valdecoxib"}, {"semTypes": ["T109", "T121"], "to": "27354", "fro": "27343", "fullId": "http://purl.bioontology.org/ontology/RXNORM/6835", "preferredName": "Methimazole"}, {"semTypes": ["T999"], "to": "11102", "fro": "11094", "fullId": "http://purl.bioontology.org/ontology/RXNORM/6835", "preferredName": "Methimazole"}, {"semTypes": ["T121", "T109"], "to": "25867", "fro": "25859", "fullId": "http://purl.bioontology.org/ontology/RXNORM/3002", "preferredName": "Cyclophosphamide"}, {"semTypes": ["T121", "T109"], "to": "12991", "fro": "12980", "fullId": "http://purl.bioontology.org/ontology/RXNORM/3002", "preferredName": "Cyclophosphamide"}, {"semTypes": ["T109", "T121"], "to": "13086", "fro": "13078", "fullId": "http://purl.bioontology.org/ontology/RXNORM/2344", "preferredName": "Chloral Hydrate"}, {"semTypes": ["T109", "T121"], "to": "12942", "fro": "12933", "fullId": "http://purl.bioontology.org/ontology/MSH/D009853", "preferredName": "Omeprazole"}, {"semTypes": ["T109", "T121"], "to": "17203", "fro": "17193", "fullId": "http://purl.bioontology.org/ontology/RXNORM/2344", "preferredName": "Chloral Hydrate"}, {"semTypes": ["T999"], "to": "15019", "fro": "15010", "fullId": "http://purl.bioontology.org/ontology/MSH/D011241", "preferredName": "Prednisone"}, {"semTypes": ["T999"], "to": "26562", "fro": "26547", "fullId": "http://purl.bioontology.org/ontology/MSH/D010653", "preferredName": "Phenylbutazone"}, {"semTypes": ["T999"], "to": "11092", "fro": "11084", "fullId": "http://purl.bioontology.org/ontology/MSH/D011241", "preferredName": "Prednisone"}, {"semTypes": ["T109", "T121"], "to": "25969", "fro": "25958", "fullId": "http://purl.bioontology.org/ontology/RXNORM/83367", "preferredName": "atorvastatin"}, {"semTypes": ["T999"], "to": "15207", "fro": "15196", "fullId": "http://purl.bioontology.org/ontology/RXNORM/83367", "preferredName": "atorvastatin"}, {"semTypes": ["T999"], "to": "11350", "fro": "11342", "fullId": "http://purl.bioontology.org/ontology/MSH/D013988", "preferredName": "Ticlopidine"}, {"semTypes": ["T121", "T109"], "to": "13076", "fro": "13067", "fullId": "http://purl.bioontology.org/ontology/MSH/D013988", "preferredName": "Ticlopidine"}, {"semTypes": ["T999"], "to": "25283", "fro": "25270", "fullId": "http://purl.bioontology.org/ontology/RXNORM/3393", "preferredName": "Diflunisal"}, {"semTypes": ["T121", "T110", "T125"], "to": "15344", "fro": "15335", "fullId": "http://purl.bioontology.org/ontology/RXNORM/2344", "preferredName": "Chloral Hydrate"}, {"semTypes": ["T999"], "to": "13170", "fro": "13162", "fullId": "http://purl.bioontology.org/ontology/MSH/D011441", "preferredName": "Propylthiouracil"}, {"semTypes": ["T195", "T109"], "to": "15304", "fro": "15293", "fullId": "http://purl.bioontology.org/ontology/MSH/D011441", "preferredName": "Propylthiouracil"}, {"semTypes": ["T121", "T115"], "to": "13181", "fro": "13172", "fullId": "http://purl.bioontology.org/ontology/RXNORM/8183", "preferredName": "Phenytoin"}, {"semTypes": ["T121", "T109"], "to": "13110", "fro": "13100", "fullId": "http://purl.bioontology.org/ontology/RXNORM/8183", "preferredName": "Phenytoin"}, {"semTypes": ["T999"], "to": "17139", "fro": "17127", "fullId": "http://purl.bioontology.org/ontology/RXNORM/2404", "preferredName": "Chlorpropamide"}, {"semTypes": ["T999"], "to": "17312", "fro": "17303", "fullId": "http://purl.bioontology.org/ontology/MSH/D002697", "preferredName": "Chloral Hydrate"}, {"semTypes": ["T121", "T109"], "to": "25203", "fro": "25192", "fullId": "http://purl.bioontology.org/ontology/RXNORM/4493", "preferredName": "Fluoxetine"}, {"semTypes": ["T999"], "to": "25993", "fro": "25983", "fullId": "http://purl.bioontology.org/ontology/MSH/D002697", "preferredName": "Chloral Hydrate"}, {"semTypes": ["T999"], "to": "10980", "fro": "10974", "fullId": "http://purl.bioontology.org/ontology/MSH/D009853", "preferredName": "Omeprazole"}, {"semTypes": ["T999"], "to": "13029", "fro": "13019", "fullId": "http://purl.bioontology.org/ontology/RXNORM/9143", "preferredName": "Ranitidine"}, {"semTypes": ["T999"], "to": "11114", "fro": "11104", "fullId": "http://purl.bioontology.org/ontology/MSH/D011899", "preferredName": "Ranitidine"}, {"semTypes": ["T109", "T121"], "to": "25214", "fro": "25205", "fullId": "http://purl.bioontology.org/ontology/MSH/D011899", "preferredName": "Ranitidine"}, {"semTypes": ["T999"], "to": "17191", "fro": "17181", "fullId": "http://purl.bioontology.org/ontology/MSH/D017035", "preferredName": "Pravastatin"}, {"semTypes": ["T999"], "to": "13052", "fro": "13042", "fullId": "http://purl.bioontology.org/ontology/RXNORM/60819", "preferredName": "bivalirudin"}, {"semTypes": ["T121", "T109"], "to": "25283", "fro": "25270", "fullId": "http://purl.bioontology.org/ontology/MSH/D003348", "preferredName": "Cortisone"}, {"semTypes": ["T999"], "to": "12921", "fro": "12912", "fullId": "http://purl.bioontology.org/ontology/RXNORM/10237", "preferredName": "Sulindac"}, {"semTypes": ["T195", "T109"], "to": "15137", "fro": "15129", "fullId": "http://purl.bioontology.org/ontology/RXNORM/7517", "preferredName": "Norfloxacin"}, {"semTypes": ["T109", "T195"], "to": "11082", "fro": "11071", "fullId": "http://purl.bioontology.org/ontology/RXNORM/7517", "preferredName": "Norfloxacin"}, {"semTypes": ["T999"], "to": "17041", "fro": "17032", "fullId": "http://purl.bioontology.org/ontology/MSH/D004917", "preferredName": "Erythromycin"}, {"semTypes": ["T118", "T121"], "to": "27380", "fro": "27371", "fullId": "http://purl.bioontology.org/ontology/MSH/D007052", "preferredName": "Ibuprofen"}, {"semTypes": ["T999"], "to": "11034", "fro": "11024", "fullId": "http://purl.bioontology.org/ontology/MSH/D004318", "preferredName": "Doxycycline"}, {"semTypes": ["T999"], "to": "13076", "fro": "13067", "fullId": "http://purl.bioontology.org/ontology/RXNORM/7909", "preferredName": "Paraldehyde"}, {"semTypes": ["T118", "T121", "T123"], "to": "13160", "fro": "13154", "fullId": "http://purl.bioontology.org/ontology/RXNORM/3102", "preferredName": "Danazol"}, {"semTypes": ["T999"], "to": "17064", "fro": "17055", "fullId": "http://purl.bioontology.org/ontology/RXNORM/8339", "preferredName": "Piperacillin"}, {"semTypes": ["T999"], "to": "11284", "fro": "11275", "fullId": "http://purl.bioontology.org/ontology/MSH/D015242", "preferredName": "Ofloxacin"}, {"semTypes": ["T121", "T109"], "to": "25145", "fro": "25129", "fullId": "http://purl.bioontology.org/ontology/MSH/C116926", "preferredName": "rofecoxib"}, {"semTypes": ["T125", "T110", "T121"], "to": "15194", "fro": "15183", "fullId": "http://purl.bioontology.org/ontology/RXNORM/10180", "preferredName": "Sulfamethoxazole"}, {"semTypes": ["T109", "T121"], "to": "17362", "fro": "17352", "fullId": "http://purl.bioontology.org/ontology/MSH/D000970", "preferredName": "Antineoplastic Agents"}, {"semTypes": ["T116", "T121", "T126"], "to": "17301", "fro": "17293", "fullId": "http://purl.bioontology.org/ontology/RXNORM/6472", "preferredName": "Lovastatin"}, {"semTypes": ["T999"], "to": "6547", "fro": "6525", "fullId": "http://purl.bioontology.org/ontology/RXNORM/40790", "preferredName": "pantoprazole"}, {"semTypes": ["T999"], "to": "27354", "fro": "27343", "fullId": "http://purl.bioontology.org/ontology/RXNORM/42355", "preferredName": "Fluvoxamine"}, {"semTypes": ["T109", "T195"], "to": "11163", "fro": "11149", "fullId": "http://purl.bioontology.org/ontology/MSH/D017291", "preferredName": "Clarithromycin"}, {"semTypes": ["T999"], "to": "11022", "fro": "11011", "fullId": "http://purl.bioontology.org/ontology/RXNORM/42355", "preferredName": "Fluvoxamine"}, {"semTypes": ["T110", "T121", "T125"], "to": "17064", "fro": "17055", "fullId": "http://purl.bioontology.org/ontology/RXNORM/10591", "preferredName": "Ticarcillin"}, {"semTypes": ["T999"], "to": "7796", "fro": "7769", "fullId": "http://purl.bioontology.org/ontology/RXNORM/10591", "preferredName": "Ticarcillin"}, {"semTypes": ["T109", "T121"], "to": "17093", "fro": "17080", "fullId": "http://purl.bioontology.org/ontology/MSH/D001241", "preferredName": "Aspirin"}, {"semTypes": ["T125", "T121", "T110"], "to": "25891", "fro": "25883", "fullId": "http://purl.bioontology.org/ontology/MSH/D010653", "preferredName": "Phenylbutazone"}, {"semTypes": ["T109", "T121"], "to": "16936", "fro": "16925", "fullId": "http://purl.bioontology.org/ontology/RXNORM/7813", "preferredName": "Oxymetholone"}, {"semTypes": ["T109", "T195"], "to": "11069", "fro": "11061", "fullId": "http://purl.bioontology.org/ontology/MSH/D008620", "preferredName": "Meprobamate"}, {"semTypes": ["T999"], "to": "14942", "fro": "14933", "fullId": "http://purl.bioontology.org/ontology/MSH/D002443", "preferredName": "Ceftriaxone"}, {"semTypes": ["T999"], "to": "7908", "fro": "7898", "fullId": "http://purl.bioontology.org/ontology/MSH/D005485", "preferredName": "Flutamide"}, {"semTypes": ["T109", "T131", "T121"], "to": "28513", "fro": "28506", "fullId": "http://purl.bioontology.org/ontology/MSH/D014859", "preferredName": "Warfarin"}, {"semTypes": ["T121", "T116"], "to": "13275", "fro": "13267", "fullId": "http://purl.bioontology.org/ontology/MSH/D017374", "preferredName": "Paroxetine"}, {"semTypes": ["T999"], "to": "13160", "fro": "13154", "fullId": "http://purl.bioontology.org/ontology/RXNORM/19860", "preferredName": "butalbital"}, {"semTypes": ["T999"], "to": "7920", "fro": "7910", "fullId": "http://purl.bioontology.org/ontology/MSH/D024841", "preferredName": "Fluoroquinolones"}, {"semTypes": ["T109", "T121"], "to": "15148", "fro": "15139", "fullId": "http://purl.bioontology.org/ontology/MSH/D015242", "preferredName": "Ofloxacin"}, {"semTypes": ["T999"], "to": "26649", "fro": "26637", "fullId": "http://purl.bioontology.org/ontology/RXNORM/19860", "preferredName": "butalbital"}, {"semTypes": ["T116", "T121", "T125"], "to": "11340", "fro": "11326", "fullId": "http://purl.bioontology.org/ontology/MSH/D011345", "preferredName": "Fenofibrate"}, {"semTypes": ["T195", "T109"], "to": "11114", "fro": "11104", "fullId": "http://purl.bioontology.org/ontology/MSH/D011345", "preferredName": "Fenofibrate"}, {"semTypes": ["T109", "T195"], "to": "11102", "fro": "11094", "fullId": "http://purl.bioontology.org/ontology/MSH/D011324", "preferredName": "Primidone"}, {"semTypes": ["T109", "T121"], "to": "13040", "fro": "13031", "fullId": "http://purl.bioontology.org/ontology/MSH/D010242", "preferredName": "Paraldehyde"}, {"semTypes": ["T125", "T124", "T121", "T116"], "to": "13142", "fro": "13135", "fullId": "http://purl.bioontology.org/ontology/MSH/D011324", "preferredName": "Primidone"}, {"semTypes": ["T121", "T109"], "to": "11258", "fro": "11250", "fullId": "http://purl.bioontology.org/ontology/MSH/D008774", "preferredName": "Methylphenidate"}, {"semTypes": ["T999"], "to": "25943", "fro": "25931", "fullId": "http://purl.bioontology.org/ontology/RXNORM/10689", "preferredName": "Tramadol"}, {"semTypes": ["T999"], "to": "15106", "fro": "15099", "fullId": "http://purl.bioontology.org/ontology/RXNORM/10379", "preferredName": "Testosterone"}, {"semTypes": ["T999"], "to": "25891", "fro": "25883", "fullId": "http://purl.bioontology.org/ontology/RXNORM/10594", "preferredName": "Ticlopidine"}, {"semTypes": ["T999"], "to": "15314", "fro": "15306", "fullId": "http://purl.bioontology.org/ontology/MSH/C062735", "preferredName": "zafirlukast"}, {"semTypes": ["T109", "T121"], "to": "13017", "fro": "13009", "fullId": "http://purl.bioontology.org/ontology/RXNORM/35827", "preferredName": "Ketorolac"}, {"semTypes": ["T109", "T195"], "to": "17110", "fro": "17095", "fullId": "http://purl.bioontology.org/ontology/MSH/D003520", "preferredName": "Cyclophosphamide"}, {"semTypes": ["T109", "T121"], "to": "15127", "fro": "15117", "fullId": "http://purl.bioontology.org/ontology/RXNORM/1202", "preferredName": "Atenolol"}, {"semTypes": ["T121", "T109"], "to": "11002", "fro": "10991", "fullId": "http://purl.bioontology.org/ontology/RXNORM/6835", "preferredName": "Methimazole"}, {"semTypes": ["T121", "T109"], "to": "17013", "fro": "17004", "fullId": "http://purl.bioontology.org/ontology/RXNORM/6835", "preferredName": "Methimazole"}, {"semTypes": ["T999"], "to": "23002", "fro": "22995", "fullId": "http://purl.bioontology.org/ontology/RXNORM/42463", "preferredName": "Pravastatin"}, {"semTypes": ["T999"], "to": "25190", "fro": "25179", "fullId": "http://purl.bioontology.org/ontology/RXNORM/10379", "preferredName": "Testosterone"}, {"semTypes": ["T121", "T110", "T125"], "to": "26710", "fro": "26701", "fullId": "http://purl.bioontology.org/ontology/RXNORM/42463", "preferredName": "Pravastatin"}, {"semTypes": ["T999"], "to": "11002", "fro": "10991", "fullId": "http://purl.bioontology.org/ontology/MSH/D011241", "preferredName": "Prednisone"}, {"semTypes": ["T999"], "to": "14924", "fro": "14914", "fullId": "http://purl.bioontology.org/ontology/MSH/D011241", "preferredName": "Prednisone"}, {"semTypes": ["T109", "T121"], "to": "26649", "fro": "26637", "fullId": "http://purl.bioontology.org/ontology/MSH/D011405", "preferredName": "Propafenone"}, {"semTypes": ["T121", "T109"], "to": "26574", "fro": "26564", "fullId": "http://purl.bioontology.org/ontology/RXNORM/42463", "preferredName": "Pravastatin"}, {"semTypes": ["T121", "T115"], "to": "25908", "fro": "25893", "fullId": "http://purl.bioontology.org/ontology/RXNORM/42463", "preferredName": "Pravastatin"}, {"semTypes": ["T999"], "to": "15326", "fro": "15316", "fullId": "http://purl.bioontology.org/ontology/RXNORM/114194", "preferredName": "Warfarin Sodium"}, {"semTypes": ["T999"], "to": "15344", "fro": "15335", "fullId": "http://purl.bioontology.org/ontology/MSH/D013420", "preferredName": "Sulfamethoxazole"}, {"semTypes": ["T109", "T121"], "to": "17251", "fro": "17241", "fullId": "http://purl.bioontology.org/ontology/MSH/C406224", "preferredName": "valdecoxib"}, {"semTypes": ["T121", "T109"], "to": "17371", "fro": "17364", "fullId": "http://purl.bioontology.org/ontology/MSH/D002994", "preferredName": "Clofibrate"}, {"semTypes": ["T121", "T109"], "to": "25170", "fro": "25159", "fullId": "http://purl.bioontology.org/ontology/MSH/D013420", "preferredName": "Sulfamethoxazole"}, {"semTypes": ["T999"], "to": "28529", "fro": "28519", "fullId": "http://purl.bioontology.org/ontology/RXNORM/221126", "preferredName": "Moricizine hydrochloride"}, {"semTypes": ["T999"], "to": "16965", "fro": "16950", "fullId": "http://purl.bioontology.org/ontology/RXNORM/221126", "preferredName": "Moricizine hydrochloride"}, {"semTypes": ["T999"], "to": "25268", "fro": "25253", "fullId": "http://purl.bioontology.org/ontology/MSH/D011405", "preferredName": "Propafenone"}, {"semTypes": ["T121", "T109"], "to": "15284", "fro": "15276", "fullId": "http://purl.bioontology.org/ontology/MSH/D017035", "preferredName": "Pravastatin"}, {"semTypes": ["T121", "T109"], "to": "13231", "fro": "13220", "fullId": "http://purl.bioontology.org/ontology/MSH/D003348", "preferredName": "Cortisone"}, {"semTypes": ["T999"], "to": "25244", "fro": "25230", "fullId": "http://purl.bioontology.org/ontology/MSH/D017035", "preferredName": "Pravastatin"}, {"semTypes": ["T999"], "to": "17013", "fro": "17004", "fullId": "http://purl.bioontology.org/ontology/RXNORM/221126", "preferredName": "Moricizine hydrochloride"}, {"semTypes": ["T195", "T109"], "to": "13299", "fro": "13288", "fullId": "http://purl.bioontology.org/ontology/MSH/D002994", "preferredName": "Clofibrate"}, {"semTypes": ["T999"], "to": "26692", "fro": "26682", "fullId": "http://purl.bioontology.org/ontology/RXNORM/221126", "preferredName": "Moricizine hydrochloride"}, {"semTypes": ["T999"], "to": "10989", "fro": "10982", "fullId": "http://purl.bioontology.org/ontology/RXNORM/7646", "preferredName": "Omeprazole"}, {"semTypes": ["T999"], "to": "26574", "fro": "26564", "fullId": "http://purl.bioontology.org/ontology/MSH/D011441", "preferredName": "Propylthiouracil"}, {"semTypes": ["T999"], "to": "25908", "fro": "25893", "fullId": "http://purl.bioontology.org/ontology/MSH/D011441", "preferredName": "Propylthiouracil"}, {"semTypes": ["T121", "T109"], "to": "14897", "fro": "14888", "fullId": "http://purl.bioontology.org/ontology/RXNORM/140587", "preferredName": "celecoxib"}, {"semTypes": ["T999"], "to": "12991", "fro": "12980", "fullId": "http://purl.bioontology.org/ontology/RXNORM/3002", "preferredName": "Cyclophosphamide"}, {"semTypes": ["T109", "T131", "T121"], "to": "723", "fro": "716", "fullId": "http://purl.bioontology.org/ontology/MSH/D014859", "preferredName": "Warfarin"}, {"semTypes": ["T999"], "to": "15159", "fro": "15150", "fullId": "http://purl.bioontology.org/ontology/RXNORM/3002", "preferredName": "Cyclophosphamide"}, {"semTypes": ["T999"], "to": "13299", "fro": "13288", "fullId": "http://purl.bioontology.org/ontology/RXNORM/9143", "preferredName": "Ranitidine"}, {"semTypes": ["T121", "T109"], "to": "10946", "fro": "10928", "fullId": "http://purl.bioontology.org/ontology/RXNORM/10689", "preferredName": "Tramadol"}, {"semTypes": ["T999"], "to": "27380", "fro": "27371", "fullId": "http://purl.bioontology.org/ontology/MSH/D020910", "preferredName": "Ketorolac"}, {"semTypes": ["T999"], "to": "15137", "fro": "15129", "fullId": "http://purl.bioontology.org/ontology/RXNORM/9143", "preferredName": "Ranitidine"}, {"semTypes": ["T999"], "to": "17158", "fro": "17150", "fullId": "http://purl.bioontology.org/ontology/MSH/D013982", "preferredName": "Ticarcillin"}, {"semTypes": ["T999"], "to": "25850", "fro": "25837", "fullId": "http://purl.bioontology.org/ontology/RXNORM/8794", "preferredName": "Propylthiouracil"}, {"semTypes": ["T999"], "to": "11216", "fro": "11203", "fullId": "http://purl.bioontology.org/ontology/RXNORM/8794", "preferredName": "Propylthiouracil"}, {"semTypes": ["T999"], "to": "15274", "fro": "15261", "fullId": "http://purl.bioontology.org/ontology/RXNORM/140587", "preferredName": "celecoxib"}, {"semTypes": ["T999"], "to": "22828", "fro": "22801", "fullId": "http://purl.bioontology.org/ontology/MSH/C065179", "preferredName": "atorvastatin"}, {"semTypes": ["T999"], "to": "6576", "fro": "6549", "fullId": "http://purl.bioontology.org/ontology/MSH/C065179", "preferredName": "atorvastatin"}, {"semTypes": ["T109", "T121"], "to": "13286", "fro": "13277", "fullId": "http://purl.bioontology.org/ontology/MSH/D007052", "preferredName": "Ibuprofen"}, {"semTypes": ["T999"], "to": "21505", "fro": "21491", "fullId": "http://purl.bioontology.org/ontology/RXNORM/8183", "preferredName": "Phenytoin"}, {"semTypes": ["T999"], "to": "25969", "fro": "25958", "fullId": "http://purl.bioontology.org/ontology/MSH/D020910", "preferredName": "Ketorolac"}, {"semTypes": ["T999"], "to": "10946", "fro": "10928", "fullId": "http://purl.bioontology.org/ontology/MSH/C062735", "preferredName": "zafirlukast"}, {"semTypes": ["T195", "T109"], "to": "25929", "fro": "25917", "fullId": "http://purl.bioontology.org/ontology/RXNORM/2178", "preferredName": "Cefamandole"}, {"semTypes": ["T121", "T109"], "to": "13242", "fro": "13233", "fullId": "http://purl.bioontology.org/ontology/RXNORM/6876", "preferredName": "Methyldopa"}, {"semTypes": ["T999"], "to": "17362", "fro": "17352", "fullId": "http://purl.bioontology.org/ontology/MSH/D008713", "preferredName": "Methimazole"}, {"semTypes": ["T121", "T109"], "to": "25956", "fro": "25945", "fullId": "http://purl.bioontology.org/ontology/MSH/D002747", "preferredName": "Chlorpropamide"}, {"semTypes": ["T121", "T124"], "to": "14942", "fro": "14933", "fullId": "http://purl.bioontology.org/ontology/MSH/D003520", "preferredName": "Cyclophosphamide"}, {"semTypes": ["T999"], "to": "4626", "fro": "4613", "fullId": "http://purl.bioontology.org/ontology/MSH/D003520", "preferredName": "Cyclophosphamide"}, {"semTypes": ["T999"], "to": "4710", "fro": "4701", "fullId": "http://purl.bioontology.org/ontology/MSH/D009853", "preferredName": "Omeprazole"}, {"semTypes": ["T109", "T131", "T121"], "to": "27431", "fro": "27424", "fullId": "http://purl.bioontology.org/ontology/MSH/D014859", "preferredName": "Warfarin"}, {"semTypes": ["T999"], "to": "15363", "fro": "15353", "fullId": "http://purl.bioontology.org/ontology/MSH/D019161", "preferredName": "Hydroxymethylglutaryl-CoA Reductase Inhibitors"}, {"semTypes": ["T999"], "to": "4649", "fro": "4640", "fullId": "http://purl.bioontology.org/ontology/MSH/D015363", "preferredName": "Quinolones"}, {"semTypes": ["T999"], "to": "17148", "fro": "17141", "fullId": "http://purl.bioontology.org/ontology/MSH/D009853", "preferredName": "Omeprazole"}, {"semTypes": ["T121", "T109"], "to": "27314", "fro": "27305", "fullId": "http://purl.bioontology.org/ontology/RXNORM/3393", "preferredName": "Diflunisal"}, {"semTypes": ["T121", "T109"], "to": "11248", "fro": "11236", "fullId": "http://purl.bioontology.org/ontology/MSH/D000616", "preferredName": "Aminoglutethimide"}, {"semTypes": ["T999"], "to": "16948", "fro": "16938", "fullId": "http://purl.bioontology.org/ontology/MSH/D013467", "preferredName": "Sulindac"}, {"semTypes": ["T999"], "to": "13286", "fro": "13277", "fullId": "http://purl.bioontology.org/ontology/MSH/D013467", "preferredName": "Sulindac"}, {"semTypes": ["T999"], "to": "13252", "fro": "13244", "fullId": "http://purl.bioontology.org/ontology/MSH/D015242", "preferredName": "Ofloxacin"}, {"semTypes": ["T999"], "to": "4866", "fro": "4852", "fullId": "http://purl.bioontology.org/ontology/RXNORM/10594", "preferredName": "Ticlopidine"}, {"semTypes": ["T999"], "to": "20338", "fro": "20324", "fullId": "http://purl.bioontology.org/ontology/MSH/D014859", "preferredName": "Warfarin"}, {"semTypes": ["T999"], "to": "17371", "fro": "17364", "fullId": "http://purl.bioontology.org/ontology/MSH/D001241", "preferredName": "Aspirin"}, {"semTypes": ["T999"], "to": "25228", "fro": "25216", "fullId": "http://purl.bioontology.org/ontology/MSH/D002792", "preferredName": "Cholestyramine Resin"}, {"semTypes": ["T999"], "to": "12931", "fro": "12923", "fullId": "http://purl.bioontology.org/ontology/MSH/D002792", "preferredName": "Cholestyramine Resin"}, {"semTypes": ["T999"], "to": "26663", "fro": "26651", "fullId": "http://purl.bioontology.org/ontology/RXNORM/10829", "preferredName": "Trimethoprim"}, {"semTypes": ["T999"], "to": "11069", "fro": "11061", "fullId": "http://purl.bioontology.org/ontology/MSH/D004917", "preferredName": "Erythromycin"}, {"semTypes": ["T999"], "to": "15231", "fro": "15220", "fullId": "http://purl.bioontology.org/ontology/MSH/D002792", "preferredName": "Cholestyramine Resin"}, {"semTypes": ["T999"], "to": "723", "fro": "716", "fullId": "http://purl.bioontology.org/ontology/MSH/D014859", "preferredName": "Warfarin"}, {"semTypes": ["T999"], "to": "12965", "fro": "12955", "fullId": "http://purl.bioontology.org/ontology/MSH/D002792", "preferredName": "Cholestyramine Resin"}, {"semTypes": ["T999"], "to": "13086", "fro": "13078", "fullId": "http://purl.bioontology.org/ontology/MSH/D019161", "preferredName": "Hydroxymethylglutaryl-CoA Reductase Inhibitors"}, {"semTypes": ["T999"], "to": "15075", "fro": "15052", "fullId": "http://purl.bioontology.org/ontology/RXNORM/10594", "preferredName": "Ticlopidine"}, {"semTypes": ["T999"], "to": "14912", "fro": "14899", "fullId": "http://purl.bioontology.org/ontology/MSH/D002220", "preferredName": "Carbamazepine"}, {"semTypes": ["T999"], "to": "26635", "fro": "26625", "fullId": "http://purl.bioontology.org/ontology/MSH/D019161", "preferredName": "Hydroxymethylglutaryl-CoA Reductase Inhibitors"}, {"semTypes": ["T121", "T109"], "to": "12931", "fro": "12923", "fullId": "http://purl.bioontology.org/ontology/RXNORM/7646", "preferredName": "Omeprazole"}, {"semTypes": ["T999"], "to": "15097", "fro": "15084", "fullId": "http://purl.bioontology.org/ontology/RXNORM/32385", "preferredName": "olsalazine"}, {"semTypes": ["T121", "T109"], "to": "16948", "fro": "16938", "fullId": "http://purl.bioontology.org/ontology/RXNORM/32385", "preferredName": "olsalazine"}, {"semTypes": ["T109", "T121"], "to": "12921", "fro": "12912", "fullId": "http://purl.bioontology.org/ontology/RXNORM/10829", "preferredName": "Trimethoprim"}, {"semTypes": ["T999"], "to": "27431", "fro": "27424", "fullId": "http://purl.bioontology.org/ontology/MSH/D014859", "preferredName": "Warfarin"}, {"semTypes": ["T999"], "to": "11201", "fro": "11188", "fullId": "http://purl.bioontology.org/ontology/MSH/D000970", "preferredName": "Antineoplastic Agents"}, {"semTypes": ["T195", "T109"], "to": "17273", "fro": "17262", "fullId": "http://purl.bioontology.org/ontology/MSH/D000970", "preferredName": "Antineoplastic Agents"}, {"semTypes": ["T999"], "to": "605", "fro": "598", "fullId": "http://purl.bioontology.org/ontology/MSH/D014859", "preferredName": "Warfarin"}, {"semTypes": ["T999"], "to": "25981", "fro": "25971", "fullId": "http://purl.bioontology.org/ontology/MSH/D001728", "preferredName": "Dicumarol"}, {"semTypes": ["T999"], "to": "27422", "fro": "27414", "fullId": "http://purl.bioontology.org/ontology/RXNORM/11289", "preferredName": "Warfarin"}, {"semTypes": ["T109", "T121"], "to": "25268", "fro": "25253", "fullId": "http://purl.bioontology.org/ontology/MSH/D002220", "preferredName": "Carbamazepine"}, {"semTypes": ["T999"], "to": "981", "fro": "974", "fullId": "http://purl.bioontology.org/ontology/MSH/D014859", "preferredName": "Warfarin"}, {"semTypes": ["T109", "T195"], "to": "17171", "fro": "17160", "fullId": "http://purl.bioontology.org/ontology/MSH/D013982", "preferredName": "Ticarcillin"}, {"semTypes": ["T999"], "to": "11258", "fro": "11250", "fullId": "http://purl.bioontology.org/ontology/MSH/D016293", "preferredName": "Moricizine"}, {"semTypes": ["T999"], "to": "28513", "fro": "28506", "fullId": "http://purl.bioontology.org/ontology/MSH/D014859", "preferredName": "Warfarin"}, {"semTypes": ["T121", "T109"], "to": "27390", "fro": "27382", "fullId": "http://purl.bioontology.org/ontology/MSH/D010400", "preferredName": "Penicillin G"}, {"semTypes": ["T999"], "to": "3372", "fro": "3358", "fullId": "http://purl.bioontology.org/ontology/MSH/D014859", "preferredName": "Warfarin"}, {"semTypes": ["T114", "T121"], "to": "11047", "fro": "11036", "fullId": "http://purl.bioontology.org/ontology/MSH/D000970", "preferredName": "Antineoplastic Agents"}, {"semTypes": ["T109", "T195"], "to": "11059", "fro": "11049", "fullId": "http://purl.bioontology.org/ontology/MSH/C031942", "preferredName": "argatroban"}, {"semTypes": ["T109", "T131", "T121"], "to": "981", "fro": "974", "fullId": "http://purl.bioontology.org/ontology/MSH/D014859", "preferredName": "Warfarin"}, {"semTypes": ["T109", "T195"], "to": "27341", "fro": "27334", "fullId": "http://purl.bioontology.org/ontology/MSH/D004318", "preferredName": "Doxycycline"}, {"semTypes": ["T999"], "to": "13040", "fro": "13031", "fullId": "http://purl.bioontology.org/ontology/RXNORM/9997", "preferredName": "Spironolactone"}, {"semTypes": ["T109", "T121"], "to": "25943", "fro": "25931", "fullId": "http://purl.bioontology.org/ontology/RXNORM/8339", "preferredName": "Piperacillin"}, {"semTypes": ["T109", "T121"], "to": "17158", "fro": "17150", "fullId": "http://purl.bioontology.org/ontology/RXNORM/3640", "preferredName": "Doxycycline"}, {"semTypes": ["T109", "T121"], "to": "10989", "fro": "10982", "fullId": "http://purl.bioontology.org/ontology/MSH/D010672", "preferredName": "Phenytoin"}, {"semTypes": ["T999"], "to": "17093", "fro": "17080", "fullId": "http://purl.bioontology.org/ontology/MSH/D016293", "preferredName": "Moricizine"}, {"semTypes": ["T109", "T121"], "to": "15363", "fro": "15353", "fullId": "http://purl.bioontology.org/ontology/RXNORM/1191", "preferredName": "Aspirin"}, {"semTypes": ["T999"], "to": "17053", "fro": "17043", "fullId": "http://purl.bioontology.org/ontology/RXNORM/1191", "preferredName": "Aspirin"}, {"semTypes": ["T999"], "to": "10926", "fro": "10916", "fullId": "http://purl.bioontology.org/ontology/RXNORM/2178", "preferredName": "Cefamandole"}, {"semTypes": ["T121", "T109"], "to": "11234", "fro": "11225", "fullId": "http://purl.bioontology.org/ontology/RXNORM/8134", "preferredName": "Phenobarbital"}, {"semTypes": ["T999"], "to": "17232", "fro": "17205", "fullId": "http://purl.bioontology.org/ontology/MSH/D013419", "preferredName": "Sulfamethizole"}, {"semTypes": ["T121", "T109"], "to": "13120", "fro": "13112", "fullId": "http://purl.bioontology.org/ontology/RXNORM/8134", "preferredName": "Phenobarbital"}, {"semTypes": ["T999"], "to": "26623", "fro": "26615", "fullId": "http://purl.bioontology.org/ontology/RXNORM/7258", "preferredName": "Naproxen"}, {"semTypes": ["T999"], "to": "15127", "fro": "15117", "fullId": "http://purl.bioontology.org/ontology/RXNORM/7258", "preferredName": "Naproxen"}, {"semTypes": ["T109", "T121"], "to": "25981", "fro": "25971", "fullId": "http://purl.bioontology.org/ontology/RXNORM/7909", "preferredName": "Paraldehyde"}, {"semTypes": ["T109", "T121"], "to": "10899", "fro": "10887", "fullId": "http://purl.bioontology.org/ontology/MSH/D001728", "preferredName": "Dicumarol"}, {"semTypes": ["T109", "T121"], "to": "15218", "fro": "15209", "fullId": "http://purl.bioontology.org/ontology/MSH/D013449", "preferredName": "Sulfonamides"}, {"semTypes": ["T109", "T121"], "to": "13052", "fro": "13042", "fullId": "http://purl.bioontology.org/ontology/MSH/D013449", "preferredName": "Sulfonamides"}, {"semTypes": ["T121", "T109"], "to": "10926", "fro": "10916", "fullId": "http://purl.bioontology.org/ontology/MSH/D002443", "preferredName": "Ceftriaxone"}, {"semTypes": ["T124", "T116", "T125", "T121"], "to": "25881", "fro": "25869", "fullId": "http://purl.bioontology.org/ontology/MSH/D013754", "preferredName": "Tetracyclines"}, {"semTypes": ["T121", "T109"], "to": "17312", "fro": "17303", "fullId": "http://purl.bioontology.org/ontology/MSH/C108606", "preferredName": "ezetimibe"}, {"semTypes": ["T999"], "to": "15304", "fro": "15293", "fullId": "http://purl.bioontology.org/ontology/MSH/D013754", "preferredName": "Tetracyclines"}, {"semTypes": ["T999"], "to": "13120", "fro": "13112", "fullId": "http://purl.bioontology.org/ontology/MSH/D010406", "preferredName": "Penicillins"}, {"semTypes": ["T999"], "to": "13181", "fro": "13172", "fullId": "http://purl.bioontology.org/ontology/MSH/D024841", "preferredName": "Fluoroquinolones"}, {"semTypes": ["T999"], "to": "11248", "fro": "11236", "fullId": "http://purl.bioontology.org/ontology/MSH/D010406", "preferredName": "Penicillins"}, {"semTypes": ["T999"], "to": "25157", "fro": "25147", "fullId": "http://purl.bioontology.org/ontology/MSH/D008620", "preferredName": "Meprobamate"}, {"semTypes": ["T109", "T121"], "to": "11124", "fro": "11116", "fullId": "http://purl.bioontology.org/ontology/RXNORM/10180", "preferredName": "Sulfamethoxazole"}, {"semTypes": ["T999"], "to": "28152", "fro": "28138", "fullId": "http://purl.bioontology.org/ontology/MSH/D014859", "preferredName": "Warfarin"}, {"semTypes": ["T999"], "to": "17251", "fro": "17241", "fullId": "http://purl.bioontology.org/ontology/RXNORM/9624", "preferredName": "Secobarbital"}, {"semTypes": ["T109", "T121"], "to": "11350", "fro": "11342", "fullId": "http://purl.bioontology.org/ontology/RXNORM/9624", "preferredName": "Secobarbital"}, {"semTypes": ["T999"], "to": "27341", "fro": "27334", "fullId": "http://purl.bioontology.org/ontology/MSH/D002440", "preferredName": "Cefoxitin"}, {"semTypes": ["T999"], "to": "13110", "fro": "13100", "fullId": "http://purl.bioontology.org/ontology/MSH/D020117", "preferredName": "Cisapride"}, {"semTypes": ["T195", "T109"], "to": "12978", "fro": "12967", "fullId": "http://purl.bioontology.org/ontology/MSH/D002440", "preferredName": "Cefoxitin"}, {"semTypes": ["T109", "T121"], "to": "15008", "fro": "14996", "fullId": "http://purl.bioontology.org/ontology/RXNORM/2626", "preferredName": "Clozapine"}, {"semTypes": ["T999"], "to": "13098", "fro": "13088", "fullId": "http://purl.bioontology.org/ontology/MSH/C064276", "preferredName": "pantoprazole"}, {"semTypes": ["T999"], "to": "10899", "fro": "10887", "fullId": "http://purl.bioontology.org/ontology/RXNORM/2626", "preferredName": "Clozapine"}, {"semTypes": ["T121", "T109"], "to": "13152", "fro": "13144", "fullId": "http://purl.bioontology.org/ontology/MSH/D010672", "preferredName": "Phenytoin"}, {"semTypes": ["T121", "T109"], "to": "15181", "fro": "15173", "fullId": "http://purl.bioontology.org/ontology/RXNORM/2404", "preferredName": "Chlorpropamide"}, {"semTypes": ["T109", "T121"], "to": "12953", "fro": "12944", "fullId": "http://purl.bioontology.org/ontology/MSH/D010400", "preferredName": "Penicillin G"}, {"semTypes": ["T109", "T195"], "to": "15231", "fro": "15220", "fullId": "http://purl.bioontology.org/ontology/RXNORM/283742", "preferredName": "Esomeprazole"}, {"semTypes": ["T999"], "to": "27369", "fro": "27356", "fullId": "http://purl.bioontology.org/ontology/MSH/D004221", "preferredName": "Disulfiram"}, {"semTypes": ["T999"], "to": "25929", "fro": "25917", "fullId": "http://purl.bioontology.org/ontology/RXNORM/283742", "preferredName": "Esomeprazole"}, {"semTypes": ["T121", "T109"], "to": "13029", "fro": "13019", "fullId": "http://purl.bioontology.org/ontology/MSH/D008825", "preferredName": "Miconazole"}, {"semTypes": ["T116", "T121"], "to": "10972", "fro": "10963", "fullId": "http://purl.bioontology.org/ontology/RXNORM/114970", "preferredName": "zafirlukast"}, {"semTypes": ["T121", "T109"], "to": "17053", "fro": "17043", "fullId": "http://purl.bioontology.org/ontology/MSH/D008825", "preferredName": "Miconazole"}, {"semTypes": ["T999"], "to": "15194", "fro": "15183", "fullId": "http://purl.bioontology.org/ontology/MSH/D015313", "preferredName": "Cefotetan"}, {"semTypes": ["T999"], "to": "14897", "fro": "14888", "fullId": "http://purl.bioontology.org/ontology/MSH/D015313", "preferredName": "Cefotetan"}, {"semTypes": ["T121", "T109"], "to": "17002", "fro": "16992", "fullId": "http://purl.bioontology.org/ontology/RXNORM/7240", "preferredName": "Nalidixic Acid"}, {"semTypes": ["T121", "T109"], "to": "17030", "fro": "17022", "fullId": "http://purl.bioontology.org/ontology/RXNORM/3640", "preferredName": "Doxycycline"}, {"semTypes": ["T121", "T125", "T110"], "to": "8034", "fro": "8023", "fullId": "http://purl.bioontology.org/ontology/MSH/D015242", "preferredName": "Ofloxacin"}, {"semTypes": ["T999"], "to": "17332", "fro": "17324", "fullId": "http://purl.bioontology.org/ontology/RXNORM/3102", "preferredName": "Danazol"}, {"semTypes": ["T999"], "to": "11047", "fro": "11036", "fullId": "http://purl.bioontology.org/ontology/MSH/D016293", "preferredName": "Moricizine"}, {"semTypes": ["T999"], "to": "11137", "fro": "11126", "fullId": "http://purl.bioontology.org/ontology/RXNORM/5021", "preferredName": "Griseofulvin"}, {"semTypes": ["T999"], "to": "15171", "fro": "15161", "fullId": "http://purl.bioontology.org/ontology/RXNORM/7779", "preferredName": "Oxandrolone"}, {"semTypes": ["T999"], "to": "15181", "fro": "15173", "fullId": "http://purl.bioontology.org/ontology/RXNORM/5021", "preferredName": "Griseofulvin"}, {"semTypes": ["T121", "T116", "T126"], "to": "17078", "fro": "17066", "fullId": "http://purl.bioontology.org/ontology/MSH/C064276", "preferredName": "pantoprazole"}, {"semTypes": ["T999"], "to": "13242", "fro": "13233", "fullId": "http://purl.bioontology.org/ontology/MSH/D014295", "preferredName": "Trimethoprim"}, {"semTypes": ["T109", "T131", "T121"], "to": "605", "fro": "598", "fullId": "http://purl.bioontology.org/ontology/MSH/D014859", "preferredName": "Warfarin"}, {"semTypes": ["T999"], "to": "22086", "fro": "22075", "fullId": "http://purl.bioontology.org/ontology/RXNORM/35827", "preferredName": "Ketorolac"}, {"semTypes": ["T999"], "to": "26606", "fro": "26583", "fullId": "http://purl.bioontology.org/ontology/RXNORM/8183", "preferredName": "Phenytoin"}, {"semTypes": ["T999"], "to": "24582", "fro": "24574", "fullId": "http://purl.bioontology.org/ontology/MSH/D014859", "preferredName": "Warfarin"}, {"semTypes": ["T121", "T131", "T109"], "to": "28152", "fro": "28138", "fullId": "http://purl.bioontology.org/ontology/MSH/D014859", "preferredName": "Warfarin"}, {"semTypes": ["T127", "T119", "T121"], "to": "829", "fro": "821", "fullId": "http://purl.bioontology.org/ontology/MSH/D014859", "preferredName": "Warfarin"}, {"semTypes": ["T121", "T131", "T109"], "to": "20338", "fro": "20324", "fullId": "http://purl.bioontology.org/ontology/RXNORM/11289", "preferredName": "Warfarin"}, {"semTypes": ["T999"], "to": "17110", "fro": "17095", "fullId": "http://purl.bioontology.org/ontology/RXNORM/11258", "preferredName": "Vitamin K"}, {"semTypes": ["T999"], "to": "829", "fro": "821", "fullId": "http://purl.bioontology.org/ontology/RXNORM/11289", "preferredName": "Warfarin"}, {"semTypes": ["T999"], "to": "11273", "fro": "11260", "fullId": "http://purl.bioontology.org/ontology/MSH/D010672", "preferredName": "Phenytoin"}, {"semTypes": ["T127", "T119", "T121"], "to": "27422", "fro": "27414", "fullId": "http://purl.bioontology.org/ontology/RXNORM/11289", "preferredName": "Warfarin"}, {"semTypes": ["T123", "T116", "T122"], "to": "2006", "fro": "1999", "fullId": "http://purl.bioontology.org/ontology/MSH/D002438", "preferredName": "Cefoperazone"}, {"semTypes": ["T127", "T119", "T121"], "to": "24582", "fro": "24574", "fullId": "http://purl.bioontology.org/ontology/RXNORM/11289", "preferredName": "Warfarin"}, {"semTypes": ["T121", "T131", "T109"], "to": "3372", "fro": "3358", "fullId": "http://purl.bioontology.org/ontology/RXNORM/11289", "preferredName": "Warfarin"}, {"semTypes": ["T999"], "to": "17203", "fro": "17193", "fullId": "http://purl.bioontology.org/ontology/RXNORM/11289", "preferredName": "Warfarin"}, {"semTypes": ["T999"], "to": "13313", "fro": "13301", "fullId": "http://purl.bioontology.org/ontology/RXNORM/40790", "preferredName": "pantoprazole"}, {"semTypes": ["T999"], "to": "15259", "fro": "15246", "fullId": "http://purl.bioontology.org/ontology/RXNORM/194000", "preferredName": "capecitabine"}, {"semTypes": ["T999"], "to": "8138", "fro": "8131", "fullId": "http://purl.bioontology.org/ontology/RXNORM/11289", "preferredName": "Warfarin"}, {"semTypes": ["T121", "T109"], "to": "11179", "fro": "11165", "fullId": "http://purl.bioontology.org/ontology/RXNORM/11289", "preferredName": "Warfarin"}, {"semTypes": ["T999"], "to": "11301", "fro": "11286", "fullId": "http://purl.bioontology.org/ontology/RXNORM/11289", "preferredName": "Warfarin"}, {"semTypes": ["T121", "T109"], "to": "14924", "fro": "14914", "fullId": "http://purl.bioontology.org/ontology/MSH/D014812", "preferredName": "Vitamin K"}, {"semTypes": ["T109", "T121"], "to": "15019", "fro": "15010", "fullId": "http://purl.bioontology.org/ontology/RXNORM/10180", "preferredName": "Sulfamethoxazole"}, {"semTypes": ["T109", "T121"], "to": "26692", "fro": "26682", "fullId": "http://purl.bioontology.org/ontology/MSH/D014812", "preferredName": "Vitamin K"}, {"semTypes": ["T999"], "to": "26710", "fro": "26701", "fullId": "http://purl.bioontology.org/ontology/RXNORM/114194", "preferredName": "Warfarin Sodium"}, {"semTypes": ["T118", "T195"], "to": "15115", "fro": "15108", "fullId": "http://purl.bioontology.org/ontology/MSH/C116926", "preferredName": "rofecoxib"}, {"semTypes": ["T109", "T121"], "to": "15326", "fro": "15316", "fullId": "http://purl.bioontology.org/ontology/RXNORM/114194", "preferredName": "Warfarin Sodium"}, {"semTypes": ["T999"], "to": "10972", "fro": "10963", "fullId": "http://purl.bioontology.org/ontology/MSH/D011899", "preferredName": "Ranitidine"}, {"semTypes": ["T121", "T109"], "to": "15075", "fro": "15052", "fullId": "http://purl.bioontology.org/ontology/RXNORM/11258", "preferredName": "Vitamin K"}, {"semTypes": ["T999"], "to": "13017", "fro": "13009", "fullId": "http://purl.bioontology.org/ontology/MSH/D011899", "preferredName": "Ranitidine"}, {"semTypes": ["T121", "T109"], "to": "26606", "fro": "26583", "fullId": "http://purl.bioontology.org/ontology/RXNORM/114194", "preferredName": "Warfarin Sodium"}, {"semTypes": ["T999"], "to": "27296", "fro": "27281", "fullId": "http://purl.bioontology.org/ontology/MSH/D014812", "preferredName": "Vitamin K"}, {"semTypes": ["T999"], "to": "11324", "fro": "11318", "fullId": "http://purl.bioontology.org/ontology/MSH/D013752", "preferredName": "Tetracycline"}, {"semTypes": ["T999"], "to": "11124", "fro": "11116", "fullId": "http://purl.bioontology.org/ontology/RXNORM/194000", "preferredName": "capecitabine"}, {"semTypes": ["T121", "T115"], "to": "11301", "fro": "11286", "fullId": "http://purl.bioontology.org/ontology/MSH/D014812", "preferredName": "Vitamin K"}, {"semTypes": ["T121", "T109"], "to": "27325", "fro": "27316", "fullId": "http://purl.bioontology.org/ontology/MSH/D014812", "preferredName": "Vitamin K"}, {"semTypes": ["T121", "T114"], "to": "16965", "fro": "16950", "fullId": "http://purl.bioontology.org/ontology/MSH/D014812", "preferredName": "Vitamin K"}, {"semTypes": ["T999"], "to": "17273", "fro": "17262", "fullId": "http://purl.bioontology.org/ontology/MSH/D010672", "preferredName": "Phenytoin"}, {"semTypes": ["T999"], "to": "25170", "fro": "25159", "fullId": "http://purl.bioontology.org/ontology/RXNORM/11258", "preferredName": "Vitamin K"}, {"semTypes": ["T121", "T109"], "to": "26673", "fro": "26665", "fullId": "http://purl.bioontology.org/ontology/RXNORM/11258", "preferredName": "Vitamin K"}, {"semTypes": ["T109", "T121"], "to": "28529", "fro": "28519", "fullId": "http://purl.bioontology.org/ontology/RXNORM/11258", "preferredName": "Vitamin K"}, {"semTypes": ["T999"], "to": "16936", "fro": "16925", "fullId": "http://purl.bioontology.org/ontology/MSH/D013752", "preferredName": "Tetracycline"}, {"semTypes": ["T999"], "to": "17002", "fro": "16992", "fullId": "http://purl.bioontology.org/ontology/MSH/C110904", "preferredName": "capecitabine"}, {"semTypes": ["T999"], "to": "12978", "fro": "12967", "fullId": "http://purl.bioontology.org/ontology/RXNORM/10594", "preferredName": "Ticlopidine"}, {"semTypes": ["T121", "T109"], "to": "13194", "fro": "13183", "fullId": "http://purl.bioontology.org/ontology/MSH/D003981", "preferredName": "Diazoxide"}, {"semTypes": ["T999"], "to": "12953", "fro": "12944", "fullId": "http://purl.bioontology.org/ontology/RXNORM/8640", "preferredName": "Prednisone"}, {"semTypes": ["T121", "T109"], "to": "11201", "fro": "11188", "fullId": "http://purl.bioontology.org/ontology/RXNORM/8640", "preferredName": "Prednisone"}, {"semTypes": ["T195", "T109"], "to": "11022", "fro": "11011", "fullId": "http://purl.bioontology.org/ontology/RXNORM/9997", "preferredName": "Spironolactone"}, {"semTypes": ["T999"], "to": "17030", "fro": "17022", "fullId": "http://purl.bioontology.org/ontology/MSH/D002697", "preferredName": "Chloral Hydrate"}, {"semTypes": ["T999"], "to": "17260", "fro": "17253", "fullId": "http://purl.bioontology.org/ontology/RXNORM/2551", "preferredName": "Ciprofloxacin"}, {"semTypes": ["T999"], "to": "26673", "fro": "26665", "fullId": "http://purl.bioontology.org/ontology/MSH/D013988", "preferredName": "Ticlopidine"}, {"semTypes": ["T999"], "to": "17291", "fro": "17276", "fullId": "http://purl.bioontology.org/ontology/MSH/D014815", "preferredName": "Vitamins"}, {"semTypes": ["T999"], "to": "13326", "fro": "13315", "fullId": "http://purl.bioontology.org/ontology/MSH/D007660", "preferredName": "Ketoprofen"}, {"semTypes": ["T195", "T109"], "to": "26623", "fro": "26615", "fullId": "http://purl.bioontology.org/ontology/RXNORM/8356", "preferredName": "Piroxicam"}, {"semTypes": ["T121", "T114"], "to": "27296", "fro": "27281", "fullId": "http://purl.bioontology.org/ontology/MSH/D014815", "preferredName": "Vitamins"}, {"semTypes": ["T999"], "to": "15218", "fro": "15209", "fullId": "http://purl.bioontology.org/ontology/RXNORM/83367", "preferredName": "atorvastatin"}, {"semTypes": ["T109", "T121"], "to": "26727", "fro": "26719", "fullId": "http://purl.bioontology.org/ontology/RXNORM/10237", "preferredName": "Sulindac"}, {"semTypes": ["T999"], "to": "4728", "fro": "4713", "fullId": "http://purl.bioontology.org/ontology/RXNORM/83367", "preferredName": "atorvastatin"}, {"semTypes": ["T109", "T121"], "to": "15314", "fro": "15306", "fullId": "http://purl.bioontology.org/ontology/MSH/D013420", "preferredName": "Sulfamethoxazole"}, {"semTypes": ["T999"], "to": "11179", "fro": "11165", "fullId": "http://purl.bioontology.org/ontology/MSH/D003520", "preferredName": "Cyclophosphamide"}, {"semTypes": ["T999"], "to": "13152", "fro": "13144", "fullId": "http://purl.bioontology.org/ontology/MSH/D016293", "preferredName": "Moricizine"}, {"semTypes": ["T999"], "to": "25881", "fro": "25869", "fullId": "http://purl.bioontology.org/ontology/MSH/D007660", "preferredName": "Ketoprofen"}, {"semTypes": ["T999"], "to": "11316", "fro": "11310", "fullId": "http://purl.bioontology.org/ontology/MSH/D003094", "preferredName": "Collagen"}, {"semTypes": ["T121", "T109"], "to": "15274", "fro": "15261", "fullId": "http://purl.bioontology.org/ontology/MSH/D005485", "preferredName": "Flutamide"}, {"semTypes": ["T109", "T195"], "to": "15097", "fro": "15084", "fullId": "http://purl.bioontology.org/ontology/MSH/D017291", "preferredName": "Clarithromycin"}, {"semTypes": ["T121", "T109"], "to": "17148", "fro": "17141", "fullId": "http://purl.bioontology.org/ontology/RXNORM/1202", "preferredName": "Atenolol"}, {"semTypes": ["T121", "T109"], "to": "15259", "fro": "15246", "fullId": "http://purl.bioontology.org/ontology/MSH/C406224", "preferredName": "valdecoxib"}, {"semTypes": ["T999"], "to": "25214", "fro": "25205", "fullId": "http://purl.bioontology.org/ontology/MSH/D010242", "preferredName": "Paraldehyde"}, {"semTypes": ["T121", "T109"], "to": "26635", "fro": "26625", "fullId": "http://purl.bioontology.org/ontology/RXNORM/6932", "preferredName": "Miconazole"}, {"semTypes": ["T999"], "to": "13275", "fro": "13267", "fullId": "http://purl.bioontology.org/ontology/MSH/D002438", "preferredName": "Cefoperazone"}, {"semTypes": ["T110", "T121", "T125"], "to": "11316", "fro": "11310", "fullId": "http://purl.bioontology.org/ontology/RXNORM/6932", "preferredName": "Miconazole"}, {"semTypes": ["T999"], "to": "27400", "fro": "27392", "fullId": "http://purl.bioontology.org/ontology/MSH/D002701", "preferredName": "Chloramphenicol"}, {"semTypes": ["T118", "T121"], "to": "11324", "fro": "11318", "fullId": "http://purl.bioontology.org/ontology/MSH/D003094", "preferredName": "Collagen"}, {"semTypes": ["T999"], "to": "11234", "fro": "11225", "fullId": "http://purl.bioontology.org/ontology/RXNORM/719", "preferredName": "Amobarbital"}, {"semTypes": ["T121", "T109"], "to": "25228", "fro": "25216", "fullId": "http://purl.bioontology.org/ontology/RXNORM/719", "preferredName": "Amobarbital"}, {"semTypes": ["T109", "T121"], "to": "15159", "fro": "15150", "fullId": "http://purl.bioontology.org/ontology/MSH/D000616", "preferredName": "Aminoglutethimide"}, {"semTypes": ["T109", "T121"], "to": "25190", "fro": "25179", "fullId": "http://purl.bioontology.org/ontology/RXNORM/8794", "preferredName": "Propylthiouracil"}, {"semTypes": ["T121", "T109"], "to": "17139", "fro": "17127", "fullId": "http://purl.bioontology.org/ontology/MSH/D002747", "preferredName": "Chlorpropamide"}, {"semTypes": ["T109", "T121"], "to": "13007", "fro": "12993", "fullId": "http://purl.bioontology.org/ontology/RXNORM/6472", "preferredName": "Lovastatin"}, {"semTypes": ["T999"], "to": "13231", "fro": "13220", "fullId": "http://purl.bioontology.org/ontology/RXNORM/4508", "preferredName": "Flutamide"}, {"semTypes": ["T109", "T121"], "to": "13252", "fro": "13244", "fullId": "http://purl.bioontology.org/ontology/RXNORM/4508", "preferredName": "Flutamide"}, {"semTypes": ["T999"], "to": "17301", "fro": "17293", "fullId": "http://purl.bioontology.org/ontology/MSH/D002701", "preferredName": "Chloramphenicol"}, {"semTypes": ["T999"], "to": "15148", "fro": "15139", "fullId": "http://purl.bioontology.org/ontology/RXNORM/1256", "preferredName": "Azathioprine"}, {"semTypes": ["T121", "T109"], "to": "17041", "fro": "17032", "fullId": "http://purl.bioontology.org/ontology/MSH/D013419", "preferredName": "Sulfamethizole"}, {"semTypes": ["T999"], "to": "11082", "fro": "11071", "fullId": "http://purl.bioontology.org/ontology/MSH/C031942", "preferredName": "argatroban"}, {"semTypes": ["T999"], "to": "8034", "fro": "8023", "fullId": "http://purl.bioontology.org/ontology/MSH/D020117", "preferredName": "Cisapride"}, {"semTypes": ["T121", "T116"], "to": "11034", "fro": "11024", "fullId": "http://purl.bioontology.org/ontology/RXNORM/8794", "preferredName": "Propylthiouracil"}, {"semTypes": ["T121", "T109"], "to": "15207", "fro": "15196", "fullId": "http://purl.bioontology.org/ontology/MSH/C108606", "preferredName": "ezetimibe"}, {"semTypes": ["T999"], "to": "17171", "fro": "17160", "fullId": "http://purl.bioontology.org/ontology/MSH/D014295", "preferredName": "Trimethoprim"}, {"semTypes": ["T999"], "to": "27314", "fro": "27305", "fullId": "http://purl.bioontology.org/ontology/RXNORM/114970", "preferredName": "zafirlukast"}, {"semTypes": ["T999"], "to": "11147", "fro": "11139", "fullId": "http://purl.bioontology.org/ontology/MSH/D004976", "preferredName": "Ethacrynic Acid"}, {"semTypes": ["T121", "T109"], "to": "13170", "fro": "13162", "fullId": "http://purl.bioontology.org/ontology/RXNORM/1256", "preferredName": "Azathioprine"}, {"semTypes": ["T999"], "to": "11163", "fro": "11149", "fullId": "http://purl.bioontology.org/ontology/RXNORM/5095", "preferredName": "Halothane"}, {"semTypes": ["T109", "T121"], "to": "13098", "fro": "13088", "fullId": "http://purl.bioontology.org/ontology/MSH/D004221", "preferredName": "Disulfiram"}, {"semTypes": ["T999"], "to": "13007", "fro": "12993", "fullId": "http://purl.bioontology.org/ontology/RXNORM/5095", "preferredName": "Halothane"}, {"semTypes": ["T109", "T121"], "to": "14958", "fro": "14944", "fullId": "http://purl.bioontology.org/ontology/MSH/D003981", "preferredName": "Diazoxide"}, {"semTypes": ["T999"], "to": "17078", "fro": "17066", "fullId": "http://purl.bioontology.org/ontology/RXNORM/8356", "preferredName": "Piroxicam"}, {"semTypes": ["T109", "T121"], "to": "25993", "fro": "25983", "fullId": "http://purl.bioontology.org/ontology/RXNORM/7813", "preferredName": "Oxymetholone"}, {"semTypes": ["T999"], "to": "2006", "fro": "1999", "fullId": "http://purl.bioontology.org/ontology/MSH/D013420", "preferredName": "Sulfamethoxazole"}, {"semTypes": ["T109", "T195"], "to": "11273", "fro": "11260", "fullId": "http://purl.bioontology.org/ontology/MSH/D017374", "preferredName": "Paroxetine"}, {"semTypes": ["T999"], "to": "13065", "fro": "13054", "fullId": "http://purl.bioontology.org/ontology/MSH/C110904", "preferredName": "capecitabine"}, {"semTypes": ["T999"], "to": "25956", "fro": "25945", "fullId": "http://purl.bioontology.org/ontology/MSH/D017964", "preferredName": "Itraconazole"}, {"semTypes": ["T119", "T121"], "to": "17322", "fro": "17314", "fullId": "http://purl.bioontology.org/ontology/MSH/D006221", "preferredName": "Halothane"}, {"semTypes": ["T999"], "to": "13142", "fro": "13135", "fullId": "http://purl.bioontology.org/ontology/MSH/D006221", "preferredName": "Halothane"}, {"semTypes": ["T999"], "to": "22884", "fro": "22877", "fullId": "http://purl.bioontology.org/ontology/MSH/D004976", "preferredName": "Ethacrynic Acid"}, {"semTypes": ["T999"], "to": "15115", "fro": "15108", "fullId": "http://purl.bioontology.org/ontology/RXNORM/60819", "preferredName": "bivalirudin"}, {"semTypes": ["T109", "T121"], "to": "11284", "fro": "11275", "fullId": "http://purl.bioontology.org/ontology/RXNORM/2348", "preferredName": "Chloramphenicol"}, {"semTypes": ["T999"], "to": "25867", "fro": "25859", "fullId": "http://purl.bioontology.org/ontology/RXNORM/2348", "preferredName": "Chloramphenicol"}, {"semTypes": ["T109", "T121"], "to": "25157", "fro": "25147", "fullId": "http://purl.bioontology.org/ontology/MSH/D019161", "preferredName": "Hydroxymethylglutaryl-CoA Reductase Inhibitors"}, {"semTypes": ["T999"], "to": "11059", "fro": "11049", "fullId": "http://purl.bioontology.org/ontology/RXNORM/5657", "preferredName": "Ifosfamide"}, {"semTypes": ["T109", "T195"], "to": "11092", "fro": "11084", "fullId": "http://purl.bioontology.org/ontology/RXNORM/7240", "preferredName": "Nalidixic Acid"}]