[{"semTypes": ["T999"], "to": "4475", "fro": "4467", "fullId": "http://purl.bioontology.org/ontology/RXNORM/11289", "preferredName": "Warfarin"}, {"semTypes": ["T999"], "to": "7370", "fro": "7363", "fullId": "http://purl.bioontology.org/ontology/MSH/D014859", "preferredName": "Warfarin"}, {"semTypes": ["T999"], "to": "3932", "fro": "3923", "fullId": "http://purl.bioontology.org/ontology/RXNORM/321988", "preferredName": "Escitalopram"}, {"semTypes": ["T999"], "to": "1630", "fro": "1623", "fullId": "http://purl.bioontology.org/ontology/MSH/D014859", "preferredName": "Warfarin"}, {"semTypes": ["T999"], "to": "4607", "fro": "4595", "fullId": "http://purl.bioontology.org/ontology/RXNORM/8183", "preferredName": "Phenytoin"}, {"semTypes": ["T119", "T121", "T127"], "to": "346", "fro": "338", "fullId": "http://purl.bioontology.org/ontology/RXNORM/39786", "preferredName": "venlafaxine"}, {"semTypes": ["T121", "T109", "T131"], "to": "7248", "fro": "7241", "fullId": "http://purl.bioontology.org/ontology/MSH/D014859", "preferredName": "Warfarin"}, {"semTypes": ["T121", "T109"], "to": "6227", "fro": "6217", "fullId": "http://purl.bioontology.org/ontology/MSH/D019438", "preferredName": "Ritonavir"}, {"semTypes": ["T121", "T109", "T131"], "to": "5253", "fro": "5246", "fullId": "http://purl.bioontology.org/ontology/MSH/D014859", "preferredName": "Warfarin"}, {"semTypes": ["T999"], "to": "6406", "fro": "6398", "fullId": "http://purl.bioontology.org/ontology/MSH/C102790", "preferredName": "voriconazole"}, {"semTypes": ["T999"], "to": "4751", "fro": "4743", "fullId": "http://purl.bioontology.org/ontology/MSH/D061466", "preferredName": "Lopinavir"}, {"semTypes": ["T121", "T109", "T131"], "to": "1630", "fro": "1623", "fullId": "http://purl.bioontology.org/ontology/MSH/D014859", "preferredName": "Warfarin"}, {"semTypes": ["T121", "T109", "T131"], "to": "1669", "fro": "1662", "fullId": "http://purl.bioontology.org/ontology/MSH/D014859", "preferredName": "Warfarin"}, {"semTypes": ["T121", "T109"], "to": "3920", "fro": "3911", "fullId": "http://purl.bioontology.org/ontology/MSH/D010672", "preferredName": "Phenytoin"}, {"semTypes": ["T109", "T121"], "to": "7538", "fro": "7531", "fullId": "http://purl.bioontology.org/ontology/RXNORM/11289", "preferredName": "Warfarin"}, {"semTypes": ["T999"], "to": "6506", "fro": "6493", "fullId": "http://purl.bioontology.org/ontology/RXNORM/8134", "preferredName": "Phenobarbital"}, {"semTypes": ["T116", "T121"], "to": "5985", "fro": "5977", "fullId": "http://purl.bioontology.org/ontology/MSH/D012293", "preferredName": "Rifampin"}, {"semTypes": ["T121", "T109", "T131"], "to": "1797", "fro": "1790", "fullId": "http://purl.bioontology.org/ontology/MSH/D014859", "preferredName": "Warfarin"}, {"semTypes": ["T999"], "to": "3189", "fro": "3178", "fullId": "http://purl.bioontology.org/ontology/RXNORM/228656", "preferredName": "Amprenavir"}, {"semTypes": ["T999"], "to": "4487", "fro": "4478", "fullId": "http://purl.bioontology.org/ontology/MSH/C045645", "preferredName": "cilostazol"}, {"semTypes": ["T999"], "to": "4832", "fro": "4825", "fullId": "http://purl.bioontology.org/ontology/MSH/D019438", "preferredName": "Ritonavir"}, {"semTypes": ["T999"], "to": "8452", "fro": "8443", "fullId": "http://purl.bioontology.org/ontology/RXNORM/8754", "preferredName": "Propafenone"}, {"semTypes": ["T999"], "to": "4844", "fro": "4835", "fullId": "http://purl.bioontology.org/ontology/MSH/C451734", "preferredName": "etravirine"}, {"semTypes": ["T121", "T109", "T131"], "to": "1836", "fro": "1829", "fullId": "http://purl.bioontology.org/ontology/MSH/D014859", "preferredName": "Warfarin"}, {"semTypes": ["T999"], "to": "6762", "fro": "6751", "fullId": "http://purl.bioontology.org/ontology/RXNORM/228656", "preferredName": "Amprenavir"}, {"semTypes": ["T999"], "to": "3337", "fro": "3326", "fullId": "http://purl.bioontology.org/ontology/MSH/D019438", "preferredName": "Ritonavir"}, {"semTypes": ["T109", "T121"], "to": "4138", "fro": "4129", "fullId": "http://purl.bioontology.org/ontology/RXNORM/85762", "preferredName": "Ritonavir"}, {"semTypes": ["T121", "T109"], "to": "4740", "fro": "4728", "fullId": "http://purl.bioontology.org/ontology/MSH/C451734", "preferredName": "etravirine"}, {"semTypes": ["T121", "T109", "T131"], "to": "1388", "fro": "1381", "fullId": "http://purl.bioontology.org/ontology/MSH/D014859", "preferredName": "Warfarin"}, {"semTypes": ["T999"], "to": "3811", "fro": "3801", "fullId": "http://purl.bioontology.org/ontology/MSH/D015283", "preferredName": "Citalopram"}, {"semTypes": ["T121", "T109", "T131"], "to": "2567", "fro": "2560", "fullId": "http://purl.bioontology.org/ontology/MSH/D014859", "preferredName": "Warfarin"}, {"semTypes": ["T121", "T109"], "to": "4715", "fro": "4706", "fullId": "http://purl.bioontology.org/ontology/RXNORM/405155", "preferredName": "Jantoven"}, {"semTypes": ["T121", "T109"], "to": "4569", "fro": "4560", "fullId": "http://purl.bioontology.org/ontology/MSH/D000638", "preferredName": "Amiodarone"}, {"semTypes": ["T109", "T121"], "to": "3229", "fro": "3219", "fullId": "http://purl.bioontology.org/ontology/RXNORM/42355", "preferredName": "Fluvoxamine"}, {"semTypes": ["T121", "T109", "T131"], "to": "1316", "fro": "1309", "fullId": "http://purl.bioontology.org/ontology/MSH/D014859", "preferredName": "Warfarin"}, {"semTypes": ["T121", "T109"], "to": "6430", "fro": "6421", "fullId": "http://purl.bioontology.org/ontology/MSH/C063449", "preferredName": "zileuton"}, {"semTypes": ["T195", "T109"], "to": "3323", "fro": "3313", "fullId": "http://purl.bioontology.org/ontology/MSH/D015725", "preferredName": "Fluconazole"}, {"semTypes": ["T121", "T109", "T131"], "to": "7092", "fro": "7085", "fullId": "http://purl.bioontology.org/ontology/MSH/D014859", "preferredName": "Warfarin"}, {"semTypes": ["T121", "T109"], "to": "3947", "fro": "3935", "fullId": "http://purl.bioontology.org/ontology/MSH/D002220", "preferredName": "Carbamazepine"}, {"semTypes": ["T109", "T121"], "to": "240", "fro": "233", "fullId": "http://purl.bioontology.org/ontology/MSH/D014859", "preferredName": "Warfarin"}, {"semTypes": ["T999"], "to": "3270", "fro": "3258", "fullId": "http://purl.bioontology.org/ontology/RXNORM/2551", "preferredName": "Ciprofloxacin"}, {"semTypes": ["T121", "T109"], "to": "3407", "fro": "3400", "fullId": "http://purl.bioontology.org/ontology/RXNORM/405155", "preferredName": "Jantoven"}, {"semTypes": ["T999"], "to": "4810", "fro": "4799", "fullId": "http://purl.bioontology.org/ontology/RXNORM/40575", "preferredName": "zileuton"}, {"semTypes": ["T999"], "to": "3772", "fro": "3754", "fullId": "http://purl.bioontology.org/ontology/RXNORM/358262", "preferredName": "fosamprenavir"}, {"semTypes": ["T999"], "to": "4138", "fro": "4129", "fullId": "http://purl.bioontology.org/ontology/RXNORM/358255", "preferredName": "aprepitant"}, {"semTypes": ["T109", "T121"], "to": "8268", "fro": "8261", "fullId": "http://purl.bioontology.org/ontology/RXNORM/11289", "preferredName": "Warfarin"}, {"semTypes": ["T109", "T121"], "to": "3730", "fro": "3720", "fullId": "http://purl.bioontology.org/ontology/MSH/D017964", "preferredName": "Itraconazole"}, {"semTypes": ["T109", "T121"], "to": "508", "fro": "501", "fullId": "http://purl.bioontology.org/ontology/RXNORM/11289", "preferredName": "Warfarin"}, {"semTypes": ["T999"], "to": "4126", "fro": "4117", "fullId": "http://purl.bioontology.org/ontology/MSH/D012293", "preferredName": "Rifampin"}, {"semTypes": ["T109", "T121"], "to": "122", "fro": "115", "fullId": "http://purl.bioontology.org/ontology/RXNORM/11289", "preferredName": "Warfarin"}, {"semTypes": ["T121", "T109"], "to": "3657", "fro": "3648", "fullId": "http://purl.bioontology.org/ontology/RXNORM/384455", "preferredName": "tigecycline"}, {"semTypes": ["T999"], "to": "5974", "fro": "5964", "fullId": "http://purl.bioontology.org/ontology/RXNORM/4493", "preferredName": "Fluoxetine"}, {"semTypes": ["T109", "T121"], "to": "8202", "fro": "8195", "fullId": "http://purl.bioontology.org/ontology/RXNORM/11289", "preferredName": "Warfarin"}, {"semTypes": ["T999"], "to": "3630", "fro": "3621", "fullId": "http://purl.bioontology.org/ontology/MSH/C114556", "preferredName": "aprepitant"}, {"semTypes": ["T109", "T121"], "to": "4844", "fro": "4835", "fullId": "http://purl.bioontology.org/ontology/MSH/D004176", "preferredName": "Dipyridamole"}, {"semTypes": ["T121", "T109"], "to": "4162", "fro": "4153", "fullId": "http://purl.bioontology.org/ontology/RXNORM/405155", "preferredName": "Jantoven"}, {"semTypes": ["T999"], "to": "4592", "fro": "4583", "fullId": "http://purl.bioontology.org/ontology/MSH/C063449", "preferredName": "zileuton"}, {"semTypes": ["T999"], "to": "4200", "fro": "4191", "fullId": "http://purl.bioontology.org/ontology/MSH/C048833", "preferredName": "modafinil"}, {"semTypes": ["T109", "T121"], "to": "1138", "fro": "1131", "fullId": "http://purl.bioontology.org/ontology/RXNORM/11289", "preferredName": "Warfarin"}, {"semTypes": ["T999"], "to": "6548", "fro": "6541", "fullId": "http://purl.bioontology.org/ontology/RXNORM/83008", "preferredName": "bicalutamide"}, {"semTypes": ["T121", "T109"], "to": "6516", "fro": "6509", "fullId": "http://purl.bioontology.org/ontology/MSH/C086232", "preferredName": "bosentan"}, {"semTypes": ["T121", "T109"], "to": "6453", "fro": "6445", "fullId": "http://purl.bioontology.org/ontology/MSH/C102790", "preferredName": "voriconazole"}, {"semTypes": ["T999"], "to": "3947", "fro": "3935", "fullId": "http://purl.bioontology.org/ontology/RXNORM/405155", "preferredName": "Jantoven"}, {"semTypes": ["T121", "T109"], "to": "4643", "fro": "4636", "fullId": "http://purl.bioontology.org/ontology/MSH/D019438", "preferredName": "Ritonavir"}, {"semTypes": ["T121", "T109"], "to": "4379", "fro": "4369", "fullId": "http://purl.bioontology.org/ontology/RXNORM/11289", "preferredName": "Warfarin"}, {"semTypes": ["T999"], "to": "346", "fro": "338", "fullId": "http://purl.bioontology.org/ontology/RXNORM/358262", "preferredName": "fosamprenavir"}, {"semTypes": ["T999"], "to": "4379", "fro": "4369", "fullId": "http://purl.bioontology.org/ontology/RXNORM/11289", "preferredName": "Warfarin"}, {"semTypes": ["T121", "T109"], "to": "3630", "fro": "3621", "fullId": "http://purl.bioontology.org/ontology/MSH/D016666", "preferredName": "Fluvoxamine"}, {"semTypes": ["T999"], "to": "3397", "fro": "3388", "fullId": "http://purl.bioontology.org/ontology/RXNORM/11289", "preferredName": "Warfarin"}, {"semTypes": ["T999"], "to": "4499", "fro": "4490", "fullId": "http://purl.bioontology.org/ontology/MSH/D019258", "preferredName": "Saquinavir"}, {"semTypes": ["T109", "T121"], "to": "6812", "fro": "6803", "fullId": "http://purl.bioontology.org/ontology/RXNORM/40575", "preferredName": "zileuton"}, {"semTypes": ["T109", "T121"], "to": "3958", "fro": "3950", "fullId": "http://purl.bioontology.org/ontology/RXNORM/358255", "preferredName": "aprepitant"}, {"semTypes": ["T121", "T109"], "to": "6787", "fro": "6777", "fullId": "http://purl.bioontology.org/ontology/RXNORM/11289", "preferredName": "Warfarin"}, {"semTypes": ["T999"], "to": "6748", "fro": "6739", "fullId": "http://purl.bioontology.org/ontology/RXNORM/4450", "preferredName": "Fluconazole"}, {"semTypes": ["T999"], "to": "4510", "fro": "4502", "fullId": "http://purl.bioontology.org/ontology/MSH/D011405", "preferredName": "Propafenone"}, {"semTypes": ["T999"], "to": "3229", "fro": "3219", "fullId": "http://purl.bioontology.org/ontology/RXNORM/405155", "preferredName": "Jantoven"}, {"semTypes": ["T121", "T118", "T123"], "to": "5994", "fro": "5988", "fullId": "http://purl.bioontology.org/ontology/RXNORM/703", "preferredName": "Amiodarone"}, {"semTypes": ["T999"], "to": "6516", "fro": "6509", "fullId": "http://purl.bioontology.org/ontology/RXNORM/2002", "preferredName": "Carbamazepine"}, {"semTypes": ["T999"], "to": "4643", "fro": "4636", "fullId": "http://purl.bioontology.org/ontology/RXNORM/75207", "preferredName": "bosentan"}, {"semTypes": ["T109", "T121"], "to": "6548", "fro": "6541", "fullId": "http://purl.bioontology.org/ontology/MSH/C063449", "preferredName": "zileuton"}, {"semTypes": ["T121", "T109"], "to": "3692", "fro": "3682", "fullId": "http://purl.bioontology.org/ontology/RXNORM/11289", "preferredName": "Warfarin"}, {"semTypes": ["T999"], "to": "4394", "fro": "4382", "fullId": "http://purl.bioontology.org/ontology/RXNORM/83008", "preferredName": "bicalutamide"}, {"semTypes": ["T999"], "to": "6774", "fro": "6765", "fullId": "http://purl.bioontology.org/ontology/RXNORM/405155", "preferredName": "Jantoven"}, {"semTypes": ["T109", "T121"], "to": "3242", "fro": "3232", "fullId": "http://purl.bioontology.org/ontology/RXNORM/9384", "preferredName": "Rifampin"}, {"semTypes": ["T121", "T109"], "to": "6203", "fro": "6192", "fullId": "http://purl.bioontology.org/ontology/MSH/C048107", "preferredName": "milnacipran"}, {"semTypes": ["T999"], "to": "4785", "fro": "4777", "fullId": "http://purl.bioontology.org/ontology/MSH/D010634", "preferredName": "Phenobarbital"}, {"semTypes": ["T121", "T109"], "to": "3255", "fro": "3245", "fullId": "http://purl.bioontology.org/ontology/RXNORM/11289", "preferredName": "Warfarin"}, {"semTypes": ["T109", "T121"], "to": "3645", "fro": "3633", "fullId": "http://purl.bioontology.org/ontology/RXNORM/85762", "preferredName": "Ritonavir"}, {"semTypes": ["T109", "T121"], "to": "3667", "fro": "3660", "fullId": "http://purl.bioontology.org/ontology/MSH/D015365", "preferredName": "Enoxacin"}, {"semTypes": ["T109", "T121"], "to": "3932", "fro": "3923", "fullId": "http://purl.bioontology.org/ontology/MSH/D014700", "preferredName": "Verapamil"}, {"semTypes": ["T999"], "to": "6787", "fro": "6777", "fullId": "http://purl.bioontology.org/ontology/RXNORM/11289", "preferredName": "Warfarin"}, {"semTypes": ["T999"], "to": "6418", "fro": "6409", "fullId": "http://purl.bioontology.org/ontology/RXNORM/17767", "preferredName": "Amlodipine"}, {"semTypes": ["T121", "T109"], "to": "3811", "fro": "3801", "fullId": "http://purl.bioontology.org/ontology/RXNORM/121243", "preferredName": "voriconazole"}, {"semTypes": ["T999"], "to": "4214", "fro": "4203", "fullId": "http://purl.bioontology.org/ontology/RXNORM/703", "preferredName": "Amiodarone"}, {"semTypes": ["T109", "T121"], "to": "3310", "fro": "3297", "fullId": "http://purl.bioontology.org/ontology/RXNORM/2541", "preferredName": "Cimetidine"}, {"semTypes": ["T999"], "to": "4691", "fro": "4681", "fullId": "http://purl.bioontology.org/ontology/MSH/C095108", "preferredName": "amprenavir"}, {"semTypes": ["T999"], "to": "3692", "fro": "3682", "fullId": "http://purl.bioontology.org/ontology/RXNORM/11289", "preferredName": "Warfarin"}, {"semTypes": ["T999"], "to": "3645", "fro": "3633", "fullId": "http://purl.bioontology.org/ontology/RXNORM/405155", "preferredName": "Jantoven"}, {"semTypes": ["T121", "T109"], "to": "3397", "fro": "3388", "fullId": "http://purl.bioontology.org/ontology/RXNORM/11289", "preferredName": "Warfarin"}, {"semTypes": ["T999"], "to": "4725", "fro": "4718", "fullId": "http://purl.bioontology.org/ontology/RXNORM/21107", "preferredName": "cilostazol"}, {"semTypes": ["T109", "T121"], "to": "4751", "fro": "4743", "fullId": "http://purl.bioontology.org/ontology/MSH/C058218", "preferredName": "duloxetine"}, {"semTypes": ["T109", "T121"], "to": "4763", "fro": "4754", "fullId": "http://purl.bioontology.org/ontology/MSH/D016666", "preferredName": "Fluvoxamine"}, {"semTypes": ["T121", "T109"], "to": "3839", "fro": "3829", "fullId": "http://purl.bioontology.org/ontology/MSH/C114556", "preferredName": "aprepitant"}, {"semTypes": ["T121", "T109"], "to": "3798", "fro": "3788", "fullId": "http://purl.bioontology.org/ontology/MSH/D015283", "preferredName": "Citalopram"}, {"semTypes": ["T109", "T195"], "to": "4341", "fro": "4330", "fullId": "http://purl.bioontology.org/ontology/RXNORM/588250", "preferredName": "milnacipran"}, {"semTypes": ["T999"], "to": "4426", "fro": "4418", "fullId": "http://purl.bioontology.org/ontology/MSH/D004176", "preferredName": "Dipyridamole"}, {"semTypes": ["T121", "T109"], "to": "3850", "fro": "3842", "fullId": "http://purl.bioontology.org/ontology/MSH/D015738", "preferredName": "Famotidine"}, {"semTypes": ["T109", "T121"], "to": "3281", "fro": "3272", "fullId": "http://purl.bioontology.org/ontology/MSH/C086232", "preferredName": "bosentan"}, {"semTypes": ["T109", "T121"], "to": "4475", "fro": "4467", "fullId": "http://purl.bioontology.org/ontology/RXNORM/11289", "preferredName": "Warfarin"}, {"semTypes": ["T121", "T109"], "to": "4327", "fro": "4319", "fullId": "http://purl.bioontology.org/ontology/MSH/D002927", "preferredName": "Cimetidine"}, {"semTypes": ["T121", "T109"], "to": "4691", "fro": "4681", "fullId": "http://purl.bioontology.org/ontology/RXNORM/10594", "preferredName": "Ticlopidine"}, {"semTypes": ["T109", "T121"], "to": "6762", "fro": "6751", "fullId": "http://purl.bioontology.org/ontology/MSH/D005473", "preferredName": "Fluoxetine"}, {"semTypes": ["T999"], "to": "3242", "fro": "3232", "fullId": "http://purl.bioontology.org/ontology/RXNORM/121243", "preferredName": "voriconazole"}, {"semTypes": ["T121", "T109"], "to": "4238", "fro": "4229", "fullId": "http://purl.bioontology.org/ontology/RXNORM/42355", "preferredName": "Fluvoxamine"}, {"semTypes": ["T121", "T109"], "to": "4703", "fro": "4694", "fullId": "http://purl.bioontology.org/ontology/RXNORM/405155", "preferredName": "Jantoven"}, {"semTypes": ["T121", "T109"], "to": "3826", "fro": "3814", "fullId": "http://purl.bioontology.org/ontology/MSH/D013442", "preferredName": "Sulfinpyrazone"}, {"semTypes": ["T121", "T109"], "to": "6479", "fro": "6470", "fullId": "http://purl.bioontology.org/ontology/RXNORM/302285", "preferredName": "conivaptan"}, {"semTypes": ["T121", "T116"], "to": "5974", "fro": "5964", "fullId": "http://purl.bioontology.org/ontology/MSH/D016293", "preferredName": "Moricizine"}, {"semTypes": ["T999"], "to": "6837", "fro": "6827", "fullId": "http://purl.bioontology.org/ontology/MSH/D002927", "preferredName": "Cimetidine"}, {"semTypes": ["T999"], "to": "3958", "fro": "3950", "fullId": "http://purl.bioontology.org/ontology/MSH/D016666", "preferredName": "Fluvoxamine"}, {"semTypes": ["T999"], "to": "4306", "fro": "4298", "fullId": "http://purl.bioontology.org/ontology/RXNORM/9384", "preferredName": "Rifampin"}, {"semTypes": ["T999"], "to": "4238", "fro": "4229", "fullId": "http://purl.bioontology.org/ontology/RXNORM/358255", "preferredName": "aprepitant"}, {"semTypes": ["T999"], "to": "3798", "fro": "3788", "fullId": "http://purl.bioontology.org/ontology/MSH/C008729", "preferredName": "oxaprozin"}, {"semTypes": ["T121", "T109"], "to": "6189", "fro": "6179", "fullId": "http://purl.bioontology.org/ontology/MSH/C102790", "preferredName": "voriconazole"}, {"semTypes": ["T109", "T121"], "to": "4316", "fro": "4308", "fullId": "http://purl.bioontology.org/ontology/RXNORM/11289", "preferredName": "Warfarin"}, {"semTypes": ["T999"], "to": "6538", "fro": "6530", "fullId": "http://purl.bioontology.org/ontology/RXNORM/282388", "preferredName": "imatinib"}, {"semTypes": ["T109", "T121"], "to": "4487", "fro": "4478", "fullId": "http://purl.bioontology.org/ontology/MSH/D016293", "preferredName": "Moricizine"}, {"semTypes": ["T109", "T121"], "to": "3350", "fro": "3340", "fullId": "http://purl.bioontology.org/ontology/MSH/D013988", "preferredName": "Ticlopidine"}, {"semTypes": ["T999"], "to": "4354", "fro": "4344", "fullId": "http://purl.bioontology.org/ontology/RXNORM/42355", "preferredName": "Fluvoxamine"}, {"semTypes": ["T121", "T109", "T131"], "to": "5189", "fro": "5182", "fullId": "http://purl.bioontology.org/ontology/MSH/D014859", "preferredName": "Warfarin"}, {"semTypes": ["T109", "T121"], "to": "6824", "fro": "6815", "fullId": "http://purl.bioontology.org/ontology/MSH/D010634", "preferredName": "Phenobarbital"}, {"semTypes": ["T121", "T109"], "to": "6774", "fro": "6765", "fullId": "http://purl.bioontology.org/ontology/MSH/D016666", "preferredName": "Fluvoxamine"}, {"semTypes": ["T999"], "to": "6479", "fro": "6470", "fullId": "http://purl.bioontology.org/ontology/MSH/C045645", "preferredName": "cilostazol"}, {"semTypes": ["T121", "T114"], "to": "3189", "fro": "3178", "fullId": "http://purl.bioontology.org/ontology/RXNORM/9143", "preferredName": "Ranitidine"}, {"semTypes": ["T999"], "to": "6430", "fro": "6421", "fullId": "http://purl.bioontology.org/ontology/MSH/C048833", "preferredName": "modafinil"}, {"semTypes": ["T121", "T109"], "to": "4174", "fro": "4165", "fullId": "http://purl.bioontology.org/ontology/RXNORM/11289", "preferredName": "Warfarin"}, {"semTypes": ["T999"], "to": "3281", "fro": "3272", "fullId": "http://purl.bioontology.org/ontology/MSH/D008730", "preferredName": "Methoxsalen"}, {"semTypes": ["T999"], "to": "4633", "fro": "4622", "fullId": "http://purl.bioontology.org/ontology/MSH/C114556", "preferredName": "aprepitant"}, {"semTypes": ["T999"], "to": "4150", "fro": "4141", "fullId": "http://purl.bioontology.org/ontology/MSH/D061466", "preferredName": "Lopinavir"}, {"semTypes": ["T109", "T121"], "to": "3216", "fro": "3207", "fullId": "http://purl.bioontology.org/ontology/RXNORM/42355", "preferredName": "Fluvoxamine"}, {"semTypes": ["T109", "T121"], "to": "6506", "fro": "6493", "fullId": "http://purl.bioontology.org/ontology/MSH/D014700", "preferredName": "Verapamil"}, {"semTypes": ["T125", "T121", "T110"], "to": "4822", "fro": "4813", "fullId": "http://purl.bioontology.org/ontology/RXNORM/17767", "preferredName": "Amlodipine"}, {"semTypes": ["T121", "T109", "T131"], "to": "7370", "fro": "7363", "fullId": "http://purl.bioontology.org/ontology/MSH/D014859", "preferredName": "Warfarin"}, {"semTypes": ["T131", "T109", "T121"], "to": "7689", "fro": "7675", "fullId": "http://purl.bioontology.org/ontology/RXNORM/21107", "preferredName": "cilostazol"}, {"semTypes": ["T999"], "to": "5949", "fro": "5940", "fullId": "http://purl.bioontology.org/ontology/RXNORM/703", "preferredName": "Amiodarone"}, {"semTypes": ["T121", "T109"], "to": "3860", "fro": "3853", "fullId": "http://purl.bioontology.org/ontology/RXNORM/42355", "preferredName": "Fluvoxamine"}, {"semTypes": ["T999"], "to": "4703", "fro": "4694", "fullId": "http://purl.bioontology.org/ontology/MSH/D016666", "preferredName": "Fluvoxamine"}, {"semTypes": ["T999"], "to": "3255", "fro": "3245", "fullId": "http://purl.bioontology.org/ontology/RXNORM/11289", "preferredName": "Warfarin"}, {"semTypes": ["T109", "T121"], "to": "4150", "fro": "4141", "fullId": "http://purl.bioontology.org/ontology/MSH/D005473", "preferredName": "Fluoxetine"}, {"semTypes": ["T109", "T195"], "to": "4832", "fro": "4825", "fullId": "http://purl.bioontology.org/ontology/MSH/D002220", "preferredName": "Carbamazepine"}, {"semTypes": ["T121", "T109"], "to": "3908", "fro": "3898", "fullId": "http://purl.bioontology.org/ontology/RXNORM/30125", "preferredName": "modafinil"}, {"semTypes": ["T999"], "to": "6227", "fro": "6217", "fullId": "http://purl.bioontology.org/ontology/MSH/D016666", "preferredName": "Fluvoxamine"}, {"semTypes": ["T121", "T109"], "to": "4188", "fro": "4177", "fullId": "http://purl.bioontology.org/ontology/RXNORM/8183", "preferredName": "Phenytoin"}, {"semTypes": ["T121", "T109"], "to": "4619", "fro": "4610", "fullId": "http://purl.bioontology.org/ontology/RXNORM/134527", "preferredName": "Nelfinavir"}, {"semTypes": ["T121", "T109"], "to": "6176", "fro": "6167", "fullId": "http://purl.bioontology.org/ontology/MSH/D019438", "preferredName": "Ritonavir"}, {"semTypes": ["T999"], "to": "6176", "fro": "6167", "fullId": "http://purl.bioontology.org/ontology/MSH/D002939", "preferredName": "Ciprofloxacin"}, {"semTypes": ["T110", "T121", "T125"], "to": "3294", "fro": "3284", "fullId": "http://purl.bioontology.org/ontology/RXNORM/2002", "preferredName": "Carbamazepine"}, {"semTypes": ["T195", "T109"], "to": "4607", "fro": "4595", "fullId": "http://purl.bioontology.org/ontology/RXNORM/4493", "preferredName": "Fluoxetine"}, {"semTypes": ["T999"], "to": "3294", "fro": "3284", "fullId": "http://purl.bioontology.org/ontology/MSH/D005473", "preferredName": "Fluoxetine"}, {"semTypes": ["T121", "T109"], "to": "4633", "fro": "4622", "fullId": "http://purl.bioontology.org/ontology/RXNORM/75207", "preferredName": "bosentan"}, {"semTypes": ["T999"], "to": "3705", "fro": "3695", "fullId": "http://purl.bioontology.org/ontology/RXNORM/8134", "preferredName": "Phenobarbital"}, {"semTypes": ["T999"], "to": "4454", "fro": "4443", "fullId": "http://purl.bioontology.org/ontology/MSH/D004221", "preferredName": "Disulfiram"}, {"semTypes": ["T114", "T121"], "to": "3595", "fro": "3587", "fullId": "http://purl.bioontology.org/ontology/MSH/D010672", "preferredName": "Phenytoin"}, {"semTypes": ["T999"], "to": "3216", "fro": "3207", "fullId": "http://purl.bioontology.org/ontology/RXNORM/405155", "preferredName": "Jantoven"}, {"semTypes": ["T109", "T121"], "to": "4796", "fro": "4788", "fullId": "http://purl.bioontology.org/ontology/MSH/D016666", "preferredName": "Fluvoxamine"}, {"semTypes": ["T999"], "to": "4174", "fro": "4165", "fullId": "http://purl.bioontology.org/ontology/RXNORM/11289", "preferredName": "Warfarin"}, {"semTypes": ["T121", "T109"], "to": "4499", "fro": "4490", "fullId": "http://purl.bioontology.org/ontology/MSH/D002939", "preferredName": "Ciprofloxacin"}, {"semTypes": ["T999"], "to": "3920", "fro": "3911", "fullId": "http://purl.bioontology.org/ontology/RXNORM/228656", "preferredName": "Amprenavir"}, {"semTypes": ["T109", "T121"], "to": "4545", "fro": "4534", "fullId": "http://purl.bioontology.org/ontology/MSH/D004221", "preferredName": "Disulfiram"}, {"semTypes": ["T999"], "to": "8314", "fro": "8308", "fullId": "http://purl.bioontology.org/ontology/RXNORM/282388", "preferredName": "imatinib"}, {"semTypes": ["T999"], "to": "3826", "fro": "3814", "fullId": "http://purl.bioontology.org/ontology/RXNORM/10594", "preferredName": "Ticlopidine"}, {"semTypes": ["T121", "T109"], "to": "6164", "fro": "6158", "fullId": "http://purl.bioontology.org/ontology/RXNORM/2551", "preferredName": "Ciprofloxacin"}, {"semTypes": ["T121", "T109"], "to": "6837", "fro": "6827", "fullId": "http://purl.bioontology.org/ontology/MSH/D002939", "preferredName": "Ciprofloxacin"}, {"semTypes": ["T999"], "to": "3839", "fro": "3829", "fullId": "http://purl.bioontology.org/ontology/RXNORM/85762", "preferredName": "Ritonavir"}, {"semTypes": ["T999"], "to": "3679", "fro": "3670", "fullId": "http://purl.bioontology.org/ontology/RXNORM/475969", "preferredName": "etravirine"}, {"semTypes": ["T121", "T109"], "to": "4440", "fro": "4429", "fullId": "http://purl.bioontology.org/ontology/RXNORM/36437", "preferredName": "Sertraline"}, {"semTypes": ["T121", "T109"], "to": "4226", "fro": "4217", "fullId": "http://purl.bioontology.org/ontology/RXNORM/405155", "preferredName": "Jantoven"}, {"semTypes": ["T121", "T109"], "to": "6418", "fro": "6409", "fullId": "http://purl.bioontology.org/ontology/MSH/D000638", "preferredName": "Amiodarone"}, {"semTypes": ["T999"], "to": "3860", "fro": "3853", "fullId": "http://purl.bioontology.org/ontology/RXNORM/405155", "preferredName": "Jantoven"}, {"semTypes": ["T109", "T121"], "to": "6800", "fro": "6790", "fullId": "http://purl.bioontology.org/ontology/RXNORM/475969", "preferredName": "etravirine"}, {"semTypes": ["T999"], "to": "3657", "fro": "3648", "fullId": "http://purl.bioontology.org/ontology/MSH/D015725", "preferredName": "Fluconazole"}, {"semTypes": ["T999"], "to": "3204", "fro": "3192", "fullId": "http://purl.bioontology.org/ontology/RXNORM/8754", "preferredName": "Propafenone"}, {"semTypes": ["T109", "T121"], "to": "4281", "fro": "4272", "fullId": "http://purl.bioontology.org/ontology/RXNORM/4450", "preferredName": "Fluconazole"}, {"semTypes": ["T999"], "to": "6849", "fro": "6840", "fullId": "http://purl.bioontology.org/ontology/RXNORM/2551", "preferredName": "Ciprofloxacin"}, {"semTypes": ["T999"], "to": "3730", "fro": "3720", "fullId": "http://purl.bioontology.org/ontology/MSH/C110904", "preferredName": "capecitabine"}, {"semTypes": ["T999"], "to": "4796", "fro": "4788", "fullId": "http://purl.bioontology.org/ontology/RXNORM/358255", "preferredName": "aprepitant"}, {"semTypes": ["T121", "T109"], "to": "3422", "fro": "3410", "fullId": "http://purl.bioontology.org/ontology/MSH/C451734", "preferredName": "etravirine"}, {"semTypes": ["T999"], "to": "4465", "fro": "4457", "fullId": "http://purl.bioontology.org/ontology/RXNORM/4450", "preferredName": "Fluconazole"}, {"semTypes": ["T999"], "to": "4188", "fro": "4177", "fullId": "http://purl.bioontology.org/ontology/MSH/D017964", "preferredName": "Itraconazole"}, {"semTypes": ["T121", "T109"], "to": "3772", "fro": "3754", "fullId": "http://purl.bioontology.org/ontology/RXNORM/321988", "preferredName": "Escitalopram"}, {"semTypes": ["T121", "T109"], "to": "6527", "fro": "6519", "fullId": "http://purl.bioontology.org/ontology/RXNORM/8183", "preferredName": "Phenytoin"}, {"semTypes": ["T121", "T109"], "to": "4725", "fro": "4718", "fullId": "http://purl.bioontology.org/ontology/RXNORM/405155", "preferredName": "Jantoven"}, {"semTypes": ["T999"], "to": "4740", "fro": "4728", "fullId": "http://purl.bioontology.org/ontology/RXNORM/42355", "preferredName": "Fluvoxamine"}, {"semTypes": ["T999"], "to": "6203", "fro": "6192", "fullId": "http://purl.bioontology.org/ontology/RXNORM/2541", "preferredName": "Cimetidine"}, {"semTypes": ["T999"], "to": "6453", "fro": "6445", "fullId": "http://purl.bioontology.org/ontology/MSH/C048833", "preferredName": "modafinil"}, {"semTypes": ["T999"], "to": "5961", "fro": "5952", "fullId": "http://purl.bioontology.org/ontology/MSH/D011405", "preferredName": "Propafenone"}, {"semTypes": ["T999"], "to": "3850", "fro": "3842", "fullId": "http://purl.bioontology.org/ontology/MSH/C063449", "preferredName": "zileuton"}, {"semTypes": ["T999"], "to": "5985", "fro": "5977", "fullId": "http://purl.bioontology.org/ontology/MSH/D006493", "preferredName": "Heparin"}, {"semTypes": ["T121", "T109"], "to": "4200", "fro": "4191", "fullId": "http://purl.bioontology.org/ontology/MSH/C008729", "preferredName": "oxaprozin"}, {"semTypes": ["T999"], "to": "4440", "fro": "4429", "fullId": "http://purl.bioontology.org/ontology/RXNORM/2541", "preferredName": "Cimetidine"}, {"semTypes": ["T121", "T109"], "to": "6214", "fro": "6206", "fullId": "http://purl.bioontology.org/ontology/MSH/C086232", "preferredName": "bosentan"}, {"semTypes": ["T999"], "to": "6490", "fro": "6482", "fullId": "http://purl.bioontology.org/ontology/MSH/D000638", "preferredName": "Amiodarone"}, {"semTypes": ["T121", "T109"], "to": "4366", "fro": "4357", "fullId": "http://purl.bioontology.org/ontology/MSH/D019438", "preferredName": "Ritonavir"}, {"semTypes": ["T999"], "to": "3310", "fro": "3297", "fullId": "http://purl.bioontology.org/ontology/MSH/D010672", "preferredName": "Phenytoin"}, {"semTypes": ["T999"], "to": "4226", "fro": "4217", "fullId": "http://purl.bioontology.org/ontology/RXNORM/75207", "preferredName": "bosentan"}, {"semTypes": ["T999"], "to": "4545", "fro": "4534", "fullId": "http://purl.bioontology.org/ontology/MSH/D012293", "preferredName": "Rifampin"}, {"semTypes": ["T109", "T121"], "to": "4354", "fro": "4344", "fullId": "http://purl.bioontology.org/ontology/RXNORM/42355", "preferredName": "Fluvoxamine"}, {"semTypes": ["T121", "T109"], "to": "4415", "fro": "4407", "fullId": "http://purl.bioontology.org/ontology/MSH/D019258", "preferredName": "Saquinavir"}, {"semTypes": ["T999"], "to": "5994", "fro": "5988", "fullId": "http://purl.bioontology.org/ontology/MSH/D010672", "preferredName": "Phenytoin"}, {"semTypes": ["T999"], "to": "4366", "fro": "4357", "fullId": "http://purl.bioontology.org/ontology/MSH/C114556", "preferredName": "aprepitant"}, {"semTypes": ["T999"], "to": "3595", "fro": "3587", "fullId": "http://purl.bioontology.org/ontology/MSH/C048833", "preferredName": "modafinil"}, {"semTypes": ["T121", "T109"], "to": "3618", "fro": "3611", "fullId": "http://purl.bioontology.org/ontology/MSH/D005473", "preferredName": "Fluoxetine"}, {"semTypes": ["T999"], "to": "6800", "fro": "6790", "fullId": "http://purl.bioontology.org/ontology/RXNORM/4450", "preferredName": "Fluconazole"}, {"semTypes": ["T999"], "to": "6467", "fro": "6456", "fullId": "http://purl.bioontology.org/ontology/RXNORM/9384", "preferredName": "Rifampin"}, {"semTypes": ["T109", "T121"], "to": "4510", "fro": "4502", "fullId": "http://purl.bioontology.org/ontology/RXNORM/4493", "preferredName": "Fluoxetine"}, {"semTypes": ["T999"], "to": "3717", "fro": "3708", "fullId": "http://purl.bioontology.org/ontology/RXNORM/10594", "preferredName": "Ticlopidine"}, {"semTypes": ["T999"], "to": "3350", "fro": "3340", "fullId": "http://purl.bioontology.org/ontology/MSH/C095108", "preferredName": "amprenavir"}, {"semTypes": ["T999"], "to": "3437", "fro": "3425", "fullId": "http://purl.bioontology.org/ontology/MSH/D002939", "preferredName": "Ciprofloxacin"}, {"semTypes": ["T999"], "to": "3447", "fro": "3440", "fullId": "http://purl.bioontology.org/ontology/RXNORM/21107", "preferredName": "cilostazol"}, {"semTypes": ["T109", "T121"], "to": "3270", "fro": "3258", "fullId": "http://purl.bioontology.org/ontology/MSH/D015283", "preferredName": "Citalopram"}, {"semTypes": ["T999"], "to": "4569", "fro": "4560", "fullId": "http://purl.bioontology.org/ontology/MSH/D006493", "preferredName": "Heparin"}, {"semTypes": ["T999"], "to": "4763", "fro": "4754", "fullId": "http://purl.bioontology.org/ontology/RXNORM/85762", "preferredName": "Ritonavir"}, {"semTypes": ["T999"], "to": "4715", "fro": "4706", "fullId": "http://purl.bioontology.org/ontology/RXNORM/11289", "preferredName": "Warfarin"}, {"semTypes": ["T121", "T109"], "to": "4557", "fro": "4548", "fullId": "http://purl.bioontology.org/ontology/MSH/D015725", "preferredName": "Fluconazole"}, {"semTypes": ["T999"], "to": "8021", "fro": "8016", "fullId": "http://purl.bioontology.org/ontology/MSH/C048107", "preferredName": "milnacipran"}, {"semTypes": ["T999"], "to": "3908", "fro": "3898", "fullId": "http://purl.bioontology.org/ontology/MSH/D010634", "preferredName": "Phenobarbital"}, {"semTypes": ["T121", "T109"], "to": "6849", "fro": "6840", "fullId": "http://purl.bioontology.org/ontology/RXNORM/10594", "preferredName": "Ticlopidine"}, {"semTypes": ["T109", "T121"], "to": "4253", "fro": "4241", "fullId": "http://purl.bioontology.org/ontology/RXNORM/358255", "preferredName": "aprepitant"}, {"semTypes": ["T999"], "to": "3667", "fro": "3660", "fullId": "http://purl.bioontology.org/ontology/RXNORM/8134", "preferredName": "Phenobarbital"}, {"semTypes": ["T121", "T109"], "to": "4774", "fro": "4766", "fullId": "http://purl.bioontology.org/ontology/MSH/D015725", "preferredName": "Fluconazole"}, {"semTypes": ["T999"], "to": "6812", "fro": "6803", "fullId": "http://purl.bioontology.org/ontology/RXNORM/121243", "preferredName": "voriconazole"}, {"semTypes": ["T999"], "to": "4327", "fro": "4319", "fullId": "http://purl.bioontology.org/ontology/RXNORM/703", "preferredName": "Amiodarone"}, {"semTypes": ["T999"], "to": "4269", "fro": "4256", "fullId": "http://purl.bioontology.org/ontology/RXNORM/662281", "preferredName": "nilotinib"}, {"semTypes": ["T121", "T109"], "to": "4404", "fro": "4397", "fullId": "http://purl.bioontology.org/ontology/MSH/D002220", "preferredName": "Carbamazepine"}, {"semTypes": ["T999"], "to": "3608", "fro": "3598", "fullId": "http://purl.bioontology.org/ontology/RXNORM/2541", "preferredName": "Cimetidine"}, {"semTypes": ["T109", "T121"], "to": "4454", "fro": "4443", "fullId": "http://purl.bioontology.org/ontology/RXNORM/40575", "preferredName": "zileuton"}, {"semTypes": ["T999"], "to": "4774", "fro": "4766", "fullId": "http://purl.bioontology.org/ontology/RXNORM/75207", "preferredName": "bosentan"}, {"semTypes": ["T999"], "to": "1669", "fro": "1662", "fullId": "http://purl.bioontology.org/ontology/MSH/D014859", "preferredName": "Warfarin"}, {"semTypes": ["T121", "T109"], "to": "3437", "fro": "3425", "fullId": "http://purl.bioontology.org/ontology/RXNORM/42355", "preferredName": "Fluvoxamine"}, {"semTypes": ["T121", "T109"], "to": "3785", "fro": "3775", "fullId": "http://purl.bioontology.org/ontology/MSH/D002220", "preferredName": "Carbamazepine"}, {"semTypes": ["T109", "T121"], "to": "4810", "fro": "4799", "fullId": "http://purl.bioontology.org/ontology/MSH/C058218", "preferredName": "duloxetine"}, {"semTypes": ["T121", "T109"], "to": "4592", "fro": "4583", "fullId": "http://purl.bioontology.org/ontology/MSH/C045645", "preferredName": "cilostazol"}, {"semTypes": ["T999"], "to": "4822", "fro": "4813", "fullId": "http://purl.bioontology.org/ontology/MSH/C086232", "preferredName": "bosentan"}, {"semTypes": ["T999"], "to": "3407", "fro": "3400", "fullId": "http://purl.bioontology.org/ontology/RXNORM/85762", "preferredName": "Ritonavir"}, {"semTypes": ["T109", "T121"], "to": "6406", "fro": "6398", "fullId": "http://purl.bioontology.org/ontology/MSH/D015283", "preferredName": "Citalopram"}, {"semTypes": ["T999"], "to": "3785", "fro": "3775", "fullId": "http://purl.bioontology.org/ontology/RXNORM/475969", "preferredName": "etravirine"}, {"semTypes": ["T121", "T109"], "to": "6720", "fro": "6711", "fullId": "http://purl.bioontology.org/ontology/RXNORM/39786", "preferredName": "venlafaxine"}, {"semTypes": ["T116", "T121"], "to": "6005", "fro": "5997", "fullId": "http://purl.bioontology.org/ontology/RXNORM/2551", "preferredName": "Ciprofloxacin"}, {"semTypes": ["T999"], "to": "3323", "fro": "3313", "fullId": "http://purl.bioontology.org/ontology/MSH/D002927", "preferredName": "Cimetidine"}, {"semTypes": ["T109", "T121"], "to": "6442", "fro": "6433", "fullId": "http://purl.bioontology.org/ontology/RXNORM/21107", "preferredName": "cilostazol"}, {"semTypes": ["T109", "T121"], "to": "4306", "fro": "4298", "fullId": "http://purl.bioontology.org/ontology/RXNORM/475969", "preferredName": "etravirine"}, {"semTypes": ["T999"], "to": "4341", "fro": "4330", "fullId": "http://purl.bioontology.org/ontology/RXNORM/8183", "preferredName": "Phenytoin"}, {"semTypes": ["T999"], "to": "6720", "fro": "6711", "fullId": "http://purl.bioontology.org/ontology/MSH/C095108", "preferredName": "amprenavir"}, {"semTypes": ["T109", "T121"], "to": "8369", "fro": "8362", "fullId": "http://purl.bioontology.org/ontology/RXNORM/11289", "preferredName": "Warfarin"}, {"semTypes": ["T999"], "to": "4316", "fro": "4308", "fullId": "http://purl.bioontology.org/ontology/RXNORM/11289", "preferredName": "Warfarin"}, {"semTypes": ["T121", "T109"], "to": "3608", "fro": "3598", "fullId": "http://purl.bioontology.org/ontology/RXNORM/40575", "preferredName": "zileuton"}, {"semTypes": ["T999"], "to": "4281", "fro": "4272", "fullId": "http://purl.bioontology.org/ontology/MSH/C102790", "preferredName": "voriconazole"}, {"semTypes": ["T109", "T121"], "to": "6748", "fro": "6739", "fullId": "http://purl.bioontology.org/ontology/MSH/C451734", "preferredName": "etravirine"}, {"semTypes": ["T999"], "to": "4557", "fro": "4548", "fullId": "http://purl.bioontology.org/ontology/RXNORM/384455", "preferredName": "tigecycline"}, {"semTypes": ["T121", "T109"], "to": "3717", "fro": "3708", "fullId": "http://purl.bioontology.org/ontology/MSH/D015365", "preferredName": "Enoxacin"}, {"semTypes": ["T999"], "to": "6214", "fro": "6206", "fullId": "http://purl.bioontology.org/ontology/RXNORM/9384", "preferredName": "Rifampin"}, {"semTypes": ["T121", "T109"], "to": "3337", "fro": "3326", "fullId": "http://purl.bioontology.org/ontology/MSH/C114556", "preferredName": "aprepitant"}, {"semTypes": ["T999"], "to": "7248", "fro": "7241", "fullId": "http://purl.bioontology.org/ontology/MSH/D014859", "preferredName": "Warfarin"}, {"semTypes": ["T999"], "to": "3618", "fro": "3611", "fullId": "http://purl.bioontology.org/ontology/RXNORM/302285", "preferredName": "conivaptan"}, {"semTypes": ["T999"], "to": "4295", "fro": "4284", "fullId": "http://purl.bioontology.org/ontology/RXNORM/2002", "preferredName": "Carbamazepine"}, {"semTypes": ["T999"], "to": "4619", "fro": "4610", "fullId": "http://purl.bioontology.org/ontology/MSH/D015738", "preferredName": "Famotidine"}, {"semTypes": ["T999"], "to": "5253", "fro": "5246", "fullId": "http://purl.bioontology.org/ontology/MSH/D014859", "preferredName": "Warfarin"}, {"semTypes": ["T999"], "to": "6189", "fro": "6179", "fullId": "http://purl.bioontology.org/ontology/MSH/D000638", "preferredName": "Amiodarone"}, {"semTypes": ["T109", "T121"], "to": "6538", "fro": "6530", "fullId": "http://purl.bioontology.org/ontology/MSH/D013988", "preferredName": "Ticlopidine"}, {"semTypes": ["T109", "T195"], "to": "3447", "fro": "3440", "fullId": "http://purl.bioontology.org/ontology/RXNORM/85762", "preferredName": "Ritonavir"}, {"semTypes": ["T999"], "to": "6824", "fro": "6815", "fullId": "http://purl.bioontology.org/ontology/MSH/D008730", "preferredName": "Methoxsalen"}, {"semTypes": ["T121", "T123", "T109"], "to": "3705", "fro": "3695", "fullId": "http://purl.bioontology.org/ontology/RXNORM/121243", "preferredName": "voriconazole"}, {"semTypes": ["T109", "T121"], "to": "4426", "fro": "4418", "fullId": "http://purl.bioontology.org/ontology/RXNORM/2002", "preferredName": "Carbamazepine"}, {"semTypes": ["T999"], "to": "6527", "fro": "6519", "fullId": "http://purl.bioontology.org/ontology/RXNORM/228656", "preferredName": "Amprenavir"}, {"semTypes": ["T999"], "to": "4253", "fro": "4241", "fullId": "http://purl.bioontology.org/ontology/MSH/D016666", "preferredName": "Fluvoxamine"}, {"semTypes": ["T999"], "to": "4415", "fro": "4407", "fullId": "http://purl.bioontology.org/ontology/MSH/D013988", "preferredName": "Ticlopidine"}, {"semTypes": ["T121", "T109"], "to": "6490", "fro": "6482", "fullId": "http://purl.bioontology.org/ontology/RXNORM/9143", "preferredName": "Ranitidine"}, {"semTypes": ["T999"], "to": "4404", "fro": "4397", "fullId": "http://purl.bioontology.org/ontology/MSH/D002927", "preferredName": "Cimetidine"}, {"semTypes": ["T999"], "to": "1316", "fro": "1309", "fullId": "http://purl.bioontology.org/ontology/MSH/D014859", "preferredName": "Warfarin"}, {"semTypes": ["T109", "T195"], "to": "4269", "fro": "4256", "fullId": "http://purl.bioontology.org/ontology/RXNORM/8134", "preferredName": "Phenobarbital"}, {"semTypes": ["T109", "T121"], "to": "4394", "fro": "4382", "fullId": "http://purl.bioontology.org/ontology/RXNORM/4493", "preferredName": "Fluoxetine"}, {"semTypes": ["T999"], "to": "3175", "fro": "3166", "fullId": "http://purl.bioontology.org/ontology/RXNORM/358255", "preferredName": "aprepitant"}, {"semTypes": ["T999"], "to": "6442", "fro": "6433", "fullId": "http://purl.bioontology.org/ontology/RXNORM/36437", "preferredName": "Sertraline"}, {"semTypes": ["T999"], "to": "2567", "fro": "2560", "fullId": "http://purl.bioontology.org/ontology/MSH/D014859", "preferredName": "Warfarin"}, {"semTypes": ["T999"], "to": "6005", "fro": "5997", "fullId": "http://purl.bioontology.org/ontology/RXNORM/662281", "preferredName": "nilotinib"}, {"semTypes": ["T121", "T109"], "to": "4465", "fro": "4457", "fullId": "http://purl.bioontology.org/ontology/MSH/C095108", "preferredName": "amprenavir"}, {"semTypes": ["T999"], "to": "4580", "fro": "4572", "fullId": "http://purl.bioontology.org/ontology/RXNORM/405155", "preferredName": "Jantoven"}, {"semTypes": ["T121", "T116"], "to": "5949", "fro": "5940", "fullId": "http://purl.bioontology.org/ontology/MSH/D013988", "preferredName": "Ticlopidine"}, {"semTypes": ["T109", "T195"], "to": "4785", "fro": "4777", "fullId": "http://purl.bioontology.org/ontology/MSH/D013442", "preferredName": "Sulfinpyrazone"}, {"semTypes": ["T999"], "to": "5189", "fro": "5182", "fullId": "http://purl.bioontology.org/ontology/MSH/D014859", "preferredName": "Warfarin"}, {"semTypes": ["T999"], "to": "4162", "fro": "4153", "fullId": "http://purl.bioontology.org/ontology/RXNORM/405155", "preferredName": "Jantoven"}, {"semTypes": ["T109", "T121"], "to": "4214", "fro": "4203", "fullId": "http://purl.bioontology.org/ontology/MSH/D010634", "preferredName": "Phenobarbital"}, {"semTypes": ["T109", "T121"], "to": "4580", "fro": "4572", "fullId": "http://purl.bioontology.org/ontology/RXNORM/405155", "preferredName": "Jantoven"}, {"semTypes": ["T999"], "to": "1388", "fro": "1381", "fullId": "http://purl.bioontology.org/ontology/MSH/D014859", "preferredName": "Warfarin"}, {"semTypes": ["T121", "T109"], "to": "6736", "fro": "6723", "fullId": "http://purl.bioontology.org/ontology/RXNORM/30125", "preferredName": "modafinil"}, {"semTypes": ["T999"], "to": "7689", "fro": "7675", "fullId": "http://purl.bioontology.org/ontology/MSH/D014859", "preferredName": "Warfarin"}, {"semTypes": ["T109", "T121"], "to": "4126", "fro": "4117", "fullId": "http://purl.bioontology.org/ontology/RXNORM/134527", "preferredName": "Nelfinavir"}, {"semTypes": ["T999"], "to": "1797", "fro": "1790", "fullId": "http://purl.bioontology.org/ontology/MSH/D014859", "preferredName": "Warfarin"}, {"semTypes": ["T109", "T121"], "to": "3175", "fro": "3166", "fullId": "http://purl.bioontology.org/ontology/MSH/C114556", "preferredName": "aprepitant"}, {"semTypes": ["T999"], "to": "6164", "fro": "6158", "fullId": "http://purl.bioontology.org/ontology/RXNORM/588250", "preferredName": "milnacipran"}, {"semTypes": ["T999"], "to": "7092", "fro": "7085", "fullId": "http://purl.bioontology.org/ontology/MSH/D014859", "preferredName": "Warfarin"}, {"semTypes": ["T109", "T121"], "to": "3679", "fro": "3670", "fullId": "http://purl.bioontology.org/ontology/MSH/D012293", "preferredName": "Rifampin"}, {"semTypes": ["T121", "T116"], "to": "4295", "fro": "4284", "fullId": "http://purl.bioontology.org/ontology/MSH/C045645", "preferredName": "cilostazol"}, {"semTypes": ["T999"], "to": "1836", "fro": "1829", "fullId": "http://purl.bioontology.org/ontology/MSH/D014859", "preferredName": "Warfarin"}, {"semTypes": ["T121", "T109"], "to": "6467", "fro": "6456", "fullId": "http://purl.bioontology.org/ontology/MSH/C110904", "preferredName": "capecitabine"}, {"semTypes": ["T999"], "to": "3422", "fro": "3410", "fullId": "http://purl.bioontology.org/ontology/RXNORM/405155", "preferredName": "Jantoven"}]