[{"semTypes": ["T116", "T121"], "to": "4530", "fro": "4519", "fullId": "http://purl.bioontology.org/ontology/MSH/C055162", "preferredName": "clopidogrel"}, {"semTypes": ["T121", "T109"], "to": "103", "fro": "96", "fullId": "http://purl.bioontology.org/ontology/MSH/D014859", "preferredName": "Warfarin"}, {"semTypes": ["T109", "T121"], "to": "6874", "fro": "6866", "fullId": "http://purl.bioontology.org/ontology/RXNORM/75207", "preferredName": "bosentan"}, {"semTypes": ["T999"], "to": "7650", "fro": "7643", "fullId": "http://purl.bioontology.org/ontology/MSH/D014859", "preferredName": "Warfarin"}, {"semTypes": ["T999"], "to": "3913", "fro": "3904", "fullId": "http://purl.bioontology.org/ontology/RXNORM/72625", "preferredName": "duloxetine"}, {"semTypes": ["T999"], "to": "6585", "fro": "6579", "fullId": "http://purl.bioontology.org/ontology/MSH/D005473", "preferredName": "Fluoxetine"}, {"semTypes": ["T999"], "to": "221", "fro": "214", "fullId": "http://purl.bioontology.org/ontology/MSH/D014859", "preferredName": "Warfarin"}, {"semTypes": ["T999"], "to": "6597", "fro": "6588", "fullId": "http://purl.bioontology.org/ontology/RXNORM/42355", "preferredName": "Fluvoxamine"}, {"semTypes": ["T121", "T109"], "to": "3913", "fro": "3904", "fullId": "http://purl.bioontology.org/ontology/RXNORM/40575", "preferredName": "zileuton"}, {"semTypes": ["T999"], "to": "489", "fro": "482", "fullId": "http://purl.bioontology.org/ontology/MSH/D014859", "preferredName": "Warfarin"}, {"semTypes": ["T109", "T121"], "to": "4734", "fro": "4725", "fullId": "http://purl.bioontology.org/ontology/RXNORM/195085", "preferredName": "efavirenz"}, {"semTypes": ["T999"], "to": "1591", "fro": "1584", "fullId": "http://purl.bioontology.org/ontology/MSH/D014859", "preferredName": "Warfarin"}, {"semTypes": ["T999"], "to": "4423", "fro": "4412", "fullId": "http://purl.bioontology.org/ontology/MSH/D015283", "preferredName": "Citalopram"}, {"semTypes": ["T999"], "to": "7169", "fro": "7160", "fullId": "http://purl.bioontology.org/ontology/RXNORM/40575", "preferredName": "zileuton"}, {"semTypes": ["T999"], "to": "2593", "fro": "2586", "fullId": "http://purl.bioontology.org/ontology/MSH/D014859", "preferredName": "Warfarin"}, {"semTypes": ["T109", "T121"], "to": "3475", "fro": "3465", "fullId": "http://purl.bioontology.org/ontology/RXNORM/4450", "preferredName": "Fluconazole"}, {"semTypes": ["T121", "T109"], "to": "3656", "fro": "3644", "fullId": "http://purl.bioontology.org/ontology/RXNORM/85762", "preferredName": "Ritonavir"}, {"semTypes": ["T999"], "to": "8064", "fro": "8057", "fullId": "http://purl.bioontology.org/ontology/MSH/D014859", "preferredName": "Warfarin"}, {"semTypes": ["T109", "T121", "T131"], "to": "5469", "fro": "5462", "fullId": "http://purl.bioontology.org/ontology/MSH/D014859", "preferredName": "Warfarin"}, {"semTypes": ["T121", "T109"], "to": "7245", "fro": "7236", "fullId": "http://purl.bioontology.org/ontology/MSH/C055162", "preferredName": "clopidogrel"}, {"semTypes": ["T999"], "to": "4032", "fro": "4022", "fullId": "http://purl.bioontology.org/ontology/RXNORM/475969", "preferredName": "etravirine"}, {"semTypes": ["T999"], "to": "8745", "fro": "8738", "fullId": "http://purl.bioontology.org/ontology/MSH/D014859", "preferredName": "Warfarin"}, {"semTypes": ["T999"], "to": "6827", "fro": "6819", "fullId": "http://purl.bioontology.org/ontology/RXNORM/10594", "preferredName": "Ticlopidine"}, {"semTypes": ["T999"], "to": "6839", "fro": "6830", "fullId": "http://purl.bioontology.org/ontology/RXNORM/5781", "preferredName": "Indomethacin"}, {"semTypes": ["T999"], "to": "7494", "fro": "7487", "fullId": "http://purl.bioontology.org/ontology/MSH/D014859", "preferredName": "Warfarin"}, {"semTypes": ["T999"], "to": "4192", "fro": "4184", "fullId": "http://purl.bioontology.org/ontology/MSH/D019438", "preferredName": "Ritonavir"}, {"semTypes": ["T109", "T195"], "to": "5067", "fro": "5060", "fullId": "http://purl.bioontology.org/ontology/RXNORM/42355", "preferredName": "Fluvoxamine"}, {"semTypes": ["T999"], "to": "8577", "fro": "8570", "fullId": "http://purl.bioontology.org/ontology/MSH/D014859", "preferredName": "Warfarin"}, {"semTypes": ["T109", "T195"], "to": "4842", "fro": "4830", "fullId": "http://purl.bioontology.org/ontology/MSH/D007654", "preferredName": "Ketoconazole"}, {"semTypes": ["T999"], "to": "3656", "fro": "3644", "fullId": "http://purl.bioontology.org/ontology/RXNORM/202421", "preferredName": "Coumadin"}, {"semTypes": ["T999"], "to": "7258", "fro": "7248", "fullId": "http://purl.bioontology.org/ontology/MSH/D015283", "preferredName": "Citalopram"}, {"semTypes": ["T999"], "to": "4045", "fro": "4035", "fullId": "http://purl.bioontology.org/ontology/RXNORM/10594", "preferredName": "Ticlopidine"}, {"semTypes": ["T109", "T121", "T131"], "to": "5405", "fro": "5398", "fullId": "http://purl.bioontology.org/ontology/MSH/D014859", "preferredName": "Warfarin"}, {"semTypes": ["T121", "T109"], "to": "4360", "fro": "4351", "fullId": "http://purl.bioontology.org/ontology/RXNORM/703", "preferredName": "Amiodarone"}, {"semTypes": ["T999"], "to": "3681", "fro": "3674", "fullId": "http://purl.bioontology.org/ontology/RXNORM/202421", "preferredName": "Coumadin"}, {"semTypes": ["T109", "T121", "T131"], "to": "1349", "fro": "1342", "fullId": "http://purl.bioontology.org/ontology/MSH/D014859", "preferredName": "Warfarin"}, {"semTypes": ["T121", "T109"], "to": "4409", "fro": "4400", "fullId": "http://purl.bioontology.org/ontology/RXNORM/11289", "preferredName": "Warfarin"}, {"semTypes": ["T109", "T121"], "to": "4060", "fro": "4048", "fullId": "http://purl.bioontology.org/ontology/MSH/D002220", "preferredName": "Carbamazepine"}, {"semTypes": ["T999"], "to": "4488", "fro": "4476", "fullId": "http://purl.bioontology.org/ontology/RXNORM/202421", "preferredName": "Coumadin"}, {"semTypes": ["T109", "T121", "T131"], "to": "1630", "fro": "1623", "fullId": "http://purl.bioontology.org/ontology/MSH/D014859", "preferredName": "Warfarin"}, {"semTypes": ["T114", "T121"], "to": "3829", "fro": "3821", "fullId": "http://purl.bioontology.org/ontology/RXNORM/2541", "preferredName": "Cimetidine"}, {"semTypes": ["T999"], "to": "3584", "fro": "3574", "fullId": "http://purl.bioontology.org/ontology/MSH/D000638", "preferredName": "Amiodarone"}, {"semTypes": ["T121", "T109"], "to": "4192", "fro": "4184", "fullId": "http://purl.bioontology.org/ontology/MSH/D016666", "preferredName": "Fluvoxamine"}, {"semTypes": ["T121", "T109"], "to": "3852", "fro": "3845", "fullId": "http://purl.bioontology.org/ontology/RXNORM/2002", "preferredName": "Carbamazepine"}, {"semTypes": ["T999"], "to": "3571", "fro": "3560", "fullId": "http://purl.bioontology.org/ontology/MSH/D016666", "preferredName": "Fluvoxamine"}, {"semTypes": ["T109", "T121", "T131"], "to": "2593", "fro": "2586", "fullId": "http://purl.bioontology.org/ontology/MSH/D014859", "preferredName": "Warfarin"}, {"semTypes": ["T999"], "to": "4675", "fro": "4664", "fullId": "http://purl.bioontology.org/ontology/MSH/C048833", "preferredName": "modafinil"}, {"semTypes": ["T999"], "to": "4449", "fro": "4438", "fullId": "http://purl.bioontology.org/ontology/MSH/D007654", "preferredName": "Ketoconazole"}, {"semTypes": ["T121", "T109"], "to": "4551", "fro": "4543", "fullId": "http://purl.bioontology.org/ontology/RXNORM/11289", "preferredName": "Warfarin"}, {"semTypes": ["T999"], "to": "4734", "fro": "4725", "fullId": "http://purl.bioontology.org/ontology/MSH/C048833", "preferredName": "modafinil"}, {"semTypes": ["T109", "T121", "T131"], "to": "7772", "fro": "7765", "fullId": "http://purl.bioontology.org/ontology/MSH/D014859", "preferredName": "Warfarin"}, {"semTypes": ["T121", "T109"], "to": "4868", "fro": "4857", "fullId": "http://purl.bioontology.org/ontology/RXNORM/202421", "preferredName": "Coumadin"}, {"semTypes": ["T109", "T121", "T131"], "to": "1277", "fro": "1270", "fullId": "http://purl.bioontology.org/ontology/MSH/D014859", "preferredName": "Warfarin"}, {"semTypes": ["T109", "T121", "T131"], "to": "7494", "fro": "7487", "fullId": "http://purl.bioontology.org/ontology/MSH/D014859", "preferredName": "Warfarin"}, {"semTypes": ["T109", "T121", "T131"], "to": "1796", "fro": "1789", "fullId": "http://purl.bioontology.org/ontology/MSH/D014859", "preferredName": "Warfarin"}, {"semTypes": ["T999"], "to": "3544", "fro": "3531", "fullId": "http://purl.bioontology.org/ontology/RXNORM/7258", "preferredName": "Naproxen"}, {"semTypes": ["T121", "T109"], "to": "3515", "fro": "3506", "fullId": "http://purl.bioontology.org/ontology/RXNORM/641465", "preferredName": "armodafinil"}, {"semTypes": ["T999"], "to": "1630", "fro": "1623", "fullId": "http://purl.bioontology.org/ontology/MSH/D014859", "preferredName": "Warfarin"}, {"semTypes": ["T999"], "to": "4710", "fro": "4702", "fullId": "http://purl.bioontology.org/ontology/RXNORM/11289", "preferredName": "Warfarin"}, {"semTypes": ["T109", "T121", "T131"], "to": "1591", "fro": "1584", "fullId": "http://purl.bioontology.org/ontology/MSH/D014859", "preferredName": "Warfarin"}, {"semTypes": ["T109", "T121"], "to": "4878", "fro": "4871", "fullId": "http://purl.bioontology.org/ontology/RXNORM/85762", "preferredName": "Ritonavir"}, {"semTypes": ["T121", "T109"], "to": "4815", "fro": "4807", "fullId": "http://purl.bioontology.org/ontology/RXNORM/11289", "preferredName": "Warfarin"}, {"semTypes": ["T999"], "to": "3528", "fro": "3518", "fullId": "http://purl.bioontology.org/ontology/RXNORM/10205", "preferredName": "Sulfinpyrazone"}, {"semTypes": ["T999"], "to": "4473", "fro": "4464", "fullId": "http://purl.bioontology.org/ontology/MSH/D016666", "preferredName": "Fluvoxamine"}, {"semTypes": ["T121", "T109"], "to": "221", "fro": "214", "fullId": "http://purl.bioontology.org/ontology/MSH/D014859", "preferredName": "Warfarin"}, {"semTypes": ["T999"], "to": "4409", "fro": "4400", "fullId": "http://purl.bioontology.org/ontology/RXNORM/11289", "preferredName": "Warfarin"}, {"semTypes": ["T999"], "to": "6874", "fro": "6866", "fullId": "http://purl.bioontology.org/ontology/MSH/D002939", "preferredName": "Ciprofloxacin"}, {"semTypes": ["T121", "T109"], "to": "489", "fro": "482", "fullId": "http://purl.bioontology.org/ontology/MSH/D014859", "preferredName": "Warfarin"}, {"semTypes": ["T121", "T109"], "to": "3671", "fro": "3659", "fullId": "http://purl.bioontology.org/ontology/RXNORM/202421", "preferredName": "Coumadin"}, {"semTypes": ["T121", "T109"], "to": "3926", "fro": "3916", "fullId": "http://purl.bioontology.org/ontology/RXNORM/11289", "preferredName": "Warfarin"}, {"semTypes": ["T999"], "to": "5009", "fro": "5001", "fullId": "http://purl.bioontology.org/ontology/RXNORM/228656", "preferredName": "Amprenavir"}, {"semTypes": ["T121", "T109"], "to": "6597", "fro": "6588", "fullId": "http://purl.bioontology.org/ontology/RXNORM/11289", "preferredName": "Warfarin"}, {"semTypes": ["T109", "T121"], "to": "4372", "fro": "4363", "fullId": "http://purl.bioontology.org/ontology/MSH/D019438", "preferredName": "Ritonavir"}, {"semTypes": ["T195", "T109"], "to": "4576", "fro": "4565", "fullId": "http://purl.bioontology.org/ontology/MSH/C102790", "preferredName": "voriconazole"}, {"semTypes": ["T121", "T109"], "to": "4473", "fro": "4464", "fullId": "http://purl.bioontology.org/ontology/RXNORM/358255", "preferredName": "aprepitant"}, {"semTypes": ["T121", "T109"], "to": "4998", "fro": "4989", "fullId": "http://purl.bioontology.org/ontology/MSH/C114556", "preferredName": "aprepitant"}, {"semTypes": ["T109", "T121"], "to": "4396", "fro": "4387", "fullId": "http://purl.bioontology.org/ontology/RXNORM/11289", "preferredName": "Warfarin"}, {"semTypes": ["T999"], "to": "7233", "fro": "7224", "fullId": "http://purl.bioontology.org/ontology/MSH/D000638", "preferredName": "Amiodarone"}, {"semTypes": ["T999"], "to": "4986", "fro": "4978", "fullId": "http://purl.bioontology.org/ontology/RXNORM/384455", "preferredName": "tigecycline"}, {"semTypes": ["T999"], "to": "5020", "fro": "5012", "fullId": "http://purl.bioontology.org/ontology/RXNORM/475969", "preferredName": "etravirine"}, {"semTypes": ["T125", "T121", "T110"], "to": "3528", "fro": "3518", "fullId": "http://purl.bioontology.org/ontology/RXNORM/121243", "preferredName": "voriconazole"}, {"semTypes": ["T999"], "to": "4384", "fro": "4375", "fullId": "http://purl.bioontology.org/ontology/RXNORM/21212", "preferredName": "Clarithromycin"}, {"semTypes": ["T121", "T127", "T119"], "to": "327", "fro": "319", "fullId": "http://purl.bioontology.org/ontology/RXNORM/69036", "preferredName": "rufinamide"}, {"semTypes": ["T121", "T109"], "to": "8064", "fro": "8057", "fullId": "http://purl.bioontology.org/ontology/MSH/D014859", "preferredName": "Warfarin"}, {"semTypes": ["T999"], "to": "4998", "fro": "4989", "fullId": "http://purl.bioontology.org/ontology/RXNORM/11289", "preferredName": "Warfarin"}, {"semTypes": ["T999"], "to": "6370", "fro": "6361", "fullId": "http://purl.bioontology.org/ontology/MSH/C045645", "preferredName": "cilostazol"}, {"semTypes": ["T195", "T109"], "to": "4504", "fro": "4491", "fullId": "http://purl.bioontology.org/ontology/RXNORM/121243", "preferredName": "voriconazole"}, {"semTypes": ["T999"], "to": "4589", "fro": "4579", "fullId": "http://purl.bioontology.org/ontology/MSH/C451734", "preferredName": "etravirine"}, {"semTypes": ["T999"], "to": "4181", "fro": "4169", "fullId": "http://purl.bioontology.org/ontology/RXNORM/202421", "preferredName": "Coumadin"}, {"semTypes": ["T999"], "to": "6888", "fro": "6877", "fullId": "http://purl.bioontology.org/ontology/RXNORM/2551", "preferredName": "Ciprofloxacin"}, {"semTypes": ["T121", "T109"], "to": "4166", "fro": "4157", "fullId": "http://purl.bioontology.org/ontology/MSH/C086232", "preferredName": "bosentan"}, {"semTypes": ["T999"], "to": "1349", "fro": "1342", "fullId": "http://purl.bioontology.org/ontology/MSH/D014859", "preferredName": "Warfarin"}, {"semTypes": ["T999"], "to": "4541", "fro": "4533", "fullId": "http://purl.bioontology.org/ontology/MSH/D010672", "preferredName": "Phenytoin"}, {"semTypes": ["T121", "T109"], "to": "8577", "fro": "8570", "fullId": "http://purl.bioontology.org/ontology/MSH/D014859", "preferredName": "Warfarin"}, {"semTypes": ["T999"], "to": "4827", "fro": "4818", "fullId": "http://purl.bioontology.org/ontology/MSH/C408153", "preferredName": "prasugrel"}, {"semTypes": ["T121", "T109"], "to": "6911", "fro": "6903", "fullId": "http://purl.bioontology.org/ontology/RXNORM/10205", "preferredName": "Sulfinpyrazone"}, {"semTypes": ["T999"], "to": "6415", "fro": "6409", "fullId": "http://purl.bioontology.org/ontology/RXNORM/8183", "preferredName": "Phenytoin"}, {"semTypes": ["T121", "T109"], "to": "4601", "fro": "4592", "fullId": "http://purl.bioontology.org/ontology/RXNORM/202421", "preferredName": "Coumadin"}, {"semTypes": ["T999"], "to": "3631", "fro": "3622", "fullId": "http://purl.bioontology.org/ontology/RXNORM/11289", "preferredName": "Warfarin"}, {"semTypes": ["T999"], "to": "3437", "fro": "3425", "fullId": "http://purl.bioontology.org/ontology/RXNORM/4053", "preferredName": "Erythromycin"}, {"semTypes": ["T121", "T109"], "to": "3488", "fro": "3478", "fullId": "http://purl.bioontology.org/ontology/RXNORM/11289", "preferredName": "Warfarin"}, {"semTypes": ["T109", "T121"], "to": "4073", "fro": "4063", "fullId": "http://purl.bioontology.org/ontology/RXNORM/42355", "preferredName": "Fluvoxamine"}, {"semTypes": ["T999"], "to": "4084", "fro": "4076", "fullId": "http://purl.bioontology.org/ontology/RXNORM/4493", "preferredName": "Fluoxetine"}, {"semTypes": ["T999"], "to": "4504", "fro": "4491", "fullId": "http://purl.bioontology.org/ontology/MSH/D009288", "preferredName": "Naproxen"}, {"semTypes": ["T121", "T109"], "to": "4142", "fro": "4132", "fullId": "http://purl.bioontology.org/ontology/MSH/D010634", "preferredName": "Phenobarbital"}, {"semTypes": ["T999"], "to": "4094", "fro": "4087", "fullId": "http://purl.bioontology.org/ontology/RXNORM/202421", "preferredName": "Coumadin"}, {"semTypes": ["T999"], "to": "3852", "fro": "3845", "fullId": "http://purl.bioontology.org/ontology/RXNORM/21107", "preferredName": "cilostazol"}, {"semTypes": ["T999"], "to": "7221", "fro": "7211", "fullId": "http://purl.bioontology.org/ontology/RXNORM/4053", "preferredName": "Erythromycin"}, {"semTypes": ["T999"], "to": "5079", "fro": "5070", "fullId": "http://purl.bioontology.org/ontology/MSH/D010634", "preferredName": "Phenobarbital"}, {"semTypes": ["T999"], "to": "4614", "fro": "4604", "fullId": "http://purl.bioontology.org/ontology/RXNORM/11289", "preferredName": "Warfarin"}, {"semTypes": ["T999"], "to": "5067", "fro": "5060", "fullId": "http://purl.bioontology.org/ontology/MSH/C114556", "preferredName": "aprepitant"}, {"semTypes": ["T999"], "to": "3864", "fro": "3855", "fullId": "http://purl.bioontology.org/ontology/MSH/C114556", "preferredName": "aprepitant"}, {"semTypes": ["T999"], "to": "7141", "fro": "7132", "fullId": "http://purl.bioontology.org/ontology/RXNORM/21107", "preferredName": "cilostazol"}, {"semTypes": ["T999"], "to": "4650", "fro": "4642", "fullId": "http://purl.bioontology.org/ontology/MSH/C060225", "preferredName": "desirudin"}, {"semTypes": ["T999"], "to": "6426", "fro": "6418", "fullId": "http://purl.bioontology.org/ontology/MSH/D008825", "preferredName": "Miconazole"}, {"semTypes": ["T109", "T195"], "to": "3681", "fro": "3674", "fullId": "http://purl.bioontology.org/ontology/RXNORM/202421", "preferredName": "Coumadin"}, {"semTypes": ["T121", "T109"], "to": "8745", "fro": "8738", "fullId": "http://purl.bioontology.org/ontology/MSH/D014859", "preferredName": "Warfarin"}, {"semTypes": ["T121", "T109"], "to": "4045", "fro": "4035", "fullId": "http://purl.bioontology.org/ontology/MSH/D012293", "preferredName": "Rifampin"}, {"semTypes": ["T999"], "to": "6900", "fro": "6891", "fullId": "http://purl.bioontology.org/ontology/MSH/D002939", "preferredName": "Ciprofloxacin"}, {"semTypes": ["T999"], "to": "103", "fro": "96", "fullId": "http://purl.bioontology.org/ontology/MSH/D014859", "preferredName": "Warfarin"}, {"semTypes": ["T999"], "to": "7195", "fro": "7186", "fullId": "http://purl.bioontology.org/ontology/RXNORM/42355", "preferredName": "Fluvoxamine"}, {"semTypes": ["T121", "T116"], "to": "6370", "fro": "6361", "fullId": "http://purl.bioontology.org/ontology/MSH/C102790", "preferredName": "voriconazole"}, {"semTypes": ["T121", "T109"], "to": "7169", "fro": "7160", "fullId": "http://purl.bioontology.org/ontology/MSH/C063449", "preferredName": "zileuton"}, {"semTypes": ["T109", "T121"], "to": "4938", "fro": "4929", "fullId": "http://purl.bioontology.org/ontology/RXNORM/202421", "preferredName": "Coumadin"}, {"semTypes": ["T109", "T121"], "to": "5045", "fro": "5034", "fullId": "http://purl.bioontology.org/ontology/MSH/D007660", "preferredName": "Ketoprofen"}, {"semTypes": ["T121", "T109"], "to": "3891", "fro": "3882", "fullId": "http://purl.bioontology.org/ontology/MSH/D002927", "preferredName": "Cimetidine"}, {"semTypes": ["T121", "T109"], "to": "7233", "fro": "7224", "fullId": "http://purl.bioontology.org/ontology/MSH/D013988", "preferredName": "Ticlopidine"}, {"semTypes": ["T999"], "to": "4396", "fro": "4387", "fullId": "http://purl.bioontology.org/ontology/MSH/C114556", "preferredName": "aprepitant"}, {"semTypes": ["T999"], "to": "3488", "fro": "3478", "fullId": "http://purl.bioontology.org/ontology/RXNORM/11289", "preferredName": "Warfarin"}, {"semTypes": ["T999"], "to": "5057", "fro": "5048", "fullId": "http://purl.bioontology.org/ontology/MSH/C095108", "preferredName": "amprenavir"}, {"semTypes": ["T999"], "to": "4461", "fro": "4452", "fullId": "http://purl.bioontology.org/ontology/RXNORM/85762", "preferredName": "Ritonavir"}, {"semTypes": ["T999"], "to": "7920", "fro": "7913", "fullId": "http://purl.bioontology.org/ontology/MSH/D014859", "preferredName": "Warfarin"}, {"semTypes": ["T999"], "to": "4019", "fro": "4009", "fullId": "http://purl.bioontology.org/ontology/MSH/C048833", "preferredName": "modafinil"}, {"semTypes": ["T999"], "to": "3891", "fro": "3882", "fullId": "http://purl.bioontology.org/ontology/RXNORM/3443", "preferredName": "Diltiazem"}, {"semTypes": ["T109", "T121"], "to": "3462", "fro": "3452", "fullId": "http://purl.bioontology.org/ontology/RXNORM/202421", "preferredName": "Coumadin"}, {"semTypes": ["T121", "T109"], "to": "5031", "fro": "5023", "fullId": "http://purl.bioontology.org/ontology/RXNORM/202421", "preferredName": "Coumadin"}, {"semTypes": ["T999"], "to": "3641", "fro": "3634", "fullId": "http://purl.bioontology.org/ontology/RXNORM/202421", "preferredName": "Coumadin"}, {"semTypes": ["T109", "T121"], "to": "4650", "fro": "4642", "fullId": "http://purl.bioontology.org/ontology/MSH/C095108", "preferredName": "amprenavir"}, {"semTypes": ["T999"], "to": "1118", "fro": "1111", "fullId": "http://purl.bioontology.org/ontology/MSH/D014859", "preferredName": "Warfarin"}, {"semTypes": ["T109", "T195"], "to": "3557", "fro": "3547", "fullId": "http://purl.bioontology.org/ontology/RXNORM/9384", "preferredName": "Rifampin"}, {"semTypes": ["T109", "T121"], "to": "4488", "fro": "4476", "fullId": "http://purl.bioontology.org/ontology/MSH/D016666", "preferredName": "Fluvoxamine"}, {"semTypes": ["T999"], "to": "4661", "fro": "4653", "fullId": "http://purl.bioontology.org/ontology/MSH/D000638", "preferredName": "Amiodarone"}, {"semTypes": ["T121", "T109"], "to": "4181", "fro": "4169", "fullId": "http://purl.bioontology.org/ontology/RXNORM/202421", "preferredName": "Coumadin"}, {"semTypes": ["T121", "T109"], "to": "6635", "fro": "6627", "fullId": "http://purl.bioontology.org/ontology/MSH/C097613", "preferredName": "imatinib"}, {"semTypes": ["T999"], "to": "8643", "fro": "8636", "fullId": "http://purl.bioontology.org/ontology/MSH/D014859", "preferredName": "Warfarin"}, {"semTypes": ["T999"], "to": "3901", "fro": "3894", "fullId": "http://purl.bioontology.org/ontology/MSH/D015725", "preferredName": "Fluconazole"}, {"semTypes": ["T999"], "to": "4360", "fro": "4351", "fullId": "http://purl.bioontology.org/ontology/MSH/C045645", "preferredName": "cilostazol"}, {"semTypes": ["T999"], "to": "1277", "fro": "1270", "fullId": "http://purl.bioontology.org/ontology/MSH/D014859", "preferredName": "Warfarin"}, {"semTypes": ["T121", "T109"], "to": "4541", "fro": "4533", "fullId": "http://purl.bioontology.org/ontology/RXNORM/9384", "preferredName": "Rifampin"}, {"semTypes": ["T999"], "to": "3422", "fro": "3411", "fullId": "http://purl.bioontology.org/ontology/RXNORM/40575", "preferredName": "zileuton"}, {"semTypes": ["T999"], "to": "5469", "fro": "5462", "fullId": "http://purl.bioontology.org/ontology/MSH/D014859", "preferredName": "Warfarin"}, {"semTypes": ["T109", "T121"], "to": "4689", "fro": "4678", "fullId": "http://purl.bioontology.org/ontology/RXNORM/195085", "preferredName": "efavirenz"}, {"semTypes": ["T999"], "to": "3926", "fro": "3916", "fullId": "http://purl.bioontology.org/ontology/RXNORM/11289", "preferredName": "Warfarin"}, {"semTypes": ["T121", "T109"], "to": "8643", "fro": "8636", "fullId": "http://purl.bioontology.org/ontology/MSH/D014859", "preferredName": "Warfarin"}, {"semTypes": ["T121", "T109"], "to": "3503", "fro": "3491", "fullId": "http://purl.bioontology.org/ontology/RXNORM/8183", "preferredName": "Phenytoin"}, {"semTypes": ["T999"], "to": "5405", "fro": "5398", "fullId": "http://purl.bioontology.org/ontology/MSH/D014859", "preferredName": "Warfarin"}, {"semTypes": ["T121", "T109"], "to": "4032", "fro": "4022", "fullId": "http://purl.bioontology.org/ontology/MSH/D005473", "preferredName": "Fluoxetine"}, {"semTypes": ["T999"], "to": "6948", "fro": "6940", "fullId": "http://purl.bioontology.org/ontology/RXNORM/2002", "preferredName": "Carbamazepine"}, {"semTypes": ["T999"], "to": "4975", "fro": "4963", "fullId": "http://purl.bioontology.org/ontology/RXNORM/202421", "preferredName": "Coumadin"}, {"semTypes": ["T109", "T121"], "to": "7183", "fro": "7172", "fullId": "http://purl.bioontology.org/ontology/RXNORM/2541", "preferredName": "Cimetidine"}, {"semTypes": ["T121", "T109"], "to": "4516", "fro": "4507", "fullId": "http://purl.bioontology.org/ontology/RXNORM/641465", "preferredName": "armodafinil"}, {"semTypes": ["T999"], "to": "4629", "fro": "4617", "fullId": "http://purl.bioontology.org/ontology/RXNORM/2002", "preferredName": "Carbamazepine"}, {"semTypes": ["T121", "T109"], "to": "6585", "fro": "6579", "fullId": "http://purl.bioontology.org/ontology/MSH/C086232", "preferredName": "bosentan"}, {"semTypes": ["T121", "T109"], "to": "6851", "fro": "6842", "fullId": "http://purl.bioontology.org/ontology/MSH/D015725", "preferredName": "Fluconazole"}, {"semTypes": ["T109", "T121"], "to": "6888", "fro": "6877", "fullId": "http://purl.bioontology.org/ontology/MSH/C063449", "preferredName": "zileuton"}, {"semTypes": ["T999"], "to": "4516", "fro": "4507", "fullId": "http://purl.bioontology.org/ontology/RXNORM/6693", "preferredName": "Mefenamic Acid"}, {"semTypes": ["T109", "T121"], "to": "4094", "fro": "4087", "fullId": "http://purl.bioontology.org/ontology/MSH/D019438", "preferredName": "Ritonavir"}, {"semTypes": ["T121", "T109"], "to": "4423", "fro": "4412", "fullId": "http://purl.bioontology.org/ontology/MSH/C102790", "preferredName": "voriconazole"}, {"semTypes": ["T999"], "to": "4950", "fro": "4941", "fullId": "http://purl.bioontology.org/ontology/RXNORM/11289", "preferredName": "Warfarin"}, {"semTypes": ["T999"], "to": "7270", "fro": "7261", "fullId": "http://purl.bioontology.org/ontology/RXNORM/8356", "preferredName": "Piroxicam"}, {"semTypes": ["T999"], "to": "7208", "fro": "7198", "fullId": "http://purl.bioontology.org/ontology/RXNORM/11289", "preferredName": "Warfarin"}, {"semTypes": ["T999"], "to": "6406", "fro": "6398", "fullId": "http://purl.bioontology.org/ontology/RXNORM/4493", "preferredName": "Fluoxetine"}, {"semTypes": ["T999"], "to": "3842", "fro": "3832", "fullId": "http://purl.bioontology.org/ontology/RXNORM/75207", "preferredName": "bosentan"}, {"semTypes": ["T121", "T109"], "to": "6827", "fro": "6819", "fullId": "http://purl.bioontology.org/ontology/RXNORM/5781", "preferredName": "Indomethacin"}, {"semTypes": ["T999"], "to": "4435", "fro": "4426", "fullId": "http://purl.bioontology.org/ontology/RXNORM/2002", "preferredName": "Carbamazepine"}, {"semTypes": ["T999"], "to": "6382", "fro": "6373", "fullId": "http://purl.bioontology.org/ontology/MSH/C107201", "preferredName": "tipranavir"}, {"semTypes": ["T999"], "to": "4960", "fro": "4953", "fullId": "http://purl.bioontology.org/ontology/RXNORM/42355", "preferredName": "Fluvoxamine"}, {"semTypes": ["T999"], "to": "7183", "fro": "7172", "fullId": "http://purl.bioontology.org/ontology/RXNORM/21107", "preferredName": "cilostazol"}, {"semTypes": ["T999"], "to": "4639", "fro": "4632", "fullId": "http://purl.bioontology.org/ontology/RXNORM/4493", "preferredName": "Fluoxetine"}, {"semTypes": ["T121", "T116"], "to": "6426", "fro": "6418", "fullId": "http://purl.bioontology.org/ontology/RXNORM/2551", "preferredName": "Ciprofloxacin"}, {"semTypes": ["T999"], "to": "6863", "fro": "6854", "fullId": "http://purl.bioontology.org/ontology/MSH/D002927", "preferredName": "Cimetidine"}, {"semTypes": ["T121", "T109", "T123"], "to": "3939", "fro": "3929", "fullId": "http://purl.bioontology.org/ontology/RXNORM/9384", "preferredName": "Rifampin"}, {"semTypes": ["T999"], "to": "6624", "fro": "6613", "fullId": "http://purl.bioontology.org/ontology/MSH/D015283", "preferredName": "Citalopram"}, {"semTypes": ["T999"], "to": "4815", "fro": "4807", "fullId": "http://purl.bioontology.org/ontology/RXNORM/11289", "preferredName": "Warfarin"}, {"semTypes": ["T121", "T110", "T125"], "to": "5057", "fro": "5048", "fullId": "http://purl.bioontology.org/ontology/RXNORM/40575", "preferredName": "zileuton"}, {"semTypes": ["T109", "T121"], "to": "4926", "fro": "4916", "fullId": "http://purl.bioontology.org/ontology/MSH/C063449", "preferredName": "zileuton"}, {"semTypes": ["T999"], "to": "1796", "fro": "1789", "fullId": "http://purl.bioontology.org/ontology/MSH/D014859", "preferredName": "Warfarin"}, {"semTypes": ["T999"], "to": "3951", "fro": "3942", "fullId": "http://purl.bioontology.org/ontology/RXNORM/4450", "preferredName": "Fluconazole"}, {"semTypes": ["T999"], "to": "3408", "fro": "3399", "fullId": "http://purl.bioontology.org/ontology/RXNORM/85762", "preferredName": "Ritonavir"}, {"semTypes": ["T121", "T109"], "to": "3571", "fro": "3560", "fullId": "http://purl.bioontology.org/ontology/RXNORM/11289", "preferredName": "Warfarin"}, {"semTypes": ["T109", "T121"], "to": "3901", "fro": "3894", "fullId": "http://purl.bioontology.org/ontology/RXNORM/69036", "preferredName": "rufinamide"}, {"semTypes": ["T121", "T109"], "to": "4986", "fro": "4978", "fullId": "http://purl.bioontology.org/ontology/MSH/C063449", "preferredName": "zileuton"}, {"semTypes": ["T109", "T121"], "to": "4675", "fro": "4664", "fullId": "http://purl.bioontology.org/ontology/RXNORM/8175", "preferredName": "Phenylpropanolamine"}, {"semTypes": ["T109", "T121"], "to": "4589", "fro": "4579", "fullId": "http://purl.bioontology.org/ontology/RXNORM/358255", "preferredName": "aprepitant"}, {"semTypes": ["T109", "T121"], "to": "3408", "fro": "3399", "fullId": "http://purl.bioontology.org/ontology/RXNORM/358255", "preferredName": "aprepitant"}, {"semTypes": ["T121", "T109"], "to": "5079", "fro": "5070", "fullId": "http://purl.bioontology.org/ontology/RXNORM/4450", "preferredName": "Fluconazole"}, {"semTypes": ["T121", "T109"], "to": "7208", "fro": "7198", "fullId": "http://purl.bioontology.org/ontology/RXNORM/11289", "preferredName": "Warfarin"}, {"semTypes": ["T999"], "to": "4689", "fro": "4678", "fullId": "http://purl.bioontology.org/ontology/MSH/D002939", "preferredName": "Ciprofloxacin"}, {"semTypes": ["T121", "T109"], "to": "7141", "fro": "7132", "fullId": "http://purl.bioontology.org/ontology/RXNORM/88249", "preferredName": "montelukast"}, {"semTypes": ["T999"], "to": "4722", "fro": "4713", "fullId": "http://purl.bioontology.org/ontology/RXNORM/72625", "preferredName": "duloxetine"}, {"semTypes": ["T121", "T109"], "to": "6610", "fro": "6600", "fullId": "http://purl.bioontology.org/ontology/MSH/D005473", "preferredName": "Fluoxetine"}, {"semTypes": ["T121", "T109"], "to": "3631", "fro": "3622", "fullId": "http://purl.bioontology.org/ontology/RXNORM/11289", "preferredName": "Warfarin"}, {"semTypes": ["T999"], "to": "8690", "fro": "8684", "fullId": "http://purl.bioontology.org/ontology/MSH/D010894", "preferredName": "Piroxicam"}, {"semTypes": ["T999"], "to": "4060", "fro": "4048", "fullId": "http://purl.bioontology.org/ontology/RXNORM/475969", "preferredName": "etravirine"}, {"semTypes": ["T999"], "to": "3449", "fro": "3440", "fullId": "http://purl.bioontology.org/ontology/MSH/D016666", "preferredName": "Fluvoxamine"}, {"semTypes": ["T121", "T109"], "to": "4614", "fro": "4604", "fullId": "http://purl.bioontology.org/ontology/RXNORM/11289", "preferredName": "Warfarin"}, {"semTypes": ["T109", "T121"], "to": "3544", "fro": "3531", "fullId": "http://purl.bioontology.org/ontology/RXNORM/9384", "preferredName": "Rifampin"}, {"semTypes": ["T999"], "to": "4562", "fro": "4554", "fullId": "http://purl.bioontology.org/ontology/RXNORM/7258", "preferredName": "Naproxen"}, {"semTypes": ["T999"], "to": "7245", "fro": "7236", "fullId": "http://purl.bioontology.org/ontology/RXNORM/2541", "preferredName": "Cimetidine"}, {"semTypes": ["T999"], "to": "5045", "fro": "5034", "fullId": "http://purl.bioontology.org/ontology/MSH/D010672", "preferredName": "Phenytoin"}, {"semTypes": ["T999"], "to": "3462", "fro": "3452", "fullId": "http://purl.bioontology.org/ontology/MSH/D016666", "preferredName": "Fluvoxamine"}, {"semTypes": ["T999"], "to": "4601", "fro": "4592", "fullId": "http://purl.bioontology.org/ontology/RXNORM/358255", "preferredName": "aprepitant"}, {"semTypes": ["T121", "T109"], "to": "3842", "fro": "3832", "fullId": "http://purl.bioontology.org/ontology/MSH/D007660", "preferredName": "Ketoprofen"}, {"semTypes": ["T999"], "to": "6851", "fro": "6842", "fullId": "http://purl.bioontology.org/ontology/RXNORM/88249", "preferredName": "montelukast"}, {"semTypes": ["T121", "T109"], "to": "4975", "fro": "4963", "fullId": "http://purl.bioontology.org/ontology/RXNORM/358255", "preferredName": "aprepitant"}, {"semTypes": ["T121", "T109"], "to": "4950", "fro": "4941", "fullId": "http://purl.bioontology.org/ontology/RXNORM/11289", "preferredName": "Warfarin"}, {"semTypes": ["T999"], "to": "3964", "fro": "3954", "fullId": "http://purl.bioontology.org/ontology/RXNORM/2541", "preferredName": "Cimetidine"}, {"semTypes": ["T999"], "to": "4842", "fro": "4830", "fullId": "http://purl.bioontology.org/ontology/MSH/D002927", "preferredName": "Cimetidine"}, {"semTypes": ["T121", "T109"], "to": "6969", "fro": "6962", "fullId": "http://purl.bioontology.org/ontology/MSH/D015283", "preferredName": "Citalopram"}, {"semTypes": ["T121", "T109"], "to": "1118", "fro": "1111", "fullId": "http://purl.bioontology.org/ontology/MSH/D014859", "preferredName": "Warfarin"}, {"semTypes": ["T999"], "to": "3515", "fro": "3506", "fullId": "http://purl.bioontology.org/ontology/RXNORM/228656", "preferredName": "Amprenavir"}, {"semTypes": ["T121", "T109"], "to": "7157", "fro": "7144", "fullId": "http://purl.bioontology.org/ontology/MSH/C065180", "preferredName": "fluvastatin"}, {"semTypes": ["T109", "T121"], "to": "4639", "fro": "4632", "fullId": "http://purl.bioontology.org/ontology/RXNORM/10594", "preferredName": "Ticlopidine"}, {"semTypes": ["T999"], "to": "6911", "fro": "6903", "fullId": "http://purl.bioontology.org/ontology/MSH/D005473", "preferredName": "Fluoxetine"}, {"semTypes": ["T121", "T109"], "to": "4804", "fro": "4795", "fullId": "http://purl.bioontology.org/ontology/MSH/D016572", "preferredName": "Cyclosporine"}, {"semTypes": ["T109", "T121"], "to": "4562", "fro": "4554", "fullId": "http://purl.bioontology.org/ontology/MSH/C086232", "preferredName": "bosentan"}, {"semTypes": ["T109", "T121"], "to": "6648", "fro": "6638", "fullId": "http://purl.bioontology.org/ontology/RXNORM/85762", "preferredName": "Ritonavir"}, {"semTypes": ["T999"], "to": "4938", "fro": "4929", "fullId": "http://purl.bioontology.org/ontology/MSH/C114556", "preferredName": "aprepitant"}, {"semTypes": ["T109", "T121"], "to": "4019", "fro": "4009", "fullId": "http://purl.bioontology.org/ontology/MSH/D010672", "preferredName": "Phenytoin"}, {"semTypes": ["T121", "T109"], "to": "4384", "fro": "4375", "fullId": "http://purl.bioontology.org/ontology/MSH/C060225", "preferredName": "desirudin"}, {"semTypes": ["T999"], "to": "6610", "fro": "6600", "fullId": "http://purl.bioontology.org/ontology/MSH/C086232", "preferredName": "bosentan"}, {"semTypes": ["T121", "T109"], "to": "7270", "fro": "7261", "fullId": "http://purl.bioontology.org/ontology/MSH/C045645", "preferredName": "cilostazol"}, {"semTypes": ["T109", "T121"], "to": "5009", "fro": "5001", "fullId": "http://purl.bioontology.org/ontology/MSH/C048833", "preferredName": "modafinil"}, {"semTypes": ["T109", "T121"], "to": "4780", "fro": "4769", "fullId": "http://purl.bioontology.org/ontology/MSH/D002939", "preferredName": "Ciprofloxacin"}, {"semTypes": ["T999"], "to": "8828", "fro": "8819", "fullId": "http://purl.bioontology.org/ontology/MSH/D010894", "preferredName": "Piroxicam"}, {"semTypes": ["T121", "T109"], "to": "6900", "fro": "6891", "fullId": "http://purl.bioontology.org/ontology/MSH/D013988", "preferredName": "Ticlopidine"}, {"semTypes": ["T109", "T121", "T131"], "to": "7650", "fro": "7643", "fullId": "http://purl.bioontology.org/ontology/MSH/D014859", "preferredName": "Warfarin"}, {"semTypes": ["T999"], "to": "8396", "fro": "8391", "fullId": "http://purl.bioontology.org/ontology/RXNORM/703", "preferredName": "Amiodarone"}, {"semTypes": ["T121", "T109"], "to": "4960", "fro": "4953", "fullId": "http://purl.bioontology.org/ontology/RXNORM/202421", "preferredName": "Coumadin"}, {"semTypes": ["T999"], "to": "4926", "fro": "4916", "fullId": "http://purl.bioontology.org/ontology/RXNORM/228656", "preferredName": "Amprenavir"}, {"semTypes": ["T999"], "to": "4700", "fro": "4692", "fullId": "http://purl.bioontology.org/ontology/RXNORM/8175", "preferredName": "Phenylpropanolamine"}, {"semTypes": ["T999"], "to": "6648", "fro": "6638", "fullId": "http://purl.bioontology.org/ontology/RXNORM/42355", "preferredName": "Fluvoxamine"}, {"semTypes": ["T121", "T109"], "to": "4827", "fro": "4818", "fullId": "http://purl.bioontology.org/ontology/MSH/D013988", "preferredName": "Ticlopidine"}, {"semTypes": ["T999"], "to": "4868", "fro": "4857", "fullId": "http://purl.bioontology.org/ontology/RXNORM/202421", "preferredName": "Coumadin"}, {"semTypes": ["T116", "T121"], "to": "6406", "fro": "6398", "fullId": "http://purl.bioontology.org/ontology/MSH/D016572", "preferredName": "Cyclosporine"}, {"semTypes": ["T999"], "to": "3879", "fro": "3867", "fullId": "http://purl.bioontology.org/ontology/RXNORM/358255", "preferredName": "aprepitant"}, {"semTypes": ["T109", "T121"], "to": "4084", "fro": "4076", "fullId": "http://purl.bioontology.org/ontology/RXNORM/384455", "preferredName": "tigecycline"}, {"semTypes": ["T109", "T121"], "to": "6937", "fro": "6930", "fullId": "http://purl.bioontology.org/ontology/RXNORM/8134", "preferredName": "Phenobarbital"}, {"semTypes": ["T121", "T109"], "to": "6948", "fro": "6940", "fullId": "http://purl.bioontology.org/ontology/RXNORM/8183", "preferredName": "Phenytoin"}, {"semTypes": ["T999"], "to": "4154", "fro": "4145", "fullId": "http://purl.bioontology.org/ontology/RXNORM/21212", "preferredName": "Clarithromycin"}, {"semTypes": ["T109", "T121"], "to": "4661", "fro": "4653", "fullId": "http://purl.bioontology.org/ontology/RXNORM/703", "preferredName": "Amiodarone"}, {"semTypes": ["T999"], "to": "4878", "fro": "4871", "fullId": "http://purl.bioontology.org/ontology/RXNORM/202421", "preferredName": "Coumadin"}, {"semTypes": ["T121", "T109"], "to": "3641", "fro": "3634", "fullId": "http://purl.bioontology.org/ontology/RXNORM/42355", "preferredName": "Fluvoxamine"}, {"semTypes": ["T999"], "to": "3475", "fro": "3465", "fullId": "http://purl.bioontology.org/ontology/RXNORM/8134", "preferredName": "Phenobarbital"}, {"semTypes": ["T999"], "to": "6937", "fro": "6930", "fullId": "http://purl.bioontology.org/ontology/RXNORM/121243", "preferredName": "voriconazole"}, {"semTypes": ["T121", "T109"], "to": "4154", "fro": "4145", "fullId": "http://purl.bioontology.org/ontology/RXNORM/2551", "preferredName": "Ciprofloxacin"}, {"semTypes": ["T999"], "to": "4804", "fro": "4795", "fullId": "http://purl.bioontology.org/ontology/RXNORM/2551", "preferredName": "Ciprofloxacin"}, {"semTypes": ["T109", "T121"], "to": "4006", "fro": "3988", "fullId": "http://purl.bioontology.org/ontology/RXNORM/75207", "preferredName": "bosentan"}, {"semTypes": ["T121", "T109"], "to": "4461", "fro": "4452", "fullId": "http://purl.bioontology.org/ontology/MSH/D019438", "preferredName": "Ritonavir"}, {"semTypes": ["T121", "T109"], "to": "3449", "fro": "3440", "fullId": "http://purl.bioontology.org/ontology/MSH/C114556", "preferredName": "aprepitant"}, {"semTypes": ["T116", "T121"], "to": "6395", "fro": "6385", "fullId": "http://purl.bioontology.org/ontology/MSH/C065180", "preferredName": "fluvastatin"}, {"semTypes": ["T999"], "to": "4530", "fro": "4519", "fullId": "http://purl.bioontology.org/ontology/RXNORM/75207", "preferredName": "bosentan"}, {"semTypes": ["T999"], "to": "4780", "fro": "4769", "fullId": "http://purl.bioontology.org/ontology/MSH/C408153", "preferredName": "prasugrel"}, {"semTypes": ["T121", "T109"], "to": "4854", "fro": "4845", "fullId": "http://purl.bioontology.org/ontology/MSH/D002220", "preferredName": "Carbamazepine"}, {"semTypes": ["T121", "T109"], "to": "4629", "fro": "4617", "fullId": "http://purl.bioontology.org/ontology/MSH/D009288", "preferredName": "Naproxen"}, {"semTypes": ["T109", "T121", "T131"], "to": "1757", "fro": "1750", "fullId": "http://purl.bioontology.org/ontology/MSH/D014859", "preferredName": "Warfarin"}, {"semTypes": ["T999"], "to": "7772", "fro": "7765", "fullId": "http://purl.bioontology.org/ontology/MSH/D014859", "preferredName": "Warfarin"}, {"semTypes": ["T121", "T109"], "to": "3864", "fro": "3855", "fullId": "http://purl.bioontology.org/ontology/RXNORM/42355", "preferredName": "Fluvoxamine"}, {"semTypes": ["T999"], "to": "4006", "fro": "3988", "fullId": "http://purl.bioontology.org/ontology/RXNORM/4493", "preferredName": "Fluoxetine"}, {"semTypes": ["T109", "T121"], "to": "6927", "fro": "6914", "fullId": "http://purl.bioontology.org/ontology/MSH/D010634", "preferredName": "Phenobarbital"}, {"semTypes": ["T121", "T109"], "to": "4792", "fro": "4783", "fullId": "http://purl.bioontology.org/ontology/RXNORM/10594", "preferredName": "Ticlopidine"}, {"semTypes": ["T999"], "to": "4166", "fro": "4157", "fullId": "http://purl.bioontology.org/ontology/MSH/C451734", "preferredName": "etravirine"}, {"semTypes": ["T109", "T121"], "to": "4745", "fro": "4737", "fullId": "http://purl.bioontology.org/ontology/MSH/D010672", "preferredName": "Phenytoin"}, {"semTypes": ["T999"], "to": "6959", "fro": "6951", "fullId": "http://purl.bioontology.org/ontology/MSH/C102790", "preferredName": "voriconazole"}, {"semTypes": ["T109", "T121"], "to": "6624", "fro": "6613", "fullId": "http://purl.bioontology.org/ontology/MSH/D010634", "preferredName": "Phenobarbital"}, {"semTypes": ["T121", "T109"], "to": "4722", "fro": "4713", "fullId": "http://purl.bioontology.org/ontology/MSH/D013988", "preferredName": "Ticlopidine"}, {"semTypes": ["T999"], "to": "1757", "fro": "1750", "fullId": "http://purl.bioontology.org/ontology/MSH/D014859", "preferredName": "Warfarin"}, {"semTypes": ["T195", "T109"], "to": "5020", "fro": "5012", "fullId": "http://purl.bioontology.org/ontology/MSH/C095108", "preferredName": "amprenavir"}, {"semTypes": ["T121", "T109"], "to": "4435", "fro": "4426", "fullId": "http://purl.bioontology.org/ontology/MSH/D012293", "preferredName": "Rifampin"}, {"semTypes": ["T109", "T121"], "to": "3879", "fro": "3867", "fullId": "http://purl.bioontology.org/ontology/RXNORM/85762", "preferredName": "Ritonavir"}, {"semTypes": ["T109", "T121"], "to": "3584", "fro": "3574", "fullId": "http://purl.bioontology.org/ontology/RXNORM/6693", "preferredName": "Mefenamic Acid"}, {"semTypes": ["T999"], "to": "4854", "fro": "4845", "fullId": "http://purl.bioontology.org/ontology/MSH/D002220", "preferredName": "Carbamazepine"}, {"semTypes": ["T999"], "to": "3939", "fro": "3929", "fullId": "http://purl.bioontology.org/ontology/MSH/D008825", "preferredName": "Miconazole"}, {"semTypes": ["T121", "T109"], "to": "3951", "fro": "3942", "fullId": "http://purl.bioontology.org/ontology/MSH/C451734", "preferredName": "etravirine"}, {"semTypes": ["T999"], "to": "4745", "fro": "4737", "fullId": "http://purl.bioontology.org/ontology/MSH/C107201", "preferredName": "tipranavir"}, {"semTypes": ["T121", "T109"], "to": "7920", "fro": "7913", "fullId": "http://purl.bioontology.org/ontology/MSH/D014859", "preferredName": "Warfarin"}, {"semTypes": ["T999"], "to": "3557", "fro": "3547", "fullId": "http://purl.bioontology.org/ontology/MSH/D012293", "preferredName": "Rifampin"}, {"semTypes": ["T121", "T109"], "to": "6839", "fro": "6830", "fullId": "http://purl.bioontology.org/ontology/MSH/D002220", "preferredName": "Carbamazepine"}, {"semTypes": ["T999"], "to": "4073", "fro": "4063", "fullId": "http://purl.bioontology.org/ontology/MSH/D016666", "preferredName": "Fluvoxamine"}, {"semTypes": ["T999"], "to": "5031", "fro": "5023", "fullId": "http://purl.bioontology.org/ontology/MSH/C451734", "preferredName": "etravirine"}, {"semTypes": ["T999"], "to": "4142", "fro": "4132", "fullId": "http://purl.bioontology.org/ontology/MSH/D012293", "preferredName": "Rifampin"}, {"semTypes": ["T121", "T109"], "to": "7258", "fro": "7248", "fullId": "http://purl.bioontology.org/ontology/MSH/D015725", "preferredName": "Fluconazole"}, {"semTypes": ["T121", "T109"], "to": "4449", "fro": "4438", "fullId": "http://purl.bioontology.org/ontology/MSH/D002927", "preferredName": "Cimetidine"}, {"semTypes": ["T999"], "to": "6927", "fro": "6914", "fullId": "http://purl.bioontology.org/ontology/RXNORM/475969", "preferredName": "etravirine"}, {"semTypes": ["T121", "T109"], "to": "6959", "fro": "6951", "fullId": "http://purl.bioontology.org/ontology/RXNORM/4450", "preferredName": "Fluconazole"}, {"semTypes": ["T121", "T109"], "to": "7195", "fro": "7186", "fullId": "http://purl.bioontology.org/ontology/MSH/D019438", "preferredName": "Ritonavir"}, {"semTypes": ["T999"], "to": "6395", "fro": "6385", "fullId": "http://purl.bioontology.org/ontology/RXNORM/3443", "preferredName": "Diltiazem"}, {"semTypes": ["T999"], "to": "4551", "fro": "4543", "fullId": "http://purl.bioontology.org/ontology/RXNORM/11289", "preferredName": "Warfarin"}, {"semTypes": ["T999"], "to": "4792", "fro": "4783", "fullId": "http://purl.bioontology.org/ontology/RXNORM/8183", "preferredName": "Phenytoin"}, {"semTypes": ["T121", "T109"], "to": "4710", "fro": "4702", "fullId": "http://purl.bioontology.org/ontology/RXNORM/11289", "preferredName": "Warfarin"}, {"semTypes": ["T999"], "to": "3829", "fro": "3821", "fullId": "http://purl.bioontology.org/ontology/RXNORM/8134", "preferredName": "Phenobarbital"}, {"semTypes": ["T114", "T121"], "to": "3422", "fro": "3411", "fullId": "http://purl.bioontology.org/ontology/MSH/C095108", "preferredName": "amprenavir"}, {"semTypes": ["T999"], "to": "6635", "fro": "6627", "fullId": "http://purl.bioontology.org/ontology/RXNORM/228656", "preferredName": "Amprenavir"}, {"semTypes": ["T999"], "to": "3671", "fro": "3659", "fullId": "http://purl.bioontology.org/ontology/MSH/D016666", "preferredName": "Fluvoxamine"}, {"semTypes": ["T121", "T109"], "to": "7221", "fro": "7211", "fullId": "http://purl.bioontology.org/ontology/MSH/D000638", "preferredName": "Amiodarone"}, {"semTypes": ["T109", "T121"], "to": "3964", "fro": "3954", "fullId": "http://purl.bioontology.org/ontology/RXNORM/21107", "preferredName": "cilostazol"}, {"semTypes": ["T999"], "to": "3503", "fro": "3491", "fullId": "http://purl.bioontology.org/ontology/RXNORM/8134", "preferredName": "Phenobarbital"}, {"semTypes": ["T999"], "to": "327", "fro": "319", "fullId": "http://purl.bioontology.org/ontology/RXNORM/8356", "preferredName": "Piroxicam"}, {"semTypes": ["T999"], "to": "6969", "fro": "6962", "fullId": "http://purl.bioontology.org/ontology/MSH/C045645", "preferredName": "cilostazol"}, {"semTypes": ["T109", "T121"], "to": "6863", "fro": "6854", "fullId": "http://purl.bioontology.org/ontology/MSH/D015725", "preferredName": "Fluconazole"}, {"semTypes": ["T123", "T118", "T121"], "to": "6415", "fro": "6409", "fullId": "http://purl.bioontology.org/ontology/RXNORM/703", "preferredName": "Amiodarone"}, {"semTypes": ["T121", "T109"], "to": "4700", "fro": "4692", "fullId": "http://purl.bioontology.org/ontology/RXNORM/121243", "preferredName": "voriconazole"}, {"semTypes": ["T999"], "to": "4372", "fro": "4363", "fullId": "http://purl.bioontology.org/ontology/MSH/D019438", "preferredName": "Ritonavir"}, {"semTypes": ["T999"], "to": "4576", "fro": "4565", "fullId": "http://purl.bioontology.org/ontology/MSH/C097613", "preferredName": "imatinib"}]