[{"semTypes": ["T999"], "to": "723", "fro": "716", "fullId": "http://purl.bioontology.org/ontology/MSH/D014859", "preferredName": "Warfarin"}, {"semTypes": ["T999"], "to": "8269", "fro": "8259", "fullId": "http://purl.bioontology.org/ontology/MSH/D004984", "preferredName": "Ethchlorvynol"}, {"semTypes": ["T999"], "to": "9946", "fro": "9938", "fullId": "http://purl.bioontology.org/ontology/RXNORM/21212", "preferredName": "Clarithromycin"}, {"semTypes": ["T195", "T109"], "to": "8988", "fro": "8975", "fullId": "http://purl.bioontology.org/ontology/RXNORM/6835", "preferredName": "Methimazole"}, {"semTypes": ["T121", "T109"], "to": "10011", "fro": "10004", "fullId": "http://purl.bioontology.org/ontology/MSH/D008750", "preferredName": "Methyldopa"}, {"semTypes": ["T999"], "to": "9030", "fro": "9020", "fullId": "http://purl.bioontology.org/ontology/RXNORM/221126", "preferredName": "Moricizine hydrochloride"}, {"semTypes": ["T121", "T109"], "to": "9074", "fro": "9065", "fullId": "http://purl.bioontology.org/ontology/RXNORM/221126", "preferredName": "Moricizine hydrochloride"}, {"semTypes": ["T999"], "to": "15479", "fro": "15467", "fullId": "http://purl.bioontology.org/ontology/RXNORM/8785", "preferredName": "Propoxyphene"}, {"semTypes": ["T195", "T118"], "to": "9014", "fro": "9007", "fullId": "http://purl.bioontology.org/ontology/RXNORM/42355", "preferredName": "Fluvoxamine"}, {"semTypes": ["T999"], "to": "8094", "fro": "8085", "fullId": "http://purl.bioontology.org/ontology/MSH/D002697", "preferredName": "Chloral Hydrate"}, {"semTypes": ["T999"], "to": "7545", "fro": "7534", "fullId": "http://purl.bioontology.org/ontology/MSH/D014812", "preferredName": "Vitamin K"}, {"semTypes": ["T109", "T121"], "to": "9643", "fro": "9630", "fullId": "http://purl.bioontology.org/ontology/MSH/D002697", "preferredName": "Chloral Hydrate"}, {"semTypes": ["T121", "T109"], "to": "9278", "fro": "9270", "fullId": "http://purl.bioontology.org/ontology/RXNORM/10205", "preferredName": "Sulfinpyrazone"}, {"semTypes": ["T195", "T109"], "to": "8600", "fro": "8589", "fullId": "http://purl.bioontology.org/ontology/RXNORM/6901", "preferredName": "Methylphenidate"}, {"semTypes": ["T999"], "to": "7663", "fro": "7655", "fullId": "http://purl.bioontology.org/ontology/MSH/D013300", "preferredName": "Streptokinase"}, {"semTypes": ["T121", "T109"], "to": "7410", "fro": "7398", "fullId": "http://purl.bioontology.org/ontology/RXNORM/8640", "preferredName": "Prednisone"}, {"semTypes": ["T121", "T109"], "to": "8301", "fro": "8292", "fullId": "http://purl.bioontology.org/ontology/RXNORM/8640", "preferredName": "Prednisone"}, {"semTypes": ["T114", "T121"], "to": "9475", "fro": "9460", "fullId": "http://purl.bioontology.org/ontology/RXNORM/11258", "preferredName": "Vitamin K"}, {"semTypes": ["T121", "T109"], "to": "7845", "fro": "7836", "fullId": "http://purl.bioontology.org/ontology/RXNORM/83367", "preferredName": "atorvastatin"}, {"semTypes": ["T109", "T121"], "to": "9728", "fro": "9720", "fullId": "http://purl.bioontology.org/ontology/RXNORM/83367", "preferredName": "atorvastatin"}, {"semTypes": ["T109", "T121"], "to": "7469", "fro": "7451", "fullId": "http://purl.bioontology.org/ontology/RXNORM/6760", "preferredName": "Meprobamate"}, {"semTypes": ["T999"], "to": "8583", "fro": "8574", "fullId": "http://purl.bioontology.org/ontology/MSH/D011441", "preferredName": "Propylthiouracil"}, {"semTypes": ["T109", "T121"], "to": "9850", "fro": "9840", "fullId": "http://purl.bioontology.org/ontology/RXNORM/3002", "preferredName": "Cyclophosphamide"}, {"semTypes": ["T999"], "to": "8171", "fro": "8160", "fullId": "http://purl.bioontology.org/ontology/MSH/D011345", "preferredName": "Fenofibrate"}, {"semTypes": ["T999"], "to": "12667", "fro": "12656", "fullId": "http://purl.bioontology.org/ontology/MSH/D011441", "preferredName": "Propylthiouracil"}, {"semTypes": ["T999"], "to": "7758", "fro": "7744", "fullId": "http://purl.bioontology.org/ontology/MSH/D003520", "preferredName": "Cyclophosphamide"}, {"semTypes": ["T999"], "to": "8123", "fro": "8114", "fullId": "http://purl.bioontology.org/ontology/MSH/D010131", "preferredName": "Aminosalicylic Acid"}, {"semTypes": ["T121", "T109"], "to": "9454", "fro": "9444", "fullId": "http://purl.bioontology.org/ontology/MSH/D002440", "preferredName": "Cefoxitin"}, {"semTypes": ["T999"], "to": "8988", "fro": "8975", "fullId": "http://purl.bioontology.org/ontology/MSH/D002939", "preferredName": "Ciprofloxacin"}, {"semTypes": ["T121", "T118"], "to": "7963", "fro": "7957", "fullId": "http://purl.bioontology.org/ontology/MSH/D013420", "preferredName": "Sulfamethoxazole"}, {"semTypes": ["T999"], "to": "8301", "fro": "8292", "fullId": "http://purl.bioontology.org/ontology/MSH/D011899", "preferredName": "Ranitidine"}, {"semTypes": ["T999"], "to": "15219", "fro": "15208", "fullId": "http://purl.bioontology.org/ontology/RXNORM/3002", "preferredName": "Cyclophosphamide"}, {"semTypes": ["T999"], "to": "7585", "fro": "7575", "fullId": "http://purl.bioontology.org/ontology/MSH/C063129", "preferredName": "rabeprazole"}, {"semTypes": ["T121", "T115"], "to": "15142", "fro": "15127", "fullId": "http://purl.bioontology.org/ontology/RXNORM/8640", "preferredName": "Prednisone"}, {"semTypes": ["T121", "T109"], "to": "9714", "fro": "9707", "fullId": "http://purl.bioontology.org/ontology/RXNORM/41127", "preferredName": "fluvastatin"}, {"semTypes": ["T999"], "to": "4242", "fro": "4227", "fullId": "http://purl.bioontology.org/ontology/MSH/D011241", "preferredName": "Prednisone"}, {"semTypes": ["T999"], "to": "10011", "fro": "10004", "fullId": "http://purl.bioontology.org/ontology/RXNORM/6932", "preferredName": "Miconazole"}, {"semTypes": ["T999"], "to": "9903", "fro": "9888", "fullId": "http://purl.bioontology.org/ontology/MSH/D014812", "preferredName": "Vitamin K"}, {"semTypes": ["T999"], "to": "9745", "fro": "9734", "fullId": "http://purl.bioontology.org/ontology/MSH/D010672", "preferredName": "Phenytoin"}, {"semTypes": ["T121", "T109"], "to": "7863", "fro": "7851", "fullId": "http://purl.bioontology.org/ontology/MSH/D010672", "preferredName": "Phenytoin"}, {"semTypes": ["T999"], "to": "14948", "fro": "14933", "fullId": "http://purl.bioontology.org/ontology/RXNORM/2344", "preferredName": "Chloral Hydrate"}, {"semTypes": ["T109", "T121"], "to": "14900", "fro": "14888", "fullId": "http://purl.bioontology.org/ontology/MSH/D002697", "preferredName": "Chloral Hydrate"}, {"semTypes": ["T999"], "to": "8463", "fro": "8452", "fullId": "http://purl.bioontology.org/ontology/MSH/C063129", "preferredName": "rabeprazole"}, {"semTypes": ["T999"], "to": "9059", "fro": "9050", "fullId": "http://purl.bioontology.org/ontology/RXNORM/2344", "preferredName": "Chloral Hydrate"}, {"semTypes": ["T121", "T118", "T123"], "to": "8417", "fro": "8411", "fullId": "http://purl.bioontology.org/ontology/RXNORM/10207", "preferredName": "Sulfisoxazole"}, {"semTypes": ["T999"], "to": "8238", "fro": "8228", "fullId": "http://purl.bioontology.org/ontology/RXNORM/10594", "preferredName": "Ticlopidine"}, {"semTypes": ["T109", "T121"], "to": "15443", "fro": "15433", "fullId": "http://purl.bioontology.org/ontology/MSH/D012459", "preferredName": "Salicylates"}, {"semTypes": ["T999"], "to": "9524", "fro": "9514", "fullId": "http://purl.bioontology.org/ontology/RXNORM/8183", "preferredName": "Phenytoin"}, {"semTypes": ["T999"], "to": "2164", "fro": "2157", "fullId": "http://purl.bioontology.org/ontology/RXNORM/32385", "preferredName": "olsalazine"}, {"semTypes": ["T999"], "to": "15684", "fro": "15675", "fullId": "http://purl.bioontology.org/ontology/MSH/D006118", "preferredName": "Griseofulvin"}, {"semTypes": ["T121", "T109"], "to": "15219", "fro": "15208", "fullId": "http://purl.bioontology.org/ontology/RXNORM/42355", "preferredName": "Fluvoxamine"}, {"semTypes": ["T121", "T109"], "to": "9030", "fro": "9020", "fullId": "http://purl.bioontology.org/ontology/RXNORM/9143", "preferredName": "Ranitidine"}, {"semTypes": ["T999"], "to": "9454", "fro": "9444", "fullId": "http://purl.bioontology.org/ontology/MSH/D001241", "preferredName": "Aspirin"}, {"semTypes": ["T999"], "to": "9438", "fro": "9427", "fullId": "http://purl.bioontology.org/ontology/MSH/D014044", "preferredName": "Tolbutamide"}, {"semTypes": ["T999"], "to": "8523", "fro": "8514", "fullId": "http://purl.bioontology.org/ontology/RXNORM/719", "preferredName": "Amobarbital"}, {"semTypes": ["T109", "T121"], "to": "15202", "fro": "15191", "fullId": "http://purl.bioontology.org/ontology/RXNORM/2002", "preferredName": "Carbamazepine"}, {"semTypes": ["T999"], "to": "4293", "fro": "4281", "fullId": "http://purl.bioontology.org/ontology/RXNORM/10106", "preferredName": "Streptokinase"}, {"semTypes": ["T999"], "to": "13233", "fro": "13226", "fullId": "http://purl.bioontology.org/ontology/MSH/D014812", "preferredName": "Vitamin K"}, {"semTypes": ["T999"], "to": "7632", "fro": "7624", "fullId": "http://purl.bioontology.org/ontology/MSH/D004008", "preferredName": "Diclofenac"}, {"semTypes": ["T109", "T195"], "to": "7649", "fro": "7638", "fullId": "http://purl.bioontology.org/ontology/RXNORM/10179", "preferredName": "Sulfamethizole"}, {"semTypes": ["T121", "T115"], "to": "8446", "fro": "8437", "fullId": "http://purl.bioontology.org/ontology/RXNORM/10179", "preferredName": "Sulfamethizole"}, {"semTypes": ["T109", "T121"], "to": "8123", "fro": "8114", "fullId": "http://purl.bioontology.org/ontology/MSH/D013300", "preferredName": "Streptokinase"}, {"semTypes": ["T999"], "to": "7649", "fro": "7638", "fullId": "http://purl.bioontology.org/ontology/MSH/D000493", "preferredName": "Allopurinol"}, {"semTypes": ["T125", "T121", "T110"], "to": "9090", "fro": "9080", "fullId": "http://purl.bioontology.org/ontology/RXNORM/8691", "preferredName": "Primidone"}, {"semTypes": ["T195", "T109"], "to": "9745", "fro": "9734", "fullId": "http://purl.bioontology.org/ontology/MSH/D000493", "preferredName": "Allopurinol"}, {"semTypes": ["T999"], "to": "9998", "fro": "9988", "fullId": "http://purl.bioontology.org/ontology/RXNORM/8691", "preferredName": "Primidone"}, {"semTypes": ["T109", "T121"], "to": "8108", "fro": "8100", "fullId": "http://purl.bioontology.org/ontology/RXNORM/161", "preferredName": "Acetaminophen"}, {"semTypes": ["T999"], "to": "5532", "fro": "5524", "fullId": "http://purl.bioontology.org/ontology/MSH/D013419", "preferredName": "Sulfamethizole"}, {"semTypes": ["T999"], "to": "9496", "fro": "9488", "fullId": "http://purl.bioontology.org/ontology/RXNORM/161", "preferredName": "Acetaminophen"}, {"semTypes": ["T999"], "to": "15719", "fro": "15712", "fullId": "http://purl.bioontology.org/ontology/RXNORM/4493", "preferredName": "Fluoxetine"}, {"semTypes": ["T999"], "to": "7602", "fro": "7591", "fullId": "http://purl.bioontology.org/ontology/RXNORM/4493", "preferredName": "Fluoxetine"}, {"semTypes": ["T999"], "to": "7410", "fro": "7398", "fullId": "http://purl.bioontology.org/ontology/RXNORM/7517", "preferredName": "Norfloxacin"}, {"semTypes": ["T109", "T121"], "to": "8943", "fro": "8934", "fullId": "http://purl.bioontology.org/ontology/MSH/D002697", "preferredName": "Chloral Hydrate"}, {"semTypes": ["T109", "T121"], "to": "9496", "fro": "9488", "fullId": "http://purl.bioontology.org/ontology/RXNORM/519", "preferredName": "Allopurinol"}, {"semTypes": ["T121", "T109"], "to": "9001", "fro": "8994", "fullId": "http://purl.bioontology.org/ontology/RXNORM/2541", "preferredName": "Cimetidine"}, {"semTypes": ["T999"], "to": "12482", "fro": "12469", "fullId": "http://purl.bioontology.org/ontology/RXNORM/82122", "preferredName": "Levofloxacin"}, {"semTypes": ["T999"], "to": "7997", "fro": "7989", "fullId": "http://purl.bioontology.org/ontology/RXNORM/2541", "preferredName": "Cimetidine"}, {"semTypes": ["T109", "T121"], "to": "8508", "fro": "8497", "fullId": "http://purl.bioontology.org/ontology/RXNORM/2594", "preferredName": "Clofibrate"}, {"semTypes": ["T109", "T195"], "to": "7677", "fro": "7669", "fullId": "http://purl.bioontology.org/ontology/RXNORM/10324", "preferredName": "Tamoxifen"}, {"semTypes": ["T999"], "to": "15370", "fro": "15360", "fullId": "http://purl.bioontology.org/ontology/RXNORM/114194", "preferredName": "Warfarin Sodium"}, {"semTypes": ["T109", "T121"], "to": "9863", "fro": "9856", "fullId": "http://purl.bioontology.org/ontology/MSH/D013419", "preferredName": "Sulfamethizole"}, {"semTypes": ["T999"], "to": "9812", "fro": "9802", "fullId": "http://purl.bioontology.org/ontology/MSH/D007978", "preferredName": "Levamisole"}, {"semTypes": ["T999"], "to": "9932", "fro": "9923", "fullId": "http://purl.bioontology.org/ontology/MSH/C031942", "preferredName": "argatroban"}, {"semTypes": ["T999"], "to": "15354", "fro": "15339", "fullId": "http://purl.bioontology.org/ontology/MSH/C105934", "preferredName": "celecoxib"}, {"semTypes": ["T999"], "to": "8751", "fro": "8738", "fullId": "http://purl.bioontology.org/ontology/MSH/D002435", "preferredName": "Cefamandole"}, {"semTypes": ["T999"], "to": "8391", "fro": "8384", "fullId": "http://purl.bioontology.org/ontology/RXNORM/2193", "preferredName": "Ceftriaxone"}, {"semTypes": ["T121", "T109"], "to": "7778", "fro": "7764", "fullId": "http://purl.bioontology.org/ontology/RXNORM/8640", "preferredName": "Prednisone"}, {"semTypes": ["T121", "T109"], "to": "8094", "fro": "8085", "fullId": "http://purl.bioontology.org/ontology/RXNORM/2193", "preferredName": "Ceftriaxone"}, {"semTypes": ["T999"], "to": "7724", "fro": "7713", "fullId": "http://purl.bioontology.org/ontology/RXNORM/5093", "preferredName": "Haloperidol"}, {"semTypes": ["T999"], "to": "8405", "fro": "8397", "fullId": "http://purl.bioontology.org/ontology/MSH/D000082", "preferredName": "Acetaminophen"}, {"semTypes": ["T999"], "to": "7515", "fro": "7509", "fullId": "http://purl.bioontology.org/ontology/RXNORM/9143", "preferredName": "Ranitidine"}, {"semTypes": ["T109", "T121"], "to": "8405", "fro": "8397", "fullId": "http://purl.bioontology.org/ontology/MSH/D002701", "preferredName": "Chloramphenicol"}, {"semTypes": ["T999"], "to": "8208", "fro": "8194", "fullId": "http://purl.bioontology.org/ontology/RXNORM/7240", "preferredName": "Nalidixic Acid"}, {"semTypes": ["T999"], "to": "15559", "fro": "15551", "fullId": "http://purl.bioontology.org/ontology/MSH/D001262", "preferredName": "Atenolol"}, {"semTypes": ["T124", "T125", "T121", "T116"], "to": "15107", "fro": "15095", "fullId": "http://purl.bioontology.org/ontology/MSH/D012459", "preferredName": "Salicylates"}, {"semTypes": ["T999"], "to": "7983", "fro": "7969", "fullId": "http://purl.bioontology.org/ontology/MSH/C105934", "preferredName": "celecoxib"}, {"semTypes": ["T109", "T195"], "to": "9044", "fro": "9036", "fullId": "http://purl.bioontology.org/ontology/RXNORM/72143", "preferredName": "Raloxifene"}, {"semTypes": ["T109", "T121"], "to": "9508", "fro": "9502", "fullId": "http://purl.bioontology.org/ontology/RXNORM/477631", "preferredName": "butabarbital"}, {"semTypes": ["T999"], "to": "9121", "fro": "9110", "fullId": "http://purl.bioontology.org/ontology/MSH/C031942", "preferredName": "argatroban"}, {"semTypes": ["T121", "T109"], "to": "14967", "fro": "14954", "fullId": "http://purl.bioontology.org/ontology/RXNORM/341248", "preferredName": "ezetimibe"}, {"semTypes": ["T999"], "to": "9153", "fro": "9144", "fullId": "http://purl.bioontology.org/ontology/RXNORM/477631", "preferredName": "butabarbital"}, {"semTypes": ["T109", "T195"], "to": "15427", "fro": "15419", "fullId": "http://purl.bioontology.org/ontology/RXNORM/42635", "preferredName": "Dextran"}, {"semTypes": ["T109", "T121"], "to": "16469", "fro": "16459", "fullId": "http://purl.bioontology.org/ontology/RXNORM/114194", "preferredName": "Warfarin Sodium"}, {"semTypes": ["T999"], "to": "13025", "fro": "12998", "fullId": "http://purl.bioontology.org/ontology/MSH/D010400", "preferredName": "Penicillin G"}, {"semTypes": ["T109", "T195"], "to": "9664", "fro": "9649", "fullId": "http://purl.bioontology.org/ontology/MSH/D017035", "preferredName": "Pravastatin"}, {"semTypes": ["T109", "T121"], "to": "15493", "fro": "15485", "fullId": "http://purl.bioontology.org/ontology/MSH/D003520", "preferredName": "Cyclophosphamide"}, {"semTypes": ["T109", "T121"], "to": "8767", "fro": "8757", "fullId": "http://purl.bioontology.org/ontology/MSH/D003520", "preferredName": "Cyclophosphamide"}, {"semTypes": ["T999"], "to": "8108", "fro": "8100", "fullId": "http://purl.bioontology.org/ontology/RXNORM/9624", "preferredName": "Secobarbital"}, {"semTypes": ["T121", "T109"], "to": "7877", "fro": "7869", "fullId": "http://purl.bioontology.org/ontology/MSH/D011899", "preferredName": "Ranitidine"}, {"semTypes": ["T121", "T115"], "to": "7932", "fro": "7917", "fullId": "http://purl.bioontology.org/ontology/RXNORM/8794", "preferredName": "Propylthiouracil"}, {"semTypes": ["T999"], "to": "8568", "fro": "8560", "fullId": "http://purl.bioontology.org/ontology/RXNORM/719", "preferredName": "Amobarbital"}, {"semTypes": ["T999"], "to": "14920", "fro": "14906", "fullId": "http://purl.bioontology.org/ontology/RXNORM/8794", "preferredName": "Propylthiouracil"}, {"semTypes": ["T999"], "to": "7778", "fro": "7764", "fullId": "http://purl.bioontology.org/ontology/MSH/D017035", "preferredName": "Pravastatin"}, {"semTypes": ["T999"], "to": "15121", "fro": "15113", "fullId": "http://purl.bioontology.org/ontology/RXNORM/9384", "preferredName": "Rifampin"}, {"semTypes": ["T999"], "to": "9575", "fro": "9566", "fullId": "http://purl.bioontology.org/ontology/MSH/D001463", "preferredName": "Barbiturates"}, {"semTypes": ["T110", "T121", "T125"], "to": "9316", "fro": "9307", "fullId": "http://purl.bioontology.org/ontology/MSH/D017035", "preferredName": "Pravastatin"}, {"semTypes": ["T109", "T121"], "to": "14826", "fro": "14815", "fullId": "http://purl.bioontology.org/ontology/MSH/D008713", "preferredName": "Methimazole"}, {"semTypes": ["T999"], "to": "15662", "fro": "15647", "fullId": "http://purl.bioontology.org/ontology/MSH/D008713", "preferredName": "Methimazole"}, {"semTypes": ["T999"], "to": "9789", "fro": "9779", "fullId": "http://purl.bioontology.org/ontology/RXNORM/114194", "preferredName": "Warfarin Sodium"}, {"semTypes": ["T999"], "to": "9773", "fro": "9763", "fullId": "http://purl.bioontology.org/ontology/RXNORM/9624", "preferredName": "Secobarbital"}, {"semTypes": ["T999"], "to": "7932", "fro": "7917", "fullId": "http://purl.bioontology.org/ontology/RXNORM/42463", "preferredName": "Pravastatin"}, {"semTypes": ["T999"], "to": "9664", "fro": "9649", "fullId": "http://purl.bioontology.org/ontology/RXNORM/42463", "preferredName": "Pravastatin"}, {"semTypes": ["T999"], "to": "15699", "fro": "15690", "fullId": "http://purl.bioontology.org/ontology/MSH/D013988", "preferredName": "Ticlopidine"}, {"semTypes": ["T999"], "to": "7618", "fro": "7608", "fullId": "http://purl.bioontology.org/ontology/MSH/D009853", "preferredName": "Omeprazole"}, {"semTypes": ["T109", "T121"], "to": "15559", "fro": "15551", "fullId": "http://purl.bioontology.org/ontology/MSH/D011241", "preferredName": "Prednisone"}, {"semTypes": ["T999"], "to": "9316", "fro": "9307", "fullId": "http://purl.bioontology.org/ontology/MSH/D013988", "preferredName": "Ticlopidine"}, {"semTypes": ["T999"], "to": "9240", "fro": "9232", "fullId": "http://purl.bioontology.org/ontology/RXNORM/8794", "preferredName": "Propylthiouracil"}, {"semTypes": ["T110", "T125", "T121"], "to": "9606", "fro": "9597", "fullId": "http://purl.bioontology.org/ontology/MSH/D013752", "preferredName": "Tetracycline"}, {"semTypes": ["T121", "T109"], "to": "14920", "fro": "14906", "fullId": "http://purl.bioontology.org/ontology/RXNORM/8794", "preferredName": "Propylthiouracil"}, {"semTypes": ["T109", "T121"], "to": "8138", "fro": "8129", "fullId": "http://purl.bioontology.org/ontology/MSH/D010406", "preferredName": "Penicillins"}, {"semTypes": ["T109", "T121"], "to": "9789", "fro": "9779", "fullId": "http://purl.bioontology.org/ontology/MSH/D010672", "preferredName": "Phenytoin"}, {"semTypes": ["T999"], "to": "16092", "fro": "16078", "fullId": "http://purl.bioontology.org/ontology/MSH/D014859", "preferredName": "Warfarin"}, {"semTypes": ["T109", "T121"], "to": "9240", "fro": "9232", "fullId": "http://purl.bioontology.org/ontology/MSH/D010672", "preferredName": "Phenytoin"}, {"semTypes": ["T109", "T121"], "to": "9560", "fro": "9552", "fullId": "http://purl.bioontology.org/ontology/RXNORM/2594", "preferredName": "Clofibrate"}, {"semTypes": ["T999"], "to": "8188", "fro": "8177", "fullId": "http://purl.bioontology.org/ontology/MSH/D011441", "preferredName": "Propylthiouracil"}, {"semTypes": ["T999"], "to": "9701", "fro": "9689", "fullId": "http://purl.bioontology.org/ontology/MSH/D008774", "preferredName": "Methylphenidate"}, {"semTypes": ["T999"], "to": "8872", "fro": "8860", "fullId": "http://purl.bioontology.org/ontology/MSH/D002701", "preferredName": "Chloramphenicol"}, {"semTypes": ["T999"], "to": "9074", "fro": "9065", "fullId": "http://purl.bioontology.org/ontology/MSH/D011441", "preferredName": "Propylthiouracil"}, {"semTypes": ["T999"], "to": "8943", "fro": "8934", "fullId": "http://purl.bioontology.org/ontology/MSH/D013420", "preferredName": "Sulfamethoxazole"}, {"semTypes": ["T999"], "to": "15406", "fro": "15383", "fullId": "http://purl.bioontology.org/ontology/MSH/D013420", "preferredName": "Sulfamethoxazole"}, {"semTypes": ["T999"], "to": "5492", "fro": "5482", "fullId": "http://purl.bioontology.org/ontology/MSH/D010406", "preferredName": "Penicillins"}, {"semTypes": ["T999"], "to": "15798", "fro": "15790", "fullId": "http://purl.bioontology.org/ontology/MSH/D005279", "preferredName": "Fenoprofen"}, {"semTypes": ["T999"], "to": "605", "fro": "598", "fullId": "http://purl.bioontology.org/ontology/MSH/D014859", "preferredName": "Warfarin"}, {"semTypes": ["T999"], "to": "14826", "fro": "14815", "fullId": "http://purl.bioontology.org/ontology/RXNORM/10180", "preferredName": "Sulfamethoxazole"}, {"semTypes": ["T999"], "to": "8600", "fro": "8589", "fullId": "http://purl.bioontology.org/ontology/MSH/C065179", "preferredName": "atorvastatin"}, {"semTypes": ["T999"], "to": "9044", "fro": "9036", "fullId": "http://purl.bioontology.org/ontology/MSH/C065179", "preferredName": "atorvastatin"}, {"semTypes": ["T999"], "to": "16453", "fro": "16446", "fullId": "http://purl.bioontology.org/ontology/MSH/D014859", "preferredName": "Warfarin"}, {"semTypes": ["T999"], "to": "12502", "fro": "12488", "fullId": "http://purl.bioontology.org/ontology/MSH/D014815", "preferredName": "Vitamins"}, {"semTypes": ["T999"], "to": "15235", "fro": "15225", "fullId": "http://purl.bioontology.org/ontology/MSH/D017964", "preferredName": "Itraconazole"}, {"semTypes": ["T999"], "to": "5644", "fro": "5633", "fullId": "http://purl.bioontology.org/ontology/RXNORM/5093", "preferredName": "Haloperidol"}, {"semTypes": ["T999"], "to": "15837", "fro": "15830", "fullId": "http://purl.bioontology.org/ontology/MSH/D014859", "preferredName": "Warfarin"}, {"semTypes": ["T999"], "to": "7823", "fro": "7810", "fullId": "http://purl.bioontology.org/ontology/MSH/D014815", "preferredName": "Vitamins"}, {"semTypes": ["T999"], "to": "11298", "fro": "11284", "fullId": "http://purl.bioontology.org/ontology/MSH/D014859", "preferredName": "Warfarin"}, {"semTypes": ["T999"], "to": "15068", "fro": "15055", "fullId": "http://purl.bioontology.org/ontology/MSH/D013988", "preferredName": "Ticlopidine"}, {"semTypes": ["T999"], "to": "2819", "fro": "2805", "fullId": "http://purl.bioontology.org/ontology/MSH/D014859", "preferredName": "Warfarin"}, {"semTypes": ["T999"], "to": "4410", "fro": "4396", "fullId": "http://purl.bioontology.org/ontology/MSH/D013988", "preferredName": "Ticlopidine"}, {"semTypes": ["T109", "T121"], "to": "8732", "fro": "8723", "fullId": "http://purl.bioontology.org/ontology/MSH/D010131", "preferredName": "Aminosalicylic Acid"}, {"semTypes": ["T109", "T121", "T131"], "to": "981", "fro": "974", "fullId": "http://purl.bioontology.org/ontology/MSH/D014859", "preferredName": "Warfarin"}, {"semTypes": ["T999"], "to": "9090", "fro": "9080", "fullId": "http://purl.bioontology.org/ontology/MSH/D008713", "preferredName": "Methimazole"}, {"semTypes": ["T999"], "to": "7445", "fro": "7435", "fullId": "http://purl.bioontology.org/ontology/RXNORM/8183", "preferredName": "Phenytoin"}, {"semTypes": ["T109", "T121"], "to": "9524", "fro": "9514", "fullId": "http://purl.bioontology.org/ontology/MSH/D017964", "preferredName": "Itraconazole"}, {"semTypes": ["T195", "T109"], "to": "8171", "fro": "8160", "fullId": "http://purl.bioontology.org/ontology/MSH/D001262", "preferredName": "Atenolol"}, {"semTypes": ["T121", "T109"], "to": "8361", "fro": "8353", "fullId": "http://purl.bioontology.org/ontology/MSH/D008774", "preferredName": "Methylphenidate"}, {"semTypes": ["T121", "T109"], "to": "9683", "fro": "9670", "fullId": "http://purl.bioontology.org/ontology/MSH/D009853", "preferredName": "Omeprazole"}, {"semTypes": ["T109", "T121"], "to": "7528", "fro": "7521", "fullId": "http://purl.bioontology.org/ontology/RXNORM/72143", "preferredName": "Raloxifene"}, {"semTypes": ["T109", "T121"], "to": "15406", "fro": "15383", "fullId": "http://purl.bioontology.org/ontology/MSH/D009853", "preferredName": "Omeprazole"}, {"semTypes": ["T999"], "to": "7528", "fro": "7521", "fullId": "http://purl.bioontology.org/ontology/MSH/D003520", "preferredName": "Cyclophosphamide"}, {"semTypes": ["T121", "T109"], "to": "8347", "fro": "8337", "fullId": "http://purl.bioontology.org/ontology/MSH/D009853", "preferredName": "Omeprazole"}, {"semTypes": ["T999"], "to": "8537", "fro": "8529", "fullId": "http://purl.bioontology.org/ontology/MSH/D011899", "preferredName": "Ranitidine"}, {"semTypes": ["T999"], "to": "9624", "fro": "9612", "fullId": "http://purl.bioontology.org/ontology/MSH/D016293", "preferredName": "Moricizine"}, {"semTypes": ["T999"], "to": "4219", "fro": "4210", "fullId": "http://purl.bioontology.org/ontology/MSH/D002220", "preferredName": "Carbamazepine"}, {"semTypes": ["T999"], "to": "7707", "fro": "7699", "fullId": "http://purl.bioontology.org/ontology/MSH/D016293", "preferredName": "Moricizine"}, {"semTypes": ["T999"], "to": "9863", "fro": "9856", "fullId": "http://purl.bioontology.org/ontology/RXNORM/5781", "preferredName": "Indomethacin"}, {"semTypes": ["T999"], "to": "8887", "fro": "8878", "fullId": "http://purl.bioontology.org/ontology/RXNORM/7240", "preferredName": "Nalidixic Acid"}, {"semTypes": ["T121", "T109"], "to": "15736", "fro": "15725", "fullId": "http://purl.bioontology.org/ontology/MSH/D016293", "preferredName": "Moricizine"}, {"semTypes": ["T999"], "to": "4174", "fro": "4164", "fullId": "http://purl.bioontology.org/ontology/MSH/D016293", "preferredName": "Moricizine"}, {"semTypes": ["T109", "T195"], "to": "7569", "fro": "7558", "fullId": "http://purl.bioontology.org/ontology/MSH/D009288", "preferredName": "Naproxen"}, {"semTypes": ["T999"], "to": "7738", "fro": "7730", "fullId": "http://purl.bioontology.org/ontology/RXNORM/8754", "preferredName": "Propafenone"}, {"semTypes": ["T195", "T109"], "to": "7758", "fro": "7744", "fullId": "http://purl.bioontology.org/ontology/RXNORM/10379", "preferredName": "Testosterone"}, {"semTypes": ["T109", "T121"], "to": "14867", "fro": "14856", "fullId": "http://purl.bioontology.org/ontology/MSH/D013420", "preferredName": "Sulfamethoxazole"}, {"semTypes": ["T999"], "to": "7863", "fro": "7851", "fullId": "http://purl.bioontology.org/ontology/MSH/D015242", "preferredName": "Ofloxacin"}, {"semTypes": ["T121", "T110", "T125"], "to": "9121", "fro": "9110", "fullId": "http://purl.bioontology.org/ontology/RXNORM/4492", "preferredName": "Fluorouracil"}, {"semTypes": ["T109", "T121"], "to": "8887", "fro": "8878", "fullId": "http://purl.bioontology.org/ontology/MSH/D015242", "preferredName": "Ofloxacin"}, {"semTypes": ["T109", "T121"], "to": "9104", "fro": "9096", "fullId": "http://purl.bioontology.org/ontology/RXNORM/5781", "preferredName": "Indomethacin"}, {"semTypes": ["T121", "T109"], "to": "8431", "fro": "8423", "fullId": "http://purl.bioontology.org/ontology/RXNORM/10635", "preferredName": "Tolbutamide"}, {"semTypes": ["T121", "T109"], "to": "9207", "fro": "9194", "fullId": "http://purl.bioontology.org/ontology/MSH/D000970", "preferredName": "Antineoplastic Agents"}, {"semTypes": ["T109", "T121"], "to": "15089", "fro": "15081", "fullId": "http://purl.bioontology.org/ontology/RXNORM/11256", "preferredName": "Vitamin E"}, {"semTypes": ["T121", "T109"], "to": "14850", "fro": "14839", "fullId": "http://purl.bioontology.org/ontology/RXNORM/4508", "preferredName": "Flutamide"}, {"semTypes": ["T999"], "to": "14347", "fro": "14339", "fullId": "http://purl.bioontology.org/ontology/MSH/D014859", "preferredName": "Warfarin"}, {"semTypes": ["T109", "T121"], "to": "9701", "fro": "9689", "fullId": "http://purl.bioontology.org/ontology/MSH/D002792", "preferredName": "Cholestyramine Resin"}, {"semTypes": ["T109", "T195"], "to": "9773", "fro": "9763", "fullId": "http://purl.bioontology.org/ontology/MSH/D002939", "preferredName": "Ciprofloxacin"}, {"semTypes": ["T109", "T121"], "to": "7707", "fro": "7699", "fullId": "http://purl.bioontology.org/ontology/MSH/D002511", "preferredName": "Cephalosporins"}, {"semTypes": ["T999"], "to": "8809", "fro": "8795", "fullId": "http://purl.bioontology.org/ontology/MSH/D002792", "preferredName": "Cholestyramine Resin"}, {"semTypes": ["T121", "T109"], "to": "7515", "fro": "7509", "fullId": "http://purl.bioontology.org/ontology/MSH/D005485", "preferredName": "Flutamide"}, {"semTypes": ["T999"], "to": "7845", "fro": "7836", "fullId": "http://purl.bioontology.org/ontology/MSH/D018942", "preferredName": "Macrolides"}, {"semTypes": ["T109", "T121"], "to": "9998", "fro": "9988", "fullId": "http://purl.bioontology.org/ontology/RXNORM/32937", "preferredName": "Paroxetine"}, {"semTypes": ["T116", "T125", "T121"], "to": "7983", "fro": "7969", "fullId": "http://purl.bioontology.org/ontology/MSH/D008148", "preferredName": "Lovastatin"}, {"semTypes": ["T999"], "to": "9591", "fro": "9581", "fullId": "http://purl.bioontology.org/ontology/RXNORM/10635", "preferredName": "Tolbutamide"}, {"semTypes": ["T121", "T109"], "to": "8463", "fro": "8452", "fullId": "http://purl.bioontology.org/ontology/MSH/D000970", "preferredName": "Antineoplastic Agents"}, {"semTypes": ["T999"], "to": "9960", "fro": "9952", "fullId": "http://purl.bioontology.org/ontology/MSH/D005473", "preferredName": "Fluoxetine"}, {"semTypes": ["T109", "T121"], "to": "15516", "fro": "15506", "fullId": "http://purl.bioontology.org/ontology/RXNORM/10180", "preferredName": "Sulfamethoxazole"}, {"semTypes": ["T999"], "to": "14793", "fro": "14777", "fullId": "http://purl.bioontology.org/ontology/MSH/D013629", "preferredName": "Tamoxifen"}, {"semTypes": ["T999"], "to": "7896", "fro": "7883", "fullId": "http://purl.bioontology.org/ontology/RXNORM/10324", "preferredName": "Tamoxifen"}, {"semTypes": ["T999"], "to": "9606", "fro": "9597", "fullId": "http://purl.bioontology.org/ontology/RXNORM/3640", "preferredName": "Doxycycline"}, {"semTypes": ["T118", "T121"], "to": "15770", "fro": "15761", "fullId": "http://purl.bioontology.org/ontology/RXNORM/41127", "preferredName": "fluvastatin"}, {"semTypes": ["T999"], "to": "9917", "fro": "9909", "fullId": "http://purl.bioontology.org/ontology/MSH/D005279", "preferredName": "Fenoprofen"}, {"semTypes": ["T114", "T121"], "to": "8286", "fro": "8275", "fullId": "http://purl.bioontology.org/ontology/MSH/D010074", "preferredName": "Oxandrolone"}, {"semTypes": ["T999"], "to": "8446", "fro": "8437", "fullId": "http://purl.bioontology.org/ontology/RXNORM/35827", "preferredName": "Ketorolac"}, {"semTypes": ["T121", "T109"], "to": "8315", "fro": "8307", "fullId": "http://purl.bioontology.org/ontology/MSH/C116926", "preferredName": "rofecoxib"}, {"semTypes": ["T999"], "to": "4110", "fro": "4097", "fullId": "http://purl.bioontology.org/ontology/MSH/C116926", "preferredName": "rofecoxib"}, {"semTypes": ["T999"], "to": "8347", "fro": "8337", "fullId": "http://purl.bioontology.org/ontology/MSH/D008148", "preferredName": "Lovastatin"}, {"semTypes": ["T999"], "to": "9014", "fro": "9007", "fullId": "http://purl.bioontology.org/ontology/MSH/D006118", "preferredName": "Griseofulvin"}, {"semTypes": ["T999"], "to": "4138", "fro": "4129", "fullId": "http://purl.bioontology.org/ontology/RXNORM/2404", "preferredName": "Chlorpropamide"}, {"semTypes": ["T999"], "to": "9728", "fro": "9720", "fullId": "http://purl.bioontology.org/ontology/RXNORM/2404", "preferredName": "Chlorpropamide"}, {"semTypes": ["T109", "T121"], "to": "9294", "fro": "9284", "fullId": "http://purl.bioontology.org/ontology/RXNORM/11258", "preferredName": "Vitamin K"}, {"semTypes": ["T999"], "to": "14967", "fro": "14954", "fullId": "http://purl.bioontology.org/ontology/MSH/D011899", "preferredName": "Ranitidine"}, {"semTypes": ["T999"], "to": "7963", "fro": "7957", "fullId": "http://purl.bioontology.org/ontology/MSH/D014044", "preferredName": "Tolbutamide"}, {"semTypes": ["T999"], "to": "7469", "fro": "7451", "fullId": "http://purl.bioontology.org/ontology/MSH/D015242", "preferredName": "Ofloxacin"}, {"semTypes": ["T999"], "to": "8331", "fro": "8321", "fullId": "http://purl.bioontology.org/ontology/MSH/D002752", "preferredName": "Chlorthalidone"}, {"semTypes": ["T195", "T109"], "to": "7632", "fro": "7624", "fullId": "http://purl.bioontology.org/ontology/RXNORM/42635", "preferredName": "Dextran"}, {"semTypes": ["T121", "T109"], "to": "8523", "fro": "8514", "fullId": "http://purl.bioontology.org/ontology/RXNORM/6932", "preferredName": "Miconazole"}, {"semTypes": ["T109", "T121"], "to": "8583", "fro": "8574", "fullId": "http://purl.bioontology.org/ontology/MSH/D002220", "preferredName": "Carbamazepine"}, {"semTypes": ["T121", "T109"], "to": "9138", "fro": "9127", "fullId": "http://purl.bioontology.org/ontology/MSH/D009288", "preferredName": "Naproxen"}, {"semTypes": ["T999"], "to": "8830", "fro": "8815", "fullId": "http://purl.bioontology.org/ontology/MSH/D003613", "preferredName": "Danazol"}, {"semTypes": ["T121", "T116"], "to": "7585", "fro": "7575", "fullId": "http://purl.bioontology.org/ontology/MSH/C008729", "preferredName": "oxaprozin"}, {"semTypes": ["T121", "T109"], "to": "15251", "fro": "15241", "fullId": "http://purl.bioontology.org/ontology/MSH/D011241", "preferredName": "Prednisone"}, {"semTypes": ["T121", "T109"], "to": "8331", "fro": "8321", "fullId": "http://purl.bioontology.org/ontology/MSH/D015242", "preferredName": "Ofloxacin"}, {"semTypes": ["T999"], "to": "5136", "fro": "5114", "fullId": "http://purl.bioontology.org/ontology/RXNORM/82122", "preferredName": "Levofloxacin"}, {"semTypes": ["T121", "T109"], "to": "7997", "fro": "7989", "fullId": "http://purl.bioontology.org/ontology/MSH/D005473", "preferredName": "Fluoxetine"}, {"semTypes": ["T121", "T116", "T126"], "to": "9917", "fro": "9909", "fullId": "http://purl.bioontology.org/ontology/RXNORM/8013", "preferredName": "Pentoxifylline"}, {"semTypes": ["T999"], "to": "14850", "fro": "14839", "fullId": "http://purl.bioontology.org/ontology/MSH/D005485", "preferredName": "Flutamide"}, {"semTypes": ["T999"], "to": "9683", "fro": "9670", "fullId": "http://purl.bioontology.org/ontology/RXNORM/4492", "preferredName": "Fluorouracil"}, {"semTypes": ["T999"], "to": "8222", "fro": "8214", "fullId": "http://purl.bioontology.org/ontology/MSH/D013449", "preferredName": "Sulfonamides"}, {"semTypes": ["T999"], "to": "14882", "fro": "14873", "fullId": "http://purl.bioontology.org/ontology/RXNORM/8013", "preferredName": "Pentoxifylline"}, {"semTypes": ["T999"], "to": "8618", "fro": "8606", "fullId": "http://purl.bioontology.org/ontology/MSH/D012631", "preferredName": "Secobarbital"}, {"semTypes": ["T121", "T109"], "to": "9539", "fro": "9530", "fullId": "http://purl.bioontology.org/ontology/RXNORM/6835", "preferredName": "Methimazole"}, {"semTypes": ["T999"], "to": "8431", "fro": "8423", "fullId": "http://purl.bioontology.org/ontology/RXNORM/4508", "preferredName": "Flutamide"}, {"semTypes": ["T999"], "to": "8361", "fro": "8353", "fullId": "http://purl.bioontology.org/ontology/RXNORM/8785", "preferredName": "Propoxyphene"}, {"semTypes": ["T109", "T121", "T131"], "to": "605", "fro": "598", "fullId": "http://purl.bioontology.org/ontology/MSH/D014859", "preferredName": "Warfarin"}, {"semTypes": ["T999"], "to": "9560", "fro": "9552", "fullId": "http://purl.bioontology.org/ontology/MSH/D008713", "preferredName": "Methimazole"}, {"semTypes": ["T131", "T121", "T109"], "to": "2819", "fro": "2805", "fullId": "http://purl.bioontology.org/ontology/MSH/D014859", "preferredName": "Warfarin"}, {"semTypes": ["T999"], "to": "9339", "fro": "9329", "fullId": "http://purl.bioontology.org/ontology/MSH/D013449", "preferredName": "Sulfonamides"}, {"semTypes": ["T109", "T121"], "to": "14948", "fro": "14933", "fullId": "http://purl.bioontology.org/ontology/RXNORM/4832", "preferredName": "Glucagon"}, {"semTypes": ["T109", "T121"], "to": "7804", "fro": "7791", "fullId": "http://purl.bioontology.org/ontology/MSH/D014815", "preferredName": "Vitamins"}, {"semTypes": ["T119", "T127", "T121"], "to": "829", "fro": "821", "fullId": "http://purl.bioontology.org/ontology/MSH/D014859", "preferredName": "Warfarin"}, {"semTypes": ["T109", "T121"], "to": "9059", "fro": "9050", "fullId": "http://purl.bioontology.org/ontology/MSH/D014815", "preferredName": "Vitamins"}, {"semTypes": ["T999"], "to": "829", "fro": "821", "fullId": "http://purl.bioontology.org/ontology/RXNORM/11289", "preferredName": "Warfarin"}, {"semTypes": ["T999"], "to": "15824", "fro": "15816", "fullId": "http://purl.bioontology.org/ontology/RXNORM/11289", "preferredName": "Warfarin"}, {"semTypes": ["T131", "T121", "T109"], "to": "11298", "fro": "11284", "fullId": "http://purl.bioontology.org/ontology/RXNORM/11289", "preferredName": "Warfarin"}, {"semTypes": ["T125", "T121", "T116", "T124"], "to": "8391", "fro": "8384", "fullId": "http://purl.bioontology.org/ontology/MSH/D000970", "preferredName": "Antineoplastic Agents"}, {"semTypes": ["T999"], "to": "9264", "fro": "9253", "fullId": "http://purl.bioontology.org/ontology/RXNORM/10594", "preferredName": "Ticlopidine"}, {"semTypes": ["T119", "T127", "T121"], "to": "15824", "fro": "15816", "fullId": "http://purl.bioontology.org/ontology/RXNORM/11289", "preferredName": "Warfarin"}, {"semTypes": ["T110", "T121", "T125"], "to": "15538", "fro": "15529", "fullId": "http://purl.bioontology.org/ontology/RXNORM/11289", "preferredName": "Warfarin"}, {"semTypes": ["T999"], "to": "9226", "fro": "9213", "fullId": "http://purl.bioontology.org/ontology/MSH/D001241", "preferredName": "Aspirin"}, {"semTypes": ["T109", "T195"], "to": "9903", "fro": "9888", "fullId": "http://purl.bioontology.org/ontology/RXNORM/11289", "preferredName": "Warfarin"}, {"semTypes": ["T121", "T125", "T110"], "to": "15121", "fro": "15113", "fullId": "http://purl.bioontology.org/ontology/MSH/D002752", "preferredName": "Chlorthalidone"}, {"semTypes": ["T109", "T121"], "to": "15370", "fro": "15360", "fullId": "http://purl.bioontology.org/ontology/RXNORM/11289", "preferredName": "Warfarin"}, {"semTypes": ["T999"], "to": "9294", "fro": "9284", "fullId": "http://purl.bioontology.org/ontology/RXNORM/11289", "preferredName": "Warfarin"}, {"semTypes": ["T999"], "to": "14809", "fro": "14799", "fullId": "http://purl.bioontology.org/ontology/RXNORM/10737", "preferredName": "Trazodone"}, {"semTypes": ["T999"], "to": "8154", "fro": "8144", "fullId": "http://purl.bioontology.org/ontology/RXNORM/4832", "preferredName": "Glucagon"}, {"semTypes": ["T999"], "to": "15142", "fro": "15127", "fullId": "http://purl.bioontology.org/ontology/RXNORM/114194", "preferredName": "Warfarin Sodium"}, {"semTypes": ["T999"], "to": "981", "fro": "974", "fullId": "http://purl.bioontology.org/ontology/MSH/D014859", "preferredName": "Warfarin"}, {"semTypes": ["T114", "T121"], "to": "15662", "fro": "15647", "fullId": "http://purl.bioontology.org/ontology/RXNORM/114194", "preferredName": "Warfarin Sodium"}, {"semTypes": ["T999"], "to": "15516", "fro": "15506", "fullId": "http://purl.bioontology.org/ontology/MSH/D014812", "preferredName": "Vitamin K"}, {"semTypes": ["T109", "T121"], "to": "15185", "fro": "15173", "fullId": "http://purl.bioontology.org/ontology/MSH/D013148", "preferredName": "Spironolactone"}, {"semTypes": ["T999"], "to": "8767", "fro": "8757", "fullId": "http://purl.bioontology.org/ontology/MSH/D014812", "preferredName": "Vitamin K"}, {"semTypes": ["T124", "T121"], "to": "8789", "fro": "8780", "fullId": "http://purl.bioontology.org/ontology/RXNORM/3002", "preferredName": "Cyclophosphamide"}, {"semTypes": ["T999"], "to": "16469", "fro": "16459", "fullId": "http://purl.bioontology.org/ontology/RXNORM/11258", "preferredName": "Vitamin K"}, {"semTypes": ["T999"], "to": "15443", "fro": "15433", "fullId": "http://purl.bioontology.org/ontology/MSH/D002511", "preferredName": "Cephalosporins"}, {"semTypes": ["T999"], "to": "8417", "fro": "8411", "fullId": "http://purl.bioontology.org/ontology/RXNORM/3002", "preferredName": "Cyclophosphamide"}, {"semTypes": ["T999"], "to": "15493", "fro": "15485", "fullId": "http://purl.bioontology.org/ontology/RXNORM/11258", "preferredName": "Vitamin K"}, {"semTypes": ["T999"], "to": "15167", "fro": "15155", "fullId": "http://purl.bioontology.org/ontology/RXNORM/2344", "preferredName": "Chloral Hydrate"}, {"semTypes": ["T121", "T109"], "to": "8809", "fro": "8795", "fullId": "http://purl.bioontology.org/ontology/RXNORM/2344", "preferredName": "Chloral Hydrate"}, {"semTypes": ["T999"], "to": "13089", "fro": "13082", "fullId": "http://purl.bioontology.org/ontology/MSH/D003613", "preferredName": "Danazol"}, {"semTypes": ["T109", "T121"], "to": "8222", "fro": "8214", "fullId": "http://purl.bioontology.org/ontology/RXNORM/2187", "preferredName": "Cefotetan"}, {"semTypes": ["T999"], "to": "15185", "fro": "15173", "fullId": "http://purl.bioontology.org/ontology/RXNORM/10594", "preferredName": "Ticlopidine"}, {"semTypes": ["T121", "T109"], "to": "14793", "fro": "14777", "fullId": "http://purl.bioontology.org/ontology/MSH/C065179", "preferredName": "atorvastatin"}, {"semTypes": ["T195", "T109"], "to": "9170", "fro": "9159", "fullId": "http://purl.bioontology.org/ontology/MSH/C065179", "preferredName": "atorvastatin"}, {"semTypes": ["T121", "T109"], "to": "7445", "fro": "7435", "fullId": "http://purl.bioontology.org/ontology/RXNORM/42463", "preferredName": "Pravastatin"}, {"semTypes": ["T109", "T195"], "to": "15719", "fro": "15712", "fullId": "http://purl.bioontology.org/ontology/MSH/D002792", "preferredName": "Cholestyramine Resin"}, {"semTypes": ["T109", "T121"], "to": "15684", "fro": "15675", "fullId": "http://purl.bioontology.org/ontology/RXNORM/42463", "preferredName": "Pravastatin"}, {"semTypes": ["T999"], "to": "5772", "fro": "5765", "fullId": "http://purl.bioontology.org/ontology/RXNORM/114194", "preferredName": "Warfarin Sodium"}, {"semTypes": ["T116", "T121", "T126"], "to": "9624", "fro": "9612", "fullId": "http://purl.bioontology.org/ontology/RXNORM/9143", "preferredName": "Ranitidine"}, {"semTypes": ["T121", "T109"], "to": "9591", "fro": "9581", "fullId": "http://purl.bioontology.org/ontology/RXNORM/341248", "preferredName": "ezetimibe"}, {"semTypes": ["T116", "T121"], "to": "8568", "fro": "8560", "fullId": "http://purl.bioontology.org/ontology/RXNORM/10207", "preferredName": "Sulfisoxazole"}, {"semTypes": ["T999"], "to": "7877", "fro": "7869", "fullId": "http://purl.bioontology.org/ontology/MSH/D011241", "preferredName": "Prednisone"}, {"semTypes": ["T999"], "to": "9539", "fro": "9530", "fullId": "http://purl.bioontology.org/ontology/RXNORM/11258", "preferredName": "Vitamin K"}, {"semTypes": ["T999"], "to": "9714", "fro": "9707", "fullId": "http://purl.bioontology.org/ontology/RXNORM/8754", "preferredName": "Propafenone"}, {"semTypes": ["T109", "T121"], "to": "9438", "fro": "9427", "fullId": "http://purl.bioontology.org/ontology/RXNORM/83367", "preferredName": "atorvastatin"}, {"semTypes": ["T999"], "to": "7804", "fro": "7791", "fullId": "http://purl.bioontology.org/ontology/MSH/D018942", "preferredName": "Macrolides"}, {"semTypes": ["T999"], "to": "7677", "fro": "7669", "fullId": "http://purl.bioontology.org/ontology/RXNORM/83367", "preferredName": "atorvastatin"}, {"semTypes": ["T999"], "to": "5508", "fro": "5498", "fullId": "http://purl.bioontology.org/ontology/RXNORM/10180", "preferredName": "Sulfamethoxazole"}, {"semTypes": ["T109", "T121"], "to": "8253", "fro": "8244", "fullId": "http://purl.bioontology.org/ontology/MSH/D007978", "preferredName": "Levamisole"}, {"semTypes": ["T999"], "to": "9643", "fro": "9630", "fullId": "http://purl.bioontology.org/ontology/RXNORM/10180", "preferredName": "Sulfamethoxazole"}, {"semTypes": ["T999"], "to": "9104", "fro": "9096", "fullId": "http://purl.bioontology.org/ontology/RXNORM/10594", "preferredName": "Ticlopidine"}, {"semTypes": ["T999"], "to": "9508", "fro": "9502", "fullId": "http://purl.bioontology.org/ontology/RXNORM/9384", "preferredName": "Rifampin"}, {"semTypes": ["T999"], "to": "7503", "fro": "7494", "fullId": "http://purl.bioontology.org/ontology/RXNORM/8183", "preferredName": "Phenytoin"}, {"semTypes": ["T999"], "to": "9880", "fro": "9869", "fullId": "http://purl.bioontology.org/ontology/MSH/D008750", "preferredName": "Methyldopa"}, {"semTypes": ["T999"], "to": "15538", "fro": "15529", "fullId": "http://purl.bioontology.org/ontology/RXNORM/6835", "preferredName": "Methimazole"}, {"semTypes": ["T109", "T195"], "to": "7693", "fro": "7683", "fullId": "http://purl.bioontology.org/ontology/RXNORM/8183", "preferredName": "Phenytoin"}, {"semTypes": ["T121", "T109"], "to": "15235", "fro": "15225", "fullId": "http://purl.bioontology.org/ontology/RXNORM/6835", "preferredName": "Methimazole"}, {"semTypes": ["T999"], "to": "8508", "fro": "8497", "fullId": "http://purl.bioontology.org/ontology/MSH/D002792", "preferredName": "Cholestyramine Resin"}, {"semTypes": ["T999"], "to": "15461", "fro": "15449", "fullId": "http://purl.bioontology.org/ontology/RXNORM/32937", "preferredName": "Paroxetine"}, {"semTypes": ["T999"], "to": "15251", "fro": "15241", "fullId": "http://purl.bioontology.org/ontology/RXNORM/10379", "preferredName": "Testosterone"}, {"semTypes": ["T999"], "to": "9475", "fro": "9460", "fullId": "http://purl.bioontology.org/ontology/MSH/D014812", "preferredName": "Vitamin K"}, {"semTypes": ["T109", "T121"], "to": "9153", "fro": "9144", "fullId": "http://purl.bioontology.org/ontology/MSH/C008729", "preferredName": "oxaprozin"}, {"semTypes": ["T999"], "to": "9278", "fro": "9270", "fullId": "http://purl.bioontology.org/ontology/RXNORM/35827", "preferredName": "Ketorolac"}, {"semTypes": ["T110", "T121", "T125"], "to": "5644", "fro": "5633", "fullId": "http://purl.bioontology.org/ontology/MSH/D010878", "preferredName": "Piperacillin"}, {"semTypes": ["T999"], "to": "4261", "fro": "4250", "fullId": "http://purl.bioontology.org/ontology/MSH/D010878", "preferredName": "Piperacillin"}, {"semTypes": ["T109", "T121"], "to": "15784", "fro": "15776", "fullId": "http://purl.bioontology.org/ontology/RXNORM/2187", "preferredName": "Cefotetan"}, {"semTypes": ["T109", "T121", "T131"], "to": "16453", "fro": "16446", "fullId": "http://purl.bioontology.org/ontology/MSH/D014859", "preferredName": "Warfarin"}, {"semTypes": ["T999"], "to": "8138", "fro": "8129", "fullId": "http://purl.bioontology.org/ontology/MSH/D013629", "preferredName": "Tamoxifen"}, {"semTypes": ["T121", "T109"], "to": "8872", "fro": "8860", "fullId": "http://purl.bioontology.org/ontology/RXNORM/10737", "preferredName": "Trazodone"}, {"semTypes": ["T121", "T109"], "to": "8537", "fro": "8529", "fullId": "http://purl.bioontology.org/ontology/RXNORM/7517", "preferredName": "Norfloxacin"}, {"semTypes": ["T999"], "to": "16239", "fro": "16231", "fullId": "http://purl.bioontology.org/ontology/MSH/D024841", "preferredName": "Fluoroquinolones"}, {"semTypes": ["T999"], "to": "15427", "fro": "15419", "fullId": "http://purl.bioontology.org/ontology/RXNORM/6760", "preferredName": "Meprobamate"}, {"semTypes": ["T109", "T121"], "to": "14809", "fro": "14799", "fullId": "http://purl.bioontology.org/ontology/RXNORM/35255", "preferredName": "Cisapride"}, {"semTypes": ["T109", "T121", "T131"], "to": "15837", "fro": "15830", "fullId": "http://purl.bioontology.org/ontology/MSH/D014859", "preferredName": "Warfarin"}, {"semTypes": ["T999"], "to": "8789", "fro": "8780", "fullId": "http://purl.bioontology.org/ontology/RXNORM/35255", "preferredName": "Cisapride"}, {"semTypes": ["T999"], "to": "15202", "fro": "15191", "fullId": "http://purl.bioontology.org/ontology/MSH/D013148", "preferredName": "Spironolactone"}, {"semTypes": ["T109", "T195"], "to": "9880", "fro": "9869", "fullId": "http://purl.bioontology.org/ontology/MSH/D013752", "preferredName": "Tetracycline"}, {"semTypes": ["T121", "T110"], "to": "15755", "fro": "15742", "fullId": "http://purl.bioontology.org/ontology/RXNORM/2551", "preferredName": "Ciprofloxacin"}, {"semTypes": ["T121", "T109"], "to": "9575", "fro": "9566", "fullId": "http://purl.bioontology.org/ontology/RXNORM/2002", "preferredName": "Carbamazepine"}, {"semTypes": ["T999"], "to": "8732", "fro": "8723", "fullId": "http://purl.bioontology.org/ontology/MSH/D000970", "preferredName": "Antineoplastic Agents"}, {"semTypes": ["T999"], "to": "15755", "fro": "15742", "fullId": "http://purl.bioontology.org/ontology/MSH/D020910", "preferredName": "Ketorolac"}, {"semTypes": ["T119", "T121", "T127"], "to": "9960", "fro": "9952", "fullId": "http://purl.bioontology.org/ontology/RXNORM/6876", "preferredName": "Methyldopa"}, {"semTypes": ["T121", "T110", "T125"], "to": "7951", "fro": "7945", "fullId": "http://purl.bioontology.org/ontology/MSH/D002707", "preferredName": "Chlordiazepoxide"}, {"semTypes": ["T999"], "to": "14900", "fro": "14888", "fullId": "http://purl.bioontology.org/ontology/MSH/D020910", "preferredName": "Ketorolac"}, {"semTypes": ["T121", "T109"], "to": "15699", "fro": "15690", "fullId": "http://purl.bioontology.org/ontology/RXNORM/11258", "preferredName": "Vitamin K"}, {"semTypes": ["T999"], "to": "9138", "fro": "9127", "fullId": "http://purl.bioontology.org/ontology/MSH/C032587", "preferredName": "olsalazine"}, {"semTypes": ["T109", "T121"], "to": "8188", "fro": "8177", "fullId": "http://purl.bioontology.org/ontology/MSH/C032587", "preferredName": "olsalazine"}, {"semTypes": ["T109", "T121"], "to": "9226", "fro": "9213", "fullId": "http://purl.bioontology.org/ontology/MSH/D004984", "preferredName": "Ethchlorvynol"}, {"semTypes": ["T119", "T127", "T121"], "to": "14347", "fro": "14339", "fullId": "http://purl.bioontology.org/ontology/RXNORM/11289", "preferredName": "Warfarin"}, {"semTypes": ["T999"], "to": "9001", "fro": "8994", "fullId": "http://purl.bioontology.org/ontology/MSH/D010074", "preferredName": "Oxandrolone"}, {"semTypes": ["T999"], "to": "9170", "fro": "9159", "fullId": "http://purl.bioontology.org/ontology/MSH/D004009", "preferredName": "Dicloxacillin"}, {"semTypes": ["T999"], "to": "15784", "fro": "15776", "fullId": "http://purl.bioontology.org/ontology/MSH/D011345", "preferredName": "Fenofibrate"}, {"semTypes": ["T999"], "to": "8253", "fro": "8244", "fullId": "http://purl.bioontology.org/ontology/RXNORM/6901", "preferredName": "Methylphenidate"}, {"semTypes": ["T109", "T121"], "to": "8238", "fro": "8228", "fullId": "http://purl.bioontology.org/ontology/RXNORM/2551", "preferredName": "Ciprofloxacin"}, {"semTypes": ["T999"], "to": "15736", "fro": "15725", "fullId": "http://purl.bioontology.org/ontology/RXNORM/677", "preferredName": "Aminoglutethimide"}, {"semTypes": ["T109", "T195"], "to": "7896", "fro": "7883", "fullId": "http://purl.bioontology.org/ontology/RXNORM/677", "preferredName": "Aminoglutethimide"}, {"semTypes": ["T999"], "to": "9850", "fro": "9840", "fullId": "http://purl.bioontology.org/ontology/RXNORM/7980", "preferredName": "Penicillin G"}, {"semTypes": ["T999"], "to": "8286", "fro": "8275", "fullId": "http://purl.bioontology.org/ontology/MSH/D004008", "preferredName": "Diclofenac"}, {"semTypes": ["T195", "T109"], "to": "7618", "fro": "7608", "fullId": "http://purl.bioontology.org/ontology/RXNORM/3640", "preferredName": "Doxycycline"}, {"semTypes": ["T121", "T119"], "to": "9946", "fro": "9938", "fullId": "http://purl.bioontology.org/ontology/RXNORM/7980", "preferredName": "Penicillin G"}, {"semTypes": ["T999"], "to": "15770", "fro": "15761", "fullId": "http://purl.bioontology.org/ontology/MSH/D002435", "preferredName": "Cefamandole"}, {"semTypes": ["T121", "T109"], "to": "15461", "fro": "15449", "fullId": "http://purl.bioontology.org/ontology/RXNORM/519", "preferredName": "Allopurinol"}, {"semTypes": ["T999"], "to": "7569", "fro": "7558", "fullId": "http://purl.bioontology.org/ontology/MSH/D002707", "preferredName": "Chlordiazepoxide"}, {"semTypes": ["T999"], "to": "14867", "fro": "14856", "fullId": "http://purl.bioontology.org/ontology/RXNORM/21212", "preferredName": "Clarithromycin"}, {"semTypes": ["T999"], "to": "8635", "fro": "8624", "fullId": "http://purl.bioontology.org/ontology/MSH/D012631", "preferredName": "Secobarbital"}, {"semTypes": ["T116", "T121"], "to": "7503", "fro": "7494", "fullId": "http://purl.bioontology.org/ontology/RXNORM/10205", "preferredName": "Sulfinpyrazone"}, {"semTypes": ["T109", "T121"], "to": "7545", "fro": "7534", "fullId": "http://purl.bioontology.org/ontology/MSH/D017035", "preferredName": "Pravastatin"}, {"semTypes": ["T109", "T121"], "to": "9932", "fro": "9923", "fullId": "http://purl.bioontology.org/ontology/MSH/D000082", "preferredName": "Acetaminophen"}, {"semTypes": ["T131", "T121", "T109"], "to": "16092", "fro": "16078", "fullId": "http://purl.bioontology.org/ontology/RXNORM/11289", "preferredName": "Warfarin"}, {"semTypes": ["T999"], "to": "15089", "fro": "15081", "fullId": "http://purl.bioontology.org/ontology/MSH/D003094", "preferredName": "Collagen"}, {"semTypes": ["T121", "T109"], "to": "7911", "fro": "7902", "fullId": "http://purl.bioontology.org/ontology/RXNORM/6876", "preferredName": "Methyldopa"}, {"semTypes": ["T109", "T195"], "to": "7663", "fro": "7655", "fullId": "http://purl.bioontology.org/ontology/RXNORM/9143", "preferredName": "Ranitidine"}, {"semTypes": ["T109", "T195"], "to": "15167", "fro": "15155", "fullId": "http://purl.bioontology.org/ontology/MSH/D003094", "preferredName": "Collagen"}, {"semTypes": ["T999"], "to": "7911", "fro": "7902", "fullId": "http://purl.bioontology.org/ontology/RXNORM/10106", "preferredName": "Streptokinase"}, {"semTypes": ["T109", "T121"], "to": "8208", "fro": "8194", "fullId": "http://purl.bioontology.org/ontology/MSH/D024841", "preferredName": "Fluoroquinolones"}, {"semTypes": ["T999"], "to": "8315", "fro": "8307", "fullId": "http://purl.bioontology.org/ontology/MSH/D006493", "preferredName": "Heparin"}, {"semTypes": ["T109", "T121", "T131"], "to": "723", "fro": "716", "fullId": "http://purl.bioontology.org/ontology/MSH/D014859", "preferredName": "Warfarin"}, {"semTypes": ["T109", "T195"], "to": "9264", "fro": "9253", "fullId": "http://purl.bioontology.org/ontology/RXNORM/11256", "preferredName": "Vitamin E"}, {"semTypes": ["T121", "T109"], "to": "15479", "fro": "15467", "fullId": "http://purl.bioontology.org/ontology/MSH/D020117", "preferredName": "Cisapride"}, {"semTypes": ["T116", "T123", "T122"], "to": "2164", "fro": "2157", "fullId": "http://purl.bioontology.org/ontology/RXNORM/60819", "preferredName": "bivalirudin"}, {"semTypes": ["T999"], "to": "15107", "fro": "15095", "fullId": "http://purl.bioontology.org/ontology/MSH/D010400", "preferredName": "Penicillin G"}, {"semTypes": ["T109", "T121"], "to": "9339", "fro": "9329", "fullId": "http://purl.bioontology.org/ontology/MSH/D006493", "preferredName": "Heparin"}, {"semTypes": ["T109", "T121"], "to": "8269", "fro": "8259", "fullId": "http://purl.bioontology.org/ontology/RXNORM/40169", "preferredName": "Moricizine"}, {"semTypes": ["T999"], "to": "7693", "fro": "7683", "fullId": "http://purl.bioontology.org/ontology/RXNORM/60819", "preferredName": "bivalirudin"}, {"semTypes": ["T999"], "to": "9207", "fro": "9194", "fullId": "http://purl.bioontology.org/ontology/MSH/D002440", "preferredName": "Cefoxitin"}, {"semTypes": ["T999"], "to": "7951", "fro": "7945", "fullId": "http://purl.bioontology.org/ontology/MSH/D004009", "preferredName": "Dicloxacillin"}, {"semTypes": ["T121", "T109"], "to": "8751", "fro": "8738", "fullId": "http://purl.bioontology.org/ontology/MSH/D020117", "preferredName": "Cisapride"}, {"semTypes": ["T121", "T109"], "to": "14882", "fro": "14873", "fullId": "http://purl.bioontology.org/ontology/RXNORM/40169", "preferredName": "Moricizine"}, {"semTypes": ["T195", "T109"], "to": "8154", "fro": "8144", "fullId": "http://purl.bioontology.org/ontology/RXNORM/32385", "preferredName": "olsalazine"}, {"semTypes": ["T114", "T121"], "to": "7602", "fro": "7591", "fullId": "http://purl.bioontology.org/ontology/MSH/D001463", "preferredName": "Barbiturates"}]