[{"semTypes": ["T999"], "to": "7016", "fro": "7008", "fullId": "http://purl.bioontology.org/ontology/MSH/D000638", "preferredName": "Amiodarone"}, {"semTypes": ["T131", "T109", "T121"], "to": "1471", "fro": "1457", "fullId": "http://purl.bioontology.org/ontology/MSH/D014859", "preferredName": "Warfarin"}, {"semTypes": ["T999"], "to": "7058", "fro": "7050", "fullId": "http://purl.bioontology.org/ontology/RXNORM/8134", "preferredName": "Phenobarbital"}, {"semTypes": ["T999"], "to": "9696", "fro": "9689", "fullId": "http://purl.bioontology.org/ontology/RXNORM/2002", "preferredName": "Carbamazepine"}, {"semTypes": ["T109", "T121"], "to": "5281", "fro": "5274", "fullId": "http://purl.bioontology.org/ontology/RXNORM/114194", "preferredName": "Warfarin Sodium"}, {"semTypes": ["T999"], "to": "10147", "fro": "10137", "fullId": "http://purl.bioontology.org/ontology/MSH/D010672", "preferredName": "Phenytoin"}, {"semTypes": ["T999"], "to": "10122", "fro": "10113", "fullId": "http://purl.bioontology.org/ontology/RXNORM/75207", "preferredName": "bosentan"}, {"semTypes": ["T109", "T121"], "to": "5772", "fro": "5754", "fullId": "http://purl.bioontology.org/ontology/MSH/D017374", "preferredName": "Paroxetine"}, {"semTypes": ["T121", "T109"], "to": "6502", "fro": "6494", "fullId": "http://purl.bioontology.org/ontology/RXNORM/40575", "preferredName": "zileuton"}, {"semTypes": ["T121", "T109"], "to": "6422", "fro": "6413", "fullId": "http://purl.bioontology.org/ontology/RXNORM/114194", "preferredName": "Warfarin Sodium"}, {"semTypes": ["T999"], "to": "6024", "fro": "6016", "fullId": "http://purl.bioontology.org/ontology/MSH/D016666", "preferredName": "Fluvoxamine"}, {"semTypes": ["T999"], "to": "7073", "fro": "7065", "fullId": "http://purl.bioontology.org/ontology/MSH/D016666", "preferredName": "Fluvoxamine"}, {"semTypes": ["T999"], "to": "6410", "fro": "6399", "fullId": "http://purl.bioontology.org/ontology/RXNORM/475969", "preferredName": "etravirine"}, {"semTypes": ["T999"], "to": "5717", "fro": "5708", "fullId": "http://purl.bioontology.org/ontology/MSH/C095108", "preferredName": "amprenavir"}, {"semTypes": ["T109", "T121"], "to": "5167", "fro": "5157", "fullId": "http://purl.bioontology.org/ontology/RXNORM/121243", "preferredName": "voriconazole"}, {"semTypes": ["T109", "T121"], "to": "9711", "fro": "9703", "fullId": "http://purl.bioontology.org/ontology/MSH/D002220", "preferredName": "Carbamazepine"}, {"semTypes": ["T999"], "to": "6449", "fro": "6437", "fullId": "http://purl.bioontology.org/ontology/RXNORM/114194", "preferredName": "Warfarin Sodium"}, {"semTypes": ["T109", "T121", "T131"], "to": "3938", "fro": "3931", "fullId": "http://purl.bioontology.org/ontology/MSH/D014859", "preferredName": "Warfarin"}, {"semTypes": ["T999"], "to": "6986", "fro": "6979", "fullId": "http://purl.bioontology.org/ontology/RXNORM/114194", "preferredName": "Warfarin Sodium"}, {"semTypes": ["T999"], "to": "7047", "fro": "7039", "fullId": "http://purl.bioontology.org/ontology/MSH/D019438", "preferredName": "Ritonavir"}, {"semTypes": ["T121", "T109"], "to": "5667", "fro": "5660", "fullId": "http://purl.bioontology.org/ontology/RXNORM/2551", "preferredName": "Ciprofloxacin"}, {"semTypes": ["T116", "T121"], "to": "6491", "fro": "6480", "fullId": "http://purl.bioontology.org/ontology/MSH/C451734", "preferredName": "etravirine"}, {"semTypes": ["T999"], "to": "6636", "fro": "6625", "fullId": "http://purl.bioontology.org/ontology/RXNORM/21107", "preferredName": "cilostazol"}, {"semTypes": ["T121", "T109"], "to": "10110", "fro": "10100", "fullId": "http://purl.bioontology.org/ontology/RXNORM/9143", "preferredName": "Ranitidine"}, {"semTypes": ["T999"], "to": "6741", "fro": "6730", "fullId": "http://purl.bioontology.org/ontology/RXNORM/2002", "preferredName": "Carbamazepine"}, {"semTypes": ["T109", "T121"], "to": "5045", "fro": "5035", "fullId": "http://purl.bioontology.org/ontology/RXNORM/114194", "preferredName": "Warfarin Sodium"}, {"semTypes": ["T109", "T121"], "to": "9602", "fro": "9593", "fullId": "http://purl.bioontology.org/ontology/MSH/C063449", "preferredName": "zileuton"}, {"semTypes": ["T999"], "to": "9670", "fro": "9662", "fullId": "http://purl.bioontology.org/ontology/RXNORM/3925", "preferredName": "Enoxacin"}, {"semTypes": ["T121", "T114"], "to": "5005", "fro": "4994", "fullId": "http://purl.bioontology.org/ontology/RXNORM/4450", "preferredName": "Fluconazole"}, {"semTypes": ["T121", "T109"], "to": "5058", "fro": "5048", "fullId": "http://purl.bioontology.org/ontology/MSH/C102790", "preferredName": "voriconazole"}, {"semTypes": ["T109", "T121"], "to": "4991", "fro": "4982", "fullId": "http://purl.bioontology.org/ontology/RXNORM/85762", "preferredName": "Ritonavir"}, {"semTypes": ["T109", "T195"], "to": "7117", "fro": "7110", "fullId": "http://purl.bioontology.org/ontology/RXNORM/85762", "preferredName": "Ritonavir"}, {"semTypes": ["T999"], "to": "5154", "fro": "5143", "fullId": "http://purl.bioontology.org/ontology/RXNORM/114194", "preferredName": "Warfarin Sodium"}, {"semTypes": ["T121", "T109"], "to": "5692", "fro": "5682", "fullId": "http://purl.bioontology.org/ontology/RXNORM/11289", "preferredName": "Warfarin"}, {"semTypes": ["T999"], "to": "6753", "fro": "6744", "fullId": "http://purl.bioontology.org/ontology/MSH/D012293", "preferredName": "Rifampin"}, {"semTypes": ["T109", "T121"], "to": "5154", "fro": "5143", "fullId": "http://purl.bioontology.org/ontology/RXNORM/11289", "preferredName": "Warfarin"}, {"semTypes": ["T999"], "to": "8909", "fro": "8903", "fullId": "http://purl.bioontology.org/ontology/MSH/D015283", "preferredName": "Citalopram"}, {"semTypes": ["T109", "T121"], "to": "5850", "fro": "5842", "fullId": "http://purl.bioontology.org/ontology/MSH/C095108", "preferredName": "amprenavir"}, {"semTypes": ["T109", "T121"], "to": "5311", "fro": "5299", "fullId": "http://purl.bioontology.org/ontology/RXNORM/114194", "preferredName": "Warfarin Sodium"}, {"semTypes": ["T999"], "to": "5850", "fro": "5842", "fullId": "http://purl.bioontology.org/ontology/RXNORM/475969", "preferredName": "etravirine"}, {"semTypes": ["T121", "T109"], "to": "6600", "fro": "6593", "fullId": "http://purl.bioontology.org/ontology/RXNORM/2541", "preferredName": "Cimetidine"}, {"semTypes": ["T999"], "to": "5730", "fro": "5720", "fullId": "http://purl.bioontology.org/ontology/MSH/C101425", "preferredName": "posaconazole"}, {"semTypes": ["T999"], "to": "5045", "fro": "5035", "fullId": "http://purl.bioontology.org/ontology/RXNORM/358255", "preferredName": "aprepitant"}, {"semTypes": ["T121", "T109"], "to": "9686", "fro": "9673", "fullId": "http://purl.bioontology.org/ontology/MSH/D002939", "preferredName": "Ciprofloxacin"}, {"semTypes": ["T999"], "to": "12241", "fro": "12232", "fullId": "http://purl.bioontology.org/ontology/MSH/D017964", "preferredName": "Itraconazole"}, {"semTypes": ["T109", "T121"], "to": "7073", "fro": "7065", "fullId": "http://purl.bioontology.org/ontology/RXNORM/114194", "preferredName": "Warfarin Sodium"}, {"semTypes": ["T999"], "to": "9629", "fro": "9621", "fullId": "http://purl.bioontology.org/ontology/MSH/C093875", "preferredName": "montelukast"}, {"semTypes": ["T999"], "to": "9686", "fro": "9673", "fullId": "http://purl.bioontology.org/ontology/RXNORM/8134", "preferredName": "Phenobarbital"}, {"semTypes": ["T121", "T109"], "to": "5645", "fro": "5633", "fullId": "http://purl.bioontology.org/ontology/MSH/D019438", "preferredName": "Ritonavir"}, {"semTypes": ["T999"], "to": "6815", "fro": "6806", "fullId": "http://purl.bioontology.org/ontology/MSH/C048833", "preferredName": "modafinil"}, {"semTypes": ["T109", "T121"], "to": "5839", "fro": "5829", "fullId": "http://purl.bioontology.org/ontology/RXNORM/114194", "preferredName": "Warfarin Sodium"}, {"semTypes": ["T109", "T121", "T131"], "to": "10910", "fro": "10903", "fullId": "http://purl.bioontology.org/ontology/MSH/D014859", "preferredName": "Warfarin"}, {"semTypes": ["T999"], "to": "9590", "fro": "9581", "fullId": "http://purl.bioontology.org/ontology/RXNORM/9384", "preferredName": "Rifampin"}, {"semTypes": ["T999"], "to": "10159", "fro": "10150", "fullId": "http://purl.bioontology.org/ontology/MSH/D011241", "preferredName": "Prednisone"}, {"semTypes": ["T121", "T116"], "to": "8885", "fro": "8875", "fullId": "http://purl.bioontology.org/ontology/MSH/D010634", "preferredName": "Phenobarbital"}, {"semTypes": ["T999"], "to": "9614", "fro": "9605", "fullId": "http://purl.bioontology.org/ontology/RXNORM/31565", "preferredName": "nefazodone"}, {"semTypes": ["T999"], "to": "6695", "fro": "6686", "fullId": "http://purl.bioontology.org/ontology/MSH/C086232", "preferredName": "bosentan"}, {"semTypes": ["T999"], "to": "7005", "fro": "6993", "fullId": "http://purl.bioontology.org/ontology/RXNORM/114194", "preferredName": "Warfarin Sodium"}, {"semTypes": ["T999"], "to": "5785", "fro": "5775", "fullId": "http://purl.bioontology.org/ontology/MSH/D002927", "preferredName": "Cimetidine"}, {"semTypes": ["T999"], "to": "6788", "fro": "6779", "fullId": "http://purl.bioontology.org/ontology/RXNORM/8183", "preferredName": "Phenytoin"}, {"semTypes": ["T999"], "to": "9261", "fro": "9253", "fullId": "http://purl.bioontology.org/ontology/MSH/D010634", "preferredName": "Phenobarbital"}, {"semTypes": ["T999"], "to": "6765", "fro": "6756", "fullId": "http://purl.bioontology.org/ontology/RXNORM/4450", "preferredName": "Fluconazole"}, {"semTypes": ["T109", "T195"], "to": "5140", "fro": "5130", "fullId": "http://purl.bioontology.org/ontology/RXNORM/9384", "preferredName": "Rifampin"}, {"semTypes": ["T999"], "to": "6829", "fro": "6818", "fullId": "http://purl.bioontology.org/ontology/RXNORM/114194", "preferredName": "Warfarin Sodium"}, {"semTypes": ["T999"], "to": "9232", "fro": "9222", "fullId": "http://purl.bioontology.org/ontology/RXNORM/4278", "preferredName": "Famotidine"}, {"semTypes": ["T109", "T121"], "to": "9629", "fro": "9621", "fullId": "http://purl.bioontology.org/ontology/RXNORM/10594", "preferredName": "Ticlopidine"}, {"semTypes": ["T109", "T121"], "to": "6396", "fro": "6387", "fullId": "http://purl.bioontology.org/ontology/RXNORM/8183", "preferredName": "Phenytoin"}, {"semTypes": ["T999"], "to": "6956", "fro": "6947", "fullId": "http://purl.bioontology.org/ontology/RXNORM/114194", "preferredName": "Warfarin Sodium"}, {"semTypes": ["T121", "T109"], "to": "5071", "fro": "5061", "fullId": "http://purl.bioontology.org/ontology/RXNORM/11289", "preferredName": "Warfarin"}, {"semTypes": ["T999"], "to": "4991", "fro": "4982", "fullId": "http://purl.bioontology.org/ontology/RXNORM/11289", "preferredName": "Warfarin"}, {"semTypes": ["T121", "T109"], "to": "5730", "fro": "5720", "fullId": "http://purl.bioontology.org/ontology/RXNORM/734064", "preferredName": "Desvenlafaxine"}, {"semTypes": ["T109", "T121"], "to": "6683", "fro": "6674", "fullId": "http://purl.bioontology.org/ontology/RXNORM/85762", "preferredName": "Ritonavir"}, {"semTypes": ["T999"], "to": "9602", "fro": "9593", "fullId": "http://purl.bioontology.org/ontology/RXNORM/703", "preferredName": "Amiodarone"}, {"semTypes": ["T999"], "to": "10084", "fro": "10075", "fullId": "http://purl.bioontology.org/ontology/RXNORM/114194", "preferredName": "Warfarin Sodium"}, {"semTypes": ["T109", "T121"], "to": "9614", "fro": "9605", "fullId": "http://purl.bioontology.org/ontology/MSH/D015283", "preferredName": "Citalopram"}, {"semTypes": ["T121", "T109"], "to": "6650", "fro": "6639", "fullId": "http://purl.bioontology.org/ontology/MSH/D015725", "preferredName": "Fluconazole"}, {"semTypes": ["T999"], "to": "8920", "fro": "8912", "fullId": "http://purl.bioontology.org/ontology/MSH/D015725", "preferredName": "Fluconazole"}, {"semTypes": ["T999"], "to": "6683", "fro": "6674", "fullId": "http://purl.bioontology.org/ontology/RXNORM/40575", "preferredName": "zileuton"}, {"semTypes": ["T109", "T121"], "to": "7005", "fro": "6993", "fullId": "http://purl.bioontology.org/ontology/RXNORM/114194", "preferredName": "Warfarin Sodium"}, {"semTypes": ["T109", "T121"], "to": "5982", "fro": "5973", "fullId": "http://purl.bioontology.org/ontology/MSH/D002939", "preferredName": "Ciprofloxacin"}, {"semTypes": ["T999"], "to": "12096", "fro": "12090", "fullId": "http://purl.bioontology.org/ontology/RXNORM/282446", "preferredName": "posaconazole"}, {"semTypes": ["T109", "T121"], "to": "9696", "fro": "9689", "fullId": "http://purl.bioontology.org/ontology/RXNORM/10594", "preferredName": "Ticlopidine"}, {"semTypes": ["T109", "T121"], "to": "10122", "fro": "10113", "fullId": "http://purl.bioontology.org/ontology/MSH/D007654", "preferredName": "Ketoconazole"}, {"semTypes": ["T999"], "to": "6550", "fro": "6540", "fullId": "http://purl.bioontology.org/ontology/RXNORM/114194", "preferredName": "Warfarin Sodium"}, {"semTypes": ["T109", "T121"], "to": "6839", "fro": "6832", "fullId": "http://purl.bioontology.org/ontology/MSH/C114556", "preferredName": "aprepitant"}, {"semTypes": ["T999"], "to": "6776", "fro": "6768", "fullId": "http://purl.bioontology.org/ontology/RXNORM/11289", "preferredName": "Warfarin"}, {"semTypes": ["T999"], "to": "6650", "fro": "6639", "fullId": "http://purl.bioontology.org/ontology/MSH/C045645", "preferredName": "cilostazol"}, {"semTypes": ["T109", "T195"], "to": "7058", "fro": "7050", "fullId": "http://purl.bioontology.org/ontology/RXNORM/40575", "preferredName": "zileuton"}, {"semTypes": ["T999"], "to": "5058", "fro": "5048", "fullId": "http://purl.bioontology.org/ontology/RXNORM/2551", "preferredName": "Ciprofloxacin"}, {"semTypes": ["T121", "T109"], "to": "5630", "fro": "5621", "fullId": "http://purl.bioontology.org/ontology/RXNORM/114194", "preferredName": "Warfarin Sodium"}, {"semTypes": ["T999"], "to": "5127", "fro": "5114", "fullId": "http://purl.bioontology.org/ontology/RXNORM/6038", "preferredName": "isoniazid"}, {"semTypes": ["T999"], "to": "3133", "fro": "3126", "fullId": "http://purl.bioontology.org/ontology/MSH/D014859", "preferredName": "Warfarin"}, {"semTypes": ["T121", "T109"], "to": "7133", "fro": "7124", "fullId": "http://purl.bioontology.org/ontology/RXNORM/10594", "preferredName": "Ticlopidine"}, {"semTypes": ["T109", "T121"], "to": "5608", "fro": "5598", "fullId": "http://purl.bioontology.org/ontology/RXNORM/228656", "preferredName": "Amprenavir"}, {"semTypes": ["T109", "T121"], "to": "6024", "fro": "6016", "fullId": "http://purl.bioontology.org/ontology/RXNORM/114194", "preferredName": "Warfarin Sodium"}, {"semTypes": ["T121", "T109"], "to": "6788", "fro": "6779", "fullId": "http://purl.bioontology.org/ontology/MSH/C065179", "preferredName": "atorvastatin"}, {"semTypes": ["T999"], "to": "5098", "fro": "5089", "fullId": "http://purl.bioontology.org/ontology/MSH/D010634", "preferredName": "Phenobarbital"}, {"semTypes": ["T999"], "to": "9643", "fro": "9632", "fullId": "http://purl.bioontology.org/ontology/MSH/D000212", "preferredName": "Acyclovir"}, {"semTypes": ["T999"], "to": "6839", "fro": "6832", "fullId": "http://purl.bioontology.org/ontology/RXNORM/114194", "preferredName": "Warfarin Sodium"}, {"semTypes": ["T999"], "to": "6575", "fro": "6565", "fullId": "http://purl.bioontology.org/ontology/RXNORM/11289", "preferredName": "Warfarin"}, {"semTypes": ["T999"], "to": "6537", "fro": "6526", "fullId": "http://purl.bioontology.org/ontology/MSH/D002220", "preferredName": "Carbamazepine"}, {"semTypes": ["T131", "T109", "T121"], "to": "238", "fro": "224", "fullId": "http://purl.bioontology.org/ontology/MSH/D014859", "preferredName": "Warfarin"}, {"semTypes": ["T195", "T109"], "to": "6465", "fro": "6452", "fullId": "http://purl.bioontology.org/ontology/RXNORM/4493", "preferredName": "Fluoxetine"}, {"semTypes": ["T999"], "to": "5667", "fro": "5660", "fullId": "http://purl.bioontology.org/ontology/RXNORM/662281", "preferredName": "nilotinib"}, {"semTypes": ["T999"], "to": "5645", "fro": "5633", "fullId": "http://purl.bioontology.org/ontology/RXNORM/114194", "preferredName": "Warfarin Sodium"}, {"semTypes": ["T999"], "to": "6502", "fro": "6494", "fullId": "http://purl.bioontology.org/ontology/RXNORM/114970", "preferredName": "zafirlukast"}, {"semTypes": ["T999"], "to": "6013", "fro": "6001", "fullId": "http://purl.bioontology.org/ontology/RXNORM/114194", "preferredName": "Warfarin Sodium"}, {"semTypes": ["T121", "T109"], "to": "6562", "fro": "6553", "fullId": "http://purl.bioontology.org/ontology/RXNORM/42355", "preferredName": "Fluvoxamine"}, {"semTypes": ["T121", "T109"], "to": "5717", "fro": "5708", "fullId": "http://purl.bioontology.org/ontology/MSH/D013988", "preferredName": "Ticlopidine"}, {"semTypes": ["T999"], "to": "7032", "fro": "7023", "fullId": "http://purl.bioontology.org/ontology/RXNORM/114194", "preferredName": "Warfarin Sodium"}, {"semTypes": ["T999"], "to": "5618", "fro": "5611", "fullId": "http://purl.bioontology.org/ontology/MSH/D015283", "preferredName": "Citalopram"}, {"semTypes": ["T999"], "to": "5005", "fro": "4994", "fullId": "http://purl.bioontology.org/ontology/MSH/D010672", "preferredName": "Phenytoin"}, {"semTypes": ["T999"], "to": "10110", "fro": "10100", "fullId": "http://purl.bioontology.org/ontology/RXNORM/2551", "preferredName": "Ciprofloxacin"}, {"semTypes": ["T109", "T121"], "to": "6944", "fro": "6934", "fullId": "http://purl.bioontology.org/ontology/RXNORM/21107", "preferredName": "cilostazol"}, {"semTypes": ["T999"], "to": "238", "fro": "224", "fullId": "http://purl.bioontology.org/ontology/MSH/D014859", "preferredName": "Warfarin"}, {"semTypes": ["T109", "T121", "T131"], "to": "1603", "fro": "1596", "fullId": "http://purl.bioontology.org/ontology/MSH/D014859", "preferredName": "Warfarin"}, {"semTypes": ["T121", "T109"], "to": "7091", "fro": "7080", "fullId": "http://purl.bioontology.org/ontology/MSH/C102790", "preferredName": "voriconazole"}, {"semTypes": ["T109", "T121"], "to": "9274", "fro": "9264", "fullId": "http://purl.bioontology.org/ontology/RXNORM/358255", "preferredName": "aprepitant"}, {"semTypes": ["T999"], "to": "7772", "fro": "7765", "fullId": "http://purl.bioontology.org/ontology/MSH/D014859", "preferredName": "Warfarin"}, {"semTypes": ["T121", "T109"], "to": "6410", "fro": "6399", "fullId": "http://purl.bioontology.org/ontology/RXNORM/662281", "preferredName": "nilotinib"}, {"semTypes": ["T999"], "to": "7091", "fro": "7080", "fullId": "http://purl.bioontology.org/ontology/RXNORM/121243", "preferredName": "voriconazole"}, {"semTypes": ["T999"], "to": "5860", "fro": "5853", "fullId": "http://purl.bioontology.org/ontology/MSH/D016666", "preferredName": "Fluvoxamine"}, {"semTypes": ["T999"], "to": "10134", "fro": "10125", "fullId": "http://purl.bioontology.org/ontology/RXNORM/40575", "preferredName": "zileuton"}, {"semTypes": ["T195", "T109"], "to": "6537", "fro": "6526", "fullId": "http://purl.bioontology.org/ontology/RXNORM/2541", "preferredName": "Cimetidine"}, {"semTypes": ["T121", "T109"], "to": "6956", "fro": "6947", "fullId": "http://purl.bioontology.org/ontology/MSH/D016666", "preferredName": "Fluvoxamine"}, {"semTypes": ["T121", "T109"], "to": "6322", "fro": "6313", "fullId": "http://purl.bioontology.org/ontology/RXNORM/75207", "preferredName": "bosentan"}, {"semTypes": ["T999"], "to": "5998", "fro": "5989", "fullId": "http://purl.bioontology.org/ontology/RXNORM/703", "preferredName": "Amiodarone"}, {"semTypes": ["T999"], "to": "10072", "fro": "10061", "fullId": "http://purl.bioontology.org/ontology/RXNORM/358255", "preferredName": "aprepitant"}, {"semTypes": ["T999"], "to": "10782", "fro": "10775", "fullId": "http://purl.bioontology.org/ontology/MSH/D014859", "preferredName": "Warfarin"}, {"semTypes": ["T999"], "to": "9274", "fro": "9264", "fullId": "http://purl.bioontology.org/ontology/MSH/C114556", "preferredName": "aprepitant"}, {"semTypes": ["T999"], "to": "6334", "fro": "6325", "fullId": "http://purl.bioontology.org/ontology/RXNORM/42355", "preferredName": "Fluvoxamine"}, {"semTypes": ["T121", "T109"], "to": "10097", "fro": "10087", "fullId": "http://purl.bioontology.org/ontology/RXNORM/11289", "preferredName": "Warfarin"}, {"semTypes": ["T121", "T109"], "to": "6449", "fro": "6437", "fullId": "http://purl.bioontology.org/ontology/RXNORM/11289", "preferredName": "Warfarin"}, {"semTypes": ["T999"], "to": "11299", "fro": "11285", "fullId": "http://purl.bioontology.org/ontology/MSH/D014859", "preferredName": "Warfarin"}, {"semTypes": ["T999"], "to": "6422", "fro": "6413", "fullId": "http://purl.bioontology.org/ontology/MSH/C114556", "preferredName": "aprepitant"}, {"semTypes": ["T109", "T121"], "to": "6986", "fro": "6979", "fullId": "http://purl.bioontology.org/ontology/RXNORM/42355", "preferredName": "Fluvoxamine"}, {"semTypes": ["T999"], "to": "6611", "fro": "6603", "fullId": "http://purl.bioontology.org/ontology/MSH/C065179", "preferredName": "atorvastatin"}, {"semTypes": ["T999"], "to": "5086", "fro": "5074", "fullId": "http://purl.bioontology.org/ontology/MSH/C063449", "preferredName": "zileuton"}, {"semTypes": ["T999"], "to": "10626", "fro": "10619", "fullId": "http://purl.bioontology.org/ontology/MSH/D014859", "preferredName": "Warfarin"}, {"semTypes": ["T999"], "to": "9722", "fro": "9714", "fullId": "http://purl.bioontology.org/ontology/RXNORM/1191", "preferredName": "Aspirin"}, {"semTypes": ["T109", "T121"], "to": "9732", "fro": "9725", "fullId": "http://purl.bioontology.org/ontology/MSH/C095108", "preferredName": "amprenavir"}, {"semTypes": ["T999"], "to": "3938", "fro": "3931", "fullId": "http://purl.bioontology.org/ontology/MSH/D014859", "preferredName": "Warfarin"}, {"semTypes": ["T109", "T121"], "to": "6550", "fro": "6540", "fullId": "http://purl.bioontology.org/ontology/MSH/D016666", "preferredName": "Fluvoxamine"}, {"semTypes": ["T121", "T109"], "to": "5618", "fro": "5611", "fullId": "http://purl.bioontology.org/ontology/RXNORM/9384", "preferredName": "Rifampin"}, {"semTypes": ["T999"], "to": "5608", "fro": "5598", "fullId": "http://purl.bioontology.org/ontology/MSH/D012293", "preferredName": "Rifampin"}, {"semTypes": ["T109", "T121"], "to": "5785", "fro": "5775", "fullId": "http://purl.bioontology.org/ontology/MSH/D005473", "preferredName": "Fluoxetine"}, {"semTypes": ["T999"], "to": "12158", "fro": "12144", "fullId": "http://purl.bioontology.org/ontology/MSH/D014859", "preferredName": "Warfarin"}, {"semTypes": ["T121", "T109"], "to": "9246", "fro": "9235", "fullId": "http://purl.bioontology.org/ontology/RXNORM/703", "preferredName": "Amiodarone"}, {"semTypes": ["T114", "T121"], "to": "5595", "fro": "5587", "fullId": "http://purl.bioontology.org/ontology/MSH/C086232", "preferredName": "bosentan"}, {"semTypes": ["T999"], "to": "1471", "fro": "1457", "fullId": "http://purl.bioontology.org/ontology/MSH/D014859", "preferredName": "Warfarin"}, {"semTypes": ["T121", "T109"], "to": "10159", "fro": "10150", "fullId": "http://purl.bioontology.org/ontology/MSH/D002927", "preferredName": "Cimetidine"}, {"semTypes": ["T109", "T121", "T131"], "to": "2643", "fro": "2636", "fullId": "http://purl.bioontology.org/ontology/MSH/D014859", "preferredName": "Warfarin"}, {"semTypes": ["T999"], "to": "2968", "fro": "2961", "fullId": "http://purl.bioontology.org/ontology/MSH/D014859", "preferredName": "Warfarin"}, {"semTypes": ["T999"], "to": "6358", "fro": "6349", "fullId": "http://purl.bioontology.org/ontology/MSH/D016666", "preferredName": "Fluvoxamine"}, {"semTypes": ["T121", "T109"], "to": "9670", "fro": "9662", "fullId": "http://purl.bioontology.org/ontology/MSH/C063449", "preferredName": "zileuton"}, {"semTypes": ["T999"], "to": "5281", "fro": "5274", "fullId": "http://purl.bioontology.org/ontology/RXNORM/358255", "preferredName": "aprepitant"}, {"semTypes": ["T999"], "to": "513", "fro": "499", "fullId": "http://purl.bioontology.org/ontology/MSH/D014859", "preferredName": "Warfarin"}, {"semTypes": ["T109", "T121"], "to": "6334", "fro": "6325", "fullId": "http://purl.bioontology.org/ontology/MSH/D019438", "preferredName": "Ritonavir"}, {"semTypes": ["T999"], "to": "6396", "fro": "6387", "fullId": "http://purl.bioontology.org/ontology/RXNORM/641465", "preferredName": "armodafinil"}, {"semTypes": ["T999"], "to": "5811", "fro": "5801", "fullId": "http://purl.bioontology.org/ontology/MSH/D015283", "preferredName": "Citalopram"}, {"semTypes": ["T999"], "to": "5140", "fro": "5130", "fullId": "http://purl.bioontology.org/ontology/RXNORM/32613", "preferredName": "oxaprozin"}, {"semTypes": ["T999"], "to": "2929", "fro": "2922", "fullId": "http://purl.bioontology.org/ontology/MSH/D014859", "preferredName": "Warfarin"}, {"semTypes": ["T121", "T109"], "to": "6765", "fro": "6756", "fullId": "http://purl.bioontology.org/ontology/MSH/C060836", "preferredName": "pioglitazone"}, {"semTypes": ["T999"], "to": "5630", "fro": "5621", "fullId": "http://purl.bioontology.org/ontology/RXNORM/42355", "preferredName": "Fluvoxamine"}, {"semTypes": ["T999"], "to": "5311", "fro": "5299", "fullId": "http://purl.bioontology.org/ontology/MSH/D016666", "preferredName": "Fluvoxamine"}, {"semTypes": ["T999"], "to": "11450", "fro": "11436", "fullId": "http://purl.bioontology.org/ontology/MSH/D014859", "preferredName": "Warfarin"}, {"semTypes": ["T109", "T121"], "to": "6622", "fro": "6614", "fullId": "http://purl.bioontology.org/ontology/RXNORM/121243", "preferredName": "voriconazole"}, {"semTypes": ["T116", "T121"], "to": "8860", "fro": "8851", "fullId": "http://purl.bioontology.org/ontology/MSH/C451734", "preferredName": "etravirine"}, {"semTypes": ["T121", "T109"], "to": "9722", "fro": "9714", "fullId": "http://purl.bioontology.org/ontology/MSH/D013988", "preferredName": "Ticlopidine"}, {"semTypes": ["T999"], "to": "3172", "fro": "3165", "fullId": "http://purl.bioontology.org/ontology/MSH/D014859", "preferredName": "Warfarin"}, {"semTypes": ["T999"], "to": "1603", "fro": "1596", "fullId": "http://purl.bioontology.org/ontology/MSH/D014859", "preferredName": "Warfarin"}, {"semTypes": ["T131", "T109", "T121"], "to": "12158", "fro": "12144", "fullId": "http://purl.bioontology.org/ontology/MSH/D014859", "preferredName": "Warfarin"}, {"semTypes": ["T999"], "to": "10910", "fro": "10903", "fullId": "http://purl.bioontology.org/ontology/MSH/D014859", "preferredName": "Warfarin"}, {"semTypes": ["T999"], "to": "5167", "fro": "5157", "fullId": "http://purl.bioontology.org/ontology/RXNORM/9143", "preferredName": "Ranitidine"}, {"semTypes": ["T109", "T121"], "to": "9232", "fro": "9222", "fullId": "http://purl.bioontology.org/ontology/RXNORM/2002", "preferredName": "Carbamazepine"}, {"semTypes": ["T999"], "to": "113", "fro": "99", "fullId": "http://purl.bioontology.org/ontology/MSH/D014859", "preferredName": "Warfarin"}, {"semTypes": ["T999"], "to": "6600", "fro": "6593", "fullId": "http://purl.bioontology.org/ontology/MSH/C451734", "preferredName": "etravirine"}, {"semTypes": ["T999"], "to": "2196", "fro": "2182", "fullId": "http://purl.bioontology.org/ontology/MSH/D014859", "preferredName": "Warfarin"}, {"semTypes": ["T999"], "to": "5020", "fro": "5008", "fullId": "http://purl.bioontology.org/ontology/MSH/D017374", "preferredName": "Paroxetine"}, {"semTypes": ["T999"], "to": "2571", "fro": "2564", "fullId": "http://purl.bioontology.org/ontology/MSH/D014859", "preferredName": "Warfarin"}, {"semTypes": ["T109", "T121"], "to": "9655", "fro": "9646", "fullId": "http://purl.bioontology.org/ontology/RXNORM/228656", "preferredName": "Amprenavir"}, {"semTypes": ["T121", "T109"], "to": "6611", "fro": "6603", "fullId": "http://purl.bioontology.org/ontology/MSH/C102790", "preferredName": "voriconazole"}, {"semTypes": ["T999"], "to": "12049", "fro": "12035", "fullId": "http://purl.bioontology.org/ontology/MSH/D014859", "preferredName": "Warfarin"}, {"semTypes": ["T999"], "to": "6803", "fro": "6791", "fullId": "http://purl.bioontology.org/ontology/RXNORM/475969", "preferredName": "etravirine"}, {"semTypes": ["T999"], "to": "5826", "fro": "5814", "fullId": "http://purl.bioontology.org/ontology/MSH/D010672", "preferredName": "Phenytoin"}, {"semTypes": ["T999"], "to": "7103", "fro": "7094", "fullId": "http://purl.bioontology.org/ontology/MSH/D000638", "preferredName": "Amiodarone"}, {"semTypes": ["T999"], "to": "11976", "fro": "11962", "fullId": "http://purl.bioontology.org/ontology/MSH/D014859", "preferredName": "Warfarin"}, {"semTypes": ["T121", "T109"], "to": "6972", "fro": "6963", "fullId": "http://purl.bioontology.org/ontology/RXNORM/11289", "preferredName": "Warfarin"}, {"semTypes": ["T121", "T109"], "to": "6575", "fro": "6565", "fullId": "http://purl.bioontology.org/ontology/RXNORM/11289", "preferredName": "Warfarin"}, {"semTypes": ["T109", "T121"], "to": "5826", "fro": "5814", "fullId": "http://purl.bioontology.org/ontology/MSH/C048833", "preferredName": "modafinil"}, {"semTypes": ["T121", "T116"], "to": "8896", "fro": "8888", "fullId": "http://purl.bioontology.org/ontology/RXNORM/4493", "preferredName": "Fluoxetine"}, {"semTypes": ["T999"], "to": "2643", "fro": "2636", "fullId": "http://purl.bioontology.org/ontology/MSH/D014859", "preferredName": "Warfarin"}, {"semTypes": ["T121", "T116"], "to": "8920", "fro": "8912", "fullId": "http://purl.bioontology.org/ontology/MSH/D015725", "preferredName": "Fluconazole"}, {"semTypes": ["T999"], "to": "1681", "fro": "1667", "fullId": "http://purl.bioontology.org/ontology/MSH/D014859", "preferredName": "Warfarin"}, {"semTypes": ["T121", "T109"], "to": "5679", "fro": "5670", "fullId": "http://purl.bioontology.org/ontology/MSH/C045645", "preferredName": "cilostazol"}, {"semTypes": ["T109", "T121"], "to": "5860", "fro": "5853", "fullId": "http://purl.bioontology.org/ontology/MSH/C114556", "preferredName": "aprepitant"}, {"semTypes": ["T109", "T121"], "to": "7016", "fro": "7008", "fullId": "http://purl.bioontology.org/ontology/MSH/D002939", "preferredName": "Ciprofloxacin"}, {"semTypes": ["T999"], "to": "7708", "fro": "7701", "fullId": "http://purl.bioontology.org/ontology/MSH/D014859", "preferredName": "Warfarin"}, {"semTypes": ["T999"], "to": "5798", "fro": "5788", "fullId": "http://purl.bioontology.org/ontology/RXNORM/3925", "preferredName": "Enoxacin"}, {"semTypes": ["T999"], "to": "9711", "fro": "9703", "fullId": "http://purl.bioontology.org/ontology/MSH/C101425", "preferredName": "posaconazole"}, {"semTypes": ["T999"], "to": "1171", "fro": "1157", "fullId": "http://purl.bioontology.org/ontology/MSH/D014859", "preferredName": "Warfarin"}, {"semTypes": ["T121", "T118", "T123"], "to": "8909", "fro": "8903", "fullId": "http://purl.bioontology.org/ontology/RXNORM/8134", "preferredName": "Phenobarbital"}, {"semTypes": ["T999"], "to": "5839", "fro": "5829", "fullId": "http://purl.bioontology.org/ontology/MSH/D019438", "preferredName": "Ritonavir"}, {"semTypes": ["T999"], "to": "6622", "fro": "6614", "fullId": "http://purl.bioontology.org/ontology/RXNORM/2541", "preferredName": "Cimetidine"}, {"semTypes": ["T109", "T121", "T131"], "to": "10626", "fro": "10619", "fullId": "http://purl.bioontology.org/ontology/MSH/D014859", "preferredName": "Warfarin"}, {"semTypes": ["T999"], "to": "10097", "fro": "10087", "fullId": "http://purl.bioontology.org/ontology/RXNORM/11289", "preferredName": "Warfarin"}, {"semTypes": ["T121", "T109"], "to": "9578", "fro": "9570", "fullId": "http://purl.bioontology.org/ontology/MSH/D012293", "preferredName": "Rifampin"}, {"semTypes": ["T131", "T109", "T121"], "to": "2196", "fro": "2182", "fullId": "http://purl.bioontology.org/ontology/MSH/D014859", "preferredName": "Warfarin"}, {"semTypes": ["T121", "T109"], "to": "6512", "fro": "6504", "fullId": "http://purl.bioontology.org/ontology/RXNORM/11289", "preferredName": "Warfarin"}, {"semTypes": ["T109", "T121"], "to": "10072", "fro": "10061", "fullId": "http://purl.bioontology.org/ontology/RXNORM/31565", "preferredName": "nefazodone"}, {"semTypes": ["T999"], "to": "6661", "fro": "6653", "fullId": "http://purl.bioontology.org/ontology/MSH/D000638", "preferredName": "Amiodarone"}, {"semTypes": ["T109", "T121", "T131"], "to": "3172", "fro": "3165", "fullId": "http://purl.bioontology.org/ontology/MSH/D014859", "preferredName": "Warfarin"}, {"semTypes": ["T121", "T109"], "to": "9590", "fro": "9581", "fullId": "http://purl.bioontology.org/ontology/RXNORM/2541", "preferredName": "Cimetidine"}, {"semTypes": ["T121", "T109"], "to": "6741", "fro": "6730", "fullId": "http://purl.bioontology.org/ontology/RXNORM/75207", "preferredName": "bosentan"}, {"semTypes": ["T109", "T121", "T131"], "to": "2929", "fro": "2922", "fullId": "http://purl.bioontology.org/ontology/MSH/D014859", "preferredName": "Warfarin"}, {"semTypes": ["T999"], "to": "5772", "fro": "5754", "fullId": "http://purl.bioontology.org/ontology/RXNORM/4450", "preferredName": "Fluconazole"}, {"semTypes": ["T999"], "to": "6706", "fro": "6698", "fullId": "http://purl.bioontology.org/ontology/MSH/D017964", "preferredName": "Itraconazole"}, {"semTypes": ["T109", "T121", "T131"], "to": "10782", "fro": "10775", "fullId": "http://purl.bioontology.org/ontology/MSH/D014859", "preferredName": "Warfarin"}, {"semTypes": ["T999"], "to": "5111", "fro": "5101", "fullId": "http://purl.bioontology.org/ontology/MSH/C093875", "preferredName": "montelukast"}, {"semTypes": ["T121", "T109"], "to": "6671", "fro": "6663", "fullId": "http://purl.bioontology.org/ontology/RXNORM/11289", "preferredName": "Warfarin"}, {"semTypes": ["T999"], "to": "6465", "fro": "6452", "fullId": "http://purl.bioontology.org/ontology/RXNORM/21212", "preferredName": "Clarithromycin"}, {"semTypes": ["T999"], "to": "6491", "fro": "6480", "fullId": "http://purl.bioontology.org/ontology/RXNORM/8183", "preferredName": "Phenytoin"}, {"semTypes": ["T999"], "to": "7117", "fro": "7110", "fullId": "http://purl.bioontology.org/ontology/RXNORM/85762", "preferredName": "Ritonavir"}, {"semTypes": ["T110", "T121", "T125"], "to": "5111", "fro": "5101", "fullId": "http://purl.bioontology.org/ontology/MSH/C048833", "preferredName": "modafinil"}, {"semTypes": ["T109", "T121", "T131"], "to": "2968", "fro": "2961", "fullId": "http://purl.bioontology.org/ontology/MSH/D014859", "preferredName": "Warfarin"}, {"semTypes": ["T999"], "to": "9655", "fro": "9646", "fullId": "http://purl.bioontology.org/ontology/RXNORM/641465", "preferredName": "armodafinil"}, {"semTypes": ["T131", "T109", "T121"], "to": "1681", "fro": "1667", "fullId": "http://purl.bioontology.org/ontology/MSH/D014859", "preferredName": "Warfarin"}, {"semTypes": ["T109", "T121"], "to": "10030", "fro": "10021", "fullId": "http://purl.bioontology.org/ontology/RXNORM/734064", "preferredName": "Desvenlafaxine"}, {"semTypes": ["T999"], "to": "6370", "fro": "6361", "fullId": "http://purl.bioontology.org/ontology/RXNORM/11289", "preferredName": "Warfarin"}, {"semTypes": ["T999"], "to": "6384", "fro": "6373", "fullId": "http://purl.bioontology.org/ontology/MSH/D002220", "preferredName": "Carbamazepine"}, {"semTypes": ["T999"], "to": "10058", "fro": "10049", "fullId": "http://purl.bioontology.org/ontology/RXNORM/83367", "preferredName": "atorvastatin"}, {"semTypes": ["T109", "T121", "T131"], "to": "7772", "fro": "7765", "fullId": "http://purl.bioontology.org/ontology/MSH/D014859", "preferredName": "Warfarin"}, {"semTypes": ["T121", "T109"], "to": "6661", "fro": "6653", "fullId": "http://purl.bioontology.org/ontology/MSH/C060836", "preferredName": "pioglitazone"}, {"semTypes": ["T999"], "to": "5679", "fro": "5670", "fullId": "http://purl.bioontology.org/ontology/MSH/D015725", "preferredName": "Fluconazole"}, {"semTypes": ["T109", "T121", "T131"], "to": "2571", "fro": "2564", "fullId": "http://purl.bioontology.org/ontology/MSH/D014859", "preferredName": "Warfarin"}, {"semTypes": ["T999"], "to": "6523", "fro": "6515", "fullId": "http://purl.bioontology.org/ontology/MSH/C095108", "preferredName": "amprenavir"}, {"semTypes": ["T121", "T109"], "to": "6370", "fro": "6361", "fullId": "http://purl.bioontology.org/ontology/RXNORM/11289", "preferredName": "Warfarin"}, {"semTypes": ["T123", "T121", "T109"], "to": "5705", "fro": "5695", "fullId": "http://purl.bioontology.org/ontology/RXNORM/4278", "preferredName": "Famotidine"}, {"semTypes": ["T999"], "to": "6562", "fro": "6553", "fullId": "http://purl.bioontology.org/ontology/RXNORM/85762", "preferredName": "Ritonavir"}, {"semTypes": ["T999"], "to": "6434", "fro": "6425", "fullId": "http://purl.bioontology.org/ontology/MSH/C114556", "preferredName": "aprepitant"}, {"semTypes": ["T999"], "to": "5071", "fro": "5061", "fullId": "http://purl.bioontology.org/ontology/RXNORM/11289", "preferredName": "Warfarin"}, {"semTypes": ["T131", "T109", "T121"], "to": "11976", "fro": "11962", "fullId": "http://purl.bioontology.org/ontology/MSH/D014859", "preferredName": "Warfarin"}, {"semTypes": ["T999"], "to": "6972", "fro": "6963", "fullId": "http://purl.bioontology.org/ontology/RXNORM/11289", "preferredName": "Warfarin"}, {"semTypes": ["T999"], "to": "8896", "fro": "8888", "fullId": "http://purl.bioontology.org/ontology/MSH/D002927", "preferredName": "Cimetidine"}, {"semTypes": ["T121", "T109"], "to": "6477", "fro": "6468", "fullId": "http://purl.bioontology.org/ontology/RXNORM/6038", "preferredName": "isoniazid"}, {"semTypes": ["T109", "T121", "T131"], "to": "3133", "fro": "3126", "fullId": "http://purl.bioontology.org/ontology/MSH/D014859", "preferredName": "Warfarin"}, {"semTypes": ["T121", "T109"], "to": "6523", "fro": "6515", "fullId": "http://purl.bioontology.org/ontology/RXNORM/10594", "preferredName": "Ticlopidine"}, {"semTypes": ["T121", "T109"], "to": "5657", "fro": "5648", "fullId": "http://purl.bioontology.org/ontology/RXNORM/228656", "preferredName": "Amprenavir"}, {"semTypes": ["T999"], "to": "8860", "fro": "8851", "fullId": "http://purl.bioontology.org/ontology/MSH/D010634", "preferredName": "Phenobarbital"}, {"semTypes": ["T999"], "to": "5271", "fro": "5262", "fullId": "http://purl.bioontology.org/ontology/RXNORM/11289", "preferredName": "Warfarin"}, {"semTypes": ["T121", "T109"], "to": "6346", "fro": "6337", "fullId": "http://purl.bioontology.org/ontology/MSH/D007654", "preferredName": "Ketoconazole"}, {"semTypes": ["T999"], "to": "8885", "fro": "8875", "fullId": "http://purl.bioontology.org/ontology/RXNORM/21212", "preferredName": "Clarithromycin"}, {"semTypes": ["T999"], "to": "9246", "fro": "9235", "fullId": "http://purl.bioontology.org/ontology/MSH/D002220", "preferredName": "Carbamazepine"}, {"semTypes": ["T109", "T121"], "to": "9207", "fro": "9201", "fullId": "http://purl.bioontology.org/ontology/MSH/D000638", "preferredName": "Amiodarone"}, {"semTypes": ["T999"], "to": "6671", "fro": "6663", "fullId": "http://purl.bioontology.org/ontology/RXNORM/11289", "preferredName": "Warfarin"}, {"semTypes": ["T109", "T121"], "to": "9643", "fro": "9632", "fullId": "http://purl.bioontology.org/ontology/RXNORM/83367", "preferredName": "atorvastatin"}, {"semTypes": ["T131", "T109", "T121"], "to": "113", "fro": "99", "fullId": "http://purl.bioontology.org/ontology/MSH/D014859", "preferredName": "Warfarin"}, {"semTypes": ["T999"], "to": "5595", "fro": "5587", "fullId": "http://purl.bioontology.org/ontology/RXNORM/4493", "preferredName": "Fluoxetine"}, {"semTypes": ["T109", "T195"], "to": "6803", "fro": "6791", "fullId": "http://purl.bioontology.org/ontology/RXNORM/4493", "preferredName": "Fluoxetine"}, {"semTypes": ["T999"], "to": "8872", "fro": "8863", "fullId": "http://purl.bioontology.org/ontology/RXNORM/282446", "preferredName": "posaconazole"}, {"semTypes": ["T109", "T121"], "to": "5798", "fro": "5788", "fullId": "http://purl.bioontology.org/ontology/RXNORM/114970", "preferredName": "zafirlukast"}, {"semTypes": ["T121", "T109"], "to": "10147", "fro": "10137", "fullId": "http://purl.bioontology.org/ontology/MSH/D011241", "preferredName": "Prednisone"}, {"semTypes": ["T121", "T109"], "to": "5271", "fro": "5262", "fullId": "http://purl.bioontology.org/ontology/RXNORM/11289", "preferredName": "Warfarin"}, {"semTypes": ["T121", "T109"], "to": "6434", "fro": "6425", "fullId": "http://purl.bioontology.org/ontology/MSH/D016666", "preferredName": "Fluvoxamine"}, {"semTypes": ["T109", "T121"], "to": "5098", "fro": "5089", "fullId": "http://purl.bioontology.org/ontology/MSH/D005473", "preferredName": "Fluoxetine"}, {"semTypes": ["T127", "T121", "T119"], "to": "344", "fro": "336", "fullId": "http://purl.bioontology.org/ontology/MSH/D010672", "preferredName": "Phenytoin"}, {"semTypes": ["T121", "T109"], "to": "6776", "fro": "6768", "fullId": "http://purl.bioontology.org/ontology/RXNORM/11289", "preferredName": "Warfarin"}, {"semTypes": ["T109", "T121"], "to": "5086", "fro": "5074", "fullId": "http://purl.bioontology.org/ontology/MSH/C451734", "preferredName": "etravirine"}, {"semTypes": ["T999"], "to": "11788", "fro": "11783", "fullId": "http://purl.bioontology.org/ontology/RXNORM/1191", "preferredName": "Aspirin"}, {"semTypes": ["T109", "T121", "T131"], "to": "7708", "fro": "7701", "fullId": "http://purl.bioontology.org/ontology/MSH/D014859", "preferredName": "Warfarin"}, {"semTypes": ["T999"], "to": "5657", "fro": "5648", "fullId": "http://purl.bioontology.org/ontology/MSH/C102790", "preferredName": "voriconazole"}, {"semTypes": ["T109", "T121"], "to": "5296", "fro": "5284", "fullId": "http://purl.bioontology.org/ontology/RXNORM/114194", "preferredName": "Warfarin Sodium"}, {"semTypes": ["T131", "T109", "T121"], "to": "11450", "fro": "11436", "fullId": "http://purl.bioontology.org/ontology/MSH/D014859", "preferredName": "Warfarin"}, {"semTypes": ["T121", "T109"], "to": "10046", "fro": "10033", "fullId": "http://purl.bioontology.org/ontology/RXNORM/121243", "preferredName": "voriconazole"}, {"semTypes": ["T121", "T109"], "to": "7032", "fro": "7023", "fullId": "http://purl.bioontology.org/ontology/MSH/D019438", "preferredName": "Ritonavir"}, {"semTypes": ["T999"], "to": "7133", "fro": "7124", "fullId": "http://purl.bioontology.org/ontology/MSH/D000212", "preferredName": "Acyclovir"}, {"semTypes": ["T999"], "to": "9732", "fro": "9725", "fullId": "http://purl.bioontology.org/ontology/RXNORM/4450", "preferredName": "Fluconazole"}, {"semTypes": ["T131", "T109", "T121"], "to": "12049", "fro": "12035", "fullId": "http://purl.bioontology.org/ontology/MSH/D014859", "preferredName": "Warfarin"}, {"semTypes": ["T121", "T109"], "to": "5127", "fro": "5114", "fullId": "http://purl.bioontology.org/ontology/RXNORM/8183", "preferredName": "Phenytoin"}, {"semTypes": ["T109", "T121"], "to": "6013", "fro": "6001", "fullId": "http://purl.bioontology.org/ontology/RXNORM/42355", "preferredName": "Fluvoxamine"}, {"semTypes": ["T109", "T121"], "to": "5965", "fro": "5955", "fullId": "http://purl.bioontology.org/ontology/MSH/C045645", "preferredName": "cilostazol"}, {"semTypes": ["T999"], "to": "9578", "fro": "9570", "fullId": "http://purl.bioontology.org/ontology/RXNORM/75207", "preferredName": "bosentan"}, {"semTypes": ["T121", "T109"], "to": "6695", "fro": "6686", "fullId": "http://purl.bioontology.org/ontology/RXNORM/475969", "preferredName": "etravirine"}, {"semTypes": ["T999"], "to": "6944", "fro": "6934", "fullId": "http://purl.bioontology.org/ontology/MSH/D019438", "preferredName": "Ritonavir"}, {"semTypes": ["T121", "T109"], "to": "9261", "fro": "9253", "fullId": "http://purl.bioontology.org/ontology/MSH/D005473", "preferredName": "Fluoxetine"}, {"semTypes": ["T999"], "to": "5296", "fro": "5284", "fullId": "http://purl.bioontology.org/ontology/RXNORM/11289", "preferredName": "Warfarin"}, {"semTypes": ["T999"], "to": "6322", "fro": "6313", "fullId": "http://purl.bioontology.org/ontology/RXNORM/9384", "preferredName": "Rifampin"}, {"semTypes": ["T131", "T109", "T121"], "to": "1171", "fro": "1157", "fullId": "http://purl.bioontology.org/ontology/MSH/D014859", "preferredName": "Warfarin"}, {"semTypes": ["T131", "T109", "T121"], "to": "11299", "fro": "11285", "fullId": "http://purl.bioontology.org/ontology/MSH/D014859", "preferredName": "Warfarin"}, {"semTypes": ["T999"], "to": "5032", "fro": "5023", "fullId": "http://purl.bioontology.org/ontology/RXNORM/42355", "preferredName": "Fluvoxamine"}, {"semTypes": ["T121", "T109"], "to": "6706", "fro": "6698", "fullId": "http://purl.bioontology.org/ontology/RXNORM/2002", "preferredName": "Carbamazepine"}, {"semTypes": ["T121", "T109"], "to": "6815", "fro": "6806", "fullId": "http://purl.bioontology.org/ontology/MSH/C045645", "preferredName": "cilostazol"}, {"semTypes": ["T999"], "to": "9219", "fro": "9210", "fullId": "http://purl.bioontology.org/ontology/RXNORM/11289", "preferredName": "Warfarin"}, {"semTypes": ["T999"], "to": "5705", "fro": "5695", "fullId": "http://purl.bioontology.org/ontology/RXNORM/21107", "preferredName": "cilostazol"}, {"semTypes": ["T999"], "to": "6477", "fro": "6468", "fullId": "http://purl.bioontology.org/ontology/RXNORM/228656", "preferredName": "Amprenavir"}, {"semTypes": ["T121", "T109"], "to": "6636", "fro": "6625", "fullId": "http://purl.bioontology.org/ontology/MSH/D002939", "preferredName": "Ciprofloxacin"}, {"semTypes": ["T121", "T109"], "to": "6358", "fro": "6349", "fullId": "http://purl.bioontology.org/ontology/RXNORM/42355", "preferredName": "Fluvoxamine"}, {"semTypes": ["T999"], "to": "344", "fro": "336", "fullId": "http://purl.bioontology.org/ontology/MSH/D012293", "preferredName": "Rifampin"}, {"semTypes": ["T999"], "to": "10030", "fro": "10021", "fullId": "http://purl.bioontology.org/ontology/RXNORM/358255", "preferredName": "aprepitant"}, {"semTypes": ["T121", "T109"], "to": "10084", "fro": "10075", "fullId": "http://purl.bioontology.org/ontology/RXNORM/11289", "preferredName": "Warfarin"}, {"semTypes": ["T109", "T121"], "to": "10134", "fro": "10125", "fullId": "http://purl.bioontology.org/ontology/RXNORM/703", "preferredName": "Amiodarone"}, {"semTypes": ["T121", "T125", "T110"], "to": "7103", "fro": "7094", "fullId": "http://purl.bioontology.org/ontology/MSH/C048833", "preferredName": "modafinil"}, {"semTypes": ["T999"], "to": "6512", "fro": "6504", "fullId": "http://purl.bioontology.org/ontology/RXNORM/11289", "preferredName": "Warfarin"}, {"semTypes": ["T121", "T109"], "to": "7047", "fro": "7039", "fullId": "http://purl.bioontology.org/ontology/RXNORM/8134", "preferredName": "Phenobarbital"}, {"semTypes": ["T121", "T109"], "to": "9219", "fro": "9210", "fullId": "http://purl.bioontology.org/ontology/RXNORM/114194", "preferredName": "Warfarin Sodium"}, {"semTypes": ["T109", "T121"], "to": "6829", "fro": "6818", "fullId": "http://purl.bioontology.org/ontology/RXNORM/114194", "preferredName": "Warfarin Sodium"}, {"semTypes": ["T121", "T109"], "to": "10058", "fro": "10049", "fullId": "http://purl.bioontology.org/ontology/MSH/D005473", "preferredName": "Fluoxetine"}, {"semTypes": ["T109", "T195"], "to": "5321", "fro": "5314", "fullId": "http://purl.bioontology.org/ontology/RXNORM/358255", "preferredName": "aprepitant"}, {"semTypes": ["T999"], "to": "6590", "fro": "6578", "fullId": "http://purl.bioontology.org/ontology/MSH/D013988", "preferredName": "Ticlopidine"}, {"semTypes": ["T999"], "to": "5982", "fro": "5973", "fullId": "http://purl.bioontology.org/ontology/MSH/C063449", "preferredName": "zileuton"}, {"semTypes": ["T109", "T121"], "to": "6753", "fro": "6744", "fullId": "http://purl.bioontology.org/ontology/RXNORM/21107", "preferredName": "cilostazol"}, {"semTypes": ["T999"], "to": "5965", "fro": "5955", "fullId": "http://purl.bioontology.org/ontology/RXNORM/2551", "preferredName": "Ciprofloxacin"}, {"semTypes": ["T121", "T109"], "to": "5032", "fro": "5023", "fullId": "http://purl.bioontology.org/ontology/MSH/C114556", "preferredName": "aprepitant"}, {"semTypes": ["T131", "T109", "T121"], "to": "513", "fro": "499", "fullId": "http://purl.bioontology.org/ontology/MSH/D014859", "preferredName": "Warfarin"}, {"semTypes": ["T999"], "to": "6346", "fro": "6337", "fullId": "http://purl.bioontology.org/ontology/RXNORM/32613", "preferredName": "oxaprozin"}, {"semTypes": ["T121", "T109"], "to": "6590", "fro": "6578", "fullId": "http://purl.bioontology.org/ontology/MSH/C086232", "preferredName": "bosentan"}, {"semTypes": ["T999"], "to": "5321", "fro": "5314", "fullId": "http://purl.bioontology.org/ontology/RXNORM/42355", "preferredName": "Fluvoxamine"}, {"semTypes": ["T109", "T121"], "to": "5811", "fro": "5801", "fullId": "http://purl.bioontology.org/ontology/MSH/C086232", "preferredName": "bosentan"}, {"semTypes": ["T999"], "to": "9207", "fro": "9201", "fullId": "http://purl.bioontology.org/ontology/MSH/D002927", "preferredName": "Cimetidine"}, {"semTypes": ["T999"], "to": "5692", "fro": "5682", "fullId": "http://purl.bioontology.org/ontology/RXNORM/11289", "preferredName": "Warfarin"}, {"semTypes": ["T121", "T109"], "to": "6384", "fro": "6373", "fullId": "http://purl.bioontology.org/ontology/RXNORM/85762", "preferredName": "Ritonavir"}, {"semTypes": ["T121", "T109"], "to": "5998", "fro": "5989", "fullId": "http://purl.bioontology.org/ontology/MSH/D013988", "preferredName": "Ticlopidine"}]