[{"semTypes": ["T131", "T121", "T109"], "to": "1790", "fro": "1783", "fullId": "http://purl.bioontology.org/ontology/MSH/D014859", "preferredName": "Warfarin"}, {"semTypes": ["T999"], "to": "3708", "fro": "3694", "fullId": "http://purl.bioontology.org/ontology/MSH/D014859", "preferredName": "Warfarin"}, {"semTypes": ["T999"], "to": "1829", "fro": "1822", "fullId": "http://purl.bioontology.org/ontology/MSH/D014859", "preferredName": "Warfarin"}, {"semTypes": ["T999"], "to": "4645", "fro": "4636", "fullId": "http://purl.bioontology.org/ontology/RXNORM/11289", "preferredName": "Warfarin"}, {"semTypes": ["T109", "T121", "T131"], "to": "4562", "fro": "4548", "fullId": "http://purl.bioontology.org/ontology/MSH/D014859", "preferredName": "Warfarin"}, {"semTypes": ["T999"], "to": "1790", "fro": "1783", "fullId": "http://purl.bioontology.org/ontology/MSH/D014859", "preferredName": "Warfarin"}, {"semTypes": ["T999"], "to": "1308", "fro": "1301", "fullId": "http://purl.bioontology.org/ontology/MSH/D014859", "preferredName": "Warfarin"}, {"semTypes": ["T999"], "to": "4380", "fro": "4366", "fullId": "http://purl.bioontology.org/ontology/MSH/D014859", "preferredName": "Warfarin"}, {"semTypes": ["T109", "T121", "T131"], "to": "4380", "fro": "4366", "fullId": "http://purl.bioontology.org/ontology/MSH/D014859", "preferredName": "Warfarin"}, {"semTypes": ["T999"], "to": "93", "fro": "79", "fullId": "http://purl.bioontology.org/ontology/MSH/D014859", "preferredName": "Warfarin"}, {"semTypes": ["T999"], "to": "3859", "fro": "3845", "fullId": "http://purl.bioontology.org/ontology/MSH/D014859", "preferredName": "Warfarin"}, {"semTypes": ["T109", "T121", "T131"], "to": "493", "fro": "479", "fullId": "http://purl.bioontology.org/ontology/MSH/D014859", "preferredName": "Warfarin"}, {"semTypes": ["T121", "T119", "T127"], "to": "324", "fro": "316", "fullId": "http://purl.bioontology.org/ontology/RXNORM/11289", "preferredName": "Warfarin"}, {"semTypes": ["T999"], "to": "1105", "fro": "1091", "fullId": "http://purl.bioontology.org/ontology/MSH/D014859", "preferredName": "Warfarin"}, {"semTypes": ["T999"], "to": "2806", "fro": "2799", "fullId": "http://purl.bioontology.org/ontology/MSH/D014859", "preferredName": "Warfarin"}, {"semTypes": ["T109", "T121", "T131"], "to": "3859", "fro": "3845", "fullId": "http://purl.bioontology.org/ontology/MSH/D014859", "preferredName": "Warfarin"}, {"semTypes": ["T999"], "to": "1380", "fro": "1373", "fullId": "http://purl.bioontology.org/ontology/MSH/D014859", "preferredName": "Warfarin"}, {"semTypes": ["T999"], "to": "5774", "fro": "5760", "fullId": "http://purl.bioontology.org/ontology/MSH/D014859", "preferredName": "Warfarin"}, {"semTypes": ["T109", "T121", "T131"], "to": "5774", "fro": "5760", "fullId": "http://purl.bioontology.org/ontology/MSH/D014859", "preferredName": "Warfarin"}, {"semTypes": ["T999"], "to": "5184", "fro": "5177", "fullId": "http://purl.bioontology.org/ontology/MSH/D014859", "preferredName": "Warfarin"}, {"semTypes": ["T999"], "to": "3367", "fro": "3360", "fullId": "http://purl.bioontology.org/ontology/MSH/D014859", "preferredName": "Warfarin"}, {"semTypes": ["T999"], "to": "4453", "fro": "4439", "fullId": "http://purl.bioontology.org/ontology/MSH/D014859", "preferredName": "Warfarin"}, {"semTypes": ["T999"], "to": "2453", "fro": "2446", "fullId": "http://purl.bioontology.org/ontology/MSH/D014859", "preferredName": "Warfarin"}, {"semTypes": ["T109", "T121", "T131"], "to": "5262", "fro": "5248", "fullId": "http://purl.bioontology.org/ontology/MSH/D014859", "preferredName": "Warfarin"}, {"semTypes": ["T999"], "to": "218", "fro": "204", "fullId": "http://purl.bioontology.org/ontology/MSH/D014859", "preferredName": "Warfarin"}, {"semTypes": ["T131", "T121", "T109"], "to": "1308", "fro": "1301", "fullId": "http://purl.bioontology.org/ontology/MSH/D014859", "preferredName": "Warfarin"}, {"semTypes": ["T999"], "to": "4500", "fro": "4494", "fullId": "http://purl.bioontology.org/ontology/RXNORM/11289", "preferredName": "Warfarin"}, {"semTypes": ["T109", "T121", "T131"], "to": "218", "fro": "204", "fullId": "http://purl.bioontology.org/ontology/MSH/D014859", "preferredName": "Warfarin"}, {"semTypes": ["T131", "T121", "T109"], "to": "1380", "fro": "1373", "fullId": "http://purl.bioontology.org/ontology/MSH/D014859", "preferredName": "Warfarin"}, {"semTypes": ["T131", "T121", "T109"], "to": "1829", "fro": "1822", "fullId": "http://purl.bioontology.org/ontology/MSH/D014859", "preferredName": "Warfarin"}, {"semTypes": ["T109", "T121", "T131"], "to": "1105", "fro": "1091", "fullId": "http://purl.bioontology.org/ontology/MSH/D014859", "preferredName": "Warfarin"}, {"semTypes": ["T131", "T121", "T109"], "to": "1623", "fro": "1616", "fullId": "http://purl.bioontology.org/ontology/MSH/D014859", "preferredName": "Warfarin"}, {"semTypes": ["T999"], "to": "493", "fro": "479", "fullId": "http://purl.bioontology.org/ontology/MSH/D014859", "preferredName": "Warfarin"}, {"semTypes": ["T131", "T121", "T109"], "to": "2806", "fro": "2799", "fullId": "http://purl.bioontology.org/ontology/MSH/D014859", "preferredName": "Warfarin"}, {"semTypes": ["T109", "T121", "T131"], "to": "3708", "fro": "3694", "fullId": "http://purl.bioontology.org/ontology/MSH/D014859", "preferredName": "Warfarin"}, {"semTypes": ["T999"], "to": "4192", "fro": "4187", "fullId": "http://purl.bioontology.org/ontology/RXNORM/11289", "preferredName": "Warfarin"}, {"semTypes": ["T131", "T121", "T109"], "to": "2453", "fro": "2446", "fullId": "http://purl.bioontology.org/ontology/MSH/D014859", "preferredName": "Warfarin"}, {"semTypes": ["T109", "T121", "T131"], "to": "5053", "fro": "5039", "fullId": "http://purl.bioontology.org/ontology/MSH/D014859", "preferredName": "Warfarin"}, {"semTypes": ["T999"], "to": "5262", "fro": "5248", "fullId": "http://purl.bioontology.org/ontology/MSH/D014859", "preferredName": "Warfarin"}, {"semTypes": ["T131", "T121", "T109"], "to": "5184", "fro": "5177", "fullId": "http://purl.bioontology.org/ontology/MSH/D014859", "preferredName": "Warfarin"}, {"semTypes": ["T109", "T121", "T131"], "to": "4453", "fro": "4439", "fullId": "http://purl.bioontology.org/ontology/MSH/D014859", "preferredName": "Warfarin"}, {"semTypes": ["T131", "T121", "T109"], "to": "2870", "fro": "2863", "fullId": "http://purl.bioontology.org/ontology/MSH/D014859", "preferredName": "Warfarin"}, {"semTypes": ["T999"], "to": "5053", "fro": "5039", "fullId": "http://purl.bioontology.org/ontology/MSH/D014859", "preferredName": "Warfarin"}, {"semTypes": ["T131", "T121", "T109"], "to": "3211", "fro": "3204", "fullId": "http://purl.bioontology.org/ontology/MSH/D014859", "preferredName": "Warfarin"}, {"semTypes": ["T109", "T121", "T131"], "to": "93", "fro": "79", "fullId": "http://purl.bioontology.org/ontology/MSH/D014859", "preferredName": "Warfarin"}, {"semTypes": ["T999"], "to": "1662", "fro": "1655", "fullId": "http://purl.bioontology.org/ontology/MSH/D014859", "preferredName": "Warfarin"}, {"semTypes": ["T131", "T121", "T109"], "to": "1662", "fro": "1655", "fullId": "http://purl.bioontology.org/ontology/MSH/D014859", "preferredName": "Warfarin"}, {"semTypes": ["T999"], "to": "2870", "fro": "2863", "fullId": "http://purl.bioontology.org/ontology/MSH/D014859", "preferredName": "Warfarin"}, {"semTypes": ["T999"], "to": "324", "fro": "316", "fullId": "http://purl.bioontology.org/ontology/RXNORM/11289", "preferredName": "Warfarin"}, {"semTypes": ["T999"], "to": "1623", "fro": "1616", "fullId": "http://purl.bioontology.org/ontology/MSH/D014859", "preferredName": "Warfarin"}, {"semTypes": ["T131", "T121", "T109"], "to": "3490", "fro": "3483", "fullId": "http://purl.bioontology.org/ontology/MSH/D014859", "preferredName": "Warfarin"}, {"semTypes": ["T999"], "to": "3211", "fro": "3204", "fullId": "http://purl.bioontology.org/ontology/MSH/D014859", "preferredName": "Warfarin"}, {"semTypes": ["T999"], "to": "4562", "fro": "4548", "fullId": "http://purl.bioontology.org/ontology/MSH/D014859", "preferredName": "Warfarin"}, {"semTypes": ["T131", "T121", "T109"], "to": "3367", "fro": "3360", "fullId": "http://purl.bioontology.org/ontology/MSH/D014859", "preferredName": "Warfarin"}, {"semTypes": ["T999"], "to": "3490", "fro": "3483", "fullId": "http://purl.bioontology.org/ontology/MSH/D014859", "preferredName": "Warfarin"}]