[{"semTypes": ["T109", "T121"], "to": "17013", "fro": "17004", "fullId": "http://purl.bioontology.org/ontology/MSH/D017374", "preferredName": "Paroxetine"}, {"semTypes": ["T999"], "to": "8390", "fro": "8382", "fullId": "http://purl.bioontology.org/ontology/RXNORM/32937", "preferredName": "Paroxetine"}, {"semTypes": ["T999"], "to": "9585", "fro": "9576", "fullId": "http://purl.bioontology.org/ontology/MSH/D017374", "preferredName": "Paroxetine"}, {"semTypes": ["T131", "T109", "T121"], "to": "4248", "fro": "4241", "fullId": "http://purl.bioontology.org/ontology/RXNORM/32937", "preferredName": "Paroxetine"}, {"semTypes": ["T118", "T121", "T110"], "to": "17795", "fro": "17789", "fullId": "http://purl.bioontology.org/ontology/RXNORM/32937", "preferredName": "Paroxetine"}, {"semTypes": ["T109", "T121"], "to": "11340", "fro": "11331", "fullId": "http://purl.bioontology.org/ontology/MSH/D017374", "preferredName": "Paroxetine"}, {"semTypes": ["T121", "T109"], "to": "10733", "fro": "10723", "fullId": "http://purl.bioontology.org/ontology/RXNORM/32937", "preferredName": "Paroxetine"}, {"semTypes": ["T999"], "to": "16620", "fro": "16613", "fullId": "http://purl.bioontology.org/ontology/RXNORM/32937", "preferredName": "Paroxetine"}, {"semTypes": ["T109", "T121"], "to": "574", "fro": "565", "fullId": "http://purl.bioontology.org/ontology/MSH/D017374", "preferredName": "Paroxetine"}, {"semTypes": ["T121", "T109"], "to": "9997", "fro": "9987", "fullId": "http://purl.bioontology.org/ontology/RXNORM/32937", "preferredName": "Paroxetine"}, {"semTypes": ["T109", "T121"], "to": "18201", "fro": "18192", "fullId": "http://purl.bioontology.org/ontology/MSH/D017374", "preferredName": "Paroxetine"}, {"semTypes": ["T999"], "to": "11683", "fro": "11671", "fullId": "http://purl.bioontology.org/ontology/MSH/D010868", "preferredName": "Pimozide"}, {"semTypes": ["T999"], "to": "12704", "fro": "12696", "fullId": "http://purl.bioontology.org/ontology/RXNORM/32937", "preferredName": "Paroxetine"}, {"semTypes": ["T121", "T109"], "to": "10965", "fro": "10955", "fullId": "http://purl.bioontology.org/ontology/RXNORM/32937", "preferredName": "Paroxetine"}, {"semTypes": ["T121", "T109"], "to": "10125", "fro": "10115", "fullId": "http://purl.bioontology.org/ontology/RXNORM/32937", "preferredName": "Paroxetine"}, {"semTypes": ["T109", "T121"], "to": "14814", "fro": "14805", "fullId": "http://purl.bioontology.org/ontology/MSH/D017374", "preferredName": "Paroxetine"}, {"semTypes": ["T109", "T121"], "to": "18951", "fro": "18942", "fullId": "http://purl.bioontology.org/ontology/MSH/D017374", "preferredName": "Paroxetine"}, {"semTypes": ["T999"], "to": "13929", "fro": "13920", "fullId": "http://purl.bioontology.org/ontology/MSH/D017374", "preferredName": "Paroxetine"}, {"semTypes": ["T999"], "to": "7956", "fro": "7948", "fullId": "http://purl.bioontology.org/ontology/RXNORM/32937", "preferredName": "Paroxetine"}, {"semTypes": ["T121", "T109"], "to": "19124", "fro": "19113", "fullId": "http://purl.bioontology.org/ontology/RXNORM/32937", "preferredName": "Paroxetine"}, {"semTypes": ["T999"], "to": "12177", "fro": "12166", "fullId": "http://purl.bioontology.org/ontology/RXNORM/32937", "preferredName": "Paroxetine"}, {"semTypes": ["T121", "T116"], "to": "14076", "fro": "14065", "fullId": "http://purl.bioontology.org/ontology/RXNORM/38400", "preferredName": "atomoxetine"}, {"semTypes": ["T109", "T121"], "to": "9434", "fro": "9425", "fullId": "http://purl.bioontology.org/ontology/MSH/D017374", "preferredName": "Paroxetine"}, {"semTypes": ["T999"], "to": "10469", "fro": "10459", "fullId": "http://purl.bioontology.org/ontology/RXNORM/32937", "preferredName": "Paroxetine"}, {"semTypes": ["T999"], "to": "13680", "fro": "13670", "fullId": "http://purl.bioontology.org/ontology/RXNORM/32937", "preferredName": "Paroxetine"}, {"semTypes": ["T123", "T116", "T121"], "to": "364", "fro": "355", "fullId": "http://purl.bioontology.org/ontology/RXNORM/32937", "preferredName": "Paroxetine"}, {"semTypes": ["T109", "T121"], "to": "19777", "fro": "19768", "fullId": "http://purl.bioontology.org/ontology/MSH/D017374", "preferredName": "Paroxetine"}, {"semTypes": ["T999"], "to": "10246", "fro": "10227", "fullId": "http://purl.bioontology.org/ontology/RXNORM/38400", "preferredName": "atomoxetine"}, {"semTypes": ["T999"], "to": "13764", "fro": "13754", "fullId": "http://purl.bioontology.org/ontology/RXNORM/32937", "preferredName": "Paroxetine"}, {"semTypes": ["T109", "T121"], "to": "15737", "fro": "15728", "fullId": "http://purl.bioontology.org/ontology/MSH/D017374", "preferredName": "Paroxetine"}, {"semTypes": ["T999"], "to": "18634", "fro": "18627", "fullId": "http://purl.bioontology.org/ontology/RXNORM/32937", "preferredName": "Paroxetine"}, {"semTypes": ["T999"], "to": "2011", "fro": "2004", "fullId": "http://purl.bioontology.org/ontology/RXNORM/32937", "preferredName": "Paroxetine"}, {"semTypes": ["T999"], "to": "20594", "fro": "20586", "fullId": "http://purl.bioontology.org/ontology/MSH/C041930", "preferredName": "atomoxetine"}, {"semTypes": ["T109", "T121"], "to": "13664", "fro": "13655", "fullId": "http://purl.bioontology.org/ontology/MSH/D017374", "preferredName": "Paroxetine"}, {"semTypes": ["T999"], "to": "7693", "fro": "7684", "fullId": "http://purl.bioontology.org/ontology/MSH/D017374", "preferredName": "Paroxetine"}, {"semTypes": ["T123", "T116", "T121"], "to": "3377", "fro": "3368", "fullId": "http://purl.bioontology.org/ontology/RXNORM/32937", "preferredName": "Paroxetine"}, {"semTypes": ["T109", "T121"], "to": "11527", "fro": "11518", "fullId": "http://purl.bioontology.org/ontology/MSH/D017374", "preferredName": "Paroxetine"}, {"semTypes": ["T999"], "to": "10354", "fro": "10344", "fullId": "http://purl.bioontology.org/ontology/RXNORM/32937", "preferredName": "Paroxetine"}, {"semTypes": ["T999"], "to": "18016", "fro": "18010", "fullId": "http://purl.bioontology.org/ontology/RXNORM/32937", "preferredName": "Paroxetine"}, {"semTypes": ["T109", "T121"], "to": "9980", "fro": "9971", "fullId": "http://purl.bioontology.org/ontology/MSH/D017374", "preferredName": "Paroxetine"}, {"semTypes": ["T999"], "to": "20764", "fro": "20756", "fullId": "http://purl.bioontology.org/ontology/RXNORM/38400", "preferredName": "atomoxetine"}, {"semTypes": ["T109", "T123", "T121"], "to": "20376", "fro": "20365", "fullId": "http://purl.bioontology.org/ontology/RXNORM/8331", "preferredName": "Pimozide"}, {"semTypes": ["T109", "T121"], "to": "7459", "fro": "7447", "fullId": "http://purl.bioontology.org/ontology/RXNORM/32937", "preferredName": "Paroxetine"}, {"semTypes": ["T121", "T109"], "to": "8476", "fro": "8468", "fullId": "http://purl.bioontology.org/ontology/RXNORM/32937", "preferredName": "Paroxetine"}, {"semTypes": ["T109", "T121"], "to": "19694", "fro": "19685", "fullId": "http://purl.bioontology.org/ontology/MSH/D017374", "preferredName": "Paroxetine"}, {"semTypes": ["T999"], "to": "9858", "fro": "9848", "fullId": "http://purl.bioontology.org/ontology/MSH/D010868", "preferredName": "Pimozide"}, {"semTypes": ["T999"], "to": "14194", "fro": "14184", "fullId": "http://purl.bioontology.org/ontology/RXNORM/32937", "preferredName": "Paroxetine"}, {"semTypes": ["T121", "T109"], "to": "14058", "fro": "14050", "fullId": "http://purl.bioontology.org/ontology/RXNORM/8331", "preferredName": "Pimozide"}, {"semTypes": ["T999"], "to": "19763", "fro": "19753", "fullId": "http://purl.bioontology.org/ontology/RXNORM/32937", "preferredName": "Paroxetine"}, {"semTypes": ["T121", "T109"], "to": "14047", "fro": "14039", "fullId": "http://purl.bioontology.org/ontology/MSH/D014364", "preferredName": "Tryptophan"}, {"semTypes": ["T109", "T121"], "to": "17969", "fro": "17960", "fullId": "http://purl.bioontology.org/ontology/MSH/D017374", "preferredName": "Paroxetine"}, {"semTypes": ["T121", "T109"], "to": "12177", "fro": "12166", "fullId": "http://purl.bioontology.org/ontology/RXNORM/32937", "preferredName": "Paroxetine"}, {"semTypes": ["T999"], "to": "18951", "fro": "18942", "fullId": "http://purl.bioontology.org/ontology/MSH/D017374", "preferredName": "Paroxetine"}, {"semTypes": ["T999"], "to": "364", "fro": "355", "fullId": "http://purl.bioontology.org/ontology/RXNORM/32937", "preferredName": "Paroxetine"}, {"semTypes": ["T109", "T121"], "to": "8305", "fro": "8296", "fullId": "http://purl.bioontology.org/ontology/MSH/D017374", "preferredName": "Paroxetine"}, {"semTypes": ["T999"], "to": "3377", "fro": "3368", "fullId": "http://purl.bioontology.org/ontology/RXNORM/32937", "preferredName": "Paroxetine"}, {"semTypes": ["T999"], "to": "8156", "fro": "8148", "fullId": "http://purl.bioontology.org/ontology/RXNORM/32937", "preferredName": "Paroxetine"}, {"semTypes": ["T109", "T121"], "to": "13929", "fro": "13920", "fullId": "http://purl.bioontology.org/ontology/MSH/D017374", "preferredName": "Paroxetine"}, {"semTypes": ["T999"], "to": "11780", "fro": "11772", "fullId": "http://purl.bioontology.org/ontology/RXNORM/32937", "preferredName": "Paroxetine"}, {"semTypes": ["T999"], "to": "6804", "fro": "6795", "fullId": "http://purl.bioontology.org/ontology/MSH/C041930", "preferredName": "atomoxetine"}, {"semTypes": ["T109", "T121"], "to": "5951", "fro": "5942", "fullId": "http://purl.bioontology.org/ontology/MSH/D017374", "preferredName": "Paroxetine"}, {"semTypes": ["T999"], "to": "11769", "fro": "11759", "fullId": "http://purl.bioontology.org/ontology/RXNORM/32937", "preferredName": "Paroxetine"}, {"semTypes": ["T121", "T109"], "to": "13680", "fro": "13670", "fullId": "http://purl.bioontology.org/ontology/RXNORM/32937", "preferredName": "Paroxetine"}, {"semTypes": ["T999"], "to": "11698", "fro": "11686", "fullId": "http://purl.bioontology.org/ontology/MSH/C041930", "preferredName": "atomoxetine"}, {"semTypes": ["T121", "T109"], "to": "18549", "fro": "18542", "fullId": "http://purl.bioontology.org/ontology/RXNORM/32937", "preferredName": "Paroxetine"}, {"semTypes": ["T109", "T121"], "to": "4656", "fro": "4647", "fullId": "http://purl.bioontology.org/ontology/MSH/D017374", "preferredName": "Paroxetine"}, {"semTypes": ["T999"], "to": "8421", "fro": "8412", "fullId": "http://purl.bioontology.org/ontology/MSH/D017374", "preferredName": "Paroxetine"}, {"semTypes": ["T200"], "to": "10087", "fro": "10072", "fullId": "http://purl.bioontology.org/ontology/MSH/C041930", "preferredName": "atomoxetine"}, {"semTypes": ["T999"], "to": "20780", "fro": "20771", "fullId": "http://purl.bioontology.org/ontology/MSH/D017374", "preferredName": "Paroxetine"}, {"semTypes": ["T109", "T121"], "to": "619", "fro": "610", "fullId": "http://purl.bioontology.org/ontology/MSH/D017374", "preferredName": "Paroxetine"}, {"semTypes": ["T109", "T121"], "to": "3157", "fro": "3148", "fullId": "http://purl.bioontology.org/ontology/MSH/D017374", "preferredName": "Paroxetine"}, {"semTypes": ["T121", "T109"], "to": "6804", "fro": "6795", "fullId": "http://purl.bioontology.org/ontology/RXNORM/32937", "preferredName": "Paroxetine"}, {"semTypes": ["T109", "T121"], "to": "7214", "fro": "7205", "fullId": "http://purl.bioontology.org/ontology/MSH/D017374", "preferredName": "Paroxetine"}, {"semTypes": ["T121", "T109"], "to": "3655", "fro": "3644", "fullId": "http://purl.bioontology.org/ontology/RXNORM/32937", "preferredName": "Paroxetine"}, {"semTypes": ["T121", "T109"], "to": "6165", "fro": "6156", "fullId": "http://purl.bioontology.org/ontology/RXNORM/32937", "preferredName": "Paroxetine"}, {"semTypes": ["T999"], "to": "10380", "fro": "10361", "fullId": "http://purl.bioontology.org/ontology/MSH/D010868", "preferredName": "Pimozide"}, {"semTypes": ["T121", "T109"], "to": "11723", "fro": "11713", "fullId": "http://purl.bioontology.org/ontology/RXNORM/38400", "preferredName": "atomoxetine"}, {"semTypes": ["T999"], "to": "7756", "fro": "7744", "fullId": "http://purl.bioontology.org/ontology/RXNORM/32937", "preferredName": "Paroxetine"}, {"semTypes": ["T109", "T121"], "to": "10430", "fro": "10421", "fullId": "http://purl.bioontology.org/ontology/MSH/D017374", "preferredName": "Paroxetine"}, {"semTypes": ["T121", "T109"], "to": "10193", "fro": "10183", "fullId": "http://purl.bioontology.org/ontology/RXNORM/32937", "preferredName": "Paroxetine"}, {"semTypes": ["T999"], "to": "17795", "fro": "17789", "fullId": "http://purl.bioontology.org/ontology/RXNORM/32937", "preferredName": "Paroxetine"}, {"semTypes": ["T121", "T109"], "to": "11710", "fro": "11701", "fullId": "http://purl.bioontology.org/ontology/MSH/D010868", "preferredName": "Pimozide"}, {"semTypes": ["T109", "T121"], "to": "14142", "fro": "14133", "fullId": "http://purl.bioontology.org/ontology/MSH/D017374", "preferredName": "Paroxetine"}, {"semTypes": ["T999"], "to": "11029", "fro": "11020", "fullId": "http://purl.bioontology.org/ontology/MSH/D017374", "preferredName": "Paroxetine"}, {"semTypes": ["T999"], "to": "1482", "fro": "1475", "fullId": "http://purl.bioontology.org/ontology/RXNORM/32937", "preferredName": "Paroxetine"}, {"semTypes": ["T999"], "to": "2855", "fro": "2847", "fullId": "http://purl.bioontology.org/ontology/RXNORM/8331", "preferredName": "Pimozide"}, {"semTypes": ["T999"], "to": "16649", "fro": "16642", "fullId": "http://purl.bioontology.org/ontology/RXNORM/32937", "preferredName": "Paroxetine"}, {"semTypes": ["T999"], "to": "10125", "fro": "10115", "fullId": "http://purl.bioontology.org/ontology/RXNORM/32937", "preferredName": "Paroxetine"}, {"semTypes": ["T109", "T121"], "to": "12189", "fro": "12180", "fullId": "http://purl.bioontology.org/ontology/MSH/D017374", "preferredName": "Paroxetine"}, {"semTypes": ["T109", "T121"], "to": "9735", "fro": "9726", "fullId": "http://purl.bioontology.org/ontology/MSH/D017374", "preferredName": "Paroxetine"}, {"semTypes": ["T999"], "to": "20584", "fro": "20572", "fullId": "http://purl.bioontology.org/ontology/MSH/C041930", "preferredName": "atomoxetine"}, {"semTypes": ["T999"], "to": "11855", "fro": "11847", "fullId": "http://purl.bioontology.org/ontology/RXNORM/38400", "preferredName": "atomoxetine"}, {"semTypes": ["T999"], "to": "12206", "fro": "12195", "fullId": "http://purl.bioontology.org/ontology/RXNORM/32937", "preferredName": "Paroxetine"}, {"semTypes": ["T999"], "to": "8126", "fro": "8117", "fullId": "http://purl.bioontology.org/ontology/MSH/D017374", "preferredName": "Paroxetine"}, {"semTypes": ["T121", "T109"], "to": "15952", "fro": "15946", "fullId": "http://purl.bioontology.org/ontology/MSH/D010868", "preferredName": "Pimozide"}, {"semTypes": ["T109", "T121"], "to": "15502", "fro": "15493", "fullId": "http://purl.bioontology.org/ontology/MSH/D017374", "preferredName": "Paroxetine"}, {"semTypes": ["T109", "T121"], "to": "17517", "fro": "17508", "fullId": "http://purl.bioontology.org/ontology/MSH/D017374", "preferredName": "Paroxetine"}, {"semTypes": ["T121", "T109"], "to": "10354", "fro": "10344", "fullId": "http://purl.bioontology.org/ontology/RXNORM/32937", "preferredName": "Paroxetine"}, {"semTypes": ["T118", "T121", "T110"], "to": "18213", "fro": "18207", "fullId": "http://purl.bioontology.org/ontology/RXNORM/32937", "preferredName": "Paroxetine"}, {"semTypes": ["T109", "T121"], "to": "1670", "fro": "1661", "fullId": "http://purl.bioontology.org/ontology/MSH/D017374", "preferredName": "Paroxetine"}, {"semTypes": ["T999"], "to": "619", "fro": "610", "fullId": "http://purl.bioontology.org/ontology/MSH/D017374", "preferredName": "Paroxetine"}, {"semTypes": ["T999"], "to": "12189", "fro": "12180", "fullId": "http://purl.bioontology.org/ontology/MSH/D017374", "preferredName": "Paroxetine"}, {"semTypes": ["T109", "T121"], "to": "7120", "fro": "7108", "fullId": "http://purl.bioontology.org/ontology/RXNORM/32937", "preferredName": "Paroxetine"}, {"semTypes": ["T999"], "to": "2089", "fro": "2082", "fullId": "http://purl.bioontology.org/ontology/RXNORM/32937", "preferredName": "Paroxetine"}, {"semTypes": ["T109", "T121"], "to": "2011", "fro": "2004", "fullId": "http://purl.bioontology.org/ontology/RXNORM/32937", "preferredName": "Paroxetine"}, {"semTypes": ["T999"], "to": "3480", "fro": "3471", "fullId": "http://purl.bioontology.org/ontology/RXNORM/32937", "preferredName": "Paroxetine"}, {"semTypes": ["T109", "T121"], "to": "18586", "fro": "18577", "fullId": "http://purl.bioontology.org/ontology/MSH/D017374", "preferredName": "Paroxetine"}, {"semTypes": ["T109", "T121"], "to": "2655", "fro": "2632", "fullId": "http://purl.bioontology.org/ontology/MSH/D014859", "preferredName": "Warfarin"}, {"semTypes": ["T109", "T121"], "to": "20764", "fro": "20756", "fullId": "http://purl.bioontology.org/ontology/RXNORM/38400", "preferredName": "atomoxetine"}, {"semTypes": ["T121", "T109"], "to": "18634", "fro": "18627", "fullId": "http://purl.bioontology.org/ontology/RXNORM/32937", "preferredName": "Paroxetine"}, {"semTypes": ["T999"], "to": "14058", "fro": "14050", "fullId": "http://purl.bioontology.org/ontology/MSH/D014859", "preferredName": "Warfarin"}, {"semTypes": ["T121", "T109"], "to": "2931", "fro": "2924", "fullId": "http://purl.bioontology.org/ontology/RXNORM/10898", "preferredName": "Tryptophan"}, {"semTypes": ["T109", "T121"], "to": "8213", "fro": "8204", "fullId": "http://purl.bioontology.org/ontology/MSH/D017374", "preferredName": "Paroxetine"}, {"semTypes": ["T109", "T121"], "to": "6381", "fro": "6372", "fullId": "http://purl.bioontology.org/ontology/MSH/D017374", "preferredName": "Paroxetine"}, {"semTypes": ["T999"], "to": "1892", "fro": "1885", "fullId": "http://purl.bioontology.org/ontology/RXNORM/32937", "preferredName": "Paroxetine"}, {"semTypes": ["T999"], "to": "14036", "fro": "14027", "fullId": "http://purl.bioontology.org/ontology/RXNORM/8331", "preferredName": "Pimozide"}, {"semTypes": ["T999"], "to": "15001", "fro": "14992", "fullId": "http://purl.bioontology.org/ontology/MSH/D017374", "preferredName": "Paroxetine"}, {"semTypes": ["T131", "T109", "T121"], "to": "16620", "fro": "16613", "fullId": "http://purl.bioontology.org/ontology/RXNORM/32937", "preferredName": "Paroxetine"}, {"semTypes": ["T999"], "to": "18586", "fro": "18577", "fullId": "http://purl.bioontology.org/ontology/MSH/D017374", "preferredName": "Paroxetine"}, {"semTypes": ["T999"], "to": "2104", "fro": "2095", "fullId": "http://purl.bioontology.org/ontology/MSH/D017374", "preferredName": "Paroxetine"}, {"semTypes": ["T121", "T109"], "to": "10859", "fro": "10849", "fullId": "http://purl.bioontology.org/ontology/RXNORM/32937", "preferredName": "Paroxetine"}, {"semTypes": ["T109", "T121"], "to": "18113", "fro": "18104", "fullId": "http://purl.bioontology.org/ontology/MSH/D017374", "preferredName": "Paroxetine"}, {"semTypes": ["T999"], "to": "180", "fro": "171", "fullId": "http://purl.bioontology.org/ontology/RXNORM/32937", "preferredName": "Paroxetine"}, {"semTypes": ["T109", "T121"], "to": "11186", "fro": "11177", "fullId": "http://purl.bioontology.org/ontology/MSH/D017374", "preferredName": "Paroxetine"}, {"semTypes": ["T999"], "to": "15952", "fro": "15946", "fullId": "http://purl.bioontology.org/ontology/RXNORM/8331", "preferredName": "Pimozide"}, {"semTypes": ["T999"], "to": "11902", "fro": "11894", "fullId": "http://purl.bioontology.org/ontology/MSH/D010868", "preferredName": "Pimozide"}, {"semTypes": ["T999"], "to": "14076", "fro": "14065", "fullId": "http://purl.bioontology.org/ontology/RXNORM/38400", "preferredName": "atomoxetine"}, {"semTypes": ["T121", "T109"], "to": "19639", "fro": "19629", "fullId": "http://purl.bioontology.org/ontology/RXNORM/32937", "preferredName": "Paroxetine"}, {"semTypes": ["T999"], "to": "10859", "fro": "10849", "fullId": "http://purl.bioontology.org/ontology/RXNORM/32937", "preferredName": "Paroxetine"}, {"semTypes": ["T109", "T121"], "to": "8421", "fro": "8412", "fullId": "http://purl.bioontology.org/ontology/MSH/D017374", "preferredName": "Paroxetine"}, {"semTypes": ["T999"], "to": "10662", "fro": "10652", "fullId": "http://purl.bioontology.org/ontology/MSH/D017374", "preferredName": "Paroxetine"}, {"semTypes": ["T200"], "to": "10608", "fro": "10593", "fullId": "http://purl.bioontology.org/ontology/MSH/D010868", "preferredName": "Pimozide"}, {"semTypes": ["T999"], "to": "9434", "fro": "9425", "fullId": "http://purl.bioontology.org/ontology/MSH/D017374", "preferredName": "Paroxetine"}, {"semTypes": ["T109", "T121"], "to": "349", "fro": "340", "fullId": "http://purl.bioontology.org/ontology/MSH/D017374", "preferredName": "Paroxetine"}, {"semTypes": ["T109", "T121"], "to": "7756", "fro": "7744", "fullId": "http://purl.bioontology.org/ontology/RXNORM/32937", "preferredName": "Paroxetine"}, {"semTypes": ["T109", "T121"], "to": "3339", "fro": "3330", "fullId": "http://purl.bioontology.org/ontology/MSH/D017374", "preferredName": "Paroxetine"}, {"semTypes": ["T999"], "to": "19694", "fro": "19685", "fullId": "http://purl.bioontology.org/ontology/MSH/D017374", "preferredName": "Paroxetine"}, {"semTypes": ["T999"], "to": "19040", "fro": "19029", "fullId": "http://purl.bioontology.org/ontology/RXNORM/32937", "preferredName": "Paroxetine"}, {"semTypes": ["T109", "T121"], "to": "16703", "fro": "16694", "fullId": "http://purl.bioontology.org/ontology/MSH/D017374", "preferredName": "Paroxetine"}, {"semTypes": ["T999"], "to": "3157", "fro": "3148", "fullId": "http://purl.bioontology.org/ontology/MSH/D017374", "preferredName": "Paroxetine"}, {"semTypes": ["T999"], "to": "6302", "fro": "6293", "fullId": "http://purl.bioontology.org/ontology/RXNORM/32937", "preferredName": "Paroxetine"}, {"semTypes": ["T121", "T109"], "to": "10794", "fro": "10784", "fullId": "http://purl.bioontology.org/ontology/RXNORM/32937", "preferredName": "Paroxetine"}, {"semTypes": ["T109", "T121"], "to": "9585", "fro": "9576", "fullId": "http://purl.bioontology.org/ontology/MSH/D017374", "preferredName": "Paroxetine"}, {"semTypes": ["T123", "T116", "T121"], "to": "180", "fro": "171", "fullId": "http://purl.bioontology.org/ontology/RXNORM/32937", "preferredName": "Paroxetine"}, {"semTypes": ["T109", "T121"], "to": "7693", "fro": "7684", "fullId": "http://purl.bioontology.org/ontology/MSH/D017374", "preferredName": "Paroxetine"}, {"semTypes": ["T109", "T121"], "to": "15438", "fro": "15429", "fullId": "http://purl.bioontology.org/ontology/MSH/D017374", "preferredName": "Paroxetine"}, {"semTypes": ["T999"], "to": "19777", "fro": "19768", "fullId": "http://purl.bioontology.org/ontology/MSH/D017374", "preferredName": "Paroxetine"}, {"semTypes": ["T109", "T121"], "to": "1962", "fro": "1953", "fullId": "http://purl.bioontology.org/ontology/MSH/D017374", "preferredName": "Paroxetine"}, {"semTypes": ["T999"], "to": "574", "fro": "565", "fullId": "http://purl.bioontology.org/ontology/MSH/D017374", "preferredName": "Paroxetine"}, {"semTypes": ["T999"], "to": "10909", "fro": "10899", "fullId": "http://purl.bioontology.org/ontology/RXNORM/32937", "preferredName": "Paroxetine"}, {"semTypes": ["T999"], "to": "20266", "fro": "20257", "fullId": "http://purl.bioontology.org/ontology/MSH/D017374", "preferredName": "Paroxetine"}, {"semTypes": ["T123", "T116", "T121"], "to": "3480", "fro": "3471", "fullId": "http://purl.bioontology.org/ontology/RXNORM/32937", "preferredName": "Paroxetine"}, {"semTypes": ["T109", "T121"], "to": "7510", "fro": "7501", "fullId": "http://purl.bioontology.org/ontology/MSH/D017374", "preferredName": "Paroxetine"}, {"semTypes": ["T999"], "to": "11186", "fro": "11177", "fullId": "http://purl.bioontology.org/ontology/MSH/D017374", "preferredName": "Paroxetine"}, {"semTypes": ["T999"], "to": "18622", "fro": "18613", "fullId": "http://purl.bioontology.org/ontology/MSH/D017374", "preferredName": "Paroxetine"}, {"semTypes": ["T118", "T121", "T110"], "to": "18016", "fro": "18010", "fullId": "http://purl.bioontology.org/ontology/RXNORM/32937", "preferredName": "Paroxetine"}, {"semTypes": ["T999"], "to": "7397", "fro": "7388", "fullId": "http://purl.bioontology.org/ontology/MSH/D017374", "preferredName": "Paroxetine"}, {"semTypes": ["T121", "T109"], "to": "11828", "fro": "11818", "fullId": "http://purl.bioontology.org/ontology/RXNORM/38400", "preferredName": "atomoxetine"}, {"semTypes": ["T999"], "to": "1847", "fro": "1840", "fullId": "http://purl.bioontology.org/ontology/RXNORM/32937", "preferredName": "Paroxetine"}, {"semTypes": ["T999"], "to": "4554", "fro": "4545", "fullId": "http://purl.bioontology.org/ontology/MSH/D017374", "preferredName": "Paroxetine"}, {"semTypes": ["T999"], "to": "2941", "fro": "2934", "fullId": "http://purl.bioontology.org/ontology/MSH/C041930", "preferredName": "atomoxetine"}, {"semTypes": ["T131", "T109", "T121"], "to": "4567", "fro": "4560", "fullId": "http://purl.bioontology.org/ontology/RXNORM/32937", "preferredName": "Paroxetine"}, {"semTypes": ["T109", "T121"], "to": "7397", "fro": "7388", "fullId": "http://purl.bioontology.org/ontology/MSH/D017374", "preferredName": "Paroxetine"}, {"semTypes": ["T999"], "to": "19124", "fro": "19113", "fullId": "http://purl.bioontology.org/ontology/RXNORM/32937", "preferredName": "Paroxetine"}, {"semTypes": ["T999"], "to": "6479", "fro": "6470", "fullId": "http://purl.bioontology.org/ontology/MSH/D017374", "preferredName": "Paroxetine"}, {"semTypes": ["T118", "T121", "T110"], "to": "18046", "fro": "18040", "fullId": "http://purl.bioontology.org/ontology/RXNORM/32937", "preferredName": "Paroxetine"}, {"semTypes": ["T999"], "to": "12901", "fro": "12893", "fullId": "http://purl.bioontology.org/ontology/RXNORM/32937", "preferredName": "Paroxetine"}, {"semTypes": ["T121", "T109"], "to": "14036", "fro": "14027", "fullId": "http://purl.bioontology.org/ontology/RXNORM/38400", "preferredName": "atomoxetine"}, {"semTypes": ["T999"], "to": "8213", "fro": "8204", "fullId": "http://purl.bioontology.org/ontology/MSH/D017374", "preferredName": "Paroxetine"}, {"semTypes": ["T109", "T121"], "to": "2855", "fro": "2847", "fullId": "http://purl.bioontology.org/ontology/RXNORM/38400", "preferredName": "atomoxetine"}, {"semTypes": ["T121", "T109"], "to": "12206", "fro": "12195", "fullId": "http://purl.bioontology.org/ontology/RXNORM/32937", "preferredName": "Paroxetine"}, {"semTypes": ["T999"], "to": "4567", "fro": "4560", "fullId": "http://purl.bioontology.org/ontology/RXNORM/32937", "preferredName": "Paroxetine"}, {"semTypes": ["T999"], "to": "21274", "fro": "21265", "fullId": "http://purl.bioontology.org/ontology/MSH/D017374", "preferredName": "Paroxetine"}, {"semTypes": ["T999"], "to": "18201", "fro": "18192", "fullId": "http://purl.bioontology.org/ontology/MSH/D017374", "preferredName": "Paroxetine"}, {"semTypes": ["T999"], "to": "7459", "fro": "7447", "fullId": "http://purl.bioontology.org/ontology/RXNORM/32937", "preferredName": "Paroxetine"}, {"semTypes": ["T109", "T121"], "to": "14834", "fro": "14825", "fullId": "http://purl.bioontology.org/ontology/MSH/D017374", "preferredName": "Paroxetine"}, {"semTypes": ["T999"], "to": "11340", "fro": "11331", "fullId": "http://purl.bioontology.org/ontology/MSH/D017374", "preferredName": "Paroxetine"}, {"semTypes": ["T109", "T121"], "to": "7442", "fro": "7433", "fullId": "http://purl.bioontology.org/ontology/MSH/D017374", "preferredName": "Paroxetine"}, {"semTypes": ["T121", "T109"], "to": "6302", "fro": "6293", "fullId": "http://purl.bioontology.org/ontology/RXNORM/32937", "preferredName": "Paroxetine"}, {"semTypes": ["T999"], "to": "8305", "fro": "8296", "fullId": "http://purl.bioontology.org/ontology/MSH/D017374", "preferredName": "Paroxetine"}, {"semTypes": ["T109", "T121"], "to": "1750", "fro": "1743", "fullId": "http://purl.bioontology.org/ontology/RXNORM/32937", "preferredName": "Paroxetine"}, {"semTypes": ["T999"], "to": "11828", "fro": "11818", "fullId": "http://purl.bioontology.org/ontology/MSH/D010868", "preferredName": "Pimozide"}, {"semTypes": ["T999"], "to": "349", "fro": "340", "fullId": "http://purl.bioontology.org/ontology/MSH/D017374", "preferredName": "Paroxetine"}, {"semTypes": ["T999"], "to": "527", "fro": "518", "fullId": "http://purl.bioontology.org/ontology/RXNORM/32937", "preferredName": "Paroxetine"}, {"semTypes": ["T109", "T121"], "to": "7305", "fro": "7296", "fullId": "http://purl.bioontology.org/ontology/MSH/D017374", "preferredName": "Paroxetine"}, {"semTypes": ["T109", "T121"], "to": "20594", "fro": "20586", "fullId": "http://purl.bioontology.org/ontology/RXNORM/8331", "preferredName": "Pimozide"}, {"semTypes": ["T999"], "to": "11723", "fro": "11713", "fullId": "http://purl.bioontology.org/ontology/MSH/D010868", "preferredName": "Pimozide"}, {"semTypes": ["T999"], "to": "6381", "fro": "6372", "fullId": "http://purl.bioontology.org/ontology/MSH/D017374", "preferredName": "Paroxetine"}, {"semTypes": ["T109", "T121"], "to": "11902", "fro": "11894", "fullId": "http://purl.bioontology.org/ontology/RXNORM/10898", "preferredName": "Tryptophan"}, {"semTypes": ["T999"], "to": "17539", "fro": "17523", "fullId": "http://purl.bioontology.org/ontology/RXNORM/8331", "preferredName": "Pimozide"}, {"semTypes": ["T999"], "to": "20217", "fro": "20206", "fullId": "http://purl.bioontology.org/ontology/RXNORM/32937", "preferredName": "Paroxetine"}, {"semTypes": ["T999"], "to": "3339", "fro": "3330", "fullId": "http://purl.bioontology.org/ontology/MSH/D017374", "preferredName": "Paroxetine"}, {"semTypes": ["T999"], "to": "1750", "fro": "1743", "fullId": "http://purl.bioontology.org/ontology/RXNORM/32937", "preferredName": "Paroxetine"}, {"semTypes": ["T121", "T109"], "to": "20754", "fro": "20742", "fullId": "http://purl.bioontology.org/ontology/MSH/C041930", "preferredName": "atomoxetine"}, {"semTypes": ["T999"], "to": "14814", "fro": "14805", "fullId": "http://purl.bioontology.org/ontology/MSH/D017374", "preferredName": "Paroxetine"}, {"semTypes": ["T999"], "to": "11739", "fro": "11730", "fullId": "http://purl.bioontology.org/ontology/MSH/D014364", "preferredName": "Tryptophan"}, {"semTypes": ["T999"], "to": "2655", "fro": "2632", "fullId": "http://purl.bioontology.org/ontology/MSH/D017374", "preferredName": "Paroxetine"}, {"semTypes": ["T109", "T121"], "to": "7248", "fro": "7236", "fullId": "http://purl.bioontology.org/ontology/RXNORM/32937", "preferredName": "Paroxetine"}, {"semTypes": ["T999"], "to": "7214", "fro": "7205", "fullId": "http://purl.bioontology.org/ontology/MSH/D017374", "preferredName": "Paroxetine"}, {"semTypes": ["T121", "T109"], "to": "19040", "fro": "19029", "fullId": "http://purl.bioontology.org/ontology/RXNORM/32937", "preferredName": "Paroxetine"}, {"semTypes": ["T121", "T109"], "to": "14024", "fro": "14014", "fullId": "http://purl.bioontology.org/ontology/RXNORM/32937", "preferredName": "Paroxetine"}, {"semTypes": ["T999"], "to": "1962", "fro": "1953", "fullId": "http://purl.bioontology.org/ontology/MSH/D017374", "preferredName": "Paroxetine"}, {"semTypes": ["T109", "T121"], "to": "11840", "fro": "11831", "fullId": "http://purl.bioontology.org/ontology/RXNORM/11289", "preferredName": "Warfarin"}, {"semTypes": ["T999"], "to": "20058", "fro": "20047", "fullId": "http://purl.bioontology.org/ontology/MSH/C041930", "preferredName": "atomoxetine"}, {"semTypes": ["T999"], "to": "1797", "fro": "1790", "fullId": "http://purl.bioontology.org/ontology/RXNORM/32937", "preferredName": "Paroxetine"}, {"semTypes": ["T999"], "to": "7305", "fro": "7296", "fullId": "http://purl.bioontology.org/ontology/MSH/D017374", "preferredName": "Paroxetine"}, {"semTypes": ["T121", "T109"], "to": "8390", "fro": "8382", "fullId": "http://purl.bioontology.org/ontology/RXNORM/32937", "preferredName": "Paroxetine"}, {"semTypes": ["T131", "T109", "T121"], "to": "15966", "fro": "15959", "fullId": "http://purl.bioontology.org/ontology/RXNORM/32937", "preferredName": "Paroxetine"}, {"semTypes": ["T999"], "to": "11710", "fro": "11701", "fullId": "http://purl.bioontology.org/ontology/RXNORM/8331", "preferredName": "Pimozide"}, {"semTypes": ["T999"], "to": "15737", "fro": "15728", "fullId": "http://purl.bioontology.org/ontology/MSH/D017374", "preferredName": "Paroxetine"}, {"semTypes": ["T999"], "to": "18793", "fro": "18782", "fullId": "http://purl.bioontology.org/ontology/RXNORM/32937", "preferredName": "Paroxetine"}, {"semTypes": ["T999"], "to": "2733", "fro": "2724", "fullId": "http://purl.bioontology.org/ontology/MSH/D017374", "preferredName": "Paroxetine"}, {"semTypes": ["T121", "T109"], "to": "12704", "fro": "12696", "fullId": "http://purl.bioontology.org/ontology/RXNORM/32937", "preferredName": "Paroxetine"}, {"semTypes": ["T121", "T109"], "to": "10909", "fro": "10899", "fullId": "http://purl.bioontology.org/ontology/RXNORM/32937", "preferredName": "Paroxetine"}, {"semTypes": ["T999"], "to": "5951", "fro": "5942", "fullId": "http://purl.bioontology.org/ontology/MSH/D017374", "preferredName": "Paroxetine"}, {"semTypes": ["T999"], "to": "15438", "fro": "15429", "fullId": "http://purl.bioontology.org/ontology/MSH/D017374", "preferredName": "Paroxetine"}, {"semTypes": ["T131", "T109", "T121"], "to": "16649", "fro": "16642", "fullId": "http://purl.bioontology.org/ontology/RXNORM/32937", "preferredName": "Paroxetine"}, {"semTypes": ["T999"], "to": "14834", "fro": "14825", "fullId": "http://purl.bioontology.org/ontology/MSH/D017374", "preferredName": "Paroxetine"}, {"semTypes": ["T999"], "to": "15502", "fro": "15493", "fullId": "http://purl.bioontology.org/ontology/MSH/D017374", "preferredName": "Paroxetine"}, {"semTypes": ["T121", "T109"], "to": "8156", "fro": "8148", "fullId": "http://purl.bioontology.org/ontology/RXNORM/32937", "preferredName": "Paroxetine"}, {"semTypes": ["T999"], "to": "16327", "fro": "16319", "fullId": "http://purl.bioontology.org/ontology/MSH/C041930", "preferredName": "atomoxetine"}, {"semTypes": ["T121", "T109"], "to": "13764", "fro": "13754", "fullId": "http://purl.bioontology.org/ontology/RXNORM/32937", "preferredName": "Paroxetine"}, {"semTypes": ["T999"], "to": "18113", "fro": "18104", "fullId": "http://purl.bioontology.org/ontology/MSH/D017374", "preferredName": "Paroxetine"}, {"semTypes": ["T999"], "to": "19639", "fro": "19629", "fullId": "http://purl.bioontology.org/ontology/RXNORM/8331", "preferredName": "Pimozide"}, {"semTypes": ["T999"], "to": "4656", "fro": "4647", "fullId": "http://purl.bioontology.org/ontology/MSH/D017374", "preferredName": "Paroxetine"}, {"semTypes": ["T109", "T121"], "to": "20832", "fro": "20823", "fullId": "http://purl.bioontology.org/ontology/MSH/D017374", "preferredName": "Paroxetine"}, {"semTypes": ["T999"], "to": "7248", "fro": "7236", "fullId": "http://purl.bioontology.org/ontology/RXNORM/32937", "preferredName": "Paroxetine"}, {"semTypes": ["T999"], "to": "14142", "fro": "14133", "fullId": "http://purl.bioontology.org/ontology/MSH/D017374", "preferredName": "Paroxetine"}, {"semTypes": ["T999"], "to": "970", "fro": "943", "fullId": "http://purl.bioontology.org/ontology/MSH/C041930", "preferredName": "atomoxetine"}, {"semTypes": ["T121", "T109"], "to": "14194", "fro": "14184", "fullId": "http://purl.bioontology.org/ontology/RXNORM/32937", "preferredName": "Paroxetine"}, {"semTypes": ["T999"], "to": "17013", "fro": "17004", "fullId": "http://purl.bioontology.org/ontology/MSH/D017374", "preferredName": "Paroxetine"}, {"semTypes": ["T999"], "to": "11756", "fro": "11743", "fullId": "http://purl.bioontology.org/ontology/MSH/C041930", "preferredName": "atomoxetine"}, {"semTypes": ["T121", "T109"], "to": "19523", "fro": "19513", "fullId": "http://purl.bioontology.org/ontology/RXNORM/32937", "preferredName": "Paroxetine"}, {"semTypes": ["T999"], "to": "9735", "fro": "9726", "fullId": "http://purl.bioontology.org/ontology/MSH/D017374", "preferredName": "Paroxetine"}, {"semTypes": ["T999"], "to": "6980", "fro": "6968", "fullId": "http://purl.bioontology.org/ontology/RXNORM/32937", "preferredName": "Paroxetine"}, {"semTypes": ["T999"], "to": "14273", "fro": "14264", "fullId": "http://purl.bioontology.org/ontology/MSH/D017374", "preferredName": "Paroxetine"}, {"semTypes": ["T999"], "to": "13664", "fro": "13655", "fullId": "http://purl.bioontology.org/ontology/MSH/D017374", "preferredName": "Paroxetine"}, {"semTypes": ["T109", "T121"], "to": "13074", "fro": "13065", "fullId": "http://purl.bioontology.org/ontology/MSH/D017374", "preferredName": "Paroxetine"}, {"semTypes": ["T121", "T109"], "to": "11769", "fro": "11759", "fullId": "http://purl.bioontology.org/ontology/RXNORM/32937", "preferredName": "Paroxetine"}, {"semTypes": ["T999"], "to": "6790", "fro": "6781", "fullId": "http://purl.bioontology.org/ontology/MSH/D017374", "preferredName": "Paroxetine"}, {"semTypes": ["T999"], "to": "19523", "fro": "19513", "fullId": "http://purl.bioontology.org/ontology/RXNORM/32937", "preferredName": "Paroxetine"}, {"semTypes": ["T999"], "to": "20832", "fro": "20823", "fullId": "http://purl.bioontology.org/ontology/MSH/D017374", "preferredName": "Paroxetine"}, {"semTypes": ["T999"], "to": "16449", "fro": "16443", "fullId": "http://purl.bioontology.org/ontology/MSH/C041930", "preferredName": "atomoxetine"}, {"semTypes": ["T121", "T109"], "to": "19209", "fro": "19198", "fullId": "http://purl.bioontology.org/ontology/RXNORM/32937", "preferredName": "Paroxetine"}, {"semTypes": ["T999"], "to": "8540", "fro": "8532", "fullId": "http://purl.bioontology.org/ontology/RXNORM/32937", "preferredName": "Paroxetine"}, {"semTypes": ["T999"], "to": "7120", "fro": "7108", "fullId": "http://purl.bioontology.org/ontology/RXNORM/32937", "preferredName": "Paroxetine"}, {"semTypes": ["T999"], "to": "2844", "fro": "2837", "fullId": "http://purl.bioontology.org/ontology/MSH/D010868", "preferredName": "Pimozide"}, {"semTypes": ["T999"], "to": "17969", "fro": "17960", "fullId": "http://purl.bioontology.org/ontology/MSH/D017374", "preferredName": "Paroxetine"}, {"semTypes": ["T999"], "to": "18046", "fro": "18040", "fullId": "http://purl.bioontology.org/ontology/RXNORM/32937", "preferredName": "Paroxetine"}, {"semTypes": ["T121", "T109"], "to": "11855", "fro": "11847", "fullId": "http://purl.bioontology.org/ontology/RXNORM/8331", "preferredName": "Pimozide"}, {"semTypes": ["T197", "T121"], "to": "17539", "fro": "17523", "fullId": "http://purl.bioontology.org/ontology/MSH/D010868", "preferredName": "Pimozide"}, {"semTypes": ["T109", "T123", "T121"], "to": "20217", "fro": "20206", "fullId": "http://purl.bioontology.org/ontology/RXNORM/32937", "preferredName": "Paroxetine"}, {"semTypes": ["T999"], "to": "11527", "fro": "11518", "fullId": "http://purl.bioontology.org/ontology/MSH/D017374", "preferredName": "Paroxetine"}, {"semTypes": ["T109", "T121"], "to": "1797", "fro": "1790", "fullId": "http://purl.bioontology.org/ontology/RXNORM/32937", "preferredName": "Paroxetine"}, {"semTypes": ["T999"], "to": "12795", "fro": "12786", "fullId": "http://purl.bioontology.org/ontology/MSH/D017374", "preferredName": "Paroxetine"}, {"semTypes": ["T999"], "to": "7510", "fro": "7501", "fullId": "http://purl.bioontology.org/ontology/MSH/D017374", "preferredName": "Paroxetine"}, {"semTypes": ["T999"], "to": "4669", "fro": "4662", "fullId": "http://purl.bioontology.org/ontology/RXNORM/32937", "preferredName": "Paroxetine"}, {"semTypes": ["T109", "T121"], "to": "17160", "fro": "17151", "fullId": "http://purl.bioontology.org/ontology/MSH/D017374", "preferredName": "Paroxetine"}, {"semTypes": ["T121", "T109"], "to": "18793", "fro": "18782", "fullId": "http://purl.bioontology.org/ontology/RXNORM/32937", "preferredName": "Paroxetine"}, {"semTypes": ["T109", "T123", "T121"], "to": "20058", "fro": "20047", "fullId": "http://purl.bioontology.org/ontology/RXNORM/32937", "preferredName": "Paroxetine"}, {"semTypes": ["T999"], "to": "3655", "fro": "3644", "fullId": "http://purl.bioontology.org/ontology/RXNORM/32937", "preferredName": "Paroxetine"}, {"semTypes": ["T999"], "to": "9775", "fro": "9766", "fullId": "http://purl.bioontology.org/ontology/MSH/D017374", "preferredName": "Paroxetine"}, {"semTypes": ["T999"], "to": "3189", "fro": "3181", "fullId": "http://purl.bioontology.org/ontology/RXNORM/38400", "preferredName": "atomoxetine"}, {"semTypes": ["T109", "T121"], "to": "13749", "fro": "13740", "fullId": "http://purl.bioontology.org/ontology/MSH/D017374", "preferredName": "Paroxetine"}, {"semTypes": ["T999"], "to": "5043", "fro": "5036", "fullId": "http://purl.bioontology.org/ontology/RXNORM/38400", "preferredName": "atomoxetine"}, {"semTypes": ["T999"], "to": "8476", "fro": "8468", "fullId": "http://purl.bioontology.org/ontology/RXNORM/32937", "preferredName": "Paroxetine"}, {"semTypes": ["T999"], "to": "17160", "fro": "17151", "fullId": "http://purl.bioontology.org/ontology/MSH/D017374", "preferredName": "Paroxetine"}, {"semTypes": ["T999"], "to": "11840", "fro": "11831", "fullId": "http://purl.bioontology.org/ontology/RXNORM/10898", "preferredName": "Tryptophan"}, {"semTypes": ["T109", "T121"], "to": "17629", "fro": "17620", "fullId": "http://purl.bioontology.org/ontology/MSH/D017374", "preferredName": "Paroxetine"}, {"semTypes": ["T109", "T121"], "to": "11739", "fro": "11730", "fullId": "http://purl.bioontology.org/ontology/RXNORM/8331", "preferredName": "Pimozide"}, {"semTypes": ["T999"], "to": "6165", "fro": "6156", "fullId": "http://purl.bioontology.org/ontology/MSH/C041930", "preferredName": "atomoxetine"}, {"semTypes": ["T999"], "to": "6698", "fro": "6689", "fullId": "http://purl.bioontology.org/ontology/MSH/D017374", "preferredName": "Paroxetine"}, {"semTypes": ["T121", "T109"], "to": "10662", "fro": "10652", "fullId": "http://purl.bioontology.org/ontology/RXNORM/32937", "preferredName": "Paroxetine"}, {"semTypes": ["T999"], "to": "16703", "fro": "16694", "fullId": "http://purl.bioontology.org/ontology/MSH/D017374", "preferredName": "Paroxetine"}, {"semTypes": ["T109", "T121"], "to": "11698", "fro": "11686", "fullId": "http://purl.bioontology.org/ontology/MSH/D014859", "preferredName": "Warfarin"}, {"semTypes": ["T999"], "to": "15966", "fro": "15959", "fullId": "http://purl.bioontology.org/ontology/RXNORM/32937", "preferredName": "Paroxetine"}, {"semTypes": ["T109", "T121"], "to": "6479", "fro": "6470", "fullId": "http://purl.bioontology.org/ontology/MSH/D017374", "preferredName": "Paroxetine"}, {"semTypes": ["T109", "T121"], "to": "1892", "fro": "1885", "fullId": "http://purl.bioontology.org/ontology/RXNORM/32937", "preferredName": "Paroxetine"}, {"semTypes": ["T121", "T109"], "to": "2941", "fro": "2934", "fullId": "http://purl.bioontology.org/ontology/MSH/C041930", "preferredName": "atomoxetine"}, {"semTypes": ["T109", "T121"], "to": "2104", "fro": "2095", "fullId": "http://purl.bioontology.org/ontology/MSH/D017374", "preferredName": "Paroxetine"}, {"semTypes": ["T999"], "to": "13749", "fro": "13740", "fullId": "http://purl.bioontology.org/ontology/MSH/D017374", "preferredName": "Paroxetine"}, {"semTypes": ["T999"], "to": "18549", "fro": "18542", "fullId": "http://purl.bioontology.org/ontology/RXNORM/32937", "preferredName": "Paroxetine"}, {"semTypes": ["T109", "T121"], "to": "8126", "fro": "8117", "fullId": "http://purl.bioontology.org/ontology/MSH/D017374", "preferredName": "Paroxetine"}, {"semTypes": ["T121", "T109"], "to": "9858", "fro": "9848", "fullId": "http://purl.bioontology.org/ontology/MSH/D010868", "preferredName": "Pimozide"}, {"semTypes": ["T109", "T121"], "to": "2733", "fro": "2724", "fullId": "http://purl.bioontology.org/ontology/MSH/D017374", "preferredName": "Paroxetine"}, {"semTypes": ["T109", "T121"], "to": "11029", "fro": "11020", "fullId": "http://purl.bioontology.org/ontology/MSH/D017374", "preferredName": "Paroxetine"}, {"semTypes": ["T121", "T109"], "to": "7956", "fro": "7948", "fullId": "http://purl.bioontology.org/ontology/RXNORM/32937", "preferredName": "Paroxetine"}, {"semTypes": ["T999"], "to": "14024", "fro": "14014", "fullId": "http://purl.bioontology.org/ontology/RXNORM/32937", "preferredName": "Paroxetine"}, {"semTypes": ["T999"], "to": "1670", "fro": "1661", "fullId": "http://purl.bioontology.org/ontology/MSH/D017374", "preferredName": "Paroxetine"}, {"semTypes": ["T109", "T121"], "to": "5306", "fro": "5297", "fullId": "http://purl.bioontology.org/ontology/MSH/D017374", "preferredName": "Paroxetine"}, {"semTypes": ["T999"], "to": "17517", "fro": "17508", "fullId": "http://purl.bioontology.org/ontology/MSH/D017374", "preferredName": "Paroxetine"}, {"semTypes": ["T999"], "to": "10733", "fro": "10723", "fullId": "http://purl.bioontology.org/ontology/RXNORM/32937", "preferredName": "Paroxetine"}, {"semTypes": ["T999"], "to": "4248", "fro": "4241", "fullId": "http://purl.bioontology.org/ontology/RXNORM/32937", "preferredName": "Paroxetine"}, {"semTypes": ["T109", "T121"], "to": "20266", "fro": "20257", "fullId": "http://purl.bioontology.org/ontology/MSH/D017374", "preferredName": "Paroxetine"}, {"semTypes": ["T109", "T121"], "to": "9775", "fro": "9766", "fullId": "http://purl.bioontology.org/ontology/MSH/D017374", "preferredName": "Paroxetine"}, {"semTypes": ["T121", "T109"], "to": "11683", "fro": "11671", "fullId": "http://purl.bioontology.org/ontology/RXNORM/8331", "preferredName": "Pimozide"}, {"semTypes": ["T999"], "to": "20376", "fro": "20365", "fullId": "http://purl.bioontology.org/ontology/RXNORM/32937", "preferredName": "Paroxetine"}, {"semTypes": ["T999"], "to": "18383", "fro": "18376", "fullId": "http://purl.bioontology.org/ontology/RXNORM/32937", "preferredName": "Paroxetine"}, {"semTypes": ["T109", "T121"], "to": "21274", "fro": "21265", "fullId": "http://purl.bioontology.org/ontology/MSH/D017374", "preferredName": "Paroxetine"}, {"semTypes": ["T109", "T121"], "to": "3189", "fro": "3181", "fullId": "http://purl.bioontology.org/ontology/RXNORM/38400", "preferredName": "atomoxetine"}, {"semTypes": ["T999"], "to": "20754", "fro": "20742", "fullId": "http://purl.bioontology.org/ontology/RXNORM/8331", "preferredName": "Pimozide"}, {"semTypes": ["T109", "T121"], "to": "15001", "fro": "14992", "fullId": "http://purl.bioontology.org/ontology/MSH/D017374", "preferredName": "Paroxetine"}, {"semTypes": ["T109", "T121"], "to": "6790", "fro": "6781", "fullId": "http://purl.bioontology.org/ontology/MSH/D017374", "preferredName": "Paroxetine"}, {"semTypes": ["T999"], "to": "10193", "fro": "10183", "fullId": "http://purl.bioontology.org/ontology/RXNORM/32937", "preferredName": "Paroxetine"}, {"semTypes": ["T999"], "to": "19209", "fro": "19198", "fullId": "http://purl.bioontology.org/ontology/RXNORM/32937", "preferredName": "Paroxetine"}, {"semTypes": ["T999"], "to": "5306", "fro": "5297", "fullId": "http://purl.bioontology.org/ontology/MSH/D017374", "preferredName": "Paroxetine"}, {"semTypes": ["T121", "T109"], "to": "18383", "fro": "18376", "fullId": "http://purl.bioontology.org/ontology/RXNORM/32937", "preferredName": "Paroxetine"}, {"semTypes": ["T999"], "to": "10430", "fro": "10421", "fullId": "http://purl.bioontology.org/ontology/MSH/D017374", "preferredName": "Paroxetine"}, {"semTypes": ["T109", "T121"], "to": "1847", "fro": "1840", "fullId": "http://purl.bioontology.org/ontology/RXNORM/32937", "preferredName": "Paroxetine"}, {"semTypes": ["T999"], "to": "2931", "fro": "2924", "fullId": "http://purl.bioontology.org/ontology/MSH/D014859", "preferredName": "Warfarin"}, {"semTypes": ["T109", "T121"], "to": "13836", "fro": "13825", "fullId": "http://purl.bioontology.org/ontology/RXNORM/38400", "preferredName": "atomoxetine"}, {"semTypes": ["T123", "T116", "T121"], "to": "527", "fro": "518", "fullId": "http://purl.bioontology.org/ontology/RXNORM/32937", "preferredName": "Paroxetine"}, {"semTypes": ["T109", "T121"], "to": "6698", "fro": "6689", "fullId": "http://purl.bioontology.org/ontology/MSH/D017374", "preferredName": "Paroxetine"}, {"semTypes": ["T121", "T109"], "to": "11780", "fro": "11772", "fullId": "http://purl.bioontology.org/ontology/RXNORM/32937", "preferredName": "Paroxetine"}, {"semTypes": ["T999"], "to": "9980", "fro": "9971", "fullId": "http://purl.bioontology.org/ontology/MSH/D017374", "preferredName": "Paroxetine"}, {"semTypes": ["T999"], "to": "635", "fro": "626", "fullId": "http://purl.bioontology.org/ontology/RXNORM/32937", "preferredName": "Paroxetine"}, {"semTypes": ["T121", "T109"], "to": "19763", "fro": "19753", "fullId": "http://purl.bioontology.org/ontology/RXNORM/32937", "preferredName": "Paroxetine"}, {"semTypes": ["T109", "T121"], "to": "2089", "fro": "2082", "fullId": "http://purl.bioontology.org/ontology/RXNORM/32937", "preferredName": "Paroxetine"}, {"semTypes": ["T109", "T121"], "to": "14273", "fro": "14264", "fullId": "http://purl.bioontology.org/ontology/MSH/D017374", "preferredName": "Paroxetine"}, {"semTypes": ["T999"], "to": "10794", "fro": "10784", "fullId": "http://purl.bioontology.org/ontology/RXNORM/32937", "preferredName": "Paroxetine"}, {"semTypes": ["T109", "T121"], "to": "18622", "fro": "18613", "fullId": "http://purl.bioontology.org/ontology/MSH/D017374", "preferredName": "Paroxetine"}, {"semTypes": ["T121", "T109"], "to": "8540", "fro": "8532", "fullId": "http://purl.bioontology.org/ontology/RXNORM/32937", "preferredName": "Paroxetine"}, {"semTypes": ["T999"], "to": "13074", "fro": "13065", "fullId": "http://purl.bioontology.org/ontology/MSH/D017374", "preferredName": "Paroxetine"}, {"semTypes": ["T999"], "to": "18213", "fro": "18207", "fullId": "http://purl.bioontology.org/ontology/RXNORM/32937", "preferredName": "Paroxetine"}, {"semTypes": ["T999"], "to": "7442", "fro": "7433", "fullId": "http://purl.bioontology.org/ontology/MSH/D017374", "preferredName": "Paroxetine"}, {"semTypes": ["T109", "T121"], "to": "12795", "fro": "12786", "fullId": "http://purl.bioontology.org/ontology/MSH/D017374", "preferredName": "Paroxetine"}, {"semTypes": ["T109", "T121"], "to": "6980", "fro": "6968", "fullId": "http://purl.bioontology.org/ontology/RXNORM/32937", "preferredName": "Paroxetine"}, {"semTypes": ["T999"], "to": "13836", "fro": "13825", "fullId": "http://purl.bioontology.org/ontology/RXNORM/8331", "preferredName": "Pimozide"}, {"semTypes": ["T109", "T121"], "to": "1482", "fro": "1475", "fullId": "http://purl.bioontology.org/ontology/RXNORM/32937", "preferredName": "Paroxetine"}, {"semTypes": ["T999"], "to": "10965", "fro": "10955", "fullId": "http://purl.bioontology.org/ontology/RXNORM/32937", "preferredName": "Paroxetine"}, {"semTypes": ["T121", "T109"], "to": "20584", "fro": "20572", "fullId": "http://purl.bioontology.org/ontology/MSH/D010868", "preferredName": "Pimozide"}, {"semTypes": ["T123", "T116", "T121"], "to": "635", "fro": "626", "fullId": "http://purl.bioontology.org/ontology/RXNORM/32937", "preferredName": "Paroxetine"}, {"semTypes": ["T999"], "to": "9997", "fro": "9987", "fullId": "http://purl.bioontology.org/ontology/RXNORM/32937", "preferredName": "Paroxetine"}, {"semTypes": ["T999"], "to": "17629", "fro": "17620", "fullId": "http://purl.bioontology.org/ontology/MSH/D017374", "preferredName": "Paroxetine"}, {"semTypes": ["T121", "T109"], "to": "16449", "fro": "16443", "fullId": "http://purl.bioontology.org/ontology/MSH/D010868", "preferredName": "Pimozide"}, {"semTypes": ["T109", "T121"], "to": "20780", "fro": "20771", "fullId": "http://purl.bioontology.org/ontology/MSH/D017374", "preferredName": "Paroxetine"}, {"semTypes": ["T121", "T109"], "to": "12901", "fro": "12893", "fullId": "http://purl.bioontology.org/ontology/RXNORM/32937", "preferredName": "Paroxetine"}, {"semTypes": ["T999"], "to": "14047", "fro": "14039", "fullId": "http://purl.bioontology.org/ontology/RXNORM/11289", "preferredName": "Warfarin"}, {"semTypes": ["T121", "T109"], "to": "10469", "fro": "10459", "fullId": "http://purl.bioontology.org/ontology/RXNORM/32937", "preferredName": "Paroxetine"}, {"semTypes": ["T109", "T121"], "to": "4554", "fro": "4545", "fullId": "http://purl.bioontology.org/ontology/MSH/D017374", "preferredName": "Paroxetine"}, {"semTypes": ["T131", "T109", "T121"], "to": "4669", "fro": "4662", "fullId": "http://purl.bioontology.org/ontology/RXNORM/32937", "preferredName": "Paroxetine"}]