[{"semTypes": ["T121", "T109"], "to": "4461", "fro": "4449", "fullId": "http://purl.bioontology.org/ontology/RXNORM/32937", "preferredName": "Paroxetine"}, {"semTypes": ["T109", "T121"], "to": "10374", "fro": "10364", "fullId": "http://purl.bioontology.org/ontology/RXNORM/235830", "preferredName": "Paroxetine Hydrochloride"}, {"semTypes": ["T999"], "to": "7045", "fro": "7036", "fullId": "http://purl.bioontology.org/ontology/MSH/D017374", "preferredName": "Paroxetine"}, {"semTypes": ["T999"], "to": "10998", "fro": "10975", "fullId": "http://purl.bioontology.org/ontology/MSH/D017374", "preferredName": "Paroxetine"}, {"semTypes": ["T999"], "to": "8626", "fro": "8616", "fullId": "http://purl.bioontology.org/ontology/RXNORM/8331", "preferredName": "Pimozide"}, {"semTypes": ["T999"], "to": "1065", "fro": "1058", "fullId": "http://purl.bioontology.org/ontology/RXNORM/32937", "preferredName": "Paroxetine"}, {"semTypes": ["T999"], "to": "11302", "fro": "11279", "fullId": "http://purl.bioontology.org/ontology/MSH/D017374", "preferredName": "Paroxetine"}, {"semTypes": ["T121", "T109"], "to": "8758", "fro": "8750", "fullId": "http://purl.bioontology.org/ontology/MSH/C041930", "preferredName": "atomoxetine"}, {"semTypes": ["T116", "T123", "T121"], "to": "133", "fro": "124", "fullId": "http://purl.bioontology.org/ontology/RXNORM/32937", "preferredName": "Paroxetine"}, {"semTypes": ["T109", "T121"], "to": "13998", "fro": "13975", "fullId": "http://purl.bioontology.org/ontology/MSH/D017374", "preferredName": "Paroxetine"}, {"semTypes": ["T999"], "to": "10817", "fro": "10808", "fullId": "http://purl.bioontology.org/ontology/MSH/D017374", "preferredName": "Paroxetine"}, {"semTypes": ["T999"], "to": "15350", "fro": "15342", "fullId": "http://purl.bioontology.org/ontology/RXNORM/8331", "preferredName": "Pimozide"}, {"semTypes": ["T121", "T109"], "to": "13795", "fro": "13786", "fullId": "http://purl.bioontology.org/ontology/MSH/D017374", "preferredName": "Paroxetine"}, {"semTypes": ["T999"], "to": "9023", "fro": "9014", "fullId": "http://purl.bioontology.org/ontology/MSH/D017374", "preferredName": "Paroxetine"}, {"semTypes": ["T999"], "to": "14866", "fro": "14855", "fullId": "http://purl.bioontology.org/ontology/RXNORM/235830", "preferredName": "Paroxetine Hydrochloride"}, {"semTypes": ["T109", "T121"], "to": "879", "fro": "872", "fullId": "http://purl.bioontology.org/ontology/RXNORM/32937", "preferredName": "Paroxetine"}, {"semTypes": ["T999"], "to": "6838", "fro": "6815", "fullId": "http://purl.bioontology.org/ontology/MSH/D017374", "preferredName": "Paroxetine"}, {"semTypes": ["T999"], "to": "7798", "fro": "7788", "fullId": "http://purl.bioontology.org/ontology/RXNORM/32937", "preferredName": "Paroxetine"}, {"semTypes": ["T109", "T121"], "to": "539", "fro": "516", "fullId": "http://purl.bioontology.org/ontology/MSH/D017374", "preferredName": "Paroxetine"}, {"semTypes": ["T999"], "to": "3891", "fro": "3868", "fullId": "http://purl.bioontology.org/ontology/MSH/D017374", "preferredName": "Paroxetine"}, {"semTypes": ["T999"], "to": "11224", "fro": "11215", "fullId": "http://purl.bioontology.org/ontology/MSH/D017374", "preferredName": "Paroxetine"}, {"semTypes": ["T999"], "to": "9944", "fro": "9934", "fullId": "http://purl.bioontology.org/ontology/RXNORM/235830", "preferredName": "Paroxetine Hydrochloride"}, {"semTypes": ["T999"], "to": "12725", "fro": "12702", "fullId": "http://purl.bioontology.org/ontology/MSH/D017374", "preferredName": "Paroxetine"}, {"semTypes": ["T109", "T121"], "to": "15266", "fro": "15254", "fullId": "http://purl.bioontology.org/ontology/MSH/D010868", "preferredName": "Pimozide"}, {"semTypes": ["T999"], "to": "12363", "fro": "12354", "fullId": "http://purl.bioontology.org/ontology/MSH/D017374", "preferredName": "Paroxetine"}, {"semTypes": ["T121", "T109"], "to": "10227", "fro": "10219", "fullId": "http://purl.bioontology.org/ontology/RXNORM/38400", "preferredName": "atomoxetine"}, {"semTypes": ["T109", "T121"], "to": "8731", "fro": "8721", "fullId": "http://purl.bioontology.org/ontology/RXNORM/38400", "preferredName": "atomoxetine"}, {"semTypes": ["T131", "T121", "T109"], "to": "12309", "fro": "12302", "fullId": "http://purl.bioontology.org/ontology/RXNORM/32937", "preferredName": "Paroxetine"}, {"semTypes": ["T999"], "to": "13759", "fro": "13750", "fullId": "http://purl.bioontology.org/ontology/MSH/D017374", "preferredName": "Paroxetine"}, {"semTypes": ["T121", "T109"], "to": "5184", "fro": "5172", "fullId": "http://purl.bioontology.org/ontology/RXNORM/235830", "preferredName": "Paroxetine Hydrochloride"}, {"semTypes": ["T999"], "to": "12956", "fro": "12933", "fullId": "http://purl.bioontology.org/ontology/MSH/D017374", "preferredName": "Paroxetine"}, {"semTypes": ["T999"], "to": "9011", "fro": "9000", "fullId": "http://purl.bioontology.org/ontology/RXNORM/235830", "preferredName": "Paroxetine Hydrochloride"}, {"semTypes": ["T121", "T109"], "to": "3758", "fro": "3749", "fullId": "http://purl.bioontology.org/ontology/RXNORM/38400", "preferredName": "atomoxetine"}, {"semTypes": ["T999"], "to": "1162", "fro": "1155", "fullId": "http://purl.bioontology.org/ontology/RXNORM/32937", "preferredName": "Paroxetine"}, {"semTypes": ["T999"], "to": "6620", "fro": "6611", "fullId": "http://purl.bioontology.org/ontology/MSH/D017374", "preferredName": "Paroxetine"}, {"semTypes": ["T999"], "to": "3042", "fro": "3035", "fullId": "http://purl.bioontology.org/ontology/MSH/C041930", "preferredName": "atomoxetine"}, {"semTypes": ["T999"], "to": "2212", "fro": "2203", "fullId": "http://purl.bioontology.org/ontology/RXNORM/32937", "preferredName": "Paroxetine"}, {"semTypes": ["T999"], "to": "2174", "fro": "2165", "fullId": "http://purl.bioontology.org/ontology/MSH/D017374", "preferredName": "Paroxetine"}, {"semTypes": ["T999"], "to": "4612", "fro": "4589", "fullId": "http://purl.bioontology.org/ontology/MSH/D017374", "preferredName": "Paroxetine"}, {"semTypes": ["T121", "T109"], "to": "5341", "fro": "5333", "fullId": "http://purl.bioontology.org/ontology/RXNORM/32937", "preferredName": "Paroxetine"}, {"semTypes": ["T121", "T109"], "to": "14699", "fro": "14690", "fullId": "http://purl.bioontology.org/ontology/MSH/D017374", "preferredName": "Paroxetine"}, {"semTypes": ["T999"], "to": "11537", "fro": "11528", "fullId": "http://purl.bioontology.org/ontology/MSH/D017374", "preferredName": "Paroxetine"}, {"semTypes": ["T109", "T121"], "to": "9011", "fro": "9000", "fullId": "http://purl.bioontology.org/ontology/RXNORM/235830", "preferredName": "Paroxetine Hydrochloride"}, {"semTypes": ["T116", "T123", "T121"], "to": "2212", "fro": "2203", "fullId": "http://purl.bioontology.org/ontology/RXNORM/32937", "preferredName": "Paroxetine"}, {"semTypes": ["T999"], "to": "7495", "fro": "7486", "fullId": "http://purl.bioontology.org/ontology/MSH/D017374", "preferredName": "Paroxetine"}, {"semTypes": ["T109", "T121"], "to": "11709", "fro": "11703", "fullId": "http://purl.bioontology.org/ontology/MSH/C041930", "preferredName": "atomoxetine"}, {"semTypes": ["T109", "T121"], "to": "7798", "fro": "7788", "fullId": "http://purl.bioontology.org/ontology/RXNORM/32937", "preferredName": "Paroxetine"}, {"semTypes": ["T999"], "to": "11987", "fro": "11979", "fullId": "http://purl.bioontology.org/ontology/MSH/D010868", "preferredName": "Pimozide"}, {"semTypes": ["T999"], "to": "4842", "fro": "4833", "fullId": "http://purl.bioontology.org/ontology/MSH/D017374", "preferredName": "Paroxetine"}, {"semTypes": ["T109", "T121"], "to": "10998", "fro": "10975", "fullId": "http://purl.bioontology.org/ontology/MSH/D017374", "preferredName": "Paroxetine"}, {"semTypes": ["T109", "T121"], "to": "8805", "fro": "8797", "fullId": "http://purl.bioontology.org/ontology/MSH/D010868", "preferredName": "Pimozide"}, {"semTypes": ["T999"], "to": "13998", "fro": "13975", "fullId": "http://purl.bioontology.org/ontology/MSH/D017374", "preferredName": "Paroxetine"}, {"semTypes": ["T121", "T109"], "to": "15276", "fro": "15268", "fullId": "http://purl.bioontology.org/ontology/MSH/C041930", "preferredName": "atomoxetine"}, {"semTypes": ["T121", "T109"], "to": "3798", "fro": "3789", "fullId": "http://purl.bioontology.org/ontology/RXNORM/235830", "preferredName": "Paroxetine Hydrochloride"}, {"semTypes": ["T999"], "to": "14991", "fro": "14968", "fullId": "http://purl.bioontology.org/ontology/MSH/D017374", "preferredName": "Paroxetine"}, {"semTypes": ["T109", "T121"], "to": "7727", "fro": "7717", "fullId": "http://purl.bioontology.org/ontology/RXNORM/32937", "preferredName": "Paroxetine"}, {"semTypes": ["T121", "T109"], "to": "14171", "fro": "14160", "fullId": "http://purl.bioontology.org/ontology/RXNORM/235830", "preferredName": "Paroxetine Hydrochloride"}, {"semTypes": ["T999"], "to": "14699", "fro": "14690", "fullId": "http://purl.bioontology.org/ontology/MSH/D017374", "preferredName": "Paroxetine"}, {"semTypes": ["T999"], "to": "10322", "fro": "10313", "fullId": "http://purl.bioontology.org/ontology/MSH/D017374", "preferredName": "Paroxetine"}, {"semTypes": ["T109", "T121"], "to": "7258", "fro": "7248", "fullId": "http://purl.bioontology.org/ontology/RXNORM/32937", "preferredName": "Paroxetine"}, {"semTypes": ["T999"], "to": "8163", "fro": "8140", "fullId": "http://purl.bioontology.org/ontology/MSH/D017374", "preferredName": "Paroxetine"}, {"semTypes": ["T121", "T109"], "to": "14087", "fro": "14076", "fullId": "http://purl.bioontology.org/ontology/RXNORM/235830", "preferredName": "Paroxetine Hydrochloride"}, {"semTypes": ["T999"], "to": "10109", "fro": "10100", "fullId": "http://purl.bioontology.org/ontology/MSH/D017374", "preferredName": "Paroxetine"}, {"semTypes": ["T999"], "to": "9338", "fro": "9330", "fullId": "http://purl.bioontology.org/ontology/RXNORM/235830", "preferredName": "Paroxetine Hydrochloride"}, {"semTypes": ["T109", "T121"], "to": "12109", "fro": "12103", "fullId": "http://purl.bioontology.org/ontology/MSH/C041930", "preferredName": "atomoxetine"}, {"semTypes": ["T999"], "to": "1326", "fro": "1319", "fullId": "http://purl.bioontology.org/ontology/RXNORM/32937", "preferredName": "Paroxetine"}, {"semTypes": ["T999"], "to": "1774", "fro": "1765", "fullId": "http://purl.bioontology.org/ontology/MSH/D017374", "preferredName": "Paroxetine"}, {"semTypes": ["T999"], "to": "3798", "fro": "3789", "fullId": "http://purl.bioontology.org/ontology/RXNORM/235830", "preferredName": "Paroxetine Hydrochloride"}, {"semTypes": ["T999"], "to": "419", "fro": "410", "fullId": "http://purl.bioontology.org/ontology/RXNORM/32937", "preferredName": "Paroxetine"}, {"semTypes": ["T131", "T121", "T109"], "to": "11723", "fro": "11716", "fullId": "http://purl.bioontology.org/ontology/RXNORM/32937", "preferredName": "Paroxetine"}, {"semTypes": ["T999"], "to": "984", "fro": "961", "fullId": "http://purl.bioontology.org/ontology/MSH/D017374", "preferredName": "Paroxetine"}, {"semTypes": ["T121", "T109"], "to": "14256", "fro": "14245", "fullId": "http://purl.bioontology.org/ontology/RXNORM/235830", "preferredName": "Paroxetine Hydrochloride"}, {"semTypes": ["T999"], "to": "14616", "fro": "14593", "fullId": "http://purl.bioontology.org/ontology/MSH/D017374", "preferredName": "Paroxetine"}, {"semTypes": ["T109", "T121"], "to": "7419", "fro": "7409", "fullId": "http://purl.bioontology.org/ontology/RXNORM/32937", "preferredName": "Paroxetine"}, {"semTypes": ["T109", "T121"], "to": "1112", "fro": "1105", "fullId": "http://purl.bioontology.org/ontology/RXNORM/32937", "preferredName": "Paroxetine"}, {"semTypes": ["T999"], "to": "8094", "fro": "8085", "fullId": "http://purl.bioontology.org/ontology/MSH/D017374", "preferredName": "Paroxetine"}, {"semTypes": ["T999"], "to": "4314", "fro": "4305", "fullId": "http://purl.bioontology.org/ontology/MSH/D017374", "preferredName": "Paroxetine"}, {"semTypes": ["T116", "T123", "T121"], "to": "555", "fro": "546", "fullId": "http://purl.bioontology.org/ontology/RXNORM/32937", "preferredName": "Paroxetine"}, {"semTypes": ["T121", "T109"], "to": "4314", "fro": "4305", "fullId": "http://purl.bioontology.org/ontology/MSH/D017374", "preferredName": "Paroxetine"}, {"semTypes": ["T999"], "to": "5858", "fro": "5850", "fullId": "http://purl.bioontology.org/ontology/RXNORM/32937", "preferredName": "Paroxetine"}, {"semTypes": ["T121", "T118", "T110"], "to": "13359", "fro": "13353", "fullId": "http://purl.bioontology.org/ontology/RXNORM/235830", "preferredName": "Paroxetine Hydrochloride"}, {"semTypes": ["T999"], "to": "9929", "fro": "9920", "fullId": "http://purl.bioontology.org/ontology/MSH/D017374", "preferredName": "Paroxetine"}, {"semTypes": ["T200"], "to": "7673", "fro": "7658", "fullId": "http://purl.bioontology.org/ontology/RXNORM/8331", "preferredName": "Pimozide"}, {"semTypes": ["T109", "T121"], "to": "10204", "fro": "10194", "fullId": "http://purl.bioontology.org/ontology/RXNORM/235830", "preferredName": "Paroxetine Hydrochloride"}, {"semTypes": ["T121", "T109"], "to": "8642", "fro": "8633", "fullId": "http://purl.bioontology.org/ontology/RXNORM/8331", "preferredName": "Pimozide"}, {"semTypes": ["T999"], "to": "4859", "fro": "4847", "fullId": "http://purl.bioontology.org/ontology/RXNORM/32937", "preferredName": "Paroxetine"}, {"semTypes": ["T999"], "to": "15366", "fro": "15357", "fullId": "http://purl.bioontology.org/ontology/MSH/D017374", "preferredName": "Paroxetine"}, {"semTypes": ["T109", "T121"], "to": "5623", "fro": "5600", "fullId": "http://purl.bioontology.org/ontology/MSH/D017374", "preferredName": "Paroxetine"}, {"semTypes": ["T999"], "to": "13923", "fro": "13912", "fullId": "http://purl.bioontology.org/ontology/RXNORM/235830", "preferredName": "Paroxetine Hydrochloride"}, {"semTypes": ["T999"], "to": "3758", "fro": "3749", "fullId": "http://purl.bioontology.org/ontology/RXNORM/235830", "preferredName": "Paroxetine Hydrochloride"}, {"semTypes": ["T999"], "to": "15276", "fro": "15268", "fullId": "http://purl.bioontology.org/ontology/MSH/D010868", "preferredName": "Pimozide"}, {"semTypes": ["T999"], "to": "3989", "fro": "3980", "fullId": "http://purl.bioontology.org/ontology/MSH/D017374", "preferredName": "Paroxetine"}, {"semTypes": ["T999"], "to": "5515", "fro": "5506", "fullId": "http://purl.bioontology.org/ontology/MSH/D017374", "preferredName": "Paroxetine"}, {"semTypes": ["T121", "T118", "T110"], "to": "13329", "fro": "13323", "fullId": "http://purl.bioontology.org/ontology/RXNORM/235830", "preferredName": "Paroxetine Hydrochloride"}, {"semTypes": ["T131", "T121", "T109"], "to": "2872", "fro": "2865", "fullId": "http://purl.bioontology.org/ontology/RXNORM/32937", "preferredName": "Paroxetine"}, {"semTypes": ["T109", "T121"], "to": "5428", "fro": "5405", "fullId": "http://purl.bioontology.org/ontology/MSH/D017374", "preferredName": "Paroxetine"}, {"semTypes": ["T121", "T109"], "to": "5794", "fro": "5786", "fullId": "http://purl.bioontology.org/ontology/RXNORM/32937", "preferredName": "Paroxetine"}, {"semTypes": ["T999"], "to": "6469", "fro": "6460", "fullId": "http://purl.bioontology.org/ontology/MSH/D017374", "preferredName": "Paroxetine"}, {"semTypes": ["T999"], "to": "13722", "fro": "13715", "fullId": "http://purl.bioontology.org/ontology/RXNORM/235830", "preferredName": "Paroxetine Hydrochloride"}, {"semTypes": ["T109", "T121"], "to": "15340", "fro": "15328", "fullId": "http://purl.bioontology.org/ontology/RXNORM/8331", "preferredName": "Pimozide"}, {"semTypes": ["T121", "T109"], "to": "8613", "fro": "8604", "fullId": "http://purl.bioontology.org/ontology/RXNORM/38400", "preferredName": "atomoxetine"}, {"semTypes": ["T109", "T121"], "to": "1065", "fro": "1058", "fullId": "http://purl.bioontology.org/ontology/RXNORM/32937", "preferredName": "Paroxetine"}, {"semTypes": ["T999"], "to": "7445", "fro": "7426", "fullId": "http://purl.bioontology.org/ontology/MSH/C041930", "preferredName": "atomoxetine"}, {"semTypes": ["T999"], "to": "3208", "fro": "3199", "fullId": "http://purl.bioontology.org/ontology/MSH/D017374", "preferredName": "Paroxetine"}, {"semTypes": ["T121", "T109"], "to": "5708", "fro": "5700", "fullId": "http://purl.bioontology.org/ontology/RXNORM/32937", "preferredName": "Paroxetine"}, {"semTypes": ["T999"], "to": "13205", "fro": "13199", "fullId": "http://purl.bioontology.org/ontology/RXNORM/235830", "preferredName": "Paroxetine Hydrochloride"}, {"semTypes": ["T121", "T109"], "to": "14547", "fro": "14537", "fullId": "http://purl.bioontology.org/ontology/RXNORM/235830", "preferredName": "Paroxetine Hydrochloride"}, {"semTypes": ["T999"], "to": "10453", "fro": "10444", "fullId": "http://purl.bioontology.org/ontology/MSH/D017374", "preferredName": "Paroxetine"}, {"semTypes": ["T999"], "to": "2743", "fro": "2734", "fullId": "http://purl.bioontology.org/ontology/MSH/D017374", "preferredName": "Paroxetine"}, {"semTypes": ["T999"], "to": "7859", "fro": "7849", "fullId": "http://purl.bioontology.org/ontology/RXNORM/32937", "preferredName": "Paroxetine"}, {"semTypes": ["T999"], "to": "8430", "fro": "8407", "fullId": "http://purl.bioontology.org/ontology/MSH/D017374", "preferredName": "Paroxetine"}, {"semTypes": ["T121", "T109"], "to": "1972", "fro": "1965", "fullId": "http://purl.bioontology.org/ontology/MSH/D010868", "preferredName": "Pimozide"}, {"semTypes": ["T999"], "to": "12309", "fro": "12302", "fullId": "http://purl.bioontology.org/ontology/RXNORM/32937", "preferredName": "Paroxetine"}, {"semTypes": ["T109", "T121"], "to": "3891", "fro": "3868", "fullId": "http://purl.bioontology.org/ontology/MSH/D017374", "preferredName": "Paroxetine"}, {"semTypes": ["T121", "T109"], "to": "13426", "fro": "13417", "fullId": "http://purl.bioontology.org/ontology/MSH/D017374", "preferredName": "Paroxetine"}, {"semTypes": ["T999"], "to": "13807", "fro": "13800", "fullId": "http://purl.bioontology.org/ontology/RXNORM/235830", "preferredName": "Paroxetine Hydrochloride"}, {"semTypes": ["T999"], "to": "14431", "fro": "14421", "fullId": "http://purl.bioontology.org/ontology/RXNORM/235830", "preferredName": "Paroxetine Hydrochloride"}, {"semTypes": ["T999"], "to": "10016", "fro": "10005", "fullId": "http://purl.bioontology.org/ontology/RXNORM/8331", "preferredName": "Pimozide"}, {"semTypes": ["T999"], "to": "15101", "fro": "15090", "fullId": "http://purl.bioontology.org/ontology/RXNORM/235830", "preferredName": "Paroxetine Hydrochloride"}, {"semTypes": ["T999"], "to": "539", "fro": "516", "fullId": "http://purl.bioontology.org/ontology/MSH/D017374", "preferredName": "Paroxetine"}, {"semTypes": ["T999"], "to": "8613", "fro": "8604", "fullId": "http://purl.bioontology.org/ontology/MSH/C041930", "preferredName": "atomoxetine"}, {"semTypes": ["T999"], "to": "2534", "fro": "2527", "fullId": "http://purl.bioontology.org/ontology/RXNORM/32937", "preferredName": "Paroxetine"}, {"semTypes": ["T121", "T109"], "to": "5458", "fro": "5450", "fullId": "http://purl.bioontology.org/ontology/RXNORM/32937", "preferredName": "Paroxetine"}, {"semTypes": ["T999"], "to": "4504", "fro": "4492", "fullId": "http://purl.bioontology.org/ontology/RXNORM/32937", "preferredName": "Paroxetine"}, {"semTypes": ["T999"], "to": "5623", "fro": "5600", "fullId": "http://purl.bioontology.org/ontology/MSH/D017374", "preferredName": "Paroxetine"}, {"semTypes": ["T999"], "to": "480", "fro": "457", "fullId": "http://purl.bioontology.org/ontology/MSH/D017374", "preferredName": "Paroxetine"}, {"semTypes": ["T999"], "to": "8030", "fro": "8020", "fullId": "http://purl.bioontology.org/ontology/RXNORM/32937", "preferredName": "Paroxetine"}, {"semTypes": ["T999"], "to": "8601", "fro": "8589", "fullId": "http://purl.bioontology.org/ontology/MSH/D010868", "preferredName": "Pimozide"}, {"semTypes": ["T999"], "to": "11723", "fro": "11716", "fullId": "http://purl.bioontology.org/ontology/RXNORM/32937", "preferredName": "Paroxetine"}, {"semTypes": ["T109", "T121"], "to": "480", "fro": "457", "fullId": "http://purl.bioontology.org/ontology/MSH/D017374", "preferredName": "Paroxetine"}, {"semTypes": ["T121", "T109"], "to": "7495", "fro": "7486", "fullId": "http://purl.bioontology.org/ontology/MSH/D017374", "preferredName": "Paroxetine"}, {"semTypes": ["T121", "T109"], "to": "7045", "fro": "7036", "fullId": "http://purl.bioontology.org/ontology/MSH/D017374", "preferredName": "Paroxetine"}, {"semTypes": ["T109", "T121"], "to": "2377", "fro": "2366", "fullId": "http://purl.bioontology.org/ontology/RXNORM/8331", "preferredName": "Pimozide"}, {"semTypes": ["T109", "T121"], "to": "9944", "fro": "9934", "fullId": "http://purl.bioontology.org/ontology/RXNORM/235830", "preferredName": "Paroxetine Hydrochloride"}, {"semTypes": ["T999"], "to": "13426", "fro": "13417", "fullId": "http://purl.bioontology.org/ontology/MSH/D017374", "preferredName": "Paroxetine"}, {"semTypes": ["T109", "T121"], "to": "14616", "fro": "14593", "fullId": "http://purl.bioontology.org/ontology/MSH/D017374", "preferredName": "Paroxetine"}, {"semTypes": ["T121", "T109"], "to": "9441", "fro": "9432", "fullId": "http://purl.bioontology.org/ontology/MSH/D017374", "preferredName": "Paroxetine"}, {"semTypes": ["T999"], "to": "5341", "fro": "5333", "fullId": "http://purl.bioontology.org/ontology/RXNORM/32937", "preferredName": "Paroxetine"}, {"semTypes": ["T999"], "to": "14171", "fro": "14160", "fullId": "http://purl.bioontology.org/ontology/RXNORM/235830", "preferredName": "Paroxetine Hydrochloride"}, {"semTypes": ["T999"], "to": "4924", "fro": "4901", "fullId": "http://purl.bioontology.org/ontology/MSH/D017374", "preferredName": "Paroxetine"}, {"semTypes": ["T999"], "to": "15418", "fro": "15409", "fullId": "http://purl.bioontology.org/ontology/MSH/D017374", "preferredName": "Paroxetine"}, {"semTypes": ["T999"], "to": "7311", "fro": "7292", "fullId": "http://purl.bioontology.org/ontology/RXNORM/38400", "preferredName": "atomoxetine"}, {"semTypes": ["T121", "T109"], "to": "1774", "fro": "1765", "fullId": "http://purl.bioontology.org/ontology/MSH/D017374", "preferredName": "Paroxetine"}, {"semTypes": ["T999"], "to": "11709", "fro": "11703", "fullId": "http://purl.bioontology.org/ontology/MSH/C041930", "preferredName": "atomoxetine"}, {"semTypes": ["T109", "T121"], "to": "8030", "fro": "8020", "fullId": "http://purl.bioontology.org/ontology/RXNORM/32937", "preferredName": "Paroxetine"}, {"semTypes": ["T999"], "to": "10256", "fro": "10245", "fullId": "http://purl.bioontology.org/ontology/RXNORM/38400", "preferredName": "atomoxetine"}, {"semTypes": ["T999"], "to": "133", "fro": "124", "fullId": "http://purl.bioontology.org/ontology/RXNORM/32937", "preferredName": "Paroxetine"}, {"semTypes": ["T121", "T109"], "to": "6469", "fro": "6460", "fullId": "http://purl.bioontology.org/ontology/MSH/D017374", "preferredName": "Paroxetine"}, {"semTypes": ["T999"], "to": "7062", "fro": "7052", "fullId": "http://purl.bioontology.org/ontology/RXNORM/32937", "preferredName": "Paroxetine"}, {"semTypes": ["T109", "T121"], "to": "8586", "fro": "8574", "fullId": "http://purl.bioontology.org/ontology/MSH/D014859", "preferredName": "Warfarin"}, {"semTypes": ["T999"], "to": "10216", "fro": "10207", "fullId": "http://purl.bioontology.org/ontology/MSH/D014364", "preferredName": "Tryptophan"}, {"semTypes": ["T121", "T109"], "to": "4328", "fro": "4319", "fullId": "http://purl.bioontology.org/ontology/RXNORM/235830", "preferredName": "Paroxetine Hydrochloride"}, {"semTypes": ["T999"], "to": "10238", "fro": "10230", "fullId": "http://purl.bioontology.org/ontology/MSH/C041930", "preferredName": "atomoxetine"}, {"semTypes": ["T109", "T121"], "to": "11302", "fro": "11279", "fullId": "http://purl.bioontology.org/ontology/MSH/D017374", "preferredName": "Paroxetine"}, {"semTypes": ["T121", "T109"], "to": "9023", "fro": "9014", "fullId": "http://purl.bioontology.org/ontology/MSH/D017374", "preferredName": "Paroxetine"}, {"semTypes": ["T999"], "to": "6921", "fro": "6911", "fullId": "http://purl.bioontology.org/ontology/MSH/C041930", "preferredName": "atomoxetine"}, {"semTypes": ["T999"], "to": "1885", "fro": "1878", "fullId": "http://purl.bioontology.org/ontology/RXNORM/38400", "preferredName": "atomoxetine"}, {"semTypes": ["T109", "T121"], "to": "5121", "fro": "5098", "fullId": "http://purl.bioontology.org/ontology/MSH/D017374", "preferredName": "Paroxetine"}, {"semTypes": ["T109", "T121"], "to": "7859", "fro": "7849", "fullId": "http://purl.bioontology.org/ontology/RXNORM/32937", "preferredName": "Paroxetine"}, {"semTypes": ["T999"], "to": "10797", "fro": "10774", "fullId": "http://purl.bioontology.org/ontology/MSH/D017374", "preferredName": "Paroxetine"}, {"semTypes": ["T999"], "to": "13359", "fro": "13353", "fullId": "http://purl.bioontology.org/ontology/RXNORM/235830", "preferredName": "Paroxetine Hydrochloride"}, {"semTypes": ["T999"], "to": "1696", "fro": "1673", "fullId": "http://purl.bioontology.org/ontology/MSH/D017374", "preferredName": "Paroxetine"}, {"semTypes": ["T123", "T109", "T121"], "to": "14866", "fro": "14855", "fullId": "http://purl.bioontology.org/ontology/RXNORM/235830", "preferredName": "Paroxetine Hydrochloride"}, {"semTypes": ["T999"], "to": "15266", "fro": "15254", "fullId": "http://purl.bioontology.org/ontology/RXNORM/8331", "preferredName": "Pimozide"}, {"semTypes": ["T999"], "to": "1112", "fro": "1105", "fullId": "http://purl.bioontology.org/ontology/RXNORM/32937", "preferredName": "Paroxetine"}, {"semTypes": ["T109", "T121"], "to": "12725", "fro": "12702", "fullId": "http://purl.bioontology.org/ontology/MSH/D017374", "preferredName": "Paroxetine"}, {"semTypes": ["T121", "T109"], "to": "241", "fro": "232", "fullId": "http://purl.bioontology.org/ontology/MSH/D017374", "preferredName": "Paroxetine"}, {"semTypes": ["T999"], "to": "256", "fro": "247", "fullId": "http://purl.bioontology.org/ontology/RXNORM/32937", "preferredName": "Paroxetine"}, {"semTypes": ["T109", "T121"], "to": "4924", "fro": "4901", "fullId": "http://purl.bioontology.org/ontology/MSH/D017374", "preferredName": "Paroxetine"}, {"semTypes": ["T999"], "to": "8743", "fro": "8734", "fullId": "http://purl.bioontology.org/ontology/RXNORM/8331", "preferredName": "Pimozide"}, {"semTypes": ["T999"], "to": "9040", "fro": "9029", "fullId": "http://purl.bioontology.org/ontology/RXNORM/235830", "preferredName": "Paroxetine Hydrochloride"}, {"semTypes": ["T121", "T109"], "to": "4646", "fro": "4634", "fullId": "http://purl.bioontology.org/ontology/RXNORM/32937", "preferredName": "Paroxetine"}, {"semTypes": ["T109", "T121"], "to": "7924", "fro": "7914", "fullId": "http://purl.bioontology.org/ontology/RXNORM/32937", "preferredName": "Paroxetine"}, {"semTypes": ["T121", "T109"], "to": "11537", "fro": "11528", "fullId": "http://purl.bioontology.org/ontology/MSH/D017374", "preferredName": "Paroxetine"}, {"semTypes": ["T999"], "to": "879", "fro": "872", "fullId": "http://purl.bioontology.org/ontology/RXNORM/32937", "preferredName": "Paroxetine"}, {"semTypes": ["T109", "T121"], "to": "2859", "fro": "2836", "fullId": "http://purl.bioontology.org/ontology/MSH/D017374", "preferredName": "Paroxetine"}, {"semTypes": ["T999"], "to": "8672", "fro": "8662", "fullId": "http://purl.bioontology.org/ontology/RXNORM/32937", "preferredName": "Paroxetine"}, {"semTypes": ["T999"], "to": "4703", "fro": "4694", "fullId": "http://purl.bioontology.org/ontology/MSH/D017374", "preferredName": "Paroxetine"}, {"semTypes": ["T121", "T118", "T110"], "to": "13526", "fro": "13520", "fullId": "http://purl.bioontology.org/ontology/RXNORM/235830", "preferredName": "Paroxetine Hydrochloride"}, {"semTypes": ["T121", "T109"], "to": "10817", "fro": "10808", "fullId": "http://purl.bioontology.org/ontology/MSH/D017374", "preferredName": "Paroxetine"}, {"semTypes": ["T121", "T109"], "to": "10322", "fro": "10313", "fullId": "http://purl.bioontology.org/ontology/MSH/D017374", "preferredName": "Paroxetine"}, {"semTypes": ["T121", "T109"], "to": "8683", "fro": "8675", "fullId": "http://purl.bioontology.org/ontology/RXNORM/235830", "preferredName": "Paroxetine Hydrochloride"}, {"semTypes": ["T109", "T121"], "to": "7534", "fro": "7524", "fullId": "http://purl.bioontology.org/ontology/RXNORM/32937", "preferredName": "Paroxetine"}, {"semTypes": ["T999"], "to": "8805", "fro": "8797", "fullId": "http://purl.bioontology.org/ontology/MSH/C041930", "preferredName": "atomoxetine"}, {"semTypes": ["T116", "T123", "T121"], "to": "256", "fro": "247", "fullId": "http://purl.bioontology.org/ontology/RXNORM/32937", "preferredName": "Paroxetine"}, {"semTypes": ["T109", "T121"], "to": "8672", "fro": "8662", "fullId": "http://purl.bioontology.org/ontology/RXNORM/32937", "preferredName": "Paroxetine"}, {"semTypes": ["T121", "T109"], "to": "8094", "fro": "8085", "fullId": "http://purl.bioontology.org/ontology/MSH/D017374", "preferredName": "Paroxetine"}, {"semTypes": ["T121", "T109"], "to": "14685", "fro": "14675", "fullId": "http://purl.bioontology.org/ontology/RXNORM/235830", "preferredName": "Paroxetine Hydrochloride"}, {"semTypes": ["T999"], "to": "7258", "fro": "7248", "fullId": "http://purl.bioontology.org/ontology/RXNORM/32937", "preferredName": "Paroxetine"}, {"semTypes": ["T121", "T109"], "to": "2063", "fro": "2054", "fullId": "http://purl.bioontology.org/ontology/MSH/D017374", "preferredName": "Paroxetine"}, {"semTypes": ["T999"], "to": "14547", "fro": "14537", "fullId": "http://purl.bioontology.org/ontology/RXNORM/235830", "preferredName": "Paroxetine Hydrochloride"}, {"semTypes": ["T999"], "to": "8683", "fro": "8675", "fullId": "http://purl.bioontology.org/ontology/RXNORM/38400", "preferredName": "atomoxetine"}, {"semTypes": ["T109", "T121"], "to": "1162", "fro": "1155", "fullId": "http://purl.bioontology.org/ontology/RXNORM/32937", "preferredName": "Paroxetine"}, {"semTypes": ["T121", "T109"], "to": "15418", "fro": "15409", "fullId": "http://purl.bioontology.org/ontology/MSH/D017374", "preferredName": "Paroxetine"}, {"semTypes": ["T999"], "to": "2872", "fro": "2865", "fullId": "http://purl.bioontology.org/ontology/RXNORM/32937", "preferredName": "Paroxetine"}, {"semTypes": ["T109", "T121"], "to": "4612", "fro": "4589", "fullId": "http://purl.bioontology.org/ontology/MSH/D017374", "preferredName": "Paroxetine"}, {"semTypes": ["T121", "T109"], "to": "5858", "fro": "5850", "fullId": "http://purl.bioontology.org/ontology/RXNORM/32937", "preferredName": "Paroxetine"}, {"semTypes": ["T197", "T121"], "to": "12978", "fro": "12962", "fullId": "http://purl.bioontology.org/ontology/MSH/D010868", "preferredName": "Pimozide"}, {"semTypes": ["T999"], "to": "2859", "fro": "2836", "fullId": "http://purl.bioontology.org/ontology/MSH/D017374", "preferredName": "Paroxetine"}, {"semTypes": ["T121", "T109"], "to": "3989", "fro": "3980", "fullId": "http://purl.bioontology.org/ontology/MSH/D017374", "preferredName": "Paroxetine"}, {"semTypes": ["T999"], "to": "4461", "fro": "4449", "fullId": "http://purl.bioontology.org/ontology/RXNORM/32937", "preferredName": "Paroxetine"}, {"semTypes": ["T999"], "to": "7190", "fro": "7180", "fullId": "http://purl.bioontology.org/ontology/RXNORM/32937", "preferredName": "Paroxetine"}, {"semTypes": ["T999"], "to": "7534", "fro": "7524", "fullId": "http://purl.bioontology.org/ontology/RXNORM/32937", "preferredName": "Paroxetine"}, {"semTypes": ["T123", "T109", "T121"], "to": "15101", "fro": "15090", "fullId": "http://purl.bioontology.org/ontology/RXNORM/235830", "preferredName": "Paroxetine Hydrochloride"}, {"semTypes": ["T121", "T109"], "to": "10453", "fro": "10444", "fullId": "http://purl.bioontology.org/ontology/MSH/D017374", "preferredName": "Paroxetine"}, {"semTypes": ["T109", "T121"], "to": "13082", "fro": "13059", "fullId": "http://purl.bioontology.org/ontology/MSH/D017374", "preferredName": "Paroxetine"}, {"semTypes": ["T109", "T121"], "to": "4222", "fro": "4199", "fullId": "http://purl.bioontology.org/ontology/MSH/D017374", "preferredName": "Paroxetine"}, {"semTypes": ["T999"], "to": "13329", "fro": "13323", "fullId": "http://purl.bioontology.org/ontology/RXNORM/235830", "preferredName": "Paroxetine Hydrochloride"}, {"semTypes": ["T999"], "to": "14685", "fro": "14675", "fullId": "http://purl.bioontology.org/ontology/RXNORM/235830", "preferredName": "Paroxetine Hydrochloride"}, {"semTypes": ["T121", "T109"], "to": "15350", "fro": "15342", "fullId": "http://purl.bioontology.org/ontology/MSH/D010868", "preferredName": "Pimozide"}, {"semTypes": ["T121", "T109"], "to": "4797", "fro": "4788", "fullId": "http://purl.bioontology.org/ontology/MSH/D017374", "preferredName": "Paroxetine"}, {"semTypes": ["T109", "T121"], "to": "1207", "fro": "1200", "fullId": "http://purl.bioontology.org/ontology/RXNORM/32937", "preferredName": "Paroxetine"}, {"semTypes": ["T121", "T118", "T110"], "to": "13205", "fro": "13199", "fullId": "http://purl.bioontology.org/ontology/RXNORM/235830", "preferredName": "Paroxetine Hydrochloride"}, {"semTypes": ["T999"], "to": "2756", "fro": "2749", "fullId": "http://purl.bioontology.org/ontology/RXNORM/32937", "preferredName": "Paroxetine"}, {"semTypes": ["T109", "T121"], "to": "1433", "fro": "1410", "fullId": "http://purl.bioontology.org/ontology/MSH/D017374", "preferredName": "Paroxetine"}, {"semTypes": ["T999"], "to": "5428", "fro": "5405", "fullId": "http://purl.bioontology.org/ontology/MSH/D017374", "preferredName": "Paroxetine"}, {"semTypes": ["T999"], "to": "7974", "fro": "7964", "fullId": "http://purl.bioontology.org/ontology/RXNORM/32937", "preferredName": "Paroxetine"}, {"semTypes": ["T999"], "to": "2063", "fro": "2054", "fullId": "http://purl.bioontology.org/ontology/MSH/D017374", "preferredName": "Paroxetine"}, {"semTypes": ["T121", "T109"], "to": "13514", "fro": "13505", "fullId": "http://purl.bioontology.org/ontology/MSH/D017374", "preferredName": "Paroxetine"}, {"semTypes": ["T109", "T121"], "to": "9860", "fro": "9850", "fullId": "http://purl.bioontology.org/ontology/RXNORM/235830", "preferredName": "Paroxetine Hydrochloride"}, {"semTypes": ["T999"], "to": "1404", "fro": "1397", "fullId": "http://purl.bioontology.org/ontology/RXNORM/32937", "preferredName": "Paroxetine"}, {"semTypes": ["T121", "T109"], "to": "6921", "fro": "6911", "fullId": "http://purl.bioontology.org/ontology/MSH/C041930", "preferredName": "atomoxetine"}, {"semTypes": ["T999"], "to": "1207", "fro": "1200", "fullId": "http://purl.bioontology.org/ontology/RXNORM/32937", "preferredName": "Paroxetine"}, {"semTypes": ["T999"], "to": "8731", "fro": "8721", "fullId": "http://purl.bioontology.org/ontology/MSH/D014859", "preferredName": "Warfarin"}, {"semTypes": ["T121", "T109"], "to": "10109", "fro": "10100", "fullId": "http://purl.bioontology.org/ontology/MSH/D017374", "preferredName": "Paroxetine"}, {"semTypes": ["T999"], "to": "8642", "fro": "8633", "fullId": "http://purl.bioontology.org/ontology/MSH/D014859", "preferredName": "Warfarin"}, {"semTypes": ["T999"], "to": "2278", "fro": "2269", "fullId": "http://purl.bioontology.org/ontology/RXNORM/32937", "preferredName": "Paroxetine"}, {"semTypes": ["T121", "T109"], "to": "8626", "fro": "8616", "fullId": "http://purl.bioontology.org/ontology/RXNORM/8331", "preferredName": "Pimozide"}, {"semTypes": ["T109", "T121"], "to": "6838", "fro": "6815", "fullId": "http://purl.bioontology.org/ontology/MSH/D017374", "preferredName": "Paroxetine"}, {"semTypes": ["T109", "T121"], "to": "7190", "fro": "7180", "fullId": "http://purl.bioontology.org/ontology/RXNORM/32937", "preferredName": "Paroxetine"}, {"semTypes": ["T109", "T121"], "to": "13653", "fro": "13646", "fullId": "http://purl.bioontology.org/ontology/RXNORM/235830", "preferredName": "Paroxetine Hydrochloride"}, {"semTypes": ["T121", "T109"], "to": "11224", "fro": "11215", "fullId": "http://purl.bioontology.org/ontology/MSH/D017374", "preferredName": "Paroxetine"}, {"semTypes": ["T109", "T121"], "to": "7974", "fro": "7964", "fullId": "http://purl.bioontology.org/ontology/RXNORM/32937", "preferredName": "Paroxetine"}, {"semTypes": ["T999"], "to": "7924", "fro": "7914", "fullId": "http://purl.bioontology.org/ontology/RXNORM/32937", "preferredName": "Paroxetine"}, {"semTypes": ["T999"], "to": "12280", "fro": "12273", "fullId": "http://purl.bioontology.org/ontology/RXNORM/32937", "preferredName": "Paroxetine"}, {"semTypes": ["T999"], "to": "2095", "fro": "2087", "fullId": "http://purl.bioontology.org/ontology/RXNORM/38400", "preferredName": "atomoxetine"}, {"semTypes": ["T116", "T123", "T121"], "to": "2278", "fro": "2269", "fullId": "http://purl.bioontology.org/ontology/RXNORM/32937", "preferredName": "Paroxetine"}, {"semTypes": ["T999"], "to": "13082", "fro": "13059", "fullId": "http://purl.bioontology.org/ontology/MSH/D017374", "preferredName": "Paroxetine"}, {"semTypes": ["T999"], "to": "8586", "fro": "8574", "fullId": "http://purl.bioontology.org/ontology/RXNORM/38400", "preferredName": "atomoxetine"}, {"semTypes": ["T121", "T109"], "to": "12363", "fro": "12354", "fullId": "http://purl.bioontology.org/ontology/MSH/D017374", "preferredName": "Paroxetine"}, {"semTypes": ["T999"], "to": "8758", "fro": "8750", "fullId": "http://purl.bioontology.org/ontology/MSH/D014859", "preferredName": "Warfarin"}, {"semTypes": ["T999"], "to": "10204", "fro": "10194", "fullId": "http://purl.bioontology.org/ontology/RXNORM/235830", "preferredName": "Paroxetine Hydrochloride"}, {"semTypes": ["T109", "T121"], "to": "13722", "fro": "13715", "fullId": "http://purl.bioontology.org/ontology/RXNORM/235830", "preferredName": "Paroxetine Hydrochloride"}, {"semTypes": ["T999"], "to": "5794", "fro": "5786", "fullId": "http://purl.bioontology.org/ontology/RXNORM/235830", "preferredName": "Paroxetine Hydrochloride"}, {"semTypes": ["T999"], "to": "12109", "fro": "12103", "fullId": "http://purl.bioontology.org/ontology/MSH/C041930", "preferredName": "atomoxetine"}, {"semTypes": ["T121", "T109"], "to": "9844", "fro": "9835", "fullId": "http://purl.bioontology.org/ontology/MSH/D017374", "preferredName": "Paroxetine"}, {"semTypes": ["T999"], "to": "1972", "fro": "1965", "fullId": "http://purl.bioontology.org/ontology/MSH/D010868", "preferredName": "Pimozide"}, {"semTypes": ["T116", "T123", "T121"], "to": "419", "fro": "410", "fullId": "http://purl.bioontology.org/ontology/RXNORM/32937", "preferredName": "Paroxetine"}, {"semTypes": ["T999"], "to": "7419", "fro": "7409", "fullId": "http://purl.bioontology.org/ontology/RXNORM/32937", "preferredName": "Paroxetine"}, {"semTypes": ["T109", "T121"], "to": "12564", "fro": "12541", "fullId": "http://purl.bioontology.org/ontology/MSH/D017374", "preferredName": "Paroxetine"}, {"semTypes": ["T121", "T109"], "to": "4703", "fro": "4694", "fullId": "http://purl.bioontology.org/ontology/MSH/D017374", "preferredName": "Paroxetine"}, {"semTypes": ["T999"], "to": "9141", "fro": "9133", "fullId": "http://purl.bioontology.org/ontology/RXNORM/235830", "preferredName": "Paroxetine Hydrochloride"}, {"semTypes": ["T999"], "to": "1896", "fro": "1888", "fullId": "http://purl.bioontology.org/ontology/MSH/D010868", "preferredName": "Pimozide"}, {"semTypes": ["T109", "T121"], "to": "1326", "fro": "1319", "fullId": "http://purl.bioontology.org/ontology/RXNORM/32937", "preferredName": "Paroxetine"}, {"semTypes": ["T999"], "to": "5739", "fro": "5730", "fullId": "http://purl.bioontology.org/ontology/MSH/D017374", "preferredName": "Paroxetine"}, {"semTypes": ["T131", "T121", "T109"], "to": "2534", "fro": "2527", "fullId": "http://purl.bioontology.org/ontology/RXNORM/32937", "preferredName": "Paroxetine"}, {"semTypes": ["T999"], "to": "9844", "fro": "9835", "fullId": "http://purl.bioontology.org/ontology/MSH/D017374", "preferredName": "Paroxetine"}, {"semTypes": ["T121", "T109"], "to": "4842", "fro": "4833", "fullId": "http://purl.bioontology.org/ontology/MSH/D017374", "preferredName": "Paroxetine"}, {"semTypes": ["T999"], "to": "5184", "fro": "5172", "fullId": "http://purl.bioontology.org/ontology/RXNORM/32937", "preferredName": "Paroxetine"}, {"semTypes": ["T109", "T121"], "to": "13807", "fro": "13800", "fullId": "http://purl.bioontology.org/ontology/RXNORM/235830", "preferredName": "Paroxetine Hydrochloride"}, {"semTypes": ["T121", "T109"], "to": "2095", "fro": "2087", "fullId": "http://purl.bioontology.org/ontology/RXNORM/8331", "preferredName": "Pimozide"}, {"semTypes": ["T999"], "to": "9860", "fro": "9850", "fullId": "http://purl.bioontology.org/ontology/RXNORM/235830", "preferredName": "Paroxetine Hydrochloride"}, {"semTypes": ["T999"], "to": "2377", "fro": "2366", "fullId": "http://purl.bioontology.org/ontology/RXNORM/8331", "preferredName": "Pimozide"}, {"semTypes": ["T121", "T109"], "to": "1277", "fro": "1268", "fullId": "http://purl.bioontology.org/ontology/MSH/D017374", "preferredName": "Paroxetine"}, {"semTypes": ["T121", "T109"], "to": "3208", "fro": "3199", "fullId": "http://purl.bioontology.org/ontology/MSH/D017374", "preferredName": "Paroxetine"}, {"semTypes": ["T999"], "to": "13653", "fro": "13646", "fullId": "http://purl.bioontology.org/ontology/RXNORM/235830", "preferredName": "Paroxetine Hydrochloride"}, {"semTypes": ["T109", "T121"], "to": "10797", "fro": "10774", "fullId": "http://purl.bioontology.org/ontology/MSH/D017374", "preferredName": "Paroxetine"}, {"semTypes": ["T999"], "to": "4646", "fro": "4634", "fullId": "http://purl.bioontology.org/ontology/RXNORM/32937", "preferredName": "Paroxetine"}, {"semTypes": ["T121", "T109"], "to": "13282", "fro": "13273", "fullId": "http://purl.bioontology.org/ontology/MSH/D017374", "preferredName": "Paroxetine"}, {"semTypes": ["T123", "T109", "T121"], "to": "14928", "fro": "14917", "fullId": "http://purl.bioontology.org/ontology/RXNORM/235830", "preferredName": "Paroxetine Hydrochloride"}, {"semTypes": ["T999"], "to": "15340", "fro": "15328", "fullId": "http://purl.bioontology.org/ontology/RXNORM/8331", "preferredName": "Pimozide"}, {"semTypes": ["T999"], "to": "5121", "fro": "5098", "fullId": "http://purl.bioontology.org/ontology/MSH/D017374", "preferredName": "Paroxetine"}, {"semTypes": ["T999"], "to": "4222", "fro": "4199", "fullId": "http://purl.bioontology.org/ontology/MSH/D017374", "preferredName": "Paroxetine"}, {"semTypes": ["T999"], "to": "12978", "fro": "12962", "fullId": "http://purl.bioontology.org/ontology/MSH/D010868", "preferredName": "Pimozide"}, {"semTypes": ["T121", "T109"], "to": "13759", "fro": "13750", "fullId": "http://purl.bioontology.org/ontology/MSH/D017374", "preferredName": "Paroxetine"}, {"semTypes": ["T109", "T121"], "to": "6784", "fro": "6761", "fullId": "http://purl.bioontology.org/ontology/MSH/D017374", "preferredName": "Paroxetine"}, {"semTypes": ["T999"], "to": "14928", "fro": "14917", "fullId": "http://purl.bioontology.org/ontology/RXNORM/235830", "preferredName": "Paroxetine Hydrochloride"}, {"semTypes": ["T999"], "to": "4328", "fro": "4319", "fullId": "http://purl.bioontology.org/ontology/RXNORM/235830", "preferredName": "Paroxetine Hydrochloride"}, {"semTypes": ["T121", "T109"], "to": "2743", "fro": "2734", "fullId": "http://purl.bioontology.org/ontology/MSH/D017374", "preferredName": "Paroxetine"}, {"semTypes": ["T999"], "to": "5458", "fro": "5450", "fullId": "http://purl.bioontology.org/ontology/RXNORM/32937", "preferredName": "Paroxetine"}, {"semTypes": ["T200"], "to": "7152", "fro": "7137", "fullId": "http://purl.bioontology.org/ontology/MSH/C041930", "preferredName": "atomoxetine"}, {"semTypes": ["T109", "T121"], "to": "10016", "fro": "10005", "fullId": "http://purl.bioontology.org/ontology/MSH/D010868", "preferredName": "Pimozide"}, {"semTypes": ["T109", "T121"], "to": "8601", "fro": "8589", "fullId": "http://purl.bioontology.org/ontology/RXNORM/10898", "preferredName": "Tryptophan"}, {"semTypes": ["T121", "T109"], "to": "4859", "fro": "4847", "fullId": "http://purl.bioontology.org/ontology/RXNORM/32937", "preferredName": "Paroxetine"}, {"semTypes": ["T121", "T109"], "to": "5515", "fro": "5506", "fullId": "http://purl.bioontology.org/ontology/MSH/D017374", "preferredName": "Paroxetine"}, {"semTypes": ["T999"], "to": "14256", "fro": "14245", "fullId": "http://purl.bioontology.org/ontology/RXNORM/235830", "preferredName": "Paroxetine Hydrochloride"}, {"semTypes": ["T109", "T121"], "to": "1696", "fro": "1673", "fullId": "http://purl.bioontology.org/ontology/MSH/D017374", "preferredName": "Paroxetine"}, {"semTypes": ["T999"], "to": "5708", "fro": "5700", "fullId": "http://purl.bioontology.org/ontology/RXNORM/32937", "preferredName": "Paroxetine"}, {"semTypes": ["T131", "T121", "T109"], "to": "12280", "fro": "12273", "fullId": "http://purl.bioontology.org/ontology/RXNORM/32937", "preferredName": "Paroxetine"}, {"semTypes": ["T999"], "to": "9232", "fro": "9223", "fullId": "http://purl.bioontology.org/ontology/MSH/D017374", "preferredName": "Paroxetine"}, {"semTypes": ["T999"], "to": "7727", "fro": "7717", "fullId": "http://purl.bioontology.org/ontology/RXNORM/32937", "preferredName": "Paroxetine"}, {"semTypes": ["T121", "T109"], "to": "9929", "fro": "9920", "fullId": "http://purl.bioontology.org/ontology/MSH/D017374", "preferredName": "Paroxetine"}, {"semTypes": ["T121", "T109"], "to": "9232", "fro": "9223", "fullId": "http://purl.bioontology.org/ontology/MSH/D017374", "preferredName": "Paroxetine"}, {"semTypes": ["T131", "T121", "T109"], "to": "2756", "fro": "2749", "fullId": "http://purl.bioontology.org/ontology/RXNORM/32937", "preferredName": "Paroxetine"}, {"semTypes": ["T109", "T121"], "to": "8430", "fro": "8407", "fullId": "http://purl.bioontology.org/ontology/MSH/D017374", "preferredName": "Paroxetine"}, {"semTypes": ["T999"], "to": "8659", "fro": "8646", "fullId": "http://purl.bioontology.org/ontology/MSH/D014364", "preferredName": "Tryptophan"}, {"semTypes": ["T109", "T121"], "to": "9040", "fro": "9029", "fullId": "http://purl.bioontology.org/ontology/RXNORM/235830", "preferredName": "Paroxetine Hydrochloride"}, {"semTypes": ["T999"], "to": "1433", "fro": "1410", "fullId": "http://purl.bioontology.org/ontology/MSH/D017374", "preferredName": "Paroxetine"}, {"semTypes": ["T121", "T109"], "to": "1896", "fro": "1888", "fullId": "http://purl.bioontology.org/ontology/RXNORM/38400", "preferredName": "atomoxetine"}, {"semTypes": ["T121", "T116"], "to": "10256", "fro": "10245", "fullId": "http://purl.bioontology.org/ontology/RXNORM/38400", "preferredName": "atomoxetine"}, {"semTypes": ["T999"], "to": "13795", "fro": "13786", "fullId": "http://purl.bioontology.org/ontology/MSH/D017374", "preferredName": "Paroxetine"}, {"semTypes": ["T121", "T109"], "to": "15366", "fro": "15357", "fullId": "http://purl.bioontology.org/ontology/MSH/D017374", "preferredName": "Paroxetine"}, {"semTypes": ["T121", "T109"], "to": "4504", "fro": "4492", "fullId": "http://purl.bioontology.org/ontology/RXNORM/32937", "preferredName": "Paroxetine"}, {"semTypes": ["T121", "T109"], "to": "5739", "fro": "5730", "fullId": "http://purl.bioontology.org/ontology/MSH/D017374", "preferredName": "Paroxetine"}, {"semTypes": ["T999"], "to": "14087", "fro": "14076", "fullId": "http://purl.bioontology.org/ontology/RXNORM/235830", "preferredName": "Paroxetine Hydrochloride"}, {"semTypes": ["T999"], "to": "241", "fro": "232", "fullId": "http://purl.bioontology.org/ontology/MSH/D017374", "preferredName": "Paroxetine"}, {"semTypes": ["T121", "T109"], "to": "10238", "fro": "10230", "fullId": "http://purl.bioontology.org/ontology/MSH/D010868", "preferredName": "Pimozide"}, {"semTypes": ["T121", "T109"], "to": "6620", "fro": "6611", "fullId": "http://purl.bioontology.org/ontology/MSH/D017374", "preferredName": "Paroxetine"}, {"semTypes": ["T121", "T109"], "to": "13923", "fro": "13912", "fullId": "http://purl.bioontology.org/ontology/RXNORM/235830", "preferredName": "Paroxetine Hydrochloride"}, {"semTypes": ["T999"], "to": "10227", "fro": "10219", "fullId": "http://purl.bioontology.org/ontology/RXNORM/38400", "preferredName": "atomoxetine"}, {"semTypes": ["T999"], "to": "555", "fro": "546", "fullId": "http://purl.bioontology.org/ontology/RXNORM/32937", "preferredName": "Paroxetine"}, {"semTypes": ["T109", "T121"], "to": "12956", "fro": "12933", "fullId": "http://purl.bioontology.org/ontology/MSH/D017374", "preferredName": "Paroxetine"}, {"semTypes": ["T999"], "to": "13282", "fro": "13273", "fullId": "http://purl.bioontology.org/ontology/MSH/D017374", "preferredName": "Paroxetine"}, {"semTypes": ["T121", "T109"], "to": "2174", "fro": "2165", "fullId": "http://purl.bioontology.org/ontology/MSH/D017374", "preferredName": "Paroxetine"}, {"semTypes": ["T121", "T109"], "to": "9141", "fro": "9133", "fullId": "http://purl.bioontology.org/ontology/RXNORM/235830", "preferredName": "Paroxetine Hydrochloride"}, {"semTypes": ["T109", "T121"], "to": "8163", "fro": "8140", "fullId": "http://purl.bioontology.org/ontology/MSH/D017374", "preferredName": "Paroxetine"}, {"semTypes": ["T999"], "to": "3587", "fro": "3578", "fullId": "http://purl.bioontology.org/ontology/MSH/D017374", "preferredName": "Paroxetine"}, {"semTypes": ["T121", "T109"], "to": "8743", "fro": "8734", "fullId": "http://purl.bioontology.org/ontology/MSH/D010868", "preferredName": "Pimozide"}, {"semTypes": ["T109", "T121"], "to": "14991", "fro": "14968", "fullId": "http://purl.bioontology.org/ontology/MSH/D017374", "preferredName": "Paroxetine"}, {"semTypes": ["T121", "T109"], "to": "3587", "fro": "3578", "fullId": "http://purl.bioontology.org/ontology/MSH/D017374", "preferredName": "Paroxetine"}, {"semTypes": ["T109", "T121"], "to": "7062", "fro": "7052", "fullId": "http://purl.bioontology.org/ontology/RXNORM/32937", "preferredName": "Paroxetine"}, {"semTypes": ["T999"], "to": "13526", "fro": "13520", "fullId": "http://purl.bioontology.org/ontology/RXNORM/235830", "preferredName": "Paroxetine Hydrochloride"}, {"semTypes": ["T999"], "to": "9441", "fro": "9432", "fullId": "http://purl.bioontology.org/ontology/MSH/D017374", "preferredName": "Paroxetine"}, {"semTypes": ["T999"], "to": "15734", "fro": "15711", "fullId": "http://purl.bioontology.org/ontology/MSH/D017374", "preferredName": "Paroxetine"}, {"semTypes": ["T999"], "to": "10374", "fro": "10364", "fullId": "http://purl.bioontology.org/ontology/RXNORM/235830", "preferredName": "Paroxetine Hydrochloride"}, {"semTypes": ["T999"], "to": "13514", "fro": "13505", "fullId": "http://purl.bioontology.org/ontology/MSH/D017374", "preferredName": "Paroxetine"}, {"semTypes": ["T999"], "to": "4797", "fro": "4788", "fullId": "http://purl.bioontology.org/ontology/MSH/D017374", "preferredName": "Paroxetine"}, {"semTypes": ["T109", "T121"], "to": "1404", "fro": "1397", "fullId": "http://purl.bioontology.org/ontology/RXNORM/32937", "preferredName": "Paroxetine"}, {"semTypes": ["T999"], "to": "722", "fro": "695", "fullId": "http://purl.bioontology.org/ontology/RXNORM/38400", "preferredName": "atomoxetine"}, {"semTypes": ["T999"], "to": "1277", "fro": "1268", "fullId": "http://purl.bioontology.org/ontology/MSH/D017374", "preferredName": "Paroxetine"}, {"semTypes": ["T109", "T121"], "to": "15734", "fro": "15711", "fullId": "http://purl.bioontology.org/ontology/MSH/D017374", "preferredName": "Paroxetine"}, {"semTypes": ["T121", "T109"], "to": "14431", "fro": "14421", "fullId": "http://purl.bioontology.org/ontology/RXNORM/235830", "preferredName": "Paroxetine Hydrochloride"}, {"semTypes": ["T999"], "to": "8331", "fro": "8308", "fullId": "http://purl.bioontology.org/ontology/MSH/D017374", "preferredName": "Paroxetine"}, {"semTypes": ["T121", "T109"], "to": "9338", "fro": "9330", "fullId": "http://purl.bioontology.org/ontology/RXNORM/235830", "preferredName": "Paroxetine Hydrochloride"}, {"semTypes": ["T121", "T109"], "to": "10216", "fro": "10207", "fullId": "http://purl.bioontology.org/ontology/RXNORM/8331", "preferredName": "Pimozide"}, {"semTypes": ["T999"], "to": "6784", "fro": "6761", "fullId": "http://purl.bioontology.org/ontology/MSH/D017374", "preferredName": "Paroxetine"}, {"semTypes": ["T999"], "to": "12564", "fro": "12541", "fullId": "http://purl.bioontology.org/ontology/MSH/D017374", "preferredName": "Paroxetine"}, {"semTypes": ["T109", "T121"], "to": "8331", "fro": "8308", "fullId": "http://purl.bioontology.org/ontology/MSH/D017374", "preferredName": "Paroxetine"}, {"semTypes": ["T109", "T121"], "to": "984", "fro": "961", "fullId": "http://purl.bioontology.org/ontology/MSH/D017374", "preferredName": "Paroxetine"}]