[{"semTypes": ["T999"], "to": "369", "fro": "359", "fullId": "http://purl.bioontology.org/ontology/RXNORM/32937", "preferredName": "Paroxetine"}, {"semTypes": ["T109", "T121"], "to": "386", "fro": "376", "fullId": "http://purl.bioontology.org/ontology/RXNORM/32937", "preferredName": "Paroxetine"}, {"semTypes": ["T999"], "to": "386", "fro": "376", "fullId": "http://purl.bioontology.org/ontology/RXNORM/32937", "preferredName": "Paroxetine"}, {"semTypes": ["T121", "T109"], "to": "276", "fro": "267", "fullId": "http://purl.bioontology.org/ontology/MSH/D017374", "preferredName": "Paroxetine"}, {"semTypes": ["T121", "T109"], "to": "356", "fro": "346", "fullId": "http://purl.bioontology.org/ontology/MSH/D018967", "preferredName": "Risperidone"}, {"semTypes": ["T999"], "to": "276", "fro": "267", "fullId": "http://purl.bioontology.org/ontology/MSH/D017374", "preferredName": "Paroxetine"}, {"semTypes": ["T999"], "to": "154", "fro": "145", "fullId": "http://purl.bioontology.org/ontology/MSH/D017374", "preferredName": "Paroxetine"}, {"semTypes": ["T121", "T109"], "to": "369", "fro": "359", "fullId": "http://purl.bioontology.org/ontology/MSH/D018967", "preferredName": "Risperidone"}, {"semTypes": ["T999"], "to": "356", "fro": "346", "fullId": "http://purl.bioontology.org/ontology/RXNORM/32937", "preferredName": "Paroxetine"}, {"semTypes": ["T121", "T109"], "to": "154", "fro": "145", "fullId": "http://purl.bioontology.org/ontology/MSH/D017374", "preferredName": "Paroxetine"}]