[{"semTypes": ["T999"], "to": "1268", "fro": "1257", "fullId": "http://purl.bioontology.org/ontology/MSH/C055162", "preferredName": "clopidogrel"}, {"semTypes": ["T121", "T131", "T109"], "to": "2953", "fro": "2946", "fullId": "http://purl.bioontology.org/ontology/RXNORM/236991", "preferredName": "Clopidogrel bisulfate"}, {"semTypes": ["T999"], "to": "1988", "fro": "1979", "fullId": "http://purl.bioontology.org/ontology/MSH/C055162", "preferredName": "clopidogrel"}, {"semTypes": ["T999"], "to": "1252", "fro": "1243", "fullId": "http://purl.bioontology.org/ontology/MSH/C055162", "preferredName": "clopidogrel"}, {"semTypes": ["T121", "T131", "T109"], "to": "348", "fro": "341", "fullId": "http://purl.bioontology.org/ontology/RXNORM/236991", "preferredName": "Clopidogrel bisulfate"}, {"semTypes": ["T999"], "to": "1659", "fro": "1648", "fullId": "http://purl.bioontology.org/ontology/MSH/C055162", "preferredName": "clopidogrel"}, {"semTypes": ["T999"], "to": "1968", "fro": "1948", "fullId": "http://purl.bioontology.org/ontology/MSH/C055162", "preferredName": "clopidogrel"}, {"semTypes": ["T999"], "to": "1301", "fro": "1292", "fullId": "http://purl.bioontology.org/ontology/MSH/C055162", "preferredName": "clopidogrel"}, {"semTypes": ["T999"], "to": "348", "fro": "341", "fullId": "http://purl.bioontology.org/ontology/RXNORM/236991", "preferredName": "Clopidogrel bisulfate"}, {"semTypes": ["T999"], "to": "1496", "fro": "1487", "fullId": "http://purl.bioontology.org/ontology/MSH/C055162", "preferredName": "clopidogrel"}, {"semTypes": ["T999"], "to": "2004", "fro": "1993", "fullId": "http://purl.bioontology.org/ontology/MSH/C055162", "preferredName": "clopidogrel"}, {"semTypes": ["T121", "T109"], "to": "1496", "fro": "1487", "fullId": "http://purl.bioontology.org/ontology/RXNORM/236991", "preferredName": "Clopidogrel bisulfate"}, {"semTypes": ["T109", "T121"], "to": "3004", "fro": "2984", "fullId": "http://purl.bioontology.org/ontology/MSH/C055162", "preferredName": "clopidogrel"}, {"semTypes": ["T109", "T121"], "to": "2479", "fro": "2459", "fullId": "http://purl.bioontology.org/ontology/MSH/C055162", "preferredName": "clopidogrel"}, {"semTypes": ["T121", "T109"], "to": "2004", "fro": "1993", "fullId": "http://purl.bioontology.org/ontology/RXNORM/236991", "preferredName": "Clopidogrel bisulfate"}, {"semTypes": ["T109", "T121"], "to": "1711", "fro": "1691", "fullId": "http://purl.bioontology.org/ontology/MSH/C055162", "preferredName": "clopidogrel"}, {"semTypes": ["T109", "T121"], "to": "1372", "fro": "1352", "fullId": "http://purl.bioontology.org/ontology/MSH/C055162", "preferredName": "clopidogrel"}, {"semTypes": ["T121", "T109"], "to": "1659", "fro": "1648", "fullId": "http://purl.bioontology.org/ontology/RXNORM/236991", "preferredName": "Clopidogrel bisulfate"}, {"semTypes": ["T109", "T121"], "to": "1236", "fro": "1216", "fullId": "http://purl.bioontology.org/ontology/MSH/D009853", "preferredName": "Omeprazole"}, {"semTypes": ["T109", "T121"], "to": "1968", "fro": "1948", "fullId": "http://purl.bioontology.org/ontology/MSH/D009853", "preferredName": "Omeprazole"}, {"semTypes": ["T999"], "to": "1236", "fro": "1216", "fullId": "http://purl.bioontology.org/ontology/MSH/C055162", "preferredName": "clopidogrel"}, {"semTypes": ["T121", "T109"], "to": "692", "fro": "682", "fullId": "http://purl.bioontology.org/ontology/MSH/D009853", "preferredName": "Omeprazole"}, {"semTypes": ["T999"], "to": "1711", "fro": "1691", "fullId": "http://purl.bioontology.org/ontology/MSH/C055162", "preferredName": "clopidogrel"}, {"semTypes": ["T121", "T109"], "to": "3151", "fro": "3141", "fullId": "http://purl.bioontology.org/ontology/MSH/D009853", "preferredName": "Omeprazole"}, {"semTypes": ["T999"], "to": "1867", "fro": "1853", "fullId": "http://purl.bioontology.org/ontology/RXNORM/236991", "preferredName": "Clopidogrel bisulfate"}, {"semTypes": ["T999"], "to": "1898", "fro": "1887", "fullId": "http://purl.bioontology.org/ontology/RXNORM/236991", "preferredName": "Clopidogrel bisulfate"}, {"semTypes": ["T121", "T109"], "to": "1832", "fro": "1822", "fullId": "http://purl.bioontology.org/ontology/MSH/D009853", "preferredName": "Omeprazole"}, {"semTypes": ["T121", "T109"], "to": "907", "fro": "897", "fullId": "http://purl.bioontology.org/ontology/MSH/D009853", "preferredName": "Omeprazole"}, {"semTypes": ["T200"], "to": "2826", "fro": "2810", "fullId": "http://purl.bioontology.org/ontology/RXNORM/236991", "preferredName": "Clopidogrel bisulfate"}, {"semTypes": ["T121", "T109"], "to": "1453", "fro": "1443", "fullId": "http://purl.bioontology.org/ontology/MSH/D009853", "preferredName": "Omeprazole"}, {"semTypes": ["T999"], "to": "2479", "fro": "2459", "fullId": "http://purl.bioontology.org/ontology/MSH/C055162", "preferredName": "clopidogrel"}, {"semTypes": ["T999"], "to": "2953", "fro": "2946", "fullId": "http://purl.bioontology.org/ontology/MSH/D009853", "preferredName": "Omeprazole"}, {"semTypes": ["T121", "T109"], "to": "1898", "fro": "1887", "fullId": "http://purl.bioontology.org/ontology/RXNORM/236991", "preferredName": "Clopidogrel bisulfate"}, {"semTypes": ["T121", "T109"], "to": "1988", "fro": "1979", "fullId": "http://purl.bioontology.org/ontology/MSH/D009853", "preferredName": "Omeprazole"}, {"semTypes": ["T999"], "to": "1372", "fro": "1352", "fullId": "http://purl.bioontology.org/ontology/MSH/C055162", "preferredName": "clopidogrel"}, {"semTypes": ["T121", "T131", "T109"], "to": "2710", "fro": "2703", "fullId": "http://purl.bioontology.org/ontology/MSH/D009853", "preferredName": "Omeprazole"}, {"semTypes": ["T121", "T109"], "to": "1268", "fro": "1257", "fullId": "http://purl.bioontology.org/ontology/RXNORM/236991", "preferredName": "Clopidogrel bisulfate"}, {"semTypes": ["T121", "T131", "T109"], "to": "3018", "fro": "3011", "fullId": "http://purl.bioontology.org/ontology/MSH/D009853", "preferredName": "Omeprazole"}, {"semTypes": ["T999"], "to": "1453", "fro": "1443", "fullId": "http://purl.bioontology.org/ontology/MSH/C055162", "preferredName": "clopidogrel"}, {"semTypes": ["T999"], "to": "3018", "fro": "3011", "fullId": "http://purl.bioontology.org/ontology/MSH/D009853", "preferredName": "Omeprazole"}, {"semTypes": ["T999"], "to": "692", "fro": "682", "fullId": "http://purl.bioontology.org/ontology/MSH/C055162", "preferredName": "clopidogrel"}, {"semTypes": ["T121", "T109"], "to": "1301", "fro": "1292", "fullId": "http://purl.bioontology.org/ontology/MSH/D009853", "preferredName": "Omeprazole"}, {"semTypes": ["T999"], "to": "3004", "fro": "2984", "fullId": "http://purl.bioontology.org/ontology/MSH/C055162", "preferredName": "clopidogrel"}, {"semTypes": ["T999"], "to": "1832", "fro": "1822", "fullId": "http://purl.bioontology.org/ontology/MSH/C055162", "preferredName": "clopidogrel"}, {"semTypes": ["T999"], "to": "2710", "fro": "2703", "fullId": "http://purl.bioontology.org/ontology/MSH/D009853", "preferredName": "Omeprazole"}, {"semTypes": ["T999"], "to": "907", "fro": "897", "fullId": "http://purl.bioontology.org/ontology/MSH/C055162", "preferredName": "clopidogrel"}, {"semTypes": ["T999"], "to": "3151", "fro": "3141", "fullId": "http://purl.bioontology.org/ontology/MSH/C055162", "preferredName": "clopidogrel"}, {"semTypes": ["T121", "T109"], "to": "1867", "fro": "1853", "fullId": "http://purl.bioontology.org/ontology/RXNORM/32968", "preferredName": "clopidogrel"}, {"semTypes": ["T121", "T109"], "to": "1252", "fro": "1243", "fullId": "http://purl.bioontology.org/ontology/RXNORM/236991", "preferredName": "Clopidogrel bisulfate"}]