[{"semTypes": ["T999"], "to": "928", "fro": "914", "fullId": "http://purl.bioontology.org/ontology/RXNORM/114194", "preferredName": "Warfarin Sodium"}, {"semTypes": ["T119", "T121", "T127"], "to": "176", "fro": "168", "fullId": "http://purl.bioontology.org/ontology/MSH/D014859", "preferredName": "Warfarin"}, {"semTypes": ["T999"], "to": "176", "fro": "168", "fullId": "http://purl.bioontology.org/ontology/MSH/D014859", "preferredName": "Warfarin"}, {"semTypes": ["T109", "T131", "T121"], "to": "928", "fro": "914", "fullId": "http://purl.bioontology.org/ontology/RXNORM/114194", "preferredName": "Warfarin Sodium"}, {"semTypes": ["T109", "T131", "T121"], "to": "334", "fro": "320", "fullId": "http://purl.bioontology.org/ontology/RXNORM/114194", "preferredName": "Warfarin Sodium"}, {"semTypes": ["T116", "T123", "T122"], "to": "717", "fro": "710", "fullId": "http://purl.bioontology.org/ontology/MSH/D014859", "preferredName": "Warfarin"}, {"semTypes": ["T999"], "to": "1161", "fro": "1134", "fullId": "http://purl.bioontology.org/ontology/MSH/D014859", "preferredName": "Warfarin"}, {"semTypes": ["T999"], "to": "71", "fro": "57", "fullId": "http://purl.bioontology.org/ontology/RXNORM/114194", "preferredName": "Warfarin Sodium"}, {"semTypes": ["T109", "T131", "T121"], "to": "71", "fro": "57", "fullId": "http://purl.bioontology.org/ontology/RXNORM/114194", "preferredName": "Warfarin Sodium"}, {"semTypes": ["T999"], "to": "717", "fro": "710", "fullId": "http://purl.bioontology.org/ontology/MSH/D014859", "preferredName": "Warfarin"}, {"semTypes": ["T999"], "to": "334", "fro": "320", "fullId": "http://purl.bioontology.org/ontology/RXNORM/114194", "preferredName": "Warfarin Sodium"}]