[{"semTypes": ["T999"], "to": "3939", "fro": "3932", "fullId": "http://purl.bioontology.org/ontology/RXNORM/2551", "preferredName": "Ciprofloxacin"}, {"semTypes": ["T999"], "to": "8923", "fro": "8914", "fullId": "http://purl.bioontology.org/ontology/MSH/C058218", "preferredName": "duloxetine"}, {"semTypes": ["T999"], "to": "4976", "fro": "4967", "fullId": "http://purl.bioontology.org/ontology/RXNORM/85762", "preferredName": "Ritonavir"}, {"semTypes": ["T109", "T121"], "to": "122", "fro": "115", "fullId": "http://purl.bioontology.org/ontology/MSH/D014859", "preferredName": "Warfarin"}, {"semTypes": ["T999"], "to": "4180", "fro": "4170", "fullId": "http://purl.bioontology.org/ontology/MSH/D013467", "preferredName": "Sulindac"}, {"semTypes": ["T999"], "to": "4568", "fro": "4557", "fullId": "http://purl.bioontology.org/ontology/MSH/C063449", "preferredName": "zileuton"}, {"semTypes": ["T118", "T123", "T121"], "to": "6472", "fro": "6466", "fullId": "http://purl.bioontology.org/ontology/MSH/C086232", "preferredName": "bosentan"}, {"semTypes": ["T999"], "to": "4842", "fro": "4833", "fullId": "http://purl.bioontology.org/ontology/MSH/C048833", "preferredName": "modafinil"}, {"semTypes": ["T109", "T121"], "to": "4192", "fro": "4183", "fullId": "http://purl.bioontology.org/ontology/RXNORM/2551", "preferredName": "Ciprofloxacin"}, {"semTypes": ["T999"], "to": "6968", "fro": "6960", "fullId": "http://purl.bioontology.org/ontology/RXNORM/75207", "preferredName": "bosentan"}, {"semTypes": ["T999"], "to": "6984", "fro": "6971", "fullId": "http://purl.bioontology.org/ontology/MSH/D015738", "preferredName": "Famotidine"}, {"semTypes": ["T999"], "to": "346", "fro": "338", "fullId": "http://purl.bioontology.org/ontology/RXNORM/6926", "preferredName": "Mexiletine"}, {"semTypes": ["T121", "T109"], "to": "5069", "fro": "5061", "fullId": "http://purl.bioontology.org/ontology/MSH/D016666", "preferredName": "Fluvoxamine"}, {"semTypes": ["T999"], "to": "3595", "fro": "3585", "fullId": "http://purl.bioontology.org/ontology/RXNORM/8183", "preferredName": "Phenytoin"}, {"semTypes": ["T999"], "to": "4614", "fro": "4603", "fullId": "http://purl.bioontology.org/ontology/MSH/C097613", "preferredName": "imatinib"}, {"semTypes": ["T999"], "to": "4748", "fro": "4740", "fullId": "http://purl.bioontology.org/ontology/RXNORM/11289", "preferredName": "Warfarin"}, {"semTypes": ["T121", "T109"], "to": "4044", "fro": "4026", "fullId": "http://purl.bioontology.org/ontology/RXNORM/8183", "preferredName": "Phenytoin"}, {"semTypes": ["T999"], "to": "3622", "fro": "3612", "fullId": "http://purl.bioontology.org/ontology/RXNORM/21107", "preferredName": "cilostazol"}, {"semTypes": ["T131", "T121", "T109"], "to": "2631", "fro": "2624", "fullId": "http://purl.bioontology.org/ontology/MSH/D014859", "preferredName": "Warfarin"}, {"semTypes": ["T999"], "to": "3500", "fro": "3490", "fullId": "http://purl.bioontology.org/ontology/MSH/C451734", "preferredName": "etravirine"}, {"semTypes": ["T121", "T109"], "to": "6931", "fro": "6923", "fullId": "http://purl.bioontology.org/ontology/RXNORM/8134", "preferredName": "Phenobarbital"}, {"semTypes": ["T999"], "to": "3867", "fro": "3859", "fullId": "http://purl.bioontology.org/ontology/MSH/D010672", "preferredName": "Phenytoin"}, {"semTypes": ["T999"], "to": "4044", "fro": "4026", "fullId": "http://purl.bioontology.org/ontology/RXNORM/6142", "preferredName": "Ketoprofen"}, {"semTypes": ["T999"], "to": "3513", "fro": "3503", "fullId": "http://purl.bioontology.org/ontology/MSH/C451734", "preferredName": "etravirine"}, {"semTypes": ["T999"], "to": "4057", "fro": "4047", "fullId": "http://purl.bioontology.org/ontology/RXNORM/10594", "preferredName": "Ticlopidine"}, {"semTypes": ["T999"], "to": "4098", "fro": "4086", "fullId": "http://purl.bioontology.org/ontology/MSH/D011899", "preferredName": "Ranitidine"}, {"semTypes": ["T121", "T109"], "to": "7214", "fro": "7201", "fullId": "http://purl.bioontology.org/ontology/MSH/D000212", "preferredName": "Acyclovir"}, {"semTypes": ["T999"], "to": "4473", "fro": "4464", "fullId": "http://purl.bioontology.org/ontology/RXNORM/40575", "preferredName": "zileuton"}, {"semTypes": ["T999"], "to": "5013", "fro": "5001", "fullId": "http://purl.bioontology.org/ontology/RXNORM/42355", "preferredName": "Fluvoxamine"}, {"semTypes": ["T999"], "to": "3694", "fro": "3682", "fullId": "http://purl.bioontology.org/ontology/MSH/D019438", "preferredName": "Ritonavir"}, {"semTypes": ["T123", "T121", "T109"], "to": "3977", "fro": "3967", "fullId": "http://purl.bioontology.org/ontology/MSH/C451734", "preferredName": "etravirine"}, {"semTypes": ["T999"], "to": "3475", "fro": "3463", "fullId": "http://purl.bioontology.org/ontology/MSH/D010074", "preferredName": "Oxandrolone"}, {"semTypes": ["T999"], "to": "6642", "fro": "6636", "fullId": "http://purl.bioontology.org/ontology/RXNORM/6922", "preferredName": "Metronidazole"}, {"semTypes": ["T121", "T109"], "to": "4083", "fro": "4073", "fullId": "http://purl.bioontology.org/ontology/MSH/C048833", "preferredName": "modafinil"}, {"semTypes": ["T125", "T121", "T110"], "to": "3566", "fro": "3556", "fullId": "http://purl.bioontology.org/ontology/MSH/D002220", "preferredName": "Carbamazepine"}, {"semTypes": ["T121", "T109"], "to": "3609", "fro": "3598", "fullId": "http://purl.bioontology.org/ontology/RXNORM/202421", "preferredName": "Coumadin"}, {"semTypes": ["T109", "T121"], "to": "3694", "fro": "3682", "fullId": "http://purl.bioontology.org/ontology/RXNORM/202421", "preferredName": "Coumadin"}, {"semTypes": ["T999"], "to": "7198", "fro": "7189", "fullId": "http://purl.bioontology.org/ontology/MSH/C086232", "preferredName": "bosentan"}, {"semTypes": ["T999"], "to": "5095", "fro": "5086", "fullId": "http://purl.bioontology.org/ontology/MSH/D005473", "preferredName": "Fluoxetine"}, {"semTypes": ["T109", "T121"], "to": "3989", "fro": "3980", "fullId": "http://purl.bioontology.org/ontology/RXNORM/4450", "preferredName": "Fluconazole"}, {"semTypes": ["T999"], "to": "3964", "fro": "3954", "fullId": "http://purl.bioontology.org/ontology/RXNORM/11289", "preferredName": "Warfarin"}, {"semTypes": ["T109", "T121"], "to": "3929", "fro": "3920", "fullId": "http://purl.bioontology.org/ontology/RXNORM/40575", "preferredName": "zileuton"}, {"semTypes": ["T121", "T114"], "to": "3867", "fro": "3859", "fullId": "http://purl.bioontology.org/ontology/RXNORM/475969", "preferredName": "etravirine"}, {"semTypes": ["T121", "T109"], "to": "3917", "fro": "3905", "fullId": "http://purl.bioontology.org/ontology/RXNORM/358255", "preferredName": "aprepitant"}, {"semTypes": ["T999"], "to": "3951", "fro": "3942", "fullId": "http://purl.bioontology.org/ontology/RXNORM/228656", "preferredName": "Amprenavir"}, {"semTypes": ["T999"], "to": "4447", "fro": "4438", "fullId": "http://purl.bioontology.org/ontology/RXNORM/11289", "preferredName": "Warfarin"}, {"semTypes": ["T999"], "to": "4554", "fro": "4545", "fullId": "http://purl.bioontology.org/ontology/RXNORM/3521", "preferredName": "Dipyridamole"}, {"semTypes": ["T131", "T121", "T109"], "to": "5526", "fro": "5519", "fullId": "http://purl.bioontology.org/ontology/MSH/D014859", "preferredName": "Warfarin"}, {"semTypes": ["T109", "T121"], "to": "5036", "fro": "5027", "fullId": "http://purl.bioontology.org/ontology/RXNORM/202421", "preferredName": "Coumadin"}, {"semTypes": ["T999"], "to": "4865", "fro": "4856", "fullId": "http://purl.bioontology.org/ontology/RXNORM/7258", "preferredName": "Naproxen"}, {"semTypes": ["T195", "T109"], "to": "3595", "fro": "3585", "fullId": "http://purl.bioontology.org/ontology/MSH/C494040", "preferredName": "vilazodone"}, {"semTypes": ["T999"], "to": "5047", "fro": "5039", "fullId": "http://purl.bioontology.org/ontology/RXNORM/703", "preferredName": "Amiodarone"}, {"semTypes": ["T999"], "to": "4772", "fro": "4763", "fullId": "http://purl.bioontology.org/ontology/RXNORM/2551", "preferredName": "Ciprofloxacin"}, {"semTypes": ["T999"], "to": "6920", "fro": "6911", "fullId": "http://purl.bioontology.org/ontology/RXNORM/475969", "preferredName": "etravirine"}, {"semTypes": ["T121", "T109"], "to": "4447", "fro": "4438", "fullId": "http://purl.bioontology.org/ontology/RXNORM/11289", "preferredName": "Warfarin"}, {"semTypes": ["T109", "T121"], "to": "4699", "fro": "4691", "fullId": "http://purl.bioontology.org/ontology/MSH/D010634", "preferredName": "Phenobarbital"}, {"semTypes": ["T109", "T121"], "to": "4204", "fro": "4195", "fullId": "http://purl.bioontology.org/ontology/RXNORM/2551", "preferredName": "Ciprofloxacin"}, {"semTypes": ["T999"], "to": "7252", "fro": "7243", "fullId": "http://purl.bioontology.org/ontology/MSH/C114556", "preferredName": "aprepitant"}, {"semTypes": ["T999"], "to": "3446", "fro": "3437", "fullId": "http://purl.bioontology.org/ontology/MSH/D019438", "preferredName": "Ritonavir"}, {"semTypes": ["T121", "T109"], "to": "4070", "fro": "4060", "fullId": "http://purl.bioontology.org/ontology/MSH/D002939", "preferredName": "Ciprofloxacin"}, {"semTypes": ["T999"], "to": "7005", "fro": "6997", "fullId": "http://purl.bioontology.org/ontology/MSH/D002939", "preferredName": "Ciprofloxacin"}, {"semTypes": ["T121", "T109"], "to": "4727", "fro": "4716", "fullId": "http://purl.bioontology.org/ontology/RXNORM/10205", "preferredName": "Sulfinpyrazone"}, {"semTypes": ["T999"], "to": "3553", "fro": "3544", "fullId": "http://purl.bioontology.org/ontology/RXNORM/4493", "preferredName": "Fluoxetine"}, {"semTypes": ["T999"], "to": "4906", "fro": "4895", "fullId": "http://purl.bioontology.org/ontology/RXNORM/202421", "preferredName": "Coumadin"}, {"semTypes": ["T999"], "to": "1795", "fro": "1788", "fullId": "http://purl.bioontology.org/ontology/MSH/D014859", "preferredName": "Warfarin"}, {"semTypes": ["T109", "T121"], "to": "4219", "fro": "4207", "fullId": "http://purl.bioontology.org/ontology/MSH/C114556", "preferredName": "aprepitant"}, {"semTypes": ["T121", "T109"], "to": "7016", "fro": "7008", "fullId": "http://purl.bioontology.org/ontology/RXNORM/21107", "preferredName": "cilostazol"}, {"semTypes": ["T121", "T109"], "to": "5117", "fro": "5108", "fullId": "http://purl.bioontology.org/ontology/RXNORM/2541", "preferredName": "Cimetidine"}, {"semTypes": ["T109", "T121"], "to": "4098", "fro": "4086", "fullId": "http://purl.bioontology.org/ontology/RXNORM/8134", "preferredName": "Phenobarbital"}, {"semTypes": ["T999"], "to": "3566", "fro": "3556", "fullId": "http://purl.bioontology.org/ontology/MSH/D002927", "preferredName": "Cimetidine"}, {"semTypes": ["T999"], "to": "6884", "fro": "6876", "fullId": "http://purl.bioontology.org/ontology/RXNORM/3521", "preferredName": "Dipyridamole"}, {"semTypes": ["T999"], "to": "6667", "fro": "6657", "fullId": "http://purl.bioontology.org/ontology/RXNORM/8183", "preferredName": "Phenytoin"}, {"semTypes": ["T109", "T121"], "to": "7026", "fro": "7019", "fullId": "http://purl.bioontology.org/ontology/RXNORM/75207", "preferredName": "bosentan"}, {"semTypes": ["T999"], "to": "4738", "fro": "4730", "fullId": "http://purl.bioontology.org/ontology/RXNORM/475969", "preferredName": "etravirine"}, {"semTypes": ["T999"], "to": "3460", "fro": "3449", "fullId": "http://purl.bioontology.org/ontology/RXNORM/7258", "preferredName": "Naproxen"}, {"semTypes": ["T999"], "to": "5105", "fro": "5098", "fullId": "http://purl.bioontology.org/ontology/RXNORM/358255", "preferredName": "aprepitant"}, {"semTypes": ["T114", "T121"], "to": "3460", "fro": "3449", "fullId": "http://purl.bioontology.org/ontology/MSH/D012293", "preferredName": "Rifampin"}, {"semTypes": ["T999"], "to": "6994", "fro": "6987", "fullId": "http://purl.bioontology.org/ontology/MSH/D002927", "preferredName": "Cimetidine"}, {"semTypes": ["T109", "T121"], "to": "4677", "fro": "4670", "fullId": "http://purl.bioontology.org/ontology/MSH/D005473", "preferredName": "Fluoxetine"}, {"semTypes": ["T121", "T109"], "to": "6984", "fro": "6971", "fullId": "http://purl.bioontology.org/ontology/MSH/C063449", "preferredName": "zileuton"}, {"semTypes": ["T109", "T121"], "to": "8672", "fro": "8665", "fullId": "http://purl.bioontology.org/ontology/MSH/D014859", "preferredName": "Warfarin"}, {"semTypes": ["T121", "T109"], "to": "3951", "fro": "3942", "fullId": "http://purl.bioontology.org/ontology/MSH/D007052", "preferredName": "Ibuprofen"}, {"semTypes": ["T127", "T121", "T119"], "to": "346", "fro": "338", "fullId": "http://purl.bioontology.org/ontology/MSH/D009288", "preferredName": "Naproxen"}, {"semTypes": ["T999"], "to": "6463", "fro": "6455", "fullId": "http://purl.bioontology.org/ontology/RXNORM/21107", "preferredName": "cilostazol"}, {"semTypes": ["T121", "T109"], "to": "4998", "fro": "4991", "fullId": "http://purl.bioontology.org/ontology/RXNORM/42355", "preferredName": "Fluvoxamine"}, {"semTypes": ["T109", "T121"], "to": "4122", "fro": "4114", "fullId": "http://purl.bioontology.org/ontology/RXNORM/703", "preferredName": "Amiodarone"}, {"semTypes": ["T121", "T116"], "to": "6483", "fro": "6475", "fullId": "http://purl.bioontology.org/ontology/MSH/C045645", "preferredName": "cilostazol"}, {"semTypes": ["T999"], "to": "3929", "fro": "3920", "fullId": "http://purl.bioontology.org/ontology/RXNORM/10594", "preferredName": "Ticlopidine"}, {"semTypes": ["T109", "T121"], "to": "7005", "fro": "6997", "fullId": "http://purl.bioontology.org/ontology/MSH/D005473", "preferredName": "Fluoxetine"}, {"semTypes": ["T999"], "to": "6896", "fro": "6887", "fullId": "http://purl.bioontology.org/ontology/MSH/C095108", "preferredName": "amprenavir"}, {"semTypes": ["T999"], "to": "6692", "fro": "6684", "fullId": "http://purl.bioontology.org/ontology/RXNORM/121243", "preferredName": "voriconazole"}, {"semTypes": ["T999"], "to": "4461", "fro": "4450", "fullId": "http://purl.bioontology.org/ontology/RXNORM/121243", "preferredName": "voriconazole"}, {"semTypes": ["T999"], "to": "3890", "fro": "3883", "fullId": "http://purl.bioontology.org/ontology/RXNORM/4493", "preferredName": "Fluoxetine"}, {"semTypes": ["T121", "T109"], "to": "4487", "fro": "4476", "fullId": "http://purl.bioontology.org/ontology/MSH/C045645", "preferredName": "cilostazol"}, {"semTypes": ["T121", "T109"], "to": "4461", "fro": "4450", "fullId": "http://purl.bioontology.org/ontology/RXNORM/8134", "preferredName": "Phenobarbital"}, {"semTypes": ["T999"], "to": "5069", "fro": "5061", "fullId": "http://purl.bioontology.org/ontology/MSH/D019438", "preferredName": "Ritonavir"}, {"semTypes": ["T109", "T121"], "to": "4132", "fro": "4125", "fullId": "http://purl.bioontology.org/ontology/MSH/C114556", "preferredName": "aprepitant"}, {"semTypes": ["T109", "T121"], "to": "3541", "fro": "3529", "fullId": "http://purl.bioontology.org/ontology/RXNORM/2002", "preferredName": "Carbamazepine"}, {"semTypes": ["T121", "T109"], "to": "6692", "fro": "6684", "fullId": "http://purl.bioontology.org/ontology/MSH/D012293", "preferredName": "Rifampin"}, {"semTypes": ["T121", "T109"], "to": "7252", "fro": "7243", "fullId": "http://purl.bioontology.org/ontology/RXNORM/202421", "preferredName": "Coumadin"}, {"semTypes": ["T121", "T109"], "to": "3526", "fro": "3516", "fullId": "http://purl.bioontology.org/ontology/RXNORM/11289", "preferredName": "Warfarin"}, {"semTypes": ["T109", "T121"], "to": "4499", "fro": "4490", "fullId": "http://purl.bioontology.org/ontology/MSH/C114556", "preferredName": "aprepitant"}, {"semTypes": ["T999"], "to": "3989", "fro": "3980", "fullId": "http://purl.bioontology.org/ontology/MSH/D004221", "preferredName": "Disulfiram"}, {"semTypes": ["T999"], "to": "3582", "fro": "3569", "fullId": "http://purl.bioontology.org/ontology/MSH/C065179", "preferredName": "atorvastatin"}, {"semTypes": ["T109", "T121"], "to": "4916", "fro": "4909", "fullId": "http://purl.bioontology.org/ontology/RXNORM/42355", "preferredName": "Fluvoxamine"}, {"semTypes": ["T121", "T109"], "to": "7302", "fro": "7293", "fullId": "http://purl.bioontology.org/ontology/RXNORM/228656", "preferredName": "Amprenavir"}, {"semTypes": ["T109", "T121"], "to": "7327", "fro": "7318", "fullId": "http://purl.bioontology.org/ontology/RXNORM/588250", "preferredName": "milnacipran"}, {"semTypes": ["T999"], "to": "7278", "fro": "7268", "fullId": "http://purl.bioontology.org/ontology/MSH/C102790", "preferredName": "voriconazole"}, {"semTypes": ["T999"], "to": "5117", "fro": "5108", "fullId": "http://purl.bioontology.org/ontology/RXNORM/2541", "preferredName": "Cimetidine"}, {"semTypes": ["T109", "T121"], "to": "4760", "fro": "4751", "fullId": "http://purl.bioontology.org/ontology/MSH/D013988", "preferredName": "Ticlopidine"}, {"semTypes": ["T999"], "to": "4487", "fro": "4476", "fullId": "http://purl.bioontology.org/ontology/MSH/C102790", "preferredName": "voriconazole"}, {"semTypes": ["T109", "T121"], "to": "6654", "fro": "6645", "fullId": "http://purl.bioontology.org/ontology/RXNORM/85762", "preferredName": "Ritonavir"}, {"semTypes": ["T109", "T121"], "to": "3513", "fro": "3503", "fullId": "http://purl.bioontology.org/ontology/MSH/C095108", "preferredName": "amprenavir"}, {"semTypes": ["T999"], "to": "4818", "fro": "4807", "fullId": "http://purl.bioontology.org/ontology/MSH/C045645", "preferredName": "cilostazol"}, {"semTypes": ["T109", "T121"], "to": "8738", "fro": "8731", "fullId": "http://purl.bioontology.org/ontology/MSH/D014859", "preferredName": "Warfarin"}, {"semTypes": ["T109", "T121"], "to": "3553", "fro": "3544", "fullId": "http://purl.bioontology.org/ontology/RXNORM/2002", "preferredName": "Carbamazepine"}, {"semTypes": ["T999"], "to": "4204", "fro": "4195", "fullId": "http://purl.bioontology.org/ontology/RXNORM/6142", "preferredName": "Ketoprofen"}, {"semTypes": ["T999"], "to": "8491", "fro": "8486", "fullId": "http://purl.bioontology.org/ontology/MSH/D010672", "preferredName": "Phenytoin"}, {"semTypes": ["T121", "T109"], "to": "4230", "fro": "4222", "fullId": "http://purl.bioontology.org/ontology/MSH/D016666", "preferredName": "Fluvoxamine"}, {"semTypes": ["T121", "T109"], "to": "4422", "fro": "4413", "fullId": "http://purl.bioontology.org/ontology/MSH/D000638", "preferredName": "Amiodarone"}, {"semTypes": ["T999"], "to": "4713", "fro": "4702", "fullId": "http://purl.bioontology.org/ontology/MSH/D010634", "preferredName": "Phenobarbital"}, {"semTypes": ["T116", "T121"], "to": "4568", "fro": "4557", "fullId": "http://purl.bioontology.org/ontology/RXNORM/4493", "preferredName": "Fluoxetine"}, {"semTypes": ["T109", "T121"], "to": "3890", "fro": "3883", "fullId": "http://purl.bioontology.org/ontology/MSH/D010672", "preferredName": "Phenytoin"}, {"semTypes": ["T109", "T121"], "to": "6968", "fro": "6960", "fullId": "http://purl.bioontology.org/ontology/MSH/D015725", "preferredName": "Fluconazole"}, {"semTypes": ["T121", "T109"], "to": "6945", "fro": "6934", "fullId": "http://purl.bioontology.org/ontology/MSH/D015725", "preferredName": "Fluconazole"}, {"semTypes": ["T999"], "to": "6472", "fro": "6466", "fullId": "http://purl.bioontology.org/ontology/MSH/D000638", "preferredName": "Amiodarone"}, {"semTypes": ["T999"], "to": "7302", "fro": "7293", "fullId": "http://purl.bioontology.org/ontology/MSH/D002220", "preferredName": "Carbamazepine"}, {"semTypes": ["T109", "T121"], "to": "4976", "fro": "4967", "fullId": "http://purl.bioontology.org/ontology/RXNORM/85762", "preferredName": "Ritonavir"}, {"semTypes": ["T109", "T121"], "to": "4002", "fro": "3992", "fullId": "http://purl.bioontology.org/ontology/MSH/D002220", "preferredName": "Carbamazepine"}, {"semTypes": ["T999"], "to": "7570", "fro": "7563", "fullId": "http://purl.bioontology.org/ontology/MSH/D014859", "preferredName": "Warfarin"}, {"semTypes": ["T121", "T109"], "to": "4906", "fro": "4895", "fullId": "http://purl.bioontology.org/ontology/RXNORM/202421", "preferredName": "Coumadin"}, {"semTypes": ["T999"], "to": "4579", "fro": "4571", "fullId": "http://purl.bioontology.org/ontology/RXNORM/21107", "preferredName": "cilostazol"}, {"semTypes": ["T121", "T109"], "to": "6667", "fro": "6657", "fullId": "http://purl.bioontology.org/ontology/MSH/D013988", "preferredName": "Ticlopidine"}, {"semTypes": ["T999"], "to": "4880", "fro": "4868", "fullId": "http://purl.bioontology.org/ontology/RXNORM/36437", "preferredName": "Sertraline"}, {"semTypes": ["T121", "T109"], "to": "4398", "fro": "4389", "fullId": "http://purl.bioontology.org/ontology/MSH/D002220", "preferredName": "Carbamazepine"}, {"semTypes": ["T999"], "to": "4783", "fro": "4775", "fullId": "http://purl.bioontology.org/ontology/MSH/D010074", "preferredName": "Oxandrolone"}, {"semTypes": ["T109", "T121"], "to": "3902", "fro": "3893", "fullId": "http://purl.bioontology.org/ontology/MSH/D016666", "preferredName": "Fluvoxamine"}, {"semTypes": ["T999"], "to": "4892", "fro": "4883", "fullId": "http://purl.bioontology.org/ontology/MSH/C041359", "preferredName": "terbinafine"}, {"semTypes": ["T121", "T116"], "to": "6463", "fro": "6455", "fullId": "http://purl.bioontology.org/ontology/RXNORM/75207", "preferredName": "bosentan"}, {"semTypes": ["T999"], "to": "4526", "fro": "4514", "fullId": "http://purl.bioontology.org/ontology/MSH/C451734", "preferredName": "etravirine"}, {"semTypes": ["T999"], "to": "6439", "fro": "6430", "fullId": "http://purl.bioontology.org/ontology/MSH/C058218", "preferredName": "duloxetine"}, {"semTypes": ["T109", "T121"], "to": "7290", "fro": "7281", "fullId": "http://purl.bioontology.org/ontology/MSH/D012293", "preferredName": "Rifampin"}, {"semTypes": ["T999"], "to": "4727", "fro": "4716", "fullId": "http://purl.bioontology.org/ontology/RXNORM/4450", "preferredName": "Fluconazole"}, {"semTypes": ["T999"], "to": "4699", "fro": "4691", "fullId": "http://purl.bioontology.org/ontology/RXNORM/75207", "preferredName": "bosentan"}, {"semTypes": ["T999"], "to": "4219", "fro": "4207", "fullId": "http://purl.bioontology.org/ontology/MSH/D019438", "preferredName": "Ritonavir"}, {"semTypes": ["T109", "T121"], "to": "240", "fro": "233", "fullId": "http://purl.bioontology.org/ontology/MSH/D014859", "preferredName": "Warfarin"}, {"semTypes": ["T109", "T121"], "to": "7240", "fro": "7229", "fullId": "http://purl.bioontology.org/ontology/RXNORM/9384", "preferredName": "Rifampin"}, {"semTypes": ["T109", "T121"], "to": "7278", "fro": "7268", "fullId": "http://purl.bioontology.org/ontology/RXNORM/121243", "preferredName": "voriconazole"}, {"semTypes": ["T999"], "to": "3977", "fro": "3967", "fullId": "http://purl.bioontology.org/ontology/MSH/D016572", "preferredName": "Cyclosporine"}, {"semTypes": ["T121", "T109"], "to": "4652", "fro": "4642", "fullId": "http://purl.bioontology.org/ontology/RXNORM/11289", "preferredName": "Warfarin"}, {"semTypes": ["T109", "T195"], "to": "4614", "fro": "4603", "fullId": "http://purl.bioontology.org/ontology/RXNORM/8787", "preferredName": "Propranolol"}, {"semTypes": ["T121", "T109"], "to": "7226", "fro": "7217", "fullId": "http://purl.bioontology.org/ontology/RXNORM/9384", "preferredName": "Rifampin"}, {"semTypes": ["T999"], "to": "4398", "fro": "4389", "fullId": "http://purl.bioontology.org/ontology/RXNORM/8134", "preferredName": "Phenobarbital"}, {"semTypes": ["T999"], "to": "7026", "fro": "7019", "fullId": "http://purl.bioontology.org/ontology/MSH/C086232", "preferredName": "bosentan"}, {"semTypes": ["T999"], "to": "3719", "fro": "3712", "fullId": "http://purl.bioontology.org/ontology/RXNORM/42355", "preferredName": "Fluvoxamine"}, {"semTypes": ["T121", "T116"], "to": "6427", "fro": "6418", "fullId": "http://purl.bioontology.org/ontology/MSH/C095108", "preferredName": "amprenavir"}, {"semTypes": ["T116", "T121"], "to": "6452", "fro": "6442", "fullId": "http://purl.bioontology.org/ontology/MSH/C065179", "preferredName": "atorvastatin"}, {"semTypes": ["T999"], "to": "8840", "fro": "8833", "fullId": "http://purl.bioontology.org/ontology/MSH/D014859", "preferredName": "Warfarin"}, {"semTypes": ["T109", "T121"], "to": "4818", "fro": "4807", "fullId": "http://purl.bioontology.org/ontology/MSH/D007052", "preferredName": "Ibuprofen"}, {"semTypes": ["T999"], "to": "1629", "fro": "1622", "fullId": "http://purl.bioontology.org/ontology/MSH/D014859", "preferredName": "Warfarin"}, {"semTypes": ["T121", "T109"], "to": "3669", "fro": "3660", "fullId": "http://purl.bioontology.org/ontology/RXNORM/11289", "preferredName": "Warfarin"}, {"semTypes": ["T121", "T109"], "to": "7198", "fro": "7189", "fullId": "http://purl.bioontology.org/ontology/MSH/D016572", "preferredName": "Cyclosporine"}, {"semTypes": ["T999"], "to": "8015", "fro": "8008", "fullId": "http://purl.bioontology.org/ontology/MSH/D014859", "preferredName": "Warfarin"}, {"semTypes": ["T999"], "to": "1315", "fro": "1308", "fullId": "http://purl.bioontology.org/ontology/MSH/D014859", "preferredName": "Warfarin"}, {"semTypes": ["T999"], "to": "1137", "fro": "1130", "fullId": "http://purl.bioontology.org/ontology/MSH/D014859", "preferredName": "Warfarin"}, {"semTypes": ["T999"], "to": "4639", "fro": "4630", "fullId": "http://purl.bioontology.org/ontology/RXNORM/85762", "preferredName": "Ritonavir"}, {"semTypes": ["T999"], "to": "3526", "fro": "3516", "fullId": "http://purl.bioontology.org/ontology/RXNORM/11289", "preferredName": "Warfarin"}, {"semTypes": ["T999"], "to": "122", "fro": "115", "fullId": "http://purl.bioontology.org/ontology/MSH/D014859", "preferredName": "Warfarin"}, {"semTypes": ["T121", "T109"], "to": "6681", "fro": "6670", "fullId": "http://purl.bioontology.org/ontology/MSH/C063449", "preferredName": "zileuton"}, {"semTypes": ["T999"], "to": "1834", "fro": "1827", "fullId": "http://purl.bioontology.org/ontology/MSH/D014859", "preferredName": "Warfarin"}, {"semTypes": ["T121", "T109"], "to": "5024", "fro": "5016", "fullId": "http://purl.bioontology.org/ontology/MSH/D011899", "preferredName": "Ranitidine"}, {"semTypes": ["T999"], "to": "1387", "fro": "1380", "fullId": "http://purl.bioontology.org/ontology/MSH/D014859", "preferredName": "Warfarin"}, {"semTypes": ["T999"], "to": "3487", "fro": "3478", "fullId": "http://purl.bioontology.org/ontology/MSH/D016666", "preferredName": "Fluvoxamine"}, {"semTypes": ["T999"], "to": "7016", "fro": "7008", "fullId": "http://purl.bioontology.org/ontology/RXNORM/6926", "preferredName": "Mexiletine"}, {"semTypes": ["T999"], "to": "2631", "fro": "2624", "fullId": "http://purl.bioontology.org/ontology/MSH/D014859", "preferredName": "Warfarin"}, {"semTypes": ["T121", "T109"], "to": "4554", "fro": "4545", "fullId": "http://purl.bioontology.org/ontology/MSH/C097613", "preferredName": "imatinib"}, {"semTypes": ["T999"], "to": "4916", "fro": "4909", "fullId": "http://purl.bioontology.org/ontology/RXNORM/202421", "preferredName": "Coumadin"}, {"semTypes": ["T999"], "to": "5083", "fro": "5072", "fullId": "http://purl.bioontology.org/ontology/RXNORM/228656", "preferredName": "Amprenavir"}, {"semTypes": ["T121", "T109"], "to": "4865", "fro": "4856", "fullId": "http://purl.bioontology.org/ontology/MSH/C048833", "preferredName": "modafinil"}, {"semTypes": ["T999"], "to": "4988", "fro": "4979", "fullId": "http://purl.bioontology.org/ontology/RXNORM/11289", "preferredName": "Warfarin"}, {"semTypes": ["T999"], "to": "240", "fro": "233", "fullId": "http://purl.bioontology.org/ontology/MSH/D014859", "preferredName": "Warfarin"}, {"semTypes": ["T109", "T121"], "to": "4511", "fro": "4502", "fullId": "http://purl.bioontology.org/ontology/RXNORM/11289", "preferredName": "Warfarin"}, {"semTypes": ["T999"], "to": "4853", "fro": "4845", "fullId": "http://purl.bioontology.org/ontology/RXNORM/11289", "preferredName": "Warfarin"}, {"semTypes": ["T109", "T195"], "to": "4880", "fro": "4868", "fullId": "http://purl.bioontology.org/ontology/RXNORM/69036", "preferredName": "rufinamide"}, {"semTypes": ["T999"], "to": "7327", "fro": "7318", "fullId": "http://purl.bioontology.org/ontology/MSH/D010672", "preferredName": "Phenytoin"}, {"semTypes": ["T999"], "to": "5024", "fro": "5016", "fullId": "http://purl.bioontology.org/ontology/MSH/D000212", "preferredName": "Acyclovir"}, {"semTypes": ["T131", "T121", "T109"], "to": "1387", "fro": "1380", "fullId": "http://purl.bioontology.org/ontology/MSH/D014859", "preferredName": "Warfarin"}, {"semTypes": ["T121", "T109"], "to": "4579", "fro": "4571", "fullId": "http://purl.bioontology.org/ontology/RXNORM/10594", "preferredName": "Ticlopidine"}, {"semTypes": ["T121", "T109"], "to": "4842", "fro": "4833", "fullId": "http://purl.bioontology.org/ontology/RXNORM/8787", "preferredName": "Propranolol"}, {"semTypes": ["T131", "T121", "T109"], "to": "7570", "fro": "7563", "fullId": "http://purl.bioontology.org/ontology/MSH/D014859", "preferredName": "Warfarin"}, {"semTypes": ["T195", "T109"], "to": "3719", "fro": "3712", "fullId": "http://purl.bioontology.org/ontology/RXNORM/42355", "preferredName": "Fluvoxamine"}, {"semTypes": ["T121", "T109"], "to": "3679", "fro": "3672", "fullId": "http://purl.bioontology.org/ontology/MSH/C114556", "preferredName": "aprepitant"}, {"semTypes": ["T131", "T121", "T109"], "to": "7726", "fro": "7719", "fullId": "http://purl.bioontology.org/ontology/MSH/D014859", "preferredName": "Warfarin"}, {"semTypes": ["T999"], "to": "3541", "fro": "3529", "fullId": "http://purl.bioontology.org/ontology/RXNORM/6922", "preferredName": "Metronidazole"}, {"semTypes": ["T131", "T121", "T109"], "to": "5462", "fro": "5455", "fullId": "http://purl.bioontology.org/ontology/MSH/D014859", "preferredName": "Warfarin"}, {"semTypes": ["T121", "T109"], "to": "4988", "fro": "4979", "fullId": "http://purl.bioontology.org/ontology/RXNORM/11289", "preferredName": "Warfarin"}, {"semTypes": ["T131", "T121", "T109"], "to": "1629", "fro": "1622", "fullId": "http://purl.bioontology.org/ontology/MSH/D014859", "preferredName": "Warfarin"}, {"semTypes": ["T109", "T121"], "to": "5013", "fro": "5001", "fullId": "http://purl.bioontology.org/ontology/MSH/D016666", "preferredName": "Fluvoxamine"}, {"semTypes": ["T121", "T109"], "to": "7315", "fro": "7305", "fullId": "http://purl.bioontology.org/ontology/MSH/D005279", "preferredName": "Fenoprofen"}, {"semTypes": ["T121", "T109"], "to": "3964", "fro": "3954", "fullId": "http://purl.bioontology.org/ontology/RXNORM/11289", "preferredName": "Warfarin"}, {"semTypes": ["T109", "T121"], "to": "4853", "fro": "4845", "fullId": "http://purl.bioontology.org/ontology/RXNORM/11289", "preferredName": "Warfarin"}, {"semTypes": ["T999"], "to": "4964", "fro": "4954", "fullId": "http://purl.bioontology.org/ontology/MSH/C086232", "preferredName": "bosentan"}, {"semTypes": ["T999"], "to": "3880", "fro": "3870", "fullId": "http://purl.bioontology.org/ontology/RXNORM/228656", "preferredName": "Amprenavir"}, {"semTypes": ["T131", "T121", "T109"], "to": "1668", "fro": "1661", "fullId": "http://purl.bioontology.org/ontology/MSH/D014859", "preferredName": "Warfarin"}, {"semTypes": ["T109", "T121"], "to": "3939", "fro": "3932", "fullId": "http://purl.bioontology.org/ontology/MSH/C101425", "preferredName": "posaconazole"}, {"semTypes": ["T999"], "to": "6483", "fro": "6475", "fullId": "http://purl.bioontology.org/ontology/RXNORM/40575", "preferredName": "zileuton"}, {"semTypes": ["T131", "T121", "T109"], "to": "1795", "fro": "1788", "fullId": "http://purl.bioontology.org/ontology/MSH/D014859", "preferredName": "Warfarin"}, {"semTypes": ["T131", "T121", "T109"], "to": "1834", "fro": "1827", "fullId": "http://purl.bioontology.org/ontology/MSH/D014859", "preferredName": "Warfarin"}, {"semTypes": ["T999"], "to": "3609", "fro": "3598", "fullId": "http://purl.bioontology.org/ontology/MSH/D019438", "preferredName": "Ritonavir"}, {"semTypes": ["T999"], "to": "4542", "fro": "4529", "fullId": "http://purl.bioontology.org/ontology/MSH/C095108", "preferredName": "amprenavir"}, {"semTypes": ["T999"], "to": "4589", "fro": "4581", "fullId": "http://purl.bioontology.org/ontology/RXNORM/11289", "preferredName": "Warfarin"}, {"semTypes": ["T121", "T109"], "to": "4667", "fro": "4655", "fullId": "http://purl.bioontology.org/ontology/RXNORM/10205", "preferredName": "Sulfinpyrazone"}, {"semTypes": ["T999"], "to": "4070", "fro": "4060", "fullId": "http://purl.bioontology.org/ontology/MSH/C048833", "preferredName": "modafinil"}, {"semTypes": ["T109", "T121"], "to": "4180", "fro": "4170", "fullId": "http://purl.bioontology.org/ontology/MSH/D013467", "preferredName": "Sulindac"}, {"semTypes": ["T131", "T121", "T109"], "to": "7848", "fro": "7841", "fullId": "http://purl.bioontology.org/ontology/MSH/D014859", "preferredName": "Warfarin"}, {"semTypes": ["T121", "T109"], "to": "6705", "fro": "6695", "fullId": "http://purl.bioontology.org/ontology/RXNORM/202421", "preferredName": "Coumadin"}, {"semTypes": ["T109", "T121"], "to": "4748", "fro": "4740", "fullId": "http://purl.bioontology.org/ontology/RXNORM/11289", "preferredName": "Warfarin"}, {"semTypes": ["T121", "T109"], "to": "3880", "fro": "3870", "fullId": "http://purl.bioontology.org/ontology/MSH/D013988", "preferredName": "Ticlopidine"}, {"semTypes": ["T999"], "to": "7240", "fro": "7229", "fullId": "http://purl.bioontology.org/ontology/RXNORM/703", "preferredName": "Amiodarone"}, {"semTypes": ["T109", "T121"], "to": "508", "fro": "501", "fullId": "http://purl.bioontology.org/ontology/MSH/D014859", "preferredName": "Warfarin"}, {"semTypes": ["T999"], "to": "7226", "fro": "7217", "fullId": "http://purl.bioontology.org/ontology/RXNORM/475969", "preferredName": "etravirine"}, {"semTypes": ["T999"], "to": "5036", "fro": "5027", "fullId": "http://purl.bioontology.org/ontology/RXNORM/11289", "preferredName": "Warfarin"}, {"semTypes": ["T999"], "to": "7315", "fro": "7305", "fullId": "http://purl.bioontology.org/ontology/MSH/D010634", "preferredName": "Phenobarbital"}, {"semTypes": ["T109", "T121"], "to": "6642", "fro": "6636", "fullId": "http://purl.bioontology.org/ontology/MSH/C494040", "preferredName": "vilazodone"}, {"semTypes": ["T109", "T121"], "to": "3622", "fro": "3612", "fullId": "http://purl.bioontology.org/ontology/RXNORM/40575", "preferredName": "zileuton"}, {"semTypes": ["T999"], "to": "6654", "fro": "6645", "fullId": "http://purl.bioontology.org/ontology/MSH/C114556", "preferredName": "aprepitant"}, {"semTypes": ["T121", "T109"], "to": "4057", "fro": "4047", "fullId": "http://purl.bioontology.org/ontology/MSH/D015283", "preferredName": "Citalopram"}, {"semTypes": ["T999"], "to": "3679", "fro": "3672", "fullId": "http://purl.bioontology.org/ontology/RXNORM/11289", "preferredName": "Warfarin"}, {"semTypes": ["T999"], "to": "4083", "fro": "4073", "fullId": "http://purl.bioontology.org/ontology/MSH/D002927", "preferredName": "Cimetidine"}, {"semTypes": ["T109", "T121"], "to": "6920", "fro": "6911", "fullId": "http://purl.bioontology.org/ontology/MSH/C063449", "preferredName": "zileuton"}, {"semTypes": ["T999"], "to": "4111", "fro": "4101", "fullId": "http://purl.bioontology.org/ontology/MSH/D016666", "preferredName": "Fluvoxamine"}, {"semTypes": ["T999"], "to": "6957", "fro": "6948", "fullId": "http://purl.bioontology.org/ontology/RXNORM/69036", "preferredName": "rufinamide"}, {"semTypes": ["T999"], "to": "5462", "fro": "5455", "fullId": "http://purl.bioontology.org/ontology/MSH/D014859", "preferredName": "Warfarin"}, {"semTypes": ["T121", "T109"], "to": "3446", "fro": "3437", "fullId": "http://purl.bioontology.org/ontology/RXNORM/11289", "preferredName": "Warfarin"}, {"semTypes": ["T109", "T121"], "to": "4473", "fro": "4464", "fullId": "http://purl.bioontology.org/ontology/MSH/D005473", "preferredName": "Fluoxetine"}, {"semTypes": ["T195", "T109"], "to": "5105", "fro": "5098", "fullId": "http://purl.bioontology.org/ontology/RXNORM/42355", "preferredName": "Fluvoxamine"}, {"semTypes": ["T999"], "to": "4192", "fro": "4183", "fullId": "http://purl.bioontology.org/ontology/MSH/D010634", "preferredName": "Phenobarbital"}, {"semTypes": ["T999"], "to": "6931", "fro": "6923", "fullId": "http://purl.bioontology.org/ontology/RXNORM/2541", "preferredName": "Cimetidine"}, {"semTypes": ["T121", "T109"], "to": "5083", "fro": "5072", "fullId": "http://purl.bioontology.org/ontology/MSH/D012293", "preferredName": "Rifampin"}, {"semTypes": ["T109", "T195"], "to": "5058", "fro": "5050", "fullId": "http://purl.bioontology.org/ontology/MSH/D002927", "preferredName": "Cimetidine"}, {"semTypes": ["T109", "T121"], "to": "8015", "fro": "8008", "fullId": "http://purl.bioontology.org/ontology/MSH/D014859", "preferredName": "Warfarin"}, {"semTypes": ["T999"], "to": "6452", "fro": "6442", "fullId": "http://purl.bioontology.org/ontology/RXNORM/8183", "preferredName": "Phenytoin"}, {"semTypes": ["T121", "T110", "T125"], "to": "5095", "fro": "5086", "fullId": "http://purl.bioontology.org/ontology/RXNORM/2002", "preferredName": "Carbamazepine"}, {"semTypes": ["T109", "T121"], "to": "6994", "fro": "6987", "fullId": "http://purl.bioontology.org/ontology/RXNORM/4450", "preferredName": "Fluconazole"}, {"semTypes": ["T121", "T109"], "to": "4526", "fro": "4514", "fullId": "http://purl.bioontology.org/ontology/RXNORM/358255", "preferredName": "aprepitant"}, {"semTypes": ["T999"], "to": "4434", "fro": "4425", "fullId": "http://purl.bioontology.org/ontology/RXNORM/358255", "preferredName": "aprepitant"}, {"semTypes": ["T109", "T121"], "to": "8840", "fro": "8833", "fullId": "http://purl.bioontology.org/ontology/MSH/D014859", "preferredName": "Warfarin"}, {"semTypes": ["T999"], "to": "4677", "fro": "4670", "fullId": "http://purl.bioontology.org/ontology/RXNORM/2002", "preferredName": "Carbamazepine"}, {"semTypes": ["T999"], "to": "4688", "fro": "4680", "fullId": "http://purl.bioontology.org/ontology/RXNORM/5224", "preferredName": "Heparin"}, {"semTypes": ["T999"], "to": "508", "fro": "501", "fullId": "http://purl.bioontology.org/ontology/MSH/D014859", "preferredName": "Warfarin"}, {"semTypes": ["T109", "T121"], "to": "4434", "fro": "4425", "fullId": "http://purl.bioontology.org/ontology/RXNORM/202421", "preferredName": "Coumadin"}, {"semTypes": ["T109", "T121"], "to": "4772", "fro": "4763", "fullId": "http://purl.bioontology.org/ontology/MSH/D015283", "preferredName": "Citalopram"}, {"semTypes": ["T109", "T121"], "to": "8159", "fro": "8152", "fullId": "http://purl.bioontology.org/ontology/MSH/D014859", "preferredName": "Warfarin"}, {"semTypes": ["T121", "T109"], "to": "4111", "fro": "4101", "fullId": "http://purl.bioontology.org/ontology/RXNORM/42355", "preferredName": "Fluvoxamine"}, {"semTypes": ["T999"], "to": "6427", "fro": "6418", "fullId": "http://purl.bioontology.org/ontology/RXNORM/703", "preferredName": "Amiodarone"}, {"semTypes": ["T121", "T109"], "to": "6957", "fro": "6948", "fullId": "http://purl.bioontology.org/ontology/RXNORM/10594", "preferredName": "Ticlopidine"}, {"semTypes": ["T999"], "to": "5058", "fro": "5050", "fullId": "http://purl.bioontology.org/ontology/MSH/D015725", "preferredName": "Fluconazole"}, {"semTypes": ["T109", "T121"], "to": "1137", "fro": "1130", "fullId": "http://purl.bioontology.org/ontology/MSH/D014859", "preferredName": "Warfarin"}, {"semTypes": ["T109", "T121"], "to": "6896", "fro": "6887", "fullId": "http://purl.bioontology.org/ontology/RXNORM/121243", "preferredName": "voriconazole"}, {"semTypes": ["T999"], "to": "8785", "fro": "8779", "fullId": "http://purl.bioontology.org/ontology/MSH/D005279", "preferredName": "Fenoprofen"}, {"semTypes": ["T121", "T109"], "to": "4892", "fro": "4883", "fullId": "http://purl.bioontology.org/ontology/RXNORM/4493", "preferredName": "Fluoxetine"}, {"semTypes": ["T109", "T121"], "to": "4830", "fro": "4821", "fullId": "http://purl.bioontology.org/ontology/MSH/C102790", "preferredName": "voriconazole"}, {"semTypes": ["T999"], "to": "4511", "fro": "4502", "fullId": "http://purl.bioontology.org/ontology/RXNORM/202421", "preferredName": "Coumadin"}, {"semTypes": ["T999"], "to": "6705", "fro": "6695", "fullId": "http://purl.bioontology.org/ontology/RXNORM/85762", "preferredName": "Ritonavir"}, {"semTypes": ["T999"], "to": "4122", "fro": "4114", "fullId": "http://purl.bioontology.org/ontology/MSH/C101425", "preferredName": "posaconazole"}, {"semTypes": ["T999"], "to": "4760", "fro": "4751", "fullId": "http://purl.bioontology.org/ontology/MSH/D002939", "preferredName": "Ciprofloxacin"}, {"semTypes": ["T109", "T121"], "to": "3582", "fro": "3569", "fullId": "http://purl.bioontology.org/ontology/MSH/C045645", "preferredName": "cilostazol"}, {"semTypes": ["T131", "T121", "T109"], "to": "1315", "fro": "1308", "fullId": "http://purl.bioontology.org/ontology/MSH/D014859", "preferredName": "Warfarin"}, {"semTypes": ["T121", "T109"], "to": "7265", "fro": "7255", "fullId": "http://purl.bioontology.org/ontology/RXNORM/11289", "preferredName": "Warfarin"}, {"semTypes": ["T999"], "to": "7265", "fro": "7255", "fullId": "http://purl.bioontology.org/ontology/RXNORM/11289", "preferredName": "Warfarin"}, {"semTypes": ["T121", "T109"], "to": "4688", "fro": "4680", "fullId": "http://purl.bioontology.org/ontology/MSH/D004221", "preferredName": "Disulfiram"}, {"semTypes": ["T109", "T121"], "to": "3709", "fro": "3697", "fullId": "http://purl.bioontology.org/ontology/RXNORM/358255", "preferredName": "aprepitant"}, {"semTypes": ["T999"], "to": "3709", "fro": "3697", "fullId": "http://purl.bioontology.org/ontology/MSH/D016666", "preferredName": "Fluvoxamine"}, {"semTypes": ["T999"], "to": "4499", "fro": "4490", "fullId": "http://purl.bioontology.org/ontology/RXNORM/202421", "preferredName": "Coumadin"}, {"semTypes": ["T121", "T109"], "to": "4713", "fro": "4702", "fullId": "http://purl.bioontology.org/ontology/MSH/C102790", "preferredName": "voriconazole"}, {"semTypes": ["T999"], "to": "7848", "fro": "7841", "fullId": "http://purl.bioontology.org/ontology/MSH/D014859", "preferredName": "Warfarin"}, {"semTypes": ["T121", "T109"], "to": "4600", "fro": "4592", "fullId": "http://purl.bioontology.org/ontology/RXNORM/2541", "preferredName": "Cimetidine"}, {"semTypes": ["T999"], "to": "4998", "fro": "4991", "fullId": "http://purl.bioontology.org/ontology/RXNORM/202421", "preferredName": "Coumadin"}, {"semTypes": ["T109", "T121"], "to": "4964", "fro": "4954", "fullId": "http://purl.bioontology.org/ontology/MSH/D000638", "preferredName": "Amiodarone"}, {"semTypes": ["T121", "T109"], "to": "4410", "fro": "4401", "fullId": "http://purl.bioontology.org/ontology/RXNORM/85762", "preferredName": "Ritonavir"}, {"semTypes": ["T999"], "to": "4830", "fro": "4821", "fullId": "http://purl.bioontology.org/ontology/MSH/D002939", "preferredName": "Ciprofloxacin"}, {"semTypes": ["T999"], "to": "3917", "fro": "3905", "fullId": "http://purl.bioontology.org/ontology/RXNORM/202421", "preferredName": "Coumadin"}, {"semTypes": ["T999"], "to": "4652", "fro": "4642", "fullId": "http://purl.bioontology.org/ontology/RXNORM/11289", "preferredName": "Warfarin"}, {"semTypes": ["T195", "T109"], "to": "4542", "fro": "4529", "fullId": "http://purl.bioontology.org/ontology/MSH/D013988", "preferredName": "Ticlopidine"}, {"semTypes": ["T109", "T121"], "to": "3500", "fro": "3490", "fullId": "http://purl.bioontology.org/ontology/RXNORM/358255", "preferredName": "aprepitant"}, {"semTypes": ["T999"], "to": "5526", "fro": "5519", "fullId": "http://purl.bioontology.org/ontology/MSH/D014859", "preferredName": "Warfarin"}, {"semTypes": ["T121", "T109"], "to": "4639", "fro": "4630", "fullId": "http://purl.bioontology.org/ontology/MSH/D016666", "preferredName": "Fluvoxamine"}, {"semTypes": ["T999"], "to": "4422", "fro": "4413", "fullId": "http://purl.bioontology.org/ontology/MSH/D000638", "preferredName": "Amiodarone"}, {"semTypes": ["T999"], "to": "4132", "fro": "4125", "fullId": "http://purl.bioontology.org/ontology/RXNORM/202421", "preferredName": "Coumadin"}, {"semTypes": ["T999"], "to": "4600", "fro": "4592", "fullId": "http://purl.bioontology.org/ontology/RXNORM/588250", "preferredName": "milnacipran"}, {"semTypes": ["T999"], "to": "7290", "fro": "7281", "fullId": "http://purl.bioontology.org/ontology/MSH/C041359", "preferredName": "terbinafine"}, {"semTypes": ["T999"], "to": "4667", "fro": "4655", "fullId": "http://purl.bioontology.org/ontology/RXNORM/5224", "preferredName": "Heparin"}, {"semTypes": ["T999"], "to": "8738", "fro": "8731", "fullId": "http://purl.bioontology.org/ontology/MSH/D014859", "preferredName": "Warfarin"}, {"semTypes": ["T999"], "to": "4002", "fro": "3992", "fullId": "http://purl.bioontology.org/ontology/MSH/D015725", "preferredName": "Fluconazole"}, {"semTypes": ["T999"], "to": "4230", "fro": "4222", "fullId": "http://purl.bioontology.org/ontology/RXNORM/202421", "preferredName": "Coumadin"}, {"semTypes": ["T109", "T121"], "to": "5047", "fro": "5039", "fullId": "http://purl.bioontology.org/ontology/RXNORM/4450", "preferredName": "Fluconazole"}, {"semTypes": ["T999"], "to": "4410", "fro": "4401", "fullId": "http://purl.bioontology.org/ontology/MSH/D019438", "preferredName": "Ritonavir"}, {"semTypes": ["T999"], "to": "8159", "fro": "8152", "fullId": "http://purl.bioontology.org/ontology/MSH/D014859", "preferredName": "Warfarin"}, {"semTypes": ["T109", "T121"], "to": "4589", "fro": "4581", "fullId": "http://purl.bioontology.org/ontology/RXNORM/11289", "preferredName": "Warfarin"}, {"semTypes": ["T121", "T109"], "to": "4738", "fro": "4730", "fullId": "http://purl.bioontology.org/ontology/RXNORM/9384", "preferredName": "Rifampin"}, {"semTypes": ["T999"], "to": "3902", "fro": "3893", "fullId": "http://purl.bioontology.org/ontology/RXNORM/202421", "preferredName": "Coumadin"}, {"semTypes": ["T109", "T121"], "to": "4627", "fro": "4617", "fullId": "http://purl.bioontology.org/ontology/RXNORM/202421", "preferredName": "Coumadin"}, {"semTypes": ["T109", "T121"], "to": "6908", "fro": "6899", "fullId": "http://purl.bioontology.org/ontology/RXNORM/9384", "preferredName": "Rifampin"}, {"semTypes": ["T109", "T121"], "to": "4783", "fro": "4775", "fullId": "http://purl.bioontology.org/ontology/RXNORM/36437", "preferredName": "Sertraline"}, {"semTypes": ["T999"], "to": "7726", "fro": "7719", "fullId": "http://purl.bioontology.org/ontology/MSH/D014859", "preferredName": "Warfarin"}, {"semTypes": ["T999"], "to": "4627", "fro": "4617", "fullId": "http://purl.bioontology.org/ontology/RXNORM/42355", "preferredName": "Fluvoxamine"}, {"semTypes": ["T109", "T121"], "to": "3487", "fro": "3478", "fullId": "http://purl.bioontology.org/ontology/RXNORM/202421", "preferredName": "Coumadin"}, {"semTypes": ["T109", "T121"], "to": "6884", "fro": "6876", "fullId": "http://purl.bioontology.org/ontology/MSH/D015283", "preferredName": "Citalopram"}, {"semTypes": ["T999"], "to": "6945", "fro": "6934", "fullId": "http://purl.bioontology.org/ontology/MSH/D009288", "preferredName": "Naproxen"}, {"semTypes": ["T999"], "to": "1668", "fro": "1661", "fullId": "http://purl.bioontology.org/ontology/MSH/D014859", "preferredName": "Warfarin"}, {"semTypes": ["T999"], "to": "6908", "fro": "6899", "fullId": "http://purl.bioontology.org/ontology/MSH/D015738", "preferredName": "Famotidine"}, {"semTypes": ["T999"], "to": "6681", "fro": "6670", "fullId": "http://purl.bioontology.org/ontology/MSH/D015283", "preferredName": "Citalopram"}, {"semTypes": ["T999"], "to": "3669", "fro": "3660", "fullId": "http://purl.bioontology.org/ontology/RXNORM/11289", "preferredName": "Warfarin"}, {"semTypes": ["T999"], "to": "8672", "fro": "8665", "fullId": "http://purl.bioontology.org/ontology/MSH/D014859", "preferredName": "Warfarin"}]