[{"semTypes": ["T109", "T121"], "to": "8458", "fro": "8450", "fullId": "http://purl.bioontology.org/ontology/MSH/D015725", "preferredName": "Fluconazole"}, {"semTypes": ["T121", "T109"], "to": "5348", "fro": "5338", "fullId": "http://purl.bioontology.org/ontology/RXNORM/703", "preferredName": "Amiodarone"}, {"semTypes": ["T999"], "to": "5255", "fro": "5245", "fullId": "http://purl.bioontology.org/ontology/RXNORM/11289", "preferredName": "Warfarin"}, {"semTypes": ["T110", "T121", "T125"], "to": "4747", "fro": "4737", "fullId": "http://purl.bioontology.org/ontology/RXNORM/40575", "preferredName": "zileuton"}, {"semTypes": ["T109", "T121"], "to": "5193", "fro": "5184", "fullId": "http://purl.bioontology.org/ontology/MSH/D010672", "preferredName": "Phenytoin"}, {"semTypes": ["T999"], "to": "10816", "fro": "10811", "fullId": "http://purl.bioontology.org/ontology/MSH/D000638", "preferredName": "Amiodarone"}, {"semTypes": ["T125", "T121", "T110"], "to": "6499", "fro": "6490", "fullId": "http://purl.bioontology.org/ontology/RXNORM/9384", "preferredName": "Rifampin"}, {"semTypes": ["T121", "T131", "T109"], "to": "10478", "fro": "10464", "fullId": "http://purl.bioontology.org/ontology/RXNORM/36437", "preferredName": "Sertraline"}, {"semTypes": ["T999"], "to": "8797", "fro": "8786", "fullId": "http://purl.bioontology.org/ontology/MSH/D002220", "preferredName": "Carbamazepine"}, {"semTypes": ["T999"], "to": "5791", "fro": "5782", "fullId": "http://purl.bioontology.org/ontology/RXNORM/85762", "preferredName": "Ritonavir"}, {"semTypes": ["T121", "T109"], "to": "9132", "fro": "9119", "fullId": "http://purl.bioontology.org/ontology/RXNORM/2551", "preferredName": "Ciprofloxacin"}, {"semTypes": ["T999"], "to": "5934", "fro": "5925", "fullId": "http://purl.bioontology.org/ontology/RXNORM/83395", "preferredName": "Saquinavir"}, {"semTypes": ["T109", "T121"], "to": "9116", "fro": "9107", "fullId": "http://purl.bioontology.org/ontology/RXNORM/7233", "preferredName": "Nafcillin"}, {"semTypes": ["T999"], "to": "5335", "fro": "5317", "fullId": "http://purl.bioontology.org/ontology/MSH/D015283", "preferredName": "Citalopram"}, {"semTypes": ["T121", "T109"], "to": "8736", "fro": "8728", "fullId": "http://purl.bioontology.org/ontology/MSH/D002939", "preferredName": "Ciprofloxacin"}, {"semTypes": ["T999"], "to": "4790", "fro": "4779", "fullId": "http://purl.bioontology.org/ontology/MSH/C114556", "preferredName": "aprepitant"}, {"semTypes": ["T999"], "to": "5158", "fro": "5150", "fullId": "http://purl.bioontology.org/ontology/RXNORM/343047", "preferredName": "Atazanavir"}, {"semTypes": ["T999"], "to": "6222", "fro": "6213", "fullId": "http://purl.bioontology.org/ontology/RXNORM/6854", "preferredName": "Methoxsalen"}, {"semTypes": ["T109", "T121"], "to": "6428", "fro": "6420", "fullId": "http://purl.bioontology.org/ontology/MSH/D015725", "preferredName": "Fluconazole"}, {"semTypes": ["T999"], "to": "5374", "fro": "5364", "fullId": "http://purl.bioontology.org/ontology/MSH/D002939", "preferredName": "Ciprofloxacin"}, {"semTypes": ["T109", "T121"], "to": "87", "fro": "80", "fullId": "http://purl.bioontology.org/ontology/RXNORM/11289", "preferredName": "Warfarin"}, {"semTypes": ["T109", "T121"], "to": "5220", "fro": "5211", "fullId": "http://purl.bioontology.org/ontology/RXNORM/703", "preferredName": "Amiodarone"}, {"semTypes": ["T999"], "to": "8119", "fro": "8110", "fullId": "http://purl.bioontology.org/ontology/RXNORM/40169", "preferredName": "Moricizine"}, {"semTypes": ["T999"], "to": "5815", "fro": "5806", "fullId": "http://purl.bioontology.org/ontology/RXNORM/2551", "preferredName": "Ciprofloxacin"}, {"semTypes": ["T999"], "to": "5841", "fro": "5830", "fullId": "http://purl.bioontology.org/ontology/RXNORM/8183", "preferredName": "Phenytoin"}, {"semTypes": ["T999"], "to": "4642", "fro": "4631", "fullId": "http://purl.bioontology.org/ontology/RXNORM/6922", "preferredName": "Metronidazole"}, {"semTypes": ["T114", "T121"], "to": "4642", "fro": "4631", "fullId": "http://purl.bioontology.org/ontology/MSH/D010634", "preferredName": "Phenobarbital"}, {"semTypes": ["T121", "T109"], "to": "5959", "fro": "5951", "fullId": "http://purl.bioontology.org/ontology/MSH/D012293", "preferredName": "Rifampin"}, {"semTypes": ["T109", "T121"], "to": "9245", "fro": "9236", "fullId": "http://purl.bioontology.org/ontology/RXNORM/2002", "preferredName": "Carbamazepine"}, {"semTypes": ["T121", "T109"], "to": "8760", "fro": "8751", "fullId": "http://purl.bioontology.org/ontology/RXNORM/9384", "preferredName": "Rifampin"}, {"semTypes": ["T999"], "to": "6402", "fro": "6395", "fullId": "http://purl.bioontology.org/ontology/MSH/C114556", "preferredName": "aprepitant"}, {"semTypes": ["T999"], "to": "5959", "fro": "5951", "fullId": "http://purl.bioontology.org/ontology/MSH/D015283", "preferredName": "Citalopram"}, {"semTypes": ["T116", "T121"], "to": "8163", "fro": "8155", "fullId": "http://purl.bioontology.org/ontology/MSH/D002927", "preferredName": "Cimetidine"}, {"semTypes": ["T109", "T121"], "to": "5495", "fro": "5485", "fullId": "http://purl.bioontology.org/ontology/RXNORM/10594", "preferredName": "Ticlopidine"}, {"semTypes": ["T999"], "to": "5969", "fro": "5961", "fullId": "http://purl.bioontology.org/ontology/RXNORM/11289", "preferredName": "Warfarin"}, {"semTypes": ["T121", "T109"], "to": "5779", "fro": "5770", "fullId": "http://purl.bioontology.org/ontology/MSH/D001241", "preferredName": "Aspirin"}, {"semTypes": ["T109", "T121"], "to": "8471", "fro": "8461", "fullId": "http://purl.bioontology.org/ontology/RXNORM/405155", "preferredName": "Jantoven"}, {"semTypes": ["T999"], "to": "5827", "fro": "5818", "fullId": "http://purl.bioontology.org/ontology/RXNORM/11289", "preferredName": "Warfarin"}, {"semTypes": ["T999"], "to": "9208", "fro": "9199", "fullId": "http://purl.bioontology.org/ontology/RXNORM/8134", "preferredName": "Phenobarbital"}, {"semTypes": ["T999"], "to": "8447", "fro": "8436", "fullId": "http://purl.bioontology.org/ontology/RXNORM/10594", "preferredName": "Ticlopidine"}, {"semTypes": ["T999"], "to": "6368", "fro": "6358", "fullId": "http://purl.bioontology.org/ontology/MSH/D013988", "preferredName": "Ticlopidine"}, {"semTypes": ["T121", "T109"], "to": "6198", "fro": "6187", "fullId": "http://purl.bioontology.org/ontology/MSH/D002939", "preferredName": "Ciprofloxacin"}, {"semTypes": ["T999"], "to": "311", "fro": "303", "fullId": "http://purl.bioontology.org/ontology/MSH/D020280", "preferredName": "Sertraline"}, {"semTypes": ["T121", "T109"], "to": "5335", "fro": "5317", "fullId": "http://purl.bioontology.org/ontology/RXNORM/37801", "preferredName": "terbinafine"}, {"semTypes": ["T121", "T109"], "to": "4884", "fro": "4877", "fullId": "http://purl.bioontology.org/ontology/MSH/C114556", "preferredName": "aprepitant"}, {"semTypes": ["T121", "T109"], "to": "5534", "fro": "5522", "fullId": "http://purl.bioontology.org/ontology/RXNORM/85762", "preferredName": "Ritonavir"}, {"semTypes": ["T999"], "to": "6428", "fro": "6420", "fullId": "http://purl.bioontology.org/ontology/RXNORM/140587", "preferredName": "celecoxib"}, {"semTypes": ["T999"], "to": "9220", "fro": "9211", "fullId": "http://purl.bioontology.org/ontology/RXNORM/2541", "preferredName": "Cimetidine"}, {"semTypes": ["T999"], "to": "5545", "fro": "5537", "fullId": "http://purl.bioontology.org/ontology/RXNORM/85762", "preferredName": "Ritonavir"}, {"semTypes": ["T121", "T109"], "to": "6368", "fro": "6358", "fullId": "http://purl.bioontology.org/ontology/RXNORM/8640", "preferredName": "Prednisone"}, {"semTypes": ["T109", "T121"], "to": "5374", "fro": "5364", "fullId": "http://purl.bioontology.org/ontology/MSH/D012293", "preferredName": "Rifampin"}, {"semTypes": ["T999"], "to": "6462", "fro": "6454", "fullId": "http://purl.bioontology.org/ontology/MSH/D013988", "preferredName": "Ticlopidine"}, {"semTypes": ["T109", "T121"], "to": "473", "fro": "466", "fullId": "http://purl.bioontology.org/ontology/RXNORM/11289", "preferredName": "Warfarin"}, {"semTypes": ["T109", "T121"], "to": "4763", "fro": "4750", "fullId": "http://purl.bioontology.org/ontology/RXNORM/36437", "preferredName": "Sertraline"}, {"semTypes": ["T999"], "to": "8772", "fro": "8763", "fullId": "http://purl.bioontology.org/ontology/RXNORM/4450", "preferredName": "Fluconazole"}, {"semTypes": ["T999"], "to": "8783", "fro": "8775", "fullId": "http://purl.bioontology.org/ontology/MSH/D013988", "preferredName": "Ticlopidine"}, {"semTypes": ["T999"], "to": "9116", "fro": "9107", "fullId": "http://purl.bioontology.org/ontology/RXNORM/75207", "preferredName": "bosentan"}, {"semTypes": ["T121", "T109"], "to": "8433", "fro": "8423", "fullId": "http://purl.bioontology.org/ontology/MSH/C063449", "preferredName": "zileuton"}, {"semTypes": ["T121", "T116"], "to": "8107", "fro": "8098", "fullId": "http://purl.bioontology.org/ontology/MSH/D005279", "preferredName": "Fenoprofen"}, {"semTypes": ["T109", "T121"], "to": "5841", "fro": "5830", "fullId": "http://purl.bioontology.org/ontology/MSH/C105934", "preferredName": "celecoxib"}, {"semTypes": ["T121", "T109"], "to": "6210", "fro": "6201", "fullId": "http://purl.bioontology.org/ontology/RXNORM/4450", "preferredName": "Fluconazole"}, {"semTypes": ["T109", "T121"], "to": "8447", "fro": "8436", "fullId": "http://purl.bioontology.org/ontology/MSH/D002220", "preferredName": "Carbamazepine"}, {"semTypes": ["T999"], "to": "4747", "fro": "4737", "fullId": "http://purl.bioontology.org/ontology/MSH/C041359", "preferredName": "terbinafine"}, {"semTypes": ["T999"], "to": "6093", "fro": "6082", "fullId": "http://purl.bioontology.org/ontology/MSH/C086232", "preferredName": "bosentan"}, {"semTypes": ["T121", "T109"], "to": "5230", "fro": "5223", "fullId": "http://purl.bioontology.org/ontology/MSH/D015283", "preferredName": "Citalopram"}, {"semTypes": ["T121", "T109"], "to": "6473", "fro": "6465", "fullId": "http://purl.bioontology.org/ontology/RXNORM/358255", "preferredName": "aprepitant"}, {"semTypes": ["T999"], "to": "6007", "fro": "5997", "fullId": "http://purl.bioontology.org/ontology/RXNORM/358255", "preferredName": "aprepitant"}, {"semTypes": ["T121", "T109"], "to": "6068", "fro": "6060", "fullId": "http://purl.bioontology.org/ontology/MSH/C063449", "preferredName": "zileuton"}, {"semTypes": ["T121", "T109"], "to": "8868", "fro": "8860", "fullId": "http://purl.bioontology.org/ontology/MSH/D002927", "preferredName": "Cimetidine"}, {"semTypes": ["T999"], "to": "4899", "fro": "4887", "fullId": "http://purl.bioontology.org/ontology/MSH/D016666", "preferredName": "Fluvoxamine"}, {"semTypes": ["T999"], "to": "5922", "fro": "5909", "fullId": "http://purl.bioontology.org/ontology/MSH/D004176", "preferredName": "Dipyridamole"}, {"semTypes": ["T999"], "to": "4924", "fro": "4917", "fullId": "http://purl.bioontology.org/ontology/RXNORM/405155", "preferredName": "Jantoven"}, {"semTypes": ["T109", "T121"], "to": "1103", "fro": "1096", "fullId": "http://purl.bioontology.org/ontology/RXNORM/11289", "preferredName": "Warfarin"}, {"semTypes": ["T121", "T109"], "to": "6233", "fro": "6225", "fullId": "http://purl.bioontology.org/ontology/RXNORM/405155", "preferredName": "Jantoven"}, {"semTypes": ["T109", "T121"], "to": "6245", "fro": "6236", "fullId": "http://purl.bioontology.org/ontology/MSH/D002927", "preferredName": "Cimetidine"}, {"semTypes": ["T109", "T121"], "to": "5879", "fro": "5870", "fullId": "http://purl.bioontology.org/ontology/MSH/D016666", "preferredName": "Fluvoxamine"}, {"semTypes": ["T121", "T109"], "to": "9220", "fro": "9211", "fullId": "http://purl.bioontology.org/ontology/MSH/C095108", "preferredName": "amprenavir"}, {"semTypes": ["T999"], "to": "5853", "fro": "5844", "fullId": "http://purl.bioontology.org/ontology/MSH/D010634", "preferredName": "Phenobarbital"}, {"semTypes": ["T999"], "to": "8433", "fro": "8423", "fullId": "http://purl.bioontology.org/ontology/MSH/C105934", "preferredName": "celecoxib"}, {"semTypes": ["T109", "T121"], "to": "4723", "fro": "4711", "fullId": "http://purl.bioontology.org/ontology/RXNORM/2541", "preferredName": "Cimetidine"}, {"semTypes": ["T999"], "to": "5779", "fro": "5770", "fullId": "http://purl.bioontology.org/ontology/RXNORM/121243", "preferredName": "voriconazole"}, {"semTypes": ["T999"], "to": "6296", "fro": "6289", "fullId": "http://purl.bioontology.org/ontology/RXNORM/85762", "preferredName": "Ritonavir"}, {"semTypes": ["T121", "T109"], "to": "5815", "fro": "5806", "fullId": "http://purl.bioontology.org/ontology/RXNORM/358255", "preferredName": "aprepitant"}, {"semTypes": ["T109", "T121"], "to": "2103", "fro": "2096", "fullId": "http://purl.bioontology.org/ontology/RXNORM/11289", "preferredName": "Warfarin"}, {"semTypes": ["T121", "T109"], "to": "6272", "fro": "6263", "fullId": "http://purl.bioontology.org/ontology/RXNORM/140587", "preferredName": "celecoxib"}, {"semTypes": ["T109", "T121"], "to": "6163", "fro": "6155", "fullId": "http://purl.bioontology.org/ontology/RXNORM/1886", "preferredName": "Caffeine"}, {"semTypes": ["T999"], "to": "5268", "fro": "5258", "fullId": "http://purl.bioontology.org/ontology/MSH/D004061", "preferredName": "Diflunisal"}, {"semTypes": ["T999"], "to": "6140", "fro": "6131", "fullId": "http://purl.bioontology.org/ontology/RXNORM/8134", "preferredName": "Phenobarbital"}, {"semTypes": ["T109", "T121"], "to": "8748", "fro": "8739", "fullId": "http://purl.bioontology.org/ontology/MSH/C086232", "preferredName": "bosentan"}, {"semTypes": ["T121", "T109"], "to": "5519", "fro": "5510", "fullId": "http://purl.bioontology.org/ontology/MSH/C102790", "preferredName": "voriconazole"}, {"semTypes": ["T999"], "to": "2990", "fro": "2983", "fullId": "http://purl.bioontology.org/ontology/MSH/D014859", "preferredName": "Warfarin"}, {"semTypes": ["T999"], "to": "8760", "fro": "8751", "fullId": "http://purl.bioontology.org/ontology/RXNORM/4450", "preferredName": "Fluconazole"}, {"semTypes": ["T999"], "to": "8868", "fro": "8860", "fullId": "http://purl.bioontology.org/ontology/MSH/C063449", "preferredName": "zileuton"}, {"semTypes": ["T999"], "to": "8736", "fro": "8728", "fullId": "http://purl.bioontology.org/ontology/RXNORM/8134", "preferredName": "Phenobarbital"}, {"semTypes": ["T999"], "to": "5171", "fro": "5161", "fullId": "http://purl.bioontology.org/ontology/RXNORM/8183", "preferredName": "Phenytoin"}, {"semTypes": ["T121", "T109"], "to": "5507", "fro": "5498", "fullId": "http://purl.bioontology.org/ontology/RXNORM/21107", "preferredName": "cilostazol"}, {"semTypes": ["T999"], "to": "8408", "fro": "8402", "fullId": "http://purl.bioontology.org/ontology/MSH/D005473", "preferredName": "Fluoxetine"}, {"semTypes": ["T999"], "to": "6128", "fro": "6120", "fullId": "http://purl.bioontology.org/ontology/RXNORM/11289", "preferredName": "Warfarin"}, {"semTypes": ["T999"], "to": "4708", "fro": "4698", "fullId": "http://purl.bioontology.org/ontology/RXNORM/11289", "preferredName": "Warfarin"}, {"semTypes": ["T999"], "to": "5891", "fro": "5882", "fullId": "http://purl.bioontology.org/ontology/RXNORM/358255", "preferredName": "aprepitant"}, {"semTypes": ["T109", "T121"], "to": "8846", "fro": "8839", "fullId": "http://purl.bioontology.org/ontology/RXNORM/37801", "preferredName": "terbinafine"}, {"semTypes": ["T999"], "to": "8809", "fro": "8800", "fullId": "http://purl.bioontology.org/ontology/RXNORM/4493", "preferredName": "Fluoxetine"}, {"semTypes": ["T121", "T109"], "to": "6521", "fro": "6512", "fullId": "http://purl.bioontology.org/ontology/RXNORM/21107", "preferredName": "cilostazol"}, {"semTypes": ["T999"], "to": "4734", "fro": "4725", "fullId": "http://purl.bioontology.org/ontology/MSH/D005473", "preferredName": "Fluoxetine"}, {"semTypes": ["T109", "T195"], "to": "6260", "fro": "6248", "fullId": "http://purl.bioontology.org/ontology/RXNORM/6135", "preferredName": "Ketoconazole"}, {"semTypes": ["T123", "T109", "T121"], "to": "5268", "fro": "5258", "fullId": "http://purl.bioontology.org/ontology/RXNORM/9384", "preferredName": "Rifampin"}, {"semTypes": ["T999"], "to": "6509", "fro": "6502", "fullId": "http://purl.bioontology.org/ontology/RXNORM/42355", "preferredName": "Fluvoxamine"}, {"semTypes": ["T114", "T121"], "to": "5158", "fro": "5150", "fullId": "http://purl.bioontology.org/ontology/MSH/D000638", "preferredName": "Amiodarone"}, {"semTypes": ["T999"], "to": "5867", "fro": "5856", "fullId": "http://purl.bioontology.org/ontology/RXNORM/21107", "preferredName": "cilostazol"}, {"semTypes": ["T999"], "to": "8857", "fro": "8849", "fullId": "http://purl.bioontology.org/ontology/RXNORM/75207", "preferredName": "bosentan"}, {"semTypes": ["T999"], "to": "8143", "fro": "8135", "fullId": "http://purl.bioontology.org/ontology/RXNORM/2002", "preferredName": "Carbamazepine"}, {"semTypes": ["T999"], "to": "4776", "fro": "4766", "fullId": "http://purl.bioontology.org/ontology/RXNORM/475969", "preferredName": "etravirine"}, {"semTypes": ["T999"], "to": "9841", "fro": "9834", "fullId": "http://purl.bioontology.org/ontology/MSH/D014859", "preferredName": "Warfarin"}, {"semTypes": ["T999"], "to": "6499", "fro": "6490", "fullId": "http://purl.bioontology.org/ontology/MSH/C102790", "preferredName": "voriconazole"}, {"semTypes": ["T109", "T121"], "to": "10327", "fro": "10320", "fullId": "http://purl.bioontology.org/ontology/RXNORM/11289", "preferredName": "Warfarin"}, {"semTypes": ["T999"], "to": "5402", "fro": "5392", "fullId": "http://purl.bioontology.org/ontology/MSH/D019438", "preferredName": "Ritonavir"}, {"semTypes": ["T999"], "to": "2778", "fro": "2771", "fullId": "http://purl.bioontology.org/ontology/MSH/D014859", "preferredName": "Warfarin"}, {"semTypes": ["T121", "T109"], "to": "8820", "fro": "8812", "fullId": "http://purl.bioontology.org/ontology/MSH/D005279", "preferredName": "Fenoprofen"}, {"semTypes": ["T999"], "to": "6260", "fro": "6248", "fullId": "http://purl.bioontology.org/ontology/MSH/C102790", "preferredName": "voriconazole"}, {"semTypes": ["T121", "T116"], "to": "5948", "fro": "5937", "fullId": "http://purl.bioontology.org/ontology/RXNORM/121243", "preferredName": "voriconazole"}, {"semTypes": ["T999"], "to": "6245", "fro": "6236", "fullId": "http://purl.bioontology.org/ontology/RXNORM/281", "preferredName": "Acyclovir"}, {"semTypes": ["T999"], "to": "6417", "fro": "6405", "fullId": "http://purl.bioontology.org/ontology/MSH/D016666", "preferredName": "Fluvoxamine"}, {"semTypes": ["T999"], "to": "9245", "fro": "9236", "fullId": "http://purl.bioontology.org/ontology/MSH/D005473", "preferredName": "Fluoxetine"}, {"semTypes": ["T999"], "to": "8163", "fro": "8155", "fullId": "http://purl.bioontology.org/ontology/MSH/C451734", "preferredName": "etravirine"}, {"semTypes": ["T109", "T195"], "to": "5994", "fro": "5983", "fullId": "http://purl.bioontology.org/ontology/MSH/C045645", "preferredName": "cilostazol"}, {"semTypes": ["T999"], "to": "8420", "fro": "8411", "fullId": "http://purl.bioontology.org/ontology/MSH/D019438", "preferredName": "Ritonavir"}, {"semTypes": ["T999"], "to": "9685", "fro": "9678", "fullId": "http://purl.bioontology.org/ontology/MSH/D014859", "preferredName": "Warfarin"}, {"semTypes": ["T999"], "to": "6272", "fro": "6263", "fullId": "http://purl.bioontology.org/ontology/MSH/C086232", "preferredName": "bosentan"}, {"semTypes": ["T109", "T121"], "to": "6057", "fro": "6050", "fullId": "http://purl.bioontology.org/ontology/RXNORM/10594", "preferredName": "Ticlopidine"}, {"semTypes": ["T121", "T109"], "to": "4874", "fro": "4865", "fullId": "http://purl.bioontology.org/ontology/RXNORM/405155", "preferredName": "Jantoven"}, {"semTypes": ["T109", "T195"], "to": "5922", "fro": "5909", "fullId": "http://purl.bioontology.org/ontology/RXNORM/228656", "preferredName": "Amprenavir"}, {"semTypes": ["T999"], "to": "5193", "fro": "5184", "fullId": "http://purl.bioontology.org/ontology/RXNORM/405155", "preferredName": "Jantoven"}, {"semTypes": ["T121", "T109"], "to": "4669", "fro": "4660", "fullId": "http://purl.bioontology.org/ontology/RXNORM/2002", "preferredName": "Carbamazepine"}, {"semTypes": ["T999"], "to": "2817", "fro": "2810", "fullId": "http://purl.bioontology.org/ontology/MSH/D014859", "preferredName": "Warfarin"}, {"semTypes": ["T121", "T109"], "to": "4734", "fro": "4725", "fullId": "http://purl.bioontology.org/ontology/RXNORM/4493", "preferredName": "Fluoxetine"}, {"semTypes": ["T121", "T109"], "to": "8809", "fro": "8800", "fullId": "http://purl.bioontology.org/ontology/MSH/D010672", "preferredName": "Phenytoin"}, {"semTypes": ["T116", "T121"], "to": "8143", "fro": "8135", "fullId": "http://purl.bioontology.org/ontology/RXNORM/9143", "preferredName": "Ranitidine"}, {"semTypes": ["T999"], "to": "8836", "fro": "8823", "fullId": "http://purl.bioontology.org/ontology/RXNORM/10594", "preferredName": "Ticlopidine"}, {"semTypes": ["T999"], "to": "5242", "fro": "5233", "fullId": "http://purl.bioontology.org/ontology/RXNORM/475969", "preferredName": "etravirine"}, {"semTypes": ["T121", "T109"], "to": "5980", "fro": "5972", "fullId": "http://purl.bioontology.org/ontology/MSH/D008795", "preferredName": "Metronidazole"}, {"semTypes": ["T999"], "to": "10478", "fro": "10464", "fullId": "http://purl.bioontology.org/ontology/MSH/D014859", "preferredName": "Warfarin"}, {"semTypes": ["T109", "T121"], "to": "5181", "fro": "5174", "fullId": "http://purl.bioontology.org/ontology/MSH/D012293", "preferredName": "Rifampin"}, {"semTypes": ["T121", "T109"], "to": "5545", "fro": "5537", "fullId": "http://purl.bioontology.org/ontology/RXNORM/42355", "preferredName": "Fluvoxamine"}, {"semTypes": ["T999"], "to": "2951", "fro": "2944", "fullId": "http://purl.bioontology.org/ontology/MSH/D014859", "preferredName": "Warfarin"}, {"semTypes": ["T999"], "to": "4884", "fro": "4877", "fullId": "http://purl.bioontology.org/ontology/MSH/C114556", "preferredName": "aprepitant"}, {"semTypes": ["T999"], "to": "5994", "fro": "5983", "fullId": "http://purl.bioontology.org/ontology/MSH/C045645", "preferredName": "cilostazol"}, {"semTypes": ["T999"], "to": "7069", "fro": "7062", "fullId": "http://purl.bioontology.org/ontology/MSH/D014859", "preferredName": "Warfarin"}, {"semTypes": ["T999"], "to": "6068", "fro": "6060", "fullId": "http://purl.bioontology.org/ontology/MSH/C048833", "preferredName": "modafinil"}, {"semTypes": ["T999"], "to": "2524", "fro": "2517", "fullId": "http://purl.bioontology.org/ontology/MSH/D014859", "preferredName": "Warfarin"}, {"semTypes": ["T999"], "to": "6079", "fro": "6071", "fullId": "http://purl.bioontology.org/ontology/MSH/C079703", "preferredName": "rufinamide"}, {"semTypes": ["T109", "T121"], "to": "11164", "fro": "11157", "fullId": "http://purl.bioontology.org/ontology/RXNORM/11289", "preferredName": "Warfarin"}, {"semTypes": ["T999"], "to": "5495", "fro": "5485", "fullId": "http://purl.bioontology.org/ontology/MSH/D002220", "preferredName": "Carbamazepine"}, {"semTypes": ["T999"], "to": "9969", "fro": "9962", "fullId": "http://purl.bioontology.org/ontology/MSH/D014859", "preferredName": "Warfarin"}, {"semTypes": ["T999"], "to": "9170", "fro": "9161", "fullId": "http://purl.bioontology.org/ontology/MSH/D010672", "preferredName": "Phenytoin"}, {"semTypes": ["T121", "T109"], "to": "6118", "fro": "6110", "fullId": "http://purl.bioontology.org/ontology/RXNORM/4493", "preferredName": "Fluoxetine"}, {"semTypes": ["T999"], "to": "7133", "fro": "7126", "fullId": "http://purl.bioontology.org/ontology/MSH/D014859", "preferredName": "Warfarin"}, {"semTypes": ["T999"], "to": "8107", "fro": "8098", "fullId": "http://purl.bioontology.org/ontology/RXNORM/8356", "preferredName": "Piroxicam"}, {"semTypes": ["T109", "T121"], "to": "8836", "fro": "8823", "fullId": "http://purl.bioontology.org/ontology/RXNORM/2551", "preferredName": "Ciprofloxacin"}, {"semTypes": ["T999"], "to": "5423", "fro": "5416", "fullId": "http://purl.bioontology.org/ontology/MSH/D019438", "preferredName": "Ritonavir"}, {"semTypes": ["T121", "T109"], "to": "4628", "fro": "4619", "fullId": "http://purl.bioontology.org/ontology/RXNORM/85762", "preferredName": "Ritonavir"}, {"semTypes": ["T121", "T109"], "to": "5171", "fro": "5161", "fullId": "http://purl.bioontology.org/ontology/MSH/C051752", "preferredName": "nefazodone"}, {"semTypes": ["T999"], "to": "2452", "fro": "2445", "fullId": "http://purl.bioontology.org/ontology/MSH/D014859", "preferredName": "Warfarin"}, {"semTypes": ["T121", "T109"], "to": "5867", "fro": "5856", "fullId": "http://purl.bioontology.org/ontology/RXNORM/228656", "preferredName": "Amprenavir"}, {"semTypes": ["T999"], "to": "1527", "fro": "1520", "fullId": "http://purl.bioontology.org/ontology/MSH/D014859", "preferredName": "Warfarin"}, {"semTypes": ["T999"], "to": "9196", "fro": "9186", "fullId": "http://purl.bioontology.org/ontology/MSH/D008795", "preferredName": "Metronidazole"}, {"semTypes": ["T109", "T121"], "to": "5803", "fro": "5794", "fullId": "http://purl.bioontology.org/ontology/MSH/C451734", "preferredName": "etravirine"}, {"semTypes": ["T999"], "to": "3788", "fro": "3781", "fullId": "http://purl.bioontology.org/ontology/MSH/D014859", "preferredName": "Warfarin"}, {"semTypes": ["T121", "T131", "T109"], "to": "2778", "fro": "2771", "fullId": "http://purl.bioontology.org/ontology/MSH/D014859", "preferredName": "Warfarin"}, {"semTypes": ["T999"], "to": "6392", "fro": "6383", "fullId": "http://purl.bioontology.org/ontology/RXNORM/11289", "preferredName": "Warfarin"}, {"semTypes": ["T121", "T131", "T109"], "to": "3788", "fro": "3781", "fullId": "http://purl.bioontology.org/ontology/MSH/D014859", "preferredName": "Warfarin"}, {"semTypes": ["T127", "T121", "T119"], "to": "311", "fro": "303", "fullId": "http://purl.bioontology.org/ontology/RXNORM/703", "preferredName": "Amiodarone"}, {"semTypes": ["T121", "T109"], "to": "6380", "fro": "6371", "fullId": "http://purl.bioontology.org/ontology/RXNORM/2551", "preferredName": "Ciprofloxacin"}, {"semTypes": ["T121", "T131", "T109"], "to": "9969", "fro": "9962", "fullId": "http://purl.bioontology.org/ontology/MSH/D014859", "preferredName": "Warfarin"}, {"semTypes": ["T109", "T121"], "to": "6093", "fro": "6082", "fullId": "http://purl.bioontology.org/ontology/RXNORM/8183", "preferredName": "Phenytoin"}, {"semTypes": ["T121", "T109"], "to": "8857", "fro": "8849", "fullId": "http://purl.bioontology.org/ontology/RXNORM/83395", "preferredName": "Saquinavir"}, {"semTypes": ["T121", "T131", "T109"], "to": "9841", "fro": "9834", "fullId": "http://purl.bioontology.org/ontology/MSH/D014859", "preferredName": "Warfarin"}, {"semTypes": ["T999"], "to": "8152", "fro": "8146", "fullId": "http://purl.bioontology.org/ontology/MSH/D012293", "preferredName": "Rifampin"}, {"semTypes": ["T109", "T121"], "to": "4803", "fro": "4793", "fullId": "http://purl.bioontology.org/ontology/RXNORM/2541", "preferredName": "Cimetidine"}, {"semTypes": ["T121", "T109"], "to": "8783", "fro": "8775", "fullId": "http://purl.bioontology.org/ontology/RXNORM/7233", "preferredName": "Nafcillin"}, {"semTypes": ["T121", "T131", "T109"], "to": "7069", "fro": "7062", "fullId": "http://purl.bioontology.org/ontology/MSH/D014859", "preferredName": "Warfarin"}, {"semTypes": ["T121", "T109"], "to": "5791", "fro": "5782", "fullId": "http://purl.bioontology.org/ontology/MSH/C114556", "preferredName": "aprepitant"}, {"semTypes": ["T999"], "to": "8458", "fro": "8450", "fullId": "http://purl.bioontology.org/ontology/MSH/C095108", "preferredName": "amprenavir"}, {"semTypes": ["T121", "T131", "T109"], "to": "2817", "fro": "2810", "fullId": "http://purl.bioontology.org/ontology/MSH/D014859", "preferredName": "Warfarin"}, {"semTypes": ["T999"], "to": "4763", "fro": "4750", "fullId": "http://purl.bioontology.org/ontology/MSH/D015725", "preferredName": "Fluconazole"}, {"semTypes": ["T121", "T131", "T109"], "to": "1527", "fro": "1520", "fullId": "http://purl.bioontology.org/ontology/MSH/D014859", "preferredName": "Warfarin"}, {"semTypes": ["T999"], "to": "4628", "fro": "4619", "fullId": "http://purl.bioontology.org/ontology/RXNORM/405155", "preferredName": "Jantoven"}, {"semTypes": ["T121", "T109"], "to": "6392", "fro": "6383", "fullId": "http://purl.bioontology.org/ontology/RXNORM/405155", "preferredName": "Jantoven"}, {"semTypes": ["T121", "T109"], "to": "9208", "fro": "9199", "fullId": "http://purl.bioontology.org/ontology/RXNORM/8134", "preferredName": "Phenobarbital"}, {"semTypes": ["T121", "T131", "T109"], "to": "2951", "fro": "2944", "fullId": "http://purl.bioontology.org/ontology/MSH/D014859", "preferredName": "Warfarin"}, {"semTypes": ["T999"], "to": "8820", "fro": "8812", "fullId": "http://purl.bioontology.org/ontology/MSH/D002939", "preferredName": "Ciprofloxacin"}, {"semTypes": ["T121", "T109"], "to": "6440", "fro": "6431", "fullId": "http://purl.bioontology.org/ontology/RXNORM/42355", "preferredName": "Fluvoxamine"}, {"semTypes": ["T999"], "to": "5519", "fro": "5510", "fullId": "http://purl.bioontology.org/ontology/RXNORM/40575", "preferredName": "zileuton"}, {"semTypes": ["T121", "T109"], "to": "5361", "fro": "5351", "fullId": "http://purl.bioontology.org/ontology/RXNORM/40575", "preferredName": "zileuton"}, {"semTypes": ["T999"], "to": "6163", "fro": "6155", "fullId": "http://purl.bioontology.org/ontology/MSH/D008825", "preferredName": "Miconazole"}, {"semTypes": ["T121", "T131", "T109"], "to": "9685", "fro": "9678", "fullId": "http://purl.bioontology.org/ontology/MSH/D014859", "preferredName": "Warfarin"}, {"semTypes": ["T121", "T109"], "to": "9233", "fro": "9223", "fullId": "http://purl.bioontology.org/ontology/MSH/C095108", "preferredName": "amprenavir"}, {"semTypes": ["T121", "T109"], "to": "5934", "fro": "5925", "fullId": "http://purl.bioontology.org/ontology/RXNORM/2541", "preferredName": "Cimetidine"}, {"semTypes": ["T121", "T131", "T109"], "to": "7133", "fro": "7126", "fullId": "http://purl.bioontology.org/ontology/MSH/D014859", "preferredName": "Warfarin"}, {"semTypes": ["T109", "T121"], "to": "6487", "fro": "6476", "fullId": "http://purl.bioontology.org/ontology/RXNORM/88249", "preferredName": "montelukast"}, {"semTypes": ["T121", "T131", "T109"], "to": "2452", "fro": "2445", "fullId": "http://purl.bioontology.org/ontology/MSH/D014859", "preferredName": "Warfarin"}, {"semTypes": ["T121", "T131", "T109"], "to": "2524", "fro": "2517", "fullId": "http://purl.bioontology.org/ontology/MSH/D014859", "preferredName": "Warfarin"}, {"semTypes": ["T999"], "to": "5389", "fro": "5377", "fullId": "http://purl.bioontology.org/ontology/MSH/D015725", "preferredName": "Fluconazole"}, {"semTypes": ["T999"], "to": "4874", "fro": "4865", "fullId": "http://purl.bioontology.org/ontology/RXNORM/11289", "preferredName": "Warfarin"}, {"semTypes": ["T109", "T121"], "to": "4899", "fro": "4887", "fullId": "http://purl.bioontology.org/ontology/RXNORM/405155", "preferredName": "Jantoven"}, {"semTypes": ["T999"], "to": "4695", "fro": "4685", "fullId": "http://purl.bioontology.org/ontology/MSH/C048833", "preferredName": "modafinil"}, {"semTypes": ["T109", "T121"], "to": "5402", "fro": "5392", "fullId": "http://purl.bioontology.org/ontology/RXNORM/42355", "preferredName": "Fluvoxamine"}, {"semTypes": ["T109", "T121"], "to": "1598", "fro": "1591", "fullId": "http://purl.bioontology.org/ontology/MSH/D014859", "preferredName": "Warfarin"}, {"semTypes": ["T999"], "to": "4657", "fro": "4645", "fullId": "http://purl.bioontology.org/ontology/MSH/C053541", "preferredName": "bicalutamide"}, {"semTypes": ["T999"], "to": "6451", "fro": "6443", "fullId": "http://purl.bioontology.org/ontology/RXNORM/75207", "preferredName": "bosentan"}, {"semTypes": ["T109", "T121"], "to": "205", "fro": "198", "fullId": "http://purl.bioontology.org/ontology/RXNORM/11289", "preferredName": "Warfarin"}, {"semTypes": ["T109", "T121"], "to": "4695", "fro": "4685", "fullId": "http://purl.bioontology.org/ontology/MSH/D020280", "preferredName": "Sertraline"}, {"semTypes": ["T999"], "to": "5507", "fro": "5498", "fullId": "http://purl.bioontology.org/ontology/MSH/D002220", "preferredName": "Carbamazepine"}, {"semTypes": ["T109", "T121"], "to": "1395", "fro": "1388", "fullId": "http://purl.bioontology.org/ontology/RXNORM/11289", "preferredName": "Warfarin"}, {"semTypes": ["T999"], "to": "6152", "fro": "6143", "fullId": "http://purl.bioontology.org/ontology/MSH/C048833", "preferredName": "modafinil"}, {"semTypes": ["T121", "T109"], "to": "5906", "fro": "5894", "fullId": "http://purl.bioontology.org/ontology/RXNORM/405155", "preferredName": "Jantoven"}, {"semTypes": ["T121", "T109"], "to": "9170", "fro": "9161", "fullId": "http://purl.bioontology.org/ontology/RXNORM/358255", "preferredName": "aprepitant"}, {"semTypes": ["T999"], "to": "4669", "fro": "4660", "fullId": "http://purl.bioontology.org/ontology/MSH/D019438", "preferredName": "Ritonavir"}, {"semTypes": ["T109", "T121"], "to": "11063", "fro": "11056", "fullId": "http://purl.bioontology.org/ontology/RXNORM/11289", "preferredName": "Warfarin"}, {"semTypes": ["T123", "T121", "T118"], "to": "8152", "fro": "8146", "fullId": "http://purl.bioontology.org/ontology/MSH/D004176", "preferredName": "Dipyridamole"}, {"semTypes": ["T999"], "to": "9183", "fro": "9173", "fullId": "http://purl.bioontology.org/ontology/RXNORM/11289", "preferredName": "Warfarin"}, {"semTypes": ["T999"], "to": "8471", "fro": "8461", "fullId": "http://purl.bioontology.org/ontology/RXNORM/405155", "preferredName": "Jantoven"}, {"semTypes": ["T999"], "to": "6210", "fro": "6201", "fullId": "http://purl.bioontology.org/ontology/RXNORM/343047", "preferredName": "Atazanavir"}, {"semTypes": ["T121", "T109"], "to": "5423", "fro": "5416", "fullId": "http://purl.bioontology.org/ontology/MSH/D016666", "preferredName": "Fluvoxamine"}, {"semTypes": ["T999"], "to": "5803", "fro": "5794", "fullId": "http://purl.bioontology.org/ontology/MSH/D010634", "preferredName": "Phenobarbital"}, {"semTypes": ["T999"], "to": "6521", "fro": "6512", "fullId": "http://purl.bioontology.org/ontology/MSH/C095108", "preferredName": "amprenavir"}, {"semTypes": ["T121", "T109"], "to": "6402", "fro": "6395", "fullId": "http://purl.bioontology.org/ontology/RXNORM/405155", "preferredName": "Jantoven"}, {"semTypes": ["T999"], "to": "5181", "fro": "5174", "fullId": "http://purl.bioontology.org/ontology/MSH/D010634", "preferredName": "Phenobarbital"}, {"semTypes": ["T109", "T121"], "to": "6079", "fro": "6071", "fullId": "http://purl.bioontology.org/ontology/RXNORM/475969", "preferredName": "etravirine"}, {"semTypes": ["T999"], "to": "5413", "fro": "5405", "fullId": "http://purl.bioontology.org/ontology/RXNORM/121243", "preferredName": "voriconazole"}, {"semTypes": ["T999"], "to": "6380", "fro": "6371", "fullId": "http://purl.bioontology.org/ontology/RXNORM/405155", "preferredName": "Jantoven"}, {"semTypes": ["T999"], "to": "5906", "fro": "5894", "fullId": "http://purl.bioontology.org/ontology/RXNORM/85762", "preferredName": "Ritonavir"}, {"semTypes": ["T121", "T109"], "to": "5208", "fro": "5196", "fullId": "http://purl.bioontology.org/ontology/RXNORM/42355", "preferredName": "Fluvoxamine"}, {"semTypes": ["T999"], "to": "6487", "fro": "6476", "fullId": "http://purl.bioontology.org/ontology/RXNORM/1886", "preferredName": "Caffeine"}, {"semTypes": ["T121", "T109"], "to": "6128", "fro": "6120", "fullId": "http://purl.bioontology.org/ontology/RXNORM/11289", "preferredName": "Warfarin"}, {"semTypes": ["T121", "T109"], "to": "6007", "fro": "5997", "fullId": "http://purl.bioontology.org/ontology/RXNORM/405155", "preferredName": "Jantoven"}, {"semTypes": ["T121", "T109"], "to": "8408", "fro": "8402", "fullId": "http://purl.bioontology.org/ontology/MSH/C051752", "preferredName": "nefazodone"}, {"semTypes": ["T999"], "to": "6233", "fro": "6225", "fullId": "http://purl.bioontology.org/ontology/RXNORM/405155", "preferredName": "Jantoven"}, {"semTypes": ["T999"], "to": "5230", "fro": "5223", "fullId": "http://purl.bioontology.org/ontology/RXNORM/8356", "preferredName": "Piroxicam"}, {"semTypes": ["T121", "T109"], "to": "4790", "fro": "4779", "fullId": "http://purl.bioontology.org/ontology/MSH/D016666", "preferredName": "Fluvoxamine"}, {"semTypes": ["T109", "T121"], "to": "10997", "fro": "10990", "fullId": "http://purl.bioontology.org/ontology/RXNORM/11289", "preferredName": "Warfarin"}, {"semTypes": ["T121", "T109"], "to": "5853", "fro": "5844", "fullId": "http://purl.bioontology.org/ontology/RXNORM/4450", "preferredName": "Fluconazole"}, {"semTypes": ["T109", "T121"], "to": "6047", "fro": "6035", "fullId": "http://purl.bioontology.org/ontology/MSH/C063449", "preferredName": "zileuton"}, {"semTypes": ["T121", "T109"], "to": "8772", "fro": "8763", "fullId": "http://purl.bioontology.org/ontology/RXNORM/3393", "preferredName": "Diflunisal"}, {"semTypes": ["T121", "T109"], "to": "8797", "fro": "8786", "fullId": "http://purl.bioontology.org/ontology/RXNORM/6854", "preferredName": "Methoxsalen"}, {"semTypes": ["T999"], "to": "5879", "fro": "5870", "fullId": "http://purl.bioontology.org/ontology/MSH/C114556", "preferredName": "aprepitant"}, {"semTypes": ["T121", "T109"], "to": "6140", "fro": "6131", "fullId": "http://purl.bioontology.org/ontology/RXNORM/8183", "preferredName": "Phenytoin"}, {"semTypes": ["T999"], "to": "6440", "fro": "6431", "fullId": "http://purl.bioontology.org/ontology/RXNORM/405155", "preferredName": "Jantoven"}, {"semTypes": ["T999"], "to": "5534", "fro": "5522", "fullId": "http://purl.bioontology.org/ontology/MSH/D019438", "preferredName": "Ritonavir"}, {"semTypes": ["T121", "T109"], "to": "6019", "fro": "6010", "fullId": "http://purl.bioontology.org/ontology/RXNORM/358255", "preferredName": "aprepitant"}, {"semTypes": ["T121", "T109"], "to": "6152", "fro": "6143", "fullId": "http://purl.bioontology.org/ontology/MSH/C083544", "preferredName": "lepirudin"}, {"semTypes": ["T109", "T195"], "to": "4924", "fro": "4917", "fullId": "http://purl.bioontology.org/ontology/RXNORM/405155", "preferredName": "Jantoven"}, {"semTypes": ["T109", "T121"], "to": "6032", "fro": "6022", "fullId": "http://purl.bioontology.org/ontology/RXNORM/11289", "preferredName": "Warfarin"}, {"semTypes": ["T999"], "to": "8132", "fro": "8122", "fullId": "http://purl.bioontology.org/ontology/MSH/D004061", "preferredName": "Diflunisal"}, {"semTypes": ["T109", "T121"], "to": "5389", "fro": "5377", "fullId": "http://purl.bioontology.org/ontology/RXNORM/40575", "preferredName": "zileuton"}, {"semTypes": ["T999"], "to": "8846", "fro": "8839", "fullId": "http://purl.bioontology.org/ontology/RXNORM/6135", "preferredName": "Ketoconazole"}, {"semTypes": ["T109", "T121"], "to": "6451", "fro": "6443", "fullId": "http://purl.bioontology.org/ontology/MSH/D000638", "preferredName": "Amiodarone"}, {"semTypes": ["T999"], "to": "5208", "fro": "5196", "fullId": "http://purl.bioontology.org/ontology/RXNORM/405155", "preferredName": "Jantoven"}, {"semTypes": ["T109", "T195"], "to": "4776", "fro": "4766", "fullId": "http://purl.bioontology.org/ontology/MSH/C083544", "preferredName": "lepirudin"}, {"semTypes": ["T109", "T121"], "to": "6107", "fro": "6096", "fullId": "http://purl.bioontology.org/ontology/MSH/D000638", "preferredName": "Amiodarone"}, {"semTypes": ["T109", "T121"], "to": "9144", "fro": "9135", "fullId": "http://purl.bioontology.org/ontology/RXNORM/75207", "preferredName": "bosentan"}, {"semTypes": ["T109", "T195"], "to": "6509", "fro": "6502", "fullId": "http://purl.bioontology.org/ontology/RXNORM/405155", "preferredName": "Jantoven"}, {"semTypes": ["T999"], "to": "11109", "fro": "11103", "fullId": "http://purl.bioontology.org/ontology/MSH/C053541", "preferredName": "bicalutamide"}, {"semTypes": ["T109", "T121"], "to": "5280", "fro": "5271", "fullId": "http://purl.bioontology.org/ontology/MSH/C079703", "preferredName": "rufinamide"}, {"semTypes": ["T121", "T131", "T109"], "to": "2990", "fro": "2983", "fullId": "http://purl.bioontology.org/ontology/MSH/D014859", "preferredName": "Warfarin"}, {"semTypes": ["T999"], "to": "6107", "fro": "6096", "fullId": "http://purl.bioontology.org/ontology/RXNORM/703", "preferredName": "Amiodarone"}, {"semTypes": ["T109", "T121"], "to": "8420", "fro": "8411", "fullId": "http://purl.bioontology.org/ontology/MSH/D016666", "preferredName": "Fluvoxamine"}, {"semTypes": ["T109", "T121"], "to": "5255", "fro": "5245", "fullId": "http://purl.bioontology.org/ontology/RXNORM/11289", "preferredName": "Warfarin"}, {"semTypes": ["T999"], "to": "5980", "fro": "5972", "fullId": "http://purl.bioontology.org/ontology/RXNORM/3393", "preferredName": "Diflunisal"}, {"semTypes": ["T999"], "to": "5220", "fro": "5211", "fullId": "http://purl.bioontology.org/ontology/RXNORM/21107", "preferredName": "cilostazol"}, {"semTypes": ["T121", "T109"], "to": "5293", "fro": "5283", "fullId": "http://purl.bioontology.org/ontology/MSH/D001241", "preferredName": "Aspirin"}, {"semTypes": ["T999"], "to": "6198", "fro": "6187", "fullId": "http://purl.bioontology.org/ontology/RXNORM/281", "preferredName": "Acyclovir"}, {"semTypes": ["T109", "T121"], "to": "4708", "fro": "4698", "fullId": "http://purl.bioontology.org/ontology/RXNORM/11289", "preferredName": "Warfarin"}, {"semTypes": ["T121", "T109"], "to": "6296", "fro": "6289", "fullId": "http://purl.bioontology.org/ontology/RXNORM/42355", "preferredName": "Fluvoxamine"}, {"semTypes": ["T999"], "to": "5280", "fro": "5271", "fullId": "http://purl.bioontology.org/ontology/MSH/D005473", "preferredName": "Fluoxetine"}, {"semTypes": ["T999"], "to": "4723", "fro": "4711", "fullId": "http://purl.bioontology.org/ontology/MSH/C451734", "preferredName": "etravirine"}, {"semTypes": ["T121", "T109"], "to": "5242", "fro": "5233", "fullId": "http://purl.bioontology.org/ontology/MSH/C451734", "preferredName": "etravirine"}, {"semTypes": ["T999"], "to": "5948", "fro": "5937", "fullId": "http://purl.bioontology.org/ontology/MSH/C045645", "preferredName": "cilostazol"}, {"semTypes": ["T109", "T121"], "to": "6222", "fro": "6213", "fullId": "http://purl.bioontology.org/ontology/MSH/C041359", "preferredName": "terbinafine"}, {"semTypes": ["T121", "T109"], "to": "4682", "fro": "4672", "fullId": "http://purl.bioontology.org/ontology/RXNORM/405155", "preferredName": "Jantoven"}, {"semTypes": ["T999"], "to": "5293", "fro": "5283", "fullId": "http://purl.bioontology.org/ontology/MSH/C086232", "preferredName": "bosentan"}, {"semTypes": ["T121", "T109"], "to": "5413", "fro": "5405", "fullId": "http://purl.bioontology.org/ontology/MSH/D002927", "preferredName": "Cimetidine"}, {"semTypes": ["T999"], "to": "6032", "fro": "6022", "fullId": "http://purl.bioontology.org/ontology/RXNORM/11289", "preferredName": "Warfarin"}, {"semTypes": ["T999"], "to": "4914", "fro": "4902", "fullId": "http://purl.bioontology.org/ontology/MSH/D019438", "preferredName": "Ritonavir"}, {"semTypes": ["T109", "T121"], "to": "9183", "fro": "9173", "fullId": "http://purl.bioontology.org/ontology/RXNORM/11289", "preferredName": "Warfarin"}, {"semTypes": ["T999"], "to": "9158", "fro": "9147", "fullId": "http://purl.bioontology.org/ontology/MSH/D013988", "preferredName": "Ticlopidine"}, {"semTypes": ["T999"], "to": "6047", "fro": "6035", "fullId": "http://purl.bioontology.org/ontology/MSH/D015283", "preferredName": "Citalopram"}, {"semTypes": ["T999"], "to": "9144", "fro": "9135", "fullId": "http://purl.bioontology.org/ontology/RXNORM/9143", "preferredName": "Ranitidine"}, {"semTypes": ["T121", "T109"], "to": "9158", "fro": "9147", "fullId": "http://purl.bioontology.org/ontology/RXNORM/121243", "preferredName": "voriconazole"}, {"semTypes": ["T999"], "to": "9233", "fro": "9223", "fullId": "http://purl.bioontology.org/ontology/MSH/C048833", "preferredName": "modafinil"}, {"semTypes": ["T109", "T121"], "to": "5891", "fro": "5882", "fullId": "http://purl.bioontology.org/ontology/RXNORM/405155", "preferredName": "Jantoven"}, {"semTypes": ["T121", "T109"], "to": "6286", "fro": "6275", "fullId": "http://purl.bioontology.org/ontology/MSH/D016666", "preferredName": "Fluvoxamine"}, {"semTypes": ["T109", "T195"], "to": "6462", "fro": "6454", "fullId": "http://purl.bioontology.org/ontology/RXNORM/9384", "preferredName": "Rifampin"}, {"semTypes": ["T999"], "to": "8878", "fro": "8871", "fullId": "http://purl.bioontology.org/ontology/MSH/C045645", "preferredName": "cilostazol"}, {"semTypes": ["T121", "T109"], "to": "4914", "fro": "4902", "fullId": "http://purl.bioontology.org/ontology/RXNORM/405155", "preferredName": "Jantoven"}, {"semTypes": ["T121", "T109"], "to": "8878", "fro": "8871", "fullId": "http://purl.bioontology.org/ontology/MSH/C102790", "preferredName": "voriconazole"}, {"semTypes": ["T121", "T116"], "to": "8132", "fro": "8122", "fullId": "http://purl.bioontology.org/ontology/RXNORM/6922", "preferredName": "Metronidazole"}, {"semTypes": ["T999"], "to": "6473", "fro": "6465", "fullId": "http://purl.bioontology.org/ontology/RXNORM/405155", "preferredName": "Jantoven"}, {"semTypes": ["T999"], "to": "5348", "fro": "5338", "fullId": "http://purl.bioontology.org/ontology/RXNORM/228656", "preferredName": "Amprenavir"}, {"semTypes": ["T121", "T109"], "to": "5969", "fro": "5961", "fullId": "http://purl.bioontology.org/ontology/RXNORM/11289", "preferredName": "Warfarin"}, {"semTypes": ["T999"], "to": "6019", "fro": "6010", "fullId": "http://purl.bioontology.org/ontology/MSH/D016666", "preferredName": "Fluvoxamine"}, {"semTypes": ["T999"], "to": "4682", "fro": "4672", "fullId": "http://purl.bioontology.org/ontology/RXNORM/2002", "preferredName": "Carbamazepine"}, {"semTypes": ["T999"], "to": "6057", "fro": "6050", "fullId": "http://purl.bioontology.org/ontology/MSH/D010672", "preferredName": "Phenytoin"}, {"semTypes": ["T121", "T109"], "to": "9196", "fro": "9186", "fullId": "http://purl.bioontology.org/ontology/RXNORM/4493", "preferredName": "Fluoxetine"}, {"semTypes": ["T999"], "to": "4803", "fro": "4793", "fullId": "http://purl.bioontology.org/ontology/RXNORM/88249", "preferredName": "montelukast"}, {"semTypes": ["T999"], "to": "6118", "fro": "6110", "fullId": "http://purl.bioontology.org/ontology/RXNORM/475969", "preferredName": "etravirine"}, {"semTypes": ["T121", "T109"], "to": "5827", "fro": "5818", "fullId": "http://purl.bioontology.org/ontology/RXNORM/11289", "preferredName": "Warfarin"}, {"semTypes": ["T999"], "to": "11247", "fro": "11238", "fullId": "http://purl.bioontology.org/ontology/MSH/D008825", "preferredName": "Miconazole"}, {"semTypes": ["T109", "T121"], "to": "6417", "fro": "6405", "fullId": "http://purl.bioontology.org/ontology/RXNORM/42355", "preferredName": "Fluvoxamine"}, {"semTypes": ["T999"], "to": "8748", "fro": "8739", "fullId": "http://purl.bioontology.org/ontology/RXNORM/228656", "preferredName": "Amprenavir"}, {"semTypes": ["T999"], "to": "6286", "fro": "6275", "fullId": "http://purl.bioontology.org/ontology/RXNORM/42355", "preferredName": "Fluvoxamine"}, {"semTypes": ["T999"], "to": "5361", "fro": "5351", "fullId": "http://purl.bioontology.org/ontology/RXNORM/8640", "preferredName": "Prednisone"}]