[{"semTypes": ["T109", "T121"], "to": "10526", "fro": "10517", "fullId": "http://purl.bioontology.org/ontology/MSH/D002220", "preferredName": "Carbamazepine"}, {"semTypes": ["T999"], "to": "6579", "fro": "6570", "fullId": "http://purl.bioontology.org/ontology/MSH/D019438", "preferredName": "Ritonavir"}, {"semTypes": ["T109", "T121"], "to": "2212", "fro": "2205", "fullId": "http://purl.bioontology.org/ontology/MSH/D014859", "preferredName": "Warfarin"}, {"semTypes": ["T121", "T109"], "to": "5870", "fro": "5863", "fullId": "http://purl.bioontology.org/ontology/RXNORM/9384", "preferredName": "Rifampin"}, {"semTypes": ["T999"], "to": "310", "fro": "302", "fullId": "http://purl.bioontology.org/ontology/MSH/D002927", "preferredName": "Cimetidine"}, {"semTypes": ["T109", "T121"], "to": "9656", "fro": "9648", "fullId": "http://purl.bioontology.org/ontology/MSH/D014812", "preferredName": "Vitamin K"}, {"semTypes": ["T999"], "to": "5251", "fro": "5240", "fullId": "http://purl.bioontology.org/ontology/MSH/C105934", "preferredName": "celecoxib"}, {"semTypes": ["T999"], "to": "12503", "fro": "12494", "fullId": "http://purl.bioontology.org/ontology/MSH/D004221", "preferredName": "Disulfiram"}, {"semTypes": ["T109", "T121"], "to": "6078", "fro": "6066", "fullId": "http://purl.bioontology.org/ontology/MSH/D010634", "preferredName": "Phenobarbital"}, {"semTypes": ["T999"], "to": "6037", "fro": "6027", "fullId": "http://purl.bioontology.org/ontology/MSH/D015283", "preferredName": "Citalopram"}, {"semTypes": ["T999"], "to": "5969", "fro": "5960", "fullId": "http://purl.bioontology.org/ontology/RXNORM/519", "preferredName": "Allopurinol"}, {"semTypes": ["T999"], "to": "6668", "fro": "6659", "fullId": "http://purl.bioontology.org/ontology/RXNORM/202421", "preferredName": "Coumadin"}, {"semTypes": ["T999"], "to": "6102", "fro": "6094", "fullId": "http://purl.bioontology.org/ontology/MSH/C095108", "preferredName": "amprenavir"}, {"semTypes": ["T109", "T121"], "to": "5897", "fro": "5885", "fullId": "http://purl.bioontology.org/ontology/RXNORM/42355", "preferredName": "Fluvoxamine"}, {"semTypes": ["T109", "T121"], "to": "9645", "fro": "9634", "fullId": "http://purl.bioontology.org/ontology/MSH/D005473", "preferredName": "Fluoxetine"}, {"semTypes": ["T999"], "to": "10002", "fro": "9993", "fullId": "http://purl.bioontology.org/ontology/MSH/D002220", "preferredName": "Carbamazepine"}, {"semTypes": ["T121", "T109"], "to": "6050", "fro": "6040", "fullId": "http://purl.bioontology.org/ontology/RXNORM/4493", "preferredName": "Fluoxetine"}, {"semTypes": ["T999"], "to": "5304", "fro": "5294", "fullId": "http://purl.bioontology.org/ontology/RXNORM/2541", "preferredName": "Cimetidine"}, {"semTypes": ["T121", "T109"], "to": "7252", "fro": "7244", "fullId": "http://purl.bioontology.org/ontology/RXNORM/1086769", "preferredName": "vilazodone"}, {"semTypes": ["T999"], "to": "7311", "fro": "7300", "fullId": "http://purl.bioontology.org/ontology/MSH/C095108", "preferredName": "amprenavir"}, {"semTypes": ["T999"], "to": "6941", "fro": "6932", "fullId": "http://purl.bioontology.org/ontology/RXNORM/2551", "preferredName": "Ciprofloxacin"}, {"semTypes": ["T131", "T121", "T109"], "to": "3088", "fro": "3081", "fullId": "http://purl.bioontology.org/ontology/MSH/D014859", "preferredName": "Warfarin"}, {"semTypes": ["T109", "T121"], "to": "6941", "fro": "6932", "fullId": "http://purl.bioontology.org/ontology/MSH/C045645", "preferredName": "cilostazol"}, {"semTypes": ["T999"], "to": "6603", "fro": "6594", "fullId": "http://purl.bioontology.org/ontology/RXNORM/358255", "preferredName": "aprepitant"}, {"semTypes": ["T999"], "to": "5544", "fro": "5532", "fullId": "http://purl.bioontology.org/ontology/MSH/D016666", "preferredName": "Fluvoxamine"}, {"semTypes": ["T121", "T125", "T110"], "to": "7323", "fro": "7314", "fullId": "http://purl.bioontology.org/ontology/RXNORM/10594", "preferredName": "Ticlopidine"}, {"semTypes": ["T109", "T195"], "to": "5386", "fro": "5376", "fullId": "http://purl.bioontology.org/ontology/RXNORM/641465", "preferredName": "armodafinil"}, {"semTypes": ["T109", "T195"], "to": "7049", "fro": "7037", "fullId": "http://purl.bioontology.org/ontology/RXNORM/21107", "preferredName": "cilostazol"}, {"semTypes": ["T999"], "to": "7049", "fro": "7037", "fullId": "http://purl.bioontology.org/ontology/RXNORM/8183", "preferredName": "Phenytoin"}, {"semTypes": ["T121", "T116"], "to": "9286", "fro": "9276", "fullId": "http://purl.bioontology.org/ontology/MSH/D015283", "preferredName": "Citalopram"}, {"semTypes": ["T999"], "to": "6836", "fro": "6824", "fullId": "http://purl.bioontology.org/ontology/MSH/D005473", "preferredName": "Fluoxetine"}, {"semTypes": ["T121", "T109"], "to": "9669", "fro": "9659", "fullId": "http://purl.bioontology.org/ontology/RXNORM/202421", "preferredName": "Coumadin"}, {"semTypes": ["T999"], "to": "6269", "fro": "6261", "fullId": "http://purl.bioontology.org/ontology/RXNORM/42355", "preferredName": "Fluvoxamine"}, {"semTypes": ["T121", "T109"], "to": "6630", "fro": "6619", "fullId": "http://purl.bioontology.org/ontology/RXNORM/9384", "preferredName": "Rifampin"}, {"semTypes": ["T109", "T121"], "to": "6231", "fro": "6222", "fullId": "http://purl.bioontology.org/ontology/MSH/D010634", "preferredName": "Phenobarbital"}, {"semTypes": ["T999"], "to": "6907", "fro": "6899", "fullId": "http://purl.bioontology.org/ontology/RXNORM/32968", "preferredName": "clopidogrel"}, {"semTypes": ["T999"], "to": "10526", "fro": "10517", "fullId": "http://purl.bioontology.org/ontology/MSH/C451734", "preferredName": "etravirine"}, {"semTypes": ["T999"], "to": "10014", "fro": "10005", "fullId": "http://purl.bioontology.org/ontology/MSH/D013988", "preferredName": "Ticlopidine"}, {"semTypes": ["T999"], "to": "7226", "fro": "7219", "fullId": "http://purl.bioontology.org/ontology/RXNORM/202421", "preferredName": "Coumadin"}, {"semTypes": ["T121", "T109"], "to": "7297", "fro": "7289", "fullId": "http://purl.bioontology.org/ontology/RXNORM/202421", "preferredName": "Coumadin"}, {"semTypes": ["T999"], "to": "5569", "fro": "5562", "fullId": "http://purl.bioontology.org/ontology/RXNORM/11289", "preferredName": "Warfarin"}, {"semTypes": ["T999"], "to": "9669", "fro": "9659", "fullId": "http://purl.bioontology.org/ontology/RXNORM/358255", "preferredName": "aprepitant"}, {"semTypes": ["T109", "T121"], "to": "5919", "fro": "5912", "fullId": "http://purl.bioontology.org/ontology/RXNORM/6135", "preferredName": "Ketoconazole"}, {"semTypes": ["T109", "T121"], "to": "6857", "fro": "6849", "fullId": "http://purl.bioontology.org/ontology/RXNORM/703", "preferredName": "Amiodarone"}, {"semTypes": ["T999"], "to": "10539", "fro": "10529", "fullId": "http://purl.bioontology.org/ontology/RXNORM/2002", "preferredName": "Carbamazepine"}, {"semTypes": ["T999"], "to": "6231", "fro": "6222", "fullId": "http://purl.bioontology.org/ontology/RXNORM/21107", "preferredName": "cilostazol"}, {"semTypes": ["T121", "T123", "T109"], "to": "5957", "fro": "5947", "fullId": "http://purl.bioontology.org/ontology/RXNORM/4450", "preferredName": "Fluconazole"}, {"semTypes": ["T999"], "to": "9317", "fro": "9309", "fullId": "http://purl.bioontology.org/ontology/RXNORM/21212", "preferredName": "Clarithromycin"}, {"semTypes": ["T109", "T121"], "to": "5860", "fro": "5850", "fullId": "http://purl.bioontology.org/ontology/RXNORM/4493", "preferredName": "Fluoxetine"}, {"semTypes": ["T999"], "to": "6695", "fro": "6683", "fullId": "http://purl.bioontology.org/ontology/MSH/D016666", "preferredName": "Fluvoxamine"}, {"semTypes": ["T999"], "to": "6769", "fro": "6761", "fullId": "http://purl.bioontology.org/ontology/RXNORM/2551", "preferredName": "Ciprofloxacin"}, {"semTypes": ["T999"], "to": "10464", "fro": "10453", "fullId": "http://purl.bioontology.org/ontology/RXNORM/85762", "preferredName": "Ritonavir"}, {"semTypes": ["T121", "T109"], "to": "6024", "fro": "6006", "fullId": "http://purl.bioontology.org/ontology/MSH/C063449", "preferredName": "zileuton"}, {"semTypes": ["T121", "T109"], "to": "5317", "fro": "5307", "fullId": "http://purl.bioontology.org/ontology/RXNORM/11289", "preferredName": "Warfarin"}, {"semTypes": ["T121", "T109"], "to": "5332", "fro": "5320", "fullId": "http://purl.bioontology.org/ontology/RXNORM/40575", "preferredName": "zileuton"}, {"semTypes": ["T131", "T121", "T109"], "to": "2590", "fro": "2583", "fullId": "http://purl.bioontology.org/ontology/MSH/D014859", "preferredName": "Warfarin"}, {"semTypes": ["T109", "T121"], "to": "7075", "fro": "7064", "fullId": "http://purl.bioontology.org/ontology/RXNORM/202421", "preferredName": "Coumadin"}, {"semTypes": ["T999"], "to": "10110", "fro": "10102", "fullId": "http://purl.bioontology.org/ontology/RXNORM/190548", "preferredName": "tipranavir"}, {"semTypes": ["T999"], "to": "5400", "fro": "5389", "fullId": "http://purl.bioontology.org/ontology/MSH/C114556", "preferredName": "aprepitant"}, {"semTypes": ["T999"], "to": "5957", "fro": "5947", "fullId": "http://purl.bioontology.org/ontology/RXNORM/519", "preferredName": "Allopurinol"}, {"semTypes": ["T121", "T116"], "to": "6737", "fro": "6726", "fullId": "http://purl.bioontology.org/ontology/MSH/C102790", "preferredName": "voriconazole"}, {"semTypes": ["T999"], "to": "5919", "fro": "5912", "fullId": "http://purl.bioontology.org/ontology/MSH/C102790", "preferredName": "voriconazole"}, {"semTypes": ["T121", "T109"], "to": "10039", "fro": "10028", "fullId": "http://purl.bioontology.org/ontology/MSH/C063449", "preferredName": "zileuton"}, {"semTypes": ["T121", "T109"], "to": "6929", "fro": "6920", "fullId": "http://purl.bioontology.org/ontology/MSH/C102790", "preferredName": "voriconazole"}, {"semTypes": ["T999"], "to": "5278", "fro": "5269", "fullId": "http://purl.bioontology.org/ontology/RXNORM/42355", "preferredName": "Fluvoxamine"}, {"semTypes": ["T121", "T109"], "to": "5278", "fro": "5269", "fullId": "http://purl.bioontology.org/ontology/MSH/D016666", "preferredName": "Fluvoxamine"}, {"semTypes": ["T121", "T109"], "to": "10078", "fro": "10065", "fullId": "http://purl.bioontology.org/ontology/RXNORM/21107", "preferredName": "cilostazol"}, {"semTypes": ["T999"], "to": "7275", "fro": "7267", "fullId": "http://purl.bioontology.org/ontology/MSH/D019438", "preferredName": "Ritonavir"}, {"semTypes": ["T195", "T109"], "to": "6783", "fro": "6772", "fullId": "http://purl.bioontology.org/ontology/MSH/D017374", "preferredName": "Paroxetine"}, {"semTypes": ["T109", "T121"], "to": "6219", "fro": "6209", "fullId": "http://purl.bioontology.org/ontology/RXNORM/3554", "preferredName": "Disulfiram"}, {"semTypes": ["T109", "T121"], "to": "10014", "fro": "10005", "fullId": "http://purl.bioontology.org/ontology/RXNORM/8183", "preferredName": "Phenytoin"}, {"semTypes": ["T109", "T121"], "to": "6695", "fro": "6683", "fullId": "http://purl.bioontology.org/ontology/RXNORM/202421", "preferredName": "Coumadin"}, {"semTypes": ["T109", "T121"], "to": "11733", "fro": "11726", "fullId": "http://purl.bioontology.org/ontology/MSH/D014859", "preferredName": "Warfarin"}, {"semTypes": ["T999"], "to": "5982", "fro": "5972", "fullId": "http://purl.bioontology.org/ontology/RXNORM/703", "preferredName": "Amiodarone"}, {"semTypes": ["T109", "T121"], "to": "7204", "fro": "7195", "fullId": "http://purl.bioontology.org/ontology/MSH/C114556", "preferredName": "aprepitant"}, {"semTypes": ["T109", "T121"], "to": "6102", "fro": "6094", "fullId": "http://purl.bioontology.org/ontology/RXNORM/4450", "preferredName": "Fluconazole"}, {"semTypes": ["T109", "T195"], "to": "6711", "fro": "6698", "fullId": "http://purl.bioontology.org/ontology/RXNORM/2541", "preferredName": "Cimetidine"}, {"semTypes": ["T121", "T109"], "to": "6748", "fro": "6740", "fullId": "http://purl.bioontology.org/ontology/RXNORM/475969", "preferredName": "etravirine"}, {"semTypes": ["T109", "T121"], "to": "7034", "fro": "7025", "fullId": "http://purl.bioontology.org/ontology/MSH/D010634", "preferredName": "Phenobarbital"}, {"semTypes": ["T195", "T109"], "to": "7286", "fro": "7278", "fullId": "http://purl.bioontology.org/ontology/RXNORM/228656", "preferredName": "Amprenavir"}, {"semTypes": ["T195", "T109"], "to": "7333", "fro": "7326", "fullId": "http://purl.bioontology.org/ontology/MSH/D016666", "preferredName": "Fluvoxamine"}, {"semTypes": ["T999"], "to": "9297", "fro": "9289", "fullId": "http://purl.bioontology.org/ontology/RXNORM/85762", "preferredName": "Ritonavir"}, {"semTypes": ["T121", "T116"], "to": "9261", "fro": "9252", "fullId": "http://purl.bioontology.org/ontology/RXNORM/228656", "preferredName": "Amprenavir"}, {"semTypes": ["T109", "T121"], "to": "10002", "fro": "9993", "fullId": "http://purl.bioontology.org/ontology/MSH/D002939", "preferredName": "Ciprofloxacin"}, {"semTypes": ["T131", "T121", "T109"], "to": "7936", "fro": "7929", "fullId": "http://purl.bioontology.org/ontology/MSH/D014859", "preferredName": "Warfarin"}, {"semTypes": ["T109", "T121"], "to": "10464", "fro": "10453", "fullId": "http://purl.bioontology.org/ontology/MSH/D005473", "preferredName": "Fluoxetine"}, {"semTypes": ["T999"], "to": "5559", "fro": "5547", "fullId": "http://purl.bioontology.org/ontology/RXNORM/202421", "preferredName": "Coumadin"}, {"semTypes": ["T999"], "to": "5870", "fro": "5863", "fullId": "http://purl.bioontology.org/ontology/RXNORM/703", "preferredName": "Amiodarone"}, {"semTypes": ["T999"], "to": "6999", "fro": "6990", "fullId": "http://purl.bioontology.org/ontology/MSH/C086232", "preferredName": "bosentan"}, {"semTypes": ["T999"], "to": "7264", "fro": "7255", "fullId": "http://purl.bioontology.org/ontology/MSH/D019438", "preferredName": "Ritonavir"}, {"semTypes": ["T121", "T109"], "to": "6063", "fro": "6053", "fullId": "http://purl.bioontology.org/ontology/RXNORM/8640", "preferredName": "Prednisone"}, {"semTypes": ["T999"], "to": "5909", "fro": "5900", "fullId": "http://purl.bioontology.org/ontology/MSH/C086232", "preferredName": "bosentan"}, {"semTypes": ["T999"], "to": "2212", "fro": "2205", "fullId": "http://purl.bioontology.org/ontology/MSH/D014859", "preferredName": "Warfarin"}, {"semTypes": ["T999"], "to": "6243", "fro": "6234", "fullId": "http://purl.bioontology.org/ontology/MSH/D000638", "preferredName": "Amiodarone"}, {"semTypes": ["T999"], "to": "5357", "fro": "5347", "fullId": "http://purl.bioontology.org/ontology/MSH/C086232", "preferredName": "bosentan"}, {"semTypes": ["T121", "T109"], "to": "9618", "fro": "9609", "fullId": "http://purl.bioontology.org/ontology/RXNORM/358255", "preferredName": "aprepitant"}, {"semTypes": ["T999"], "to": "7011", "fro": "7002", "fullId": "http://purl.bioontology.org/ontology/MSH/D002220", "preferredName": "Carbamazepine"}, {"semTypes": ["T195", "T109"], "to": "5569", "fro": "5562", "fullId": "http://purl.bioontology.org/ontology/RXNORM/42355", "preferredName": "Fluvoxamine"}, {"semTypes": ["T109", "T121"], "to": "5400", "fro": "5389", "fullId": "http://purl.bioontology.org/ontology/RXNORM/42355", "preferredName": "Fluvoxamine"}, {"semTypes": ["T109", "T121"], "to": "9631", "fro": "9621", "fullId": "http://purl.bioontology.org/ontology/MSH/D012293", "preferredName": "Rifampin"}, {"semTypes": ["T999"], "to": "10078", "fro": "10065", "fullId": "http://purl.bioontology.org/ontology/MSH/C451734", "preferredName": "etravirine"}, {"semTypes": ["T121", "T109"], "to": "5944", "fro": "5934", "fullId": "http://purl.bioontology.org/ontology/RXNORM/11289", "preferredName": "Warfarin"}, {"semTypes": ["T121", "T109"], "to": "10489", "fro": "10479", "fullId": "http://purl.bioontology.org/ontology/RXNORM/11289", "preferredName": "Warfarin"}, {"semTypes": ["T109", "T121"], "to": "86", "fro": "79", "fullId": "http://purl.bioontology.org/ontology/MSH/D014859", "preferredName": "Warfarin"}, {"semTypes": ["T121", "T109"], "to": "6846", "fro": "6839", "fullId": "http://purl.bioontology.org/ontology/MSH/D002939", "preferredName": "Ciprofloxacin"}, {"semTypes": ["T121", "T109"], "to": "5291", "fro": "5281", "fullId": "http://purl.bioontology.org/ontology/RXNORM/202421", "preferredName": "Coumadin"}, {"semTypes": ["T999"], "to": "7192", "fro": "7182", "fullId": "http://purl.bioontology.org/ontology/RXNORM/85762", "preferredName": "Ritonavir"}, {"semTypes": ["T999"], "to": "6748", "fro": "6740", "fullId": "http://purl.bioontology.org/ontology/RXNORM/121243", "preferredName": "voriconazole"}, {"semTypes": ["T999"], "to": "6723", "fro": "6714", "fullId": "http://purl.bioontology.org/ontology/MSH/C063449", "preferredName": "zileuton"}, {"semTypes": ["T121", "T109"], "to": "5344", "fro": "5335", "fullId": "http://purl.bioontology.org/ontology/RXNORM/2551", "preferredName": "Ciprofloxacin"}, {"semTypes": ["T121", "T110", "T125"], "to": "5357", "fro": "5347", "fullId": "http://purl.bioontology.org/ontology/MSH/D015365", "preferredName": "Enoxacin"}, {"semTypes": ["T999"], "to": "6024", "fro": "6006", "fullId": "http://purl.bioontology.org/ontology/MSH/D012293", "preferredName": "Rifampin"}, {"semTypes": ["T121", "T109"], "to": "6243", "fro": "6234", "fullId": "http://purl.bioontology.org/ontology/MSH/D010672", "preferredName": "Phenytoin"}, {"semTypes": ["T999"], "to": "10062", "fro": "10054", "fullId": "http://purl.bioontology.org/ontology/MSH/C451734", "preferredName": "etravirine"}, {"semTypes": ["T121", "T109"], "to": "10088", "fro": "10081", "fullId": "http://purl.bioontology.org/ontology/MSH/C045645", "preferredName": "cilostazol"}, {"semTypes": ["T121", "T109"], "to": "6836", "fro": "6824", "fullId": "http://purl.bioontology.org/ontology/MSH/D005473", "preferredName": "Fluoxetine"}, {"semTypes": ["T999"], "to": "5266", "fro": "5254", "fullId": "http://purl.bioontology.org/ontology/MSH/C098320", "preferredName": "efavirenz"}, {"semTypes": ["T121", "T109"], "to": "5237", "fro": "5228", "fullId": "http://purl.bioontology.org/ontology/MSH/C114556", "preferredName": "aprepitant"}, {"semTypes": ["T121", "T109"], "to": "6999", "fro": "6990", "fullId": "http://purl.bioontology.org/ontology/MSH/D015365", "preferredName": "Enoxacin"}, {"semTypes": ["T999"], "to": "86", "fro": "79", "fullId": "http://purl.bioontology.org/ontology/MSH/D014859", "preferredName": "Warfarin"}, {"semTypes": ["T999"], "to": "10514", "fro": "10505", "fullId": "http://purl.bioontology.org/ontology/RXNORM/8134", "preferredName": "Phenobarbital"}, {"semTypes": ["T131", "T121", "T109"], "to": "3127", "fro": "3120", "fullId": "http://purl.bioontology.org/ontology/MSH/D014859", "preferredName": "Warfarin"}, {"semTypes": ["T999"], "to": "10039", "fro": "10028", "fullId": "http://purl.bioontology.org/ontology/RXNORM/2002", "preferredName": "Carbamazepine"}, {"semTypes": ["T999"], "to": "12318", "fro": "12311", "fullId": "http://purl.bioontology.org/ontology/MSH/D014859", "preferredName": "Warfarin"}, {"semTypes": ["T109", "T121"], "to": "7275", "fro": "7267", "fullId": "http://purl.bioontology.org/ontology/RXNORM/8134", "preferredName": "Phenobarbital"}, {"semTypes": ["T999"], "to": "6219", "fro": "6209", "fullId": "http://purl.bioontology.org/ontology/MSH/D010672", "preferredName": "Phenytoin"}, {"semTypes": ["T121", "T109"], "to": "10450", "fro": "10441", "fullId": "http://purl.bioontology.org/ontology/MSH/C074619", "preferredName": "bivalirudin"}, {"semTypes": ["T121", "T109"], "to": "7311", "fro": "7300", "fullId": "http://purl.bioontology.org/ontology/MSH/C048833", "preferredName": "modafinil"}, {"semTypes": ["T121", "T109"], "to": "7264", "fro": "7255", "fullId": "http://purl.bioontology.org/ontology/RXNORM/202421", "preferredName": "Coumadin"}, {"semTypes": ["T109", "T121"], "to": "9978", "fro": "9970", "fullId": "http://purl.bioontology.org/ontology/MSH/D015725", "preferredName": "Fluconazole"}, {"semTypes": ["T121", "T116"], "to": "9317", "fro": "9309", "fullId": "http://purl.bioontology.org/ontology/MSH/C048833", "preferredName": "modafinil"}, {"semTypes": ["T999"], "to": "6846", "fro": "6839", "fullId": "http://purl.bioontology.org/ontology/RXNORM/8183", "preferredName": "Phenytoin"}, {"semTypes": ["T999"], "to": "7061", "fro": "7052", "fullId": "http://purl.bioontology.org/ontology/MSH/C048833", "preferredName": "modafinil"}, {"semTypes": ["T999"], "to": "6857", "fro": "6849", "fullId": "http://purl.bioontology.org/ontology/RXNORM/75207", "preferredName": "bosentan"}, {"semTypes": ["T999"], "to": "12365", "fro": "12359", "fullId": "http://purl.bioontology.org/ontology/RXNORM/6932", "preferredName": "Miconazole"}, {"semTypes": ["T999"], "to": "1393", "fro": "1386", "fullId": "http://purl.bioontology.org/ontology/MSH/D014859", "preferredName": "Warfarin"}, {"semTypes": ["T999"], "to": "5344", "fro": "5335", "fullId": "http://purl.bioontology.org/ontology/RXNORM/475969", "preferredName": "etravirine"}, {"semTypes": ["T999"], "to": "10476", "fro": "10467", "fullId": "http://purl.bioontology.org/ontology/RXNORM/358255", "preferredName": "aprepitant"}, {"semTypes": ["T999"], "to": "5931", "fro": "5922", "fullId": "http://purl.bioontology.org/ontology/MSH/D015283", "preferredName": "Citalopram"}, {"semTypes": ["T999"], "to": "5944", "fro": "5934", "fullId": "http://purl.bioontology.org/ontology/RXNORM/11289", "preferredName": "Warfarin"}, {"semTypes": ["T121", "T109"], "to": "10476", "fro": "10467", "fullId": "http://purl.bioontology.org/ontology/RXNORM/11289", "preferredName": "Warfarin"}, {"semTypes": ["T999"], "to": "1101", "fro": "1094", "fullId": "http://purl.bioontology.org/ontology/MSH/D014859", "preferredName": "Warfarin"}, {"semTypes": ["T999"], "to": "6929", "fro": "6920", "fullId": "http://purl.bioontology.org/ontology/RXNORM/40575", "preferredName": "zileuton"}, {"semTypes": ["T999"], "to": "6783", "fro": "6772", "fullId": "http://purl.bioontology.org/ontology/MSH/C095108", "preferredName": "amprenavir"}, {"semTypes": ["T999"], "to": "7333", "fro": "7326", "fullId": "http://purl.bioontology.org/ontology/RXNORM/202421", "preferredName": "Coumadin"}, {"semTypes": ["T121", "T109"], "to": "5373", "fro": "5360", "fullId": "http://purl.bioontology.org/ontology/RXNORM/6135", "preferredName": "Ketoconazole"}, {"semTypes": ["T999"], "to": "1552", "fro": "1545", "fullId": "http://purl.bioontology.org/ontology/MSH/D014859", "preferredName": "Warfarin"}, {"semTypes": ["T109", "T121"], "to": "10422", "fro": "10413", "fullId": "http://purl.bioontology.org/ontology/RXNORM/9384", "preferredName": "Rifampin"}, {"semTypes": ["T109", "T121"], "to": "5413", "fro": "5403", "fullId": "http://purl.bioontology.org/ontology/MSH/C074619", "preferredName": "bivalirudin"}, {"semTypes": ["T999"], "to": "11126", "fro": "11119", "fullId": "http://purl.bioontology.org/ontology/MSH/D014859", "preferredName": "Warfarin"}, {"semTypes": ["T121", "T109"], "to": "6591", "fro": "6582", "fullId": "http://purl.bioontology.org/ontology/MSH/D010634", "preferredName": "Phenobarbital"}, {"semTypes": ["T999"], "to": "6737", "fro": "6726", "fullId": "http://purl.bioontology.org/ontology/MSH/D013988", "preferredName": "Ticlopidine"}, {"semTypes": ["T999"], "to": "2916", "fro": "2909", "fullId": "http://purl.bioontology.org/ontology/MSH/D014859", "preferredName": "Warfarin"}, {"semTypes": ["T121", "T109"], "to": "6882", "fro": "6871", "fullId": "http://purl.bioontology.org/ontology/MSH/D015725", "preferredName": "Fluconazole"}, {"semTypes": ["T999"], "to": "1623", "fro": "1616", "fullId": "http://purl.bioontology.org/ontology/MSH/D014859", "preferredName": "Warfarin"}, {"semTypes": ["T999"], "to": "5882", "fro": "5873", "fullId": "http://purl.bioontology.org/ontology/RXNORM/85762", "preferredName": "Ritonavir"}, {"semTypes": ["T131", "T121", "T109"], "to": "11126", "fro": "11119", "fullId": "http://purl.bioontology.org/ontology/MSH/D014859", "preferredName": "Warfarin"}, {"semTypes": ["T109", "T121"], "to": "6896", "fro": "6885", "fullId": "http://purl.bioontology.org/ontology/RXNORM/4493", "preferredName": "Fluoxetine"}, {"semTypes": ["T999"], "to": "204", "fro": "197", "fullId": "http://purl.bioontology.org/ontology/MSH/D014859", "preferredName": "Warfarin"}, {"semTypes": ["T999"], "to": "6656", "fro": "6645", "fullId": "http://purl.bioontology.org/ontology/RXNORM/75207", "preferredName": "bosentan"}, {"semTypes": ["T999"], "to": "3949", "fro": "3942", "fullId": "http://purl.bioontology.org/ontology/MSH/D014859", "preferredName": "Warfarin"}, {"semTypes": ["T109", "T121"], "to": "6656", "fro": "6645", "fullId": "http://purl.bioontology.org/ontology/MSH/D002220", "preferredName": "Carbamazepine"}, {"semTypes": ["T999"], "to": "6258", "fro": "6246", "fullId": "http://purl.bioontology.org/ontology/RXNORM/202421", "preferredName": "Coumadin"}, {"semTypes": ["T999"], "to": "6896", "fro": "6885", "fullId": "http://purl.bioontology.org/ontology/RXNORM/228656", "preferredName": "Amprenavir"}, {"semTypes": ["T999"], "to": "10970", "fro": "10963", "fullId": "http://purl.bioontology.org/ontology/MSH/D014859", "preferredName": "Warfarin"}, {"semTypes": ["T999"], "to": "6567", "fro": "6558", "fullId": "http://purl.bioontology.org/ontology/RXNORM/121243", "preferredName": "voriconazole"}, {"semTypes": ["T109", "T121"], "to": "9606", "fro": "9600", "fullId": "http://purl.bioontology.org/ontology/MSH/D000638", "preferredName": "Amiodarone"}, {"semTypes": ["T999"], "to": "3127", "fro": "3120", "fullId": "http://purl.bioontology.org/ontology/MSH/D014859", "preferredName": "Warfarin"}, {"semTypes": ["T999"], "to": "6821", "fro": "6811", "fullId": "http://purl.bioontology.org/ontology/RXNORM/11289", "preferredName": "Warfarin"}, {"semTypes": ["T121", "T114"], "to": "5847", "fro": "5839", "fullId": "http://purl.bioontology.org/ontology/MSH/D002939", "preferredName": "Ciprofloxacin"}, {"semTypes": ["T999"], "to": "3088", "fro": "3081", "fullId": "http://purl.bioontology.org/ontology/MSH/D014859", "preferredName": "Warfarin"}, {"semTypes": ["T999"], "to": "2955", "fro": "2948", "fullId": "http://purl.bioontology.org/ontology/MSH/D014859", "preferredName": "Warfarin"}, {"semTypes": ["T999"], "to": "6112", "fro": "6105", "fullId": "http://purl.bioontology.org/ontology/MSH/D019438", "preferredName": "Ritonavir"}, {"semTypes": ["T109", "T121"], "to": "12252", "fro": "12245", "fullId": "http://purl.bioontology.org/ontology/MSH/D014859", "preferredName": "Warfarin"}, {"semTypes": ["T999"], "to": "11254", "fro": "11247", "fullId": "http://purl.bioontology.org/ontology/MSH/D014859", "preferredName": "Warfarin"}, {"semTypes": ["T999"], "to": "5386", "fro": "5376", "fullId": "http://purl.bioontology.org/ontology/RXNORM/32613", "preferredName": "oxaprozin"}, {"semTypes": ["T121", "T109"], "to": "7192", "fro": "7182", "fullId": "http://purl.bioontology.org/ontology/MSH/D002927", "preferredName": "Cimetidine"}, {"semTypes": ["T999"], "to": "7872", "fro": "7865", "fullId": "http://purl.bioontology.org/ontology/MSH/D014859", "preferredName": "Warfarin"}, {"semTypes": ["T999"], "to": "6630", "fro": "6619", "fullId": "http://purl.bioontology.org/ontology/MSH/D015283", "preferredName": "Citalopram"}, {"semTypes": ["T999"], "to": "2590", "fro": "2583", "fullId": "http://purl.bioontology.org/ontology/MSH/D014859", "preferredName": "Warfarin"}, {"semTypes": ["T999"], "to": "5897", "fro": "5885", "fullId": "http://purl.bioontology.org/ontology/RXNORM/202421", "preferredName": "Coumadin"}, {"semTypes": ["T999"], "to": "7297", "fro": "7289", "fullId": "http://purl.bioontology.org/ontology/RXNORM/202421", "preferredName": "Coumadin"}, {"semTypes": ["T999"], "to": "7034", "fro": "7025", "fullId": "http://purl.bioontology.org/ontology/MSH/D013827", "preferredName": "Thiabendazole"}, {"semTypes": ["T121", "T109"], "to": "6952", "fro": "6944", "fullId": "http://purl.bioontology.org/ontology/RXNORM/32613", "preferredName": "oxaprozin"}, {"semTypes": ["T999"], "to": "11733", "fro": "11726", "fullId": "http://purl.bioontology.org/ontology/MSH/D014859", "preferredName": "Warfarin"}, {"semTypes": ["T109", "T121"], "to": "10514", "fro": "10505", "fullId": "http://purl.bioontology.org/ontology/RXNORM/190548", "preferredName": "tipranavir"}, {"semTypes": ["T999"], "to": "6987", "fro": "6976", "fullId": "http://purl.bioontology.org/ontology/MSH/C047426", "preferredName": "venlafaxine"}, {"semTypes": ["T999"], "to": "12420", "fro": "12413", "fullId": "http://purl.bioontology.org/ontology/MSH/D014859", "preferredName": "Warfarin"}, {"semTypes": ["T109", "T121"], "to": "10438", "fro": "10425", "fullId": "http://purl.bioontology.org/ontology/RXNORM/4493", "preferredName": "Fluoxetine"}, {"semTypes": ["T999"], "to": "9261", "fro": "9252", "fullId": "http://purl.bioontology.org/ontology/RXNORM/2541", "preferredName": "Cimetidine"}, {"semTypes": ["T999"], "to": "6868", "fro": "6860", "fullId": "http://purl.bioontology.org/ontology/RXNORM/3554", "preferredName": "Disulfiram"}, {"semTypes": ["T999"], "to": "472", "fro": "465", "fullId": "http://purl.bioontology.org/ontology/MSH/D014859", "preferredName": "Warfarin"}, {"semTypes": ["T999"], "to": "6616", "fro": "6607", "fullId": "http://purl.bioontology.org/ontology/RXNORM/11289", "preferredName": "Warfarin"}, {"semTypes": ["T999"], "to": "5317", "fro": "5307", "fullId": "http://purl.bioontology.org/ontology/RXNORM/11289", "preferredName": "Warfarin"}, {"semTypes": ["T109", "T121"], "to": "10099", "fro": "10091", "fullId": "http://purl.bioontology.org/ontology/RXNORM/10594", "preferredName": "Ticlopidine"}, {"semTypes": ["T999"], "to": "12071", "fro": "12066", "fullId": "http://purl.bioontology.org/ontology/MSH/D002927", "preferredName": "Cimetidine"}, {"semTypes": ["T999"], "to": "7936", "fro": "7929", "fullId": "http://purl.bioontology.org/ontology/MSH/D014859", "preferredName": "Warfarin"}, {"semTypes": ["T999"], "to": "6591", "fro": "6582", "fullId": "http://purl.bioontology.org/ontology/RXNORM/8183", "preferredName": "Phenytoin"}, {"semTypes": ["T999"], "to": "9606", "fro": "9600", "fullId": "http://purl.bioontology.org/ontology/MSH/C048833", "preferredName": "modafinil"}, {"semTypes": ["T109", "T121"], "to": "5544", "fro": "5532", "fullId": "http://purl.bioontology.org/ontology/RXNORM/202421", "preferredName": "Coumadin"}, {"semTypes": ["T999"], "to": "5413", "fro": "5403", "fullId": "http://purl.bioontology.org/ontology/RXNORM/282446", "preferredName": "posaconazole"}, {"semTypes": ["T999"], "to": "6091", "fro": "6081", "fullId": "http://purl.bioontology.org/ontology/RXNORM/202421", "preferredName": "Coumadin"}, {"semTypes": ["T999"], "to": "7204", "fro": "7195", "fullId": "http://purl.bioontology.org/ontology/MSH/D016666", "preferredName": "Fluvoxamine"}, {"semTypes": ["T999"], "to": "2662", "fro": "2655", "fullId": "http://purl.bioontology.org/ontology/MSH/D014859", "preferredName": "Warfarin"}, {"semTypes": ["T999"], "to": "7241", "fro": "7229", "fullId": "http://purl.bioontology.org/ontology/RXNORM/42355", "preferredName": "Fluvoxamine"}, {"semTypes": ["T999"], "to": "12252", "fro": "12245", "fullId": "http://purl.bioontology.org/ontology/MSH/D014859", "preferredName": "Warfarin"}, {"semTypes": ["T121", "T109"], "to": "6821", "fro": "6811", "fullId": "http://purl.bioontology.org/ontology/RXNORM/11289", "preferredName": "Warfarin"}, {"semTypes": ["T131", "T121", "T109"], "to": "11254", "fro": "11247", "fullId": "http://purl.bioontology.org/ontology/MSH/D014859", "preferredName": "Warfarin"}, {"semTypes": ["T999"], "to": "11589", "fro": "11582", "fullId": "http://purl.bioontology.org/ontology/MSH/D014859", "preferredName": "Warfarin"}, {"semTypes": ["T109", "T121"], "to": "204", "fro": "197", "fullId": "http://purl.bioontology.org/ontology/MSH/D014859", "preferredName": "Warfarin"}, {"semTypes": ["T999"], "to": "5519", "fro": "5510", "fullId": "http://purl.bioontology.org/ontology/RXNORM/11289", "preferredName": "Warfarin"}, {"semTypes": ["T121", "T109"], "to": "6808", "fro": "6799", "fullId": "http://purl.bioontology.org/ontology/RXNORM/358255", "preferredName": "aprepitant"}, {"semTypes": ["T131", "T121", "T109"], "to": "10970", "fro": "10963", "fullId": "http://purl.bioontology.org/ontology/MSH/D014859", "preferredName": "Warfarin"}, {"semTypes": ["T121", "T114"], "to": "5251", "fro": "5240", "fullId": "http://purl.bioontology.org/ontology/RXNORM/4450", "preferredName": "Fluconazole"}, {"semTypes": ["T131", "T121", "T109"], "to": "2662", "fro": "2655", "fullId": "http://purl.bioontology.org/ontology/MSH/D014859", "preferredName": "Warfarin"}, {"semTypes": ["T131", "T121", "T109"], "to": "2955", "fro": "2948", "fullId": "http://purl.bioontology.org/ontology/MSH/D014859", "preferredName": "Warfarin"}, {"semTypes": ["T999"], "to": "9618", "fro": "9609", "fullId": "http://purl.bioontology.org/ontology/MSH/D016666", "preferredName": "Fluvoxamine"}, {"semTypes": ["T109", "T121"], "to": "6917", "fro": "6909", "fullId": "http://purl.bioontology.org/ontology/RXNORM/11289", "preferredName": "Warfarin"}, {"semTypes": ["T109", "T121"], "to": "5969", "fro": "5960", "fullId": "http://purl.bioontology.org/ontology/RXNORM/1086769", "preferredName": "vilazodone"}, {"semTypes": ["T131", "T121", "T109"], "to": "1552", "fro": "1545", "fullId": "http://purl.bioontology.org/ontology/MSH/D014859", "preferredName": "Warfarin"}, {"semTypes": ["T999"], "to": "10120", "fro": "10113", "fullId": "http://purl.bioontology.org/ontology/RXNORM/40575", "preferredName": "zileuton"}, {"semTypes": ["T999"], "to": "7022", "fro": "7014", "fullId": "http://purl.bioontology.org/ontology/RXNORM/11289", "preferredName": "Warfarin"}, {"semTypes": ["T999"], "to": "6917", "fro": "6909", "fullId": "http://purl.bioontology.org/ontology/RXNORM/11289", "preferredName": "Warfarin"}, {"semTypes": ["T109", "T121"], "to": "7011", "fro": "7002", "fullId": "http://purl.bioontology.org/ontology/RXNORM/21107", "preferredName": "cilostazol"}, {"semTypes": ["T121", "T109"], "to": "6796", "fro": "6786", "fullId": "http://purl.bioontology.org/ontology/MSH/C114556", "preferredName": "aprepitant"}, {"semTypes": ["T121", "T109"], "to": "5882", "fro": "5873", "fullId": "http://purl.bioontology.org/ontology/MSH/D016666", "preferredName": "Fluvoxamine"}, {"semTypes": ["T131", "T121", "T109"], "to": "2916", "fro": "2909", "fullId": "http://purl.bioontology.org/ontology/MSH/D014859", "preferredName": "Warfarin"}, {"semTypes": ["T999"], "to": "9978", "fro": "9970", "fullId": "http://purl.bioontology.org/ontology/MSH/C102790", "preferredName": "voriconazole"}, {"semTypes": ["T121", "T109"], "to": "6616", "fro": "6607", "fullId": "http://purl.bioontology.org/ontology/RXNORM/11289", "preferredName": "Warfarin"}, {"semTypes": ["T999"], "to": "7286", "fro": "7278", "fullId": "http://purl.bioontology.org/ontology/MSH/C063449", "preferredName": "zileuton"}, {"semTypes": ["T999"], "to": "7323", "fro": "7314", "fullId": "http://purl.bioontology.org/ontology/RXNORM/641465", "preferredName": "armodafinil"}, {"semTypes": ["T109", "T121"], "to": "7085", "fro": "7078", "fullId": "http://purl.bioontology.org/ontology/RXNORM/42355", "preferredName": "Fluvoxamine"}, {"semTypes": ["T121", "T109"], "to": "5519", "fro": "5510", "fullId": "http://purl.bioontology.org/ontology/RXNORM/11289", "preferredName": "Warfarin"}, {"semTypes": ["T999"], "to": "10051", "fro": "10042", "fullId": "http://purl.bioontology.org/ontology/MSH/D014812", "preferredName": "Vitamin K"}, {"semTypes": ["T999"], "to": "9286", "fro": "9276", "fullId": "http://purl.bioontology.org/ontology/RXNORM/85762", "preferredName": "Ritonavir"}, {"semTypes": ["T121", "T109"], "to": "5931", "fro": "5922", "fullId": "http://purl.bioontology.org/ontology/MSH/D002939", "preferredName": "Ciprofloxacin"}, {"semTypes": ["T109", "T121"], "to": "6112", "fro": "6105", "fullId": "http://purl.bioontology.org/ontology/RXNORM/202421", "preferredName": "Coumadin"}, {"semTypes": ["T999"], "to": "10422", "fro": "10413", "fullId": "http://purl.bioontology.org/ontology/MSH/D019438", "preferredName": "Ritonavir"}, {"semTypes": ["T109", "T121"], "to": "11589", "fro": "11582", "fullId": "http://purl.bioontology.org/ontology/MSH/D014859", "preferredName": "Warfarin"}, {"semTypes": ["T999"], "to": "7216", "fro": "7207", "fullId": "http://purl.bioontology.org/ontology/RXNORM/11289", "preferredName": "Warfarin"}, {"semTypes": ["T121", "T109"], "to": "7226", "fro": "7219", "fullId": "http://purl.bioontology.org/ontology/RXNORM/202421", "preferredName": "Coumadin"}, {"semTypes": ["T999"], "to": "5529", "fro": "5522", "fullId": "http://purl.bioontology.org/ontology/MSH/C114556", "preferredName": "aprepitant"}, {"semTypes": ["T109", "T121"], "to": "10110", "fro": "10102", "fullId": "http://purl.bioontology.org/ontology/MSH/D007654", "preferredName": "Ketoconazole"}, {"semTypes": ["T109", "T121"], "to": "5909", "fro": "5900", "fullId": "http://purl.bioontology.org/ontology/RXNORM/2541", "preferredName": "Cimetidine"}, {"semTypes": ["T131", "T121", "T109"], "to": "7872", "fro": "7865", "fullId": "http://purl.bioontology.org/ontology/MSH/D014859", "preferredName": "Warfarin"}, {"semTypes": ["T121", "T109"], "to": "6642", "fro": "6633", "fullId": "http://purl.bioontology.org/ontology/RXNORM/2002", "preferredName": "Carbamazepine"}, {"semTypes": ["T999"], "to": "6642", "fro": "6633", "fullId": "http://purl.bioontology.org/ontology/RXNORM/475969", "preferredName": "etravirine"}, {"semTypes": ["T999"], "to": "10450", "fro": "10441", "fullId": "http://purl.bioontology.org/ontology/MSH/C045645", "preferredName": "cilostazol"}, {"semTypes": ["T109", "T121"], "to": "10502", "fro": "10492", "fullId": "http://purl.bioontology.org/ontology/RXNORM/10594", "preferredName": "Ticlopidine"}, {"semTypes": ["T999"], "to": "6078", "fro": "6066", "fullId": "http://purl.bioontology.org/ontology/RXNORM/2002", "preferredName": "Carbamazepine"}, {"semTypes": ["T999"], "to": "6063", "fro": "6053", "fullId": "http://purl.bioontology.org/ontology/MSH/C047426", "preferredName": "venlafaxine"}, {"semTypes": ["T999"], "to": "6808", "fro": "6799", "fullId": "http://purl.bioontology.org/ontology/MSH/D016666", "preferredName": "Fluvoxamine"}, {"semTypes": ["T109", "T121"], "to": "12420", "fro": "12413", "fullId": "http://purl.bioontology.org/ontology/MSH/D014859", "preferredName": "Warfarin"}, {"semTypes": ["T109", "T121"], "to": "7061", "fro": "7052", "fullId": "http://purl.bioontology.org/ontology/MSH/D012293", "preferredName": "Rifampin"}, {"semTypes": ["T999"], "to": "9990", "fro": "9981", "fullId": "http://purl.bioontology.org/ontology/RXNORM/282446", "preferredName": "posaconazole"}, {"semTypes": ["T109", "T121"], "to": "6758", "fro": "6750", "fullId": "http://purl.bioontology.org/ontology/RXNORM/11289", "preferredName": "Warfarin"}, {"semTypes": ["T109", "T121"], "to": "472", "fro": "465", "fullId": "http://purl.bioontology.org/ontology/MSH/D014859", "preferredName": "Warfarin"}, {"semTypes": ["T121", "T109"], "to": "6269", "fro": "6261", "fullId": "http://purl.bioontology.org/ontology/RXNORM/202421", "preferredName": "Coumadin"}, {"semTypes": ["T109", "T121"], "to": "10539", "fro": "10529", "fullId": "http://purl.bioontology.org/ontology/RXNORM/703", "preferredName": "Amiodarone"}, {"semTypes": ["T121", "T109"], "to": "6258", "fro": "6246", "fullId": "http://purl.bioontology.org/ontology/MSH/D019438", "preferredName": "Ritonavir"}, {"semTypes": ["T109", "T121"], "to": "12318", "fro": "12311", "fullId": "http://purl.bioontology.org/ontology/MSH/D014859", "preferredName": "Warfarin"}, {"semTypes": ["T999"], "to": "7252", "fro": "7244", "fullId": "http://purl.bioontology.org/ontology/MSH/C086232", "preferredName": "bosentan"}, {"semTypes": ["T999"], "to": "6711", "fro": "6698", "fullId": "http://purl.bioontology.org/ontology/RXNORM/4450", "preferredName": "Fluconazole"}, {"semTypes": ["T999"], "to": "5847", "fro": "5839", "fullId": "http://purl.bioontology.org/ontology/MSH/D000638", "preferredName": "Amiodarone"}, {"semTypes": ["T999"], "to": "9645", "fro": "9634", "fullId": "http://purl.bioontology.org/ontology/MSH/D010672", "preferredName": "Phenytoin"}, {"semTypes": ["T109", "T121"], "to": "6769", "fro": "6761", "fullId": "http://purl.bioontology.org/ontology/MSH/C045645", "preferredName": "cilostazol"}, {"semTypes": ["T109", "T121"], "to": "7022", "fro": "7014", "fullId": "http://purl.bioontology.org/ontology/RXNORM/11289", "preferredName": "Warfarin"}, {"semTypes": ["T121", "T109"], "to": "6668", "fro": "6659", "fullId": "http://purl.bioontology.org/ontology/MSH/C114556", "preferredName": "aprepitant"}, {"semTypes": ["T121", "T109"], "to": "10551", "fro": "10542", "fullId": "http://purl.bioontology.org/ontology/RXNORM/8134", "preferredName": "Phenobarbital"}, {"semTypes": ["T131", "T121", "T109"], "to": "3949", "fro": "3942", "fullId": "http://purl.bioontology.org/ontology/MSH/D014859", "preferredName": "Warfarin"}, {"semTypes": ["T109", "T121"], "to": "1623", "fro": "1616", "fullId": "http://purl.bioontology.org/ontology/MSH/D014859", "preferredName": "Warfarin"}, {"semTypes": ["T109", "T121"], "to": "1101", "fro": "1094", "fullId": "http://purl.bioontology.org/ontology/MSH/D014859", "preferredName": "Warfarin"}, {"semTypes": ["T109", "T121"], "to": "6037", "fro": "6027", "fullId": "http://purl.bioontology.org/ontology/MSH/C451734", "preferredName": "etravirine"}, {"semTypes": ["T999"], "to": "10025", "fro": "10017", "fullId": "http://purl.bioontology.org/ontology/RXNORM/9384", "preferredName": "Rifampin"}, {"semTypes": ["T109", "T121"], "to": "9990", "fro": "9981", "fullId": "http://purl.bioontology.org/ontology/MSH/C060225", "preferredName": "desirudin"}, {"semTypes": ["T999"], "to": "7085", "fro": "7078", "fullId": "http://purl.bioontology.org/ontology/RXNORM/202421", "preferredName": "Coumadin"}, {"semTypes": ["T121", "T109"], "to": "5559", "fro": "5547", "fullId": "http://purl.bioontology.org/ontology/RXNORM/11289", "preferredName": "Warfarin"}, {"semTypes": ["T999"], "to": "7345", "fro": "7336", "fullId": "http://purl.bioontology.org/ontology/RXNORM/2551", "preferredName": "Ciprofloxacin"}, {"semTypes": ["T999"], "to": "5860", "fro": "5850", "fullId": "http://purl.bioontology.org/ontology/MSH/D000638", "preferredName": "Amiodarone"}, {"semTypes": ["T116", "T121"], "to": "9297", "fro": "9289", "fullId": "http://purl.bioontology.org/ontology/MSH/D012293", "preferredName": "Rifampin"}, {"semTypes": ["T109", "T121"], "to": "5982", "fro": "5972", "fullId": "http://purl.bioontology.org/ontology/MSH/D004221", "preferredName": "Disulfiram"}, {"semTypes": ["T109", "T121"], "to": "6603", "fro": "6594", "fullId": "http://purl.bioontology.org/ontology/RXNORM/11289", "preferredName": "Warfarin"}, {"semTypes": ["T999"], "to": "10099", "fro": "10091", "fullId": "http://purl.bioontology.org/ontology/RXNORM/475969", "preferredName": "etravirine"}, {"semTypes": ["T999"], "to": "10551", "fro": "10542", "fullId": "http://purl.bioontology.org/ontology/MSH/D007654", "preferredName": "Ketoconazole"}, {"semTypes": ["T121", "T109"], "to": "6579", "fro": "6570", "fullId": "http://purl.bioontology.org/ontology/RXNORM/358255", "preferredName": "aprepitant"}, {"semTypes": ["T121", "T109"], "to": "6987", "fro": "6976", "fullId": "http://purl.bioontology.org/ontology/RXNORM/228656", "preferredName": "Amprenavir"}, {"semTypes": ["T999"], "to": "6758", "fro": "6750", "fullId": "http://purl.bioontology.org/ontology/RXNORM/11289", "preferredName": "Warfarin"}, {"semTypes": ["T109", "T121"], "to": "1393", "fro": "1386", "fullId": "http://purl.bioontology.org/ontology/MSH/D014859", "preferredName": "Warfarin"}, {"semTypes": ["T999"], "to": "9306", "fro": "9300", "fullId": "http://purl.bioontology.org/ontology/RXNORM/40575", "preferredName": "zileuton"}, {"semTypes": ["T999"], "to": "9631", "fro": "9621", "fullId": "http://purl.bioontology.org/ontology/RXNORM/8134", "preferredName": "Phenobarbital"}, {"semTypes": ["T121", "T109"], "to": "7345", "fro": "7336", "fullId": "http://purl.bioontology.org/ontology/MSH/D002927", "preferredName": "Cimetidine"}, {"semTypes": ["T109", "T121"], "to": "10062", "fro": "10054", "fullId": "http://purl.bioontology.org/ontology/MSH/D010672", "preferredName": "Phenytoin"}, {"semTypes": ["T999"], "to": "5332", "fro": "5320", "fullId": "http://purl.bioontology.org/ontology/RXNORM/10594", "preferredName": "Ticlopidine"}, {"semTypes": ["T999"], "to": "5237", "fro": "5228", "fullId": "http://purl.bioontology.org/ontology/RXNORM/202421", "preferredName": "Coumadin"}, {"semTypes": ["T121", "T109"], "to": "10120", "fro": "10113", "fullId": "http://purl.bioontology.org/ontology/MSH/D015725", "preferredName": "Fluconazole"}, {"semTypes": ["T999"], "to": "6680", "fro": "6671", "fullId": "http://purl.bioontology.org/ontology/RXNORM/11289", "preferredName": "Warfarin"}, {"semTypes": ["T123", "T118", "T121"], "to": "9306", "fro": "9300", "fullId": "http://purl.bioontology.org/ontology/RXNORM/8640", "preferredName": "Prednisone"}, {"semTypes": ["T999"], "to": "6050", "fro": "6040", "fullId": "http://purl.bioontology.org/ontology/RXNORM/121243", "preferredName": "voriconazole"}, {"semTypes": ["T121", "T127", "T119"], "to": "310", "fro": "302", "fullId": "http://purl.bioontology.org/ontology/RXNORM/32968", "preferredName": "clopidogrel"}, {"semTypes": ["T999"], "to": "6952", "fro": "6944", "fullId": "http://purl.bioontology.org/ontology/RXNORM/6932", "preferredName": "Miconazole"}, {"semTypes": ["T121", "T109"], "to": "10025", "fro": "10017", "fullId": "http://purl.bioontology.org/ontology/RXNORM/21212", "preferredName": "Clarithromycin"}, {"semTypes": ["T109", "T121"], "to": "6567", "fro": "6558", "fullId": "http://purl.bioontology.org/ontology/RXNORM/75207", "preferredName": "bosentan"}, {"semTypes": ["T121", "T109"], "to": "6868", "fro": "6860", "fullId": "http://purl.bioontology.org/ontology/MSH/D013988", "preferredName": "Ticlopidine"}, {"semTypes": ["T121", "T109"], "to": "6091", "fro": "6081", "fullId": "http://purl.bioontology.org/ontology/RXNORM/11289", "preferredName": "Warfarin"}, {"semTypes": ["T999"], "to": "10502", "fro": "10492", "fullId": "http://purl.bioontology.org/ontology/MSH/D015725", "preferredName": "Fluconazole"}, {"semTypes": ["T999"], "to": "5291", "fro": "5281", "fullId": "http://purl.bioontology.org/ontology/RXNORM/85762", "preferredName": "Ritonavir"}, {"semTypes": ["T121", "T109"], "to": "5304", "fro": "5294", "fullId": "http://purl.bioontology.org/ontology/MSH/C105934", "preferredName": "celecoxib"}, {"semTypes": ["T121", "T109"], "to": "7216", "fro": "7207", "fullId": "http://purl.bioontology.org/ontology/RXNORM/11289", "preferredName": "Warfarin"}, {"semTypes": ["T999"], "to": "10489", "fro": "10479", "fullId": "http://purl.bioontology.org/ontology/RXNORM/11289", "preferredName": "Warfarin"}, {"semTypes": ["T109", "T121"], "to": "7241", "fro": "7229", "fullId": "http://purl.bioontology.org/ontology/RXNORM/202421", "preferredName": "Coumadin"}, {"semTypes": ["T999"], "to": "10088", "fro": "10081", "fullId": "http://purl.bioontology.org/ontology/MSH/D013988", "preferredName": "Ticlopidine"}, {"semTypes": ["T109", "T121"], "to": "10051", "fro": "10042", "fullId": "http://purl.bioontology.org/ontology/RXNORM/75207", "preferredName": "bosentan"}, {"semTypes": ["T999"], "to": "5373", "fro": "5360", "fullId": "http://purl.bioontology.org/ontology/MSH/C095108", "preferredName": "amprenavir"}, {"semTypes": ["T121", "T109"], "to": "6723", "fro": "6714", "fullId": "http://purl.bioontology.org/ontology/MSH/D013827", "preferredName": "Thiabendazole"}, {"semTypes": ["T999"], "to": "6882", "fro": "6871", "fullId": "http://purl.bioontology.org/ontology/MSH/D017374", "preferredName": "Paroxetine"}, {"semTypes": ["T121", "T109"], "to": "5529", "fro": "5522", "fullId": "http://purl.bioontology.org/ontology/RXNORM/202421", "preferredName": "Coumadin"}, {"semTypes": ["T999"], "to": "7075", "fro": "7064", "fullId": "http://purl.bioontology.org/ontology/RXNORM/202421", "preferredName": "Coumadin"}, {"semTypes": ["T999"], "to": "9656", "fro": "9648", "fullId": "http://purl.bioontology.org/ontology/RXNORM/121243", "preferredName": "voriconazole"}, {"semTypes": ["T109", "T121"], "to": "6907", "fro": "6899", "fullId": "http://purl.bioontology.org/ontology/MSH/C060225", "preferredName": "desirudin"}, {"semTypes": ["T999"], "to": "6796", "fro": "6786", "fullId": "http://purl.bioontology.org/ontology/RXNORM/42355", "preferredName": "Fluvoxamine"}, {"semTypes": ["T121", "T109"], "to": "6680", "fro": "6671", "fullId": "http://purl.bioontology.org/ontology/RXNORM/202421", "preferredName": "Coumadin"}, {"semTypes": ["T999"], "to": "9273", "fro": "9264", "fullId": "http://purl.bioontology.org/ontology/MSH/C098320", "preferredName": "efavirenz"}]