[{"semTypes": ["T109", "T121"], "to": "9336", "fro": "9326", "fullId": "http://purl.bioontology.org/ontology/MSH/C035133", "preferredName": "mirtazapine"}, {"semTypes": ["T999"], "to": "10668", "fro": "10662", "fullId": "http://purl.bioontology.org/ontology/MSH/C035133", "preferredName": "mirtazapine"}, {"semTypes": ["T999"], "to": "9336", "fro": "9326", "fullId": "http://purl.bioontology.org/ontology/MSH/C035133", "preferredName": "mirtazapine"}, {"semTypes": ["T999"], "to": "4504", "fro": "4494", "fullId": "http://purl.bioontology.org/ontology/MSH/C035133", "preferredName": "mirtazapine"}, {"semTypes": ["T999"], "to": "9923", "fro": "9913", "fullId": "http://purl.bioontology.org/ontology/MSH/C035133", "preferredName": "mirtazapine"}, {"semTypes": ["T999"], "to": "7229", "fro": "7219", "fullId": "http://purl.bioontology.org/ontology/MSH/C035133", "preferredName": "mirtazapine"}, {"semTypes": ["T999"], "to": "7256", "fro": "7246", "fullId": "http://purl.bioontology.org/ontology/MSH/C035133", "preferredName": "mirtazapine"}, {"semTypes": ["T109", "T121"], "to": "8095", "fro": "8085", "fullId": "http://purl.bioontology.org/ontology/MSH/C035133", "preferredName": "mirtazapine"}, {"semTypes": ["T999"], "to": "3377", "fro": "3367", "fullId": "http://purl.bioontology.org/ontology/MSH/C035133", "preferredName": "mirtazapine"}, {"semTypes": ["T109", "T121"], "to": "7333", "fro": "7321", "fullId": "http://purl.bioontology.org/ontology/RXNORM/15996", "preferredName": "Mirtazapine"}, {"semTypes": ["T109", "T131", "T121"], "to": "7630", "fro": "7623", "fullId": "http://purl.bioontology.org/ontology/RXNORM/15996", "preferredName": "Mirtazapine"}, {"semTypes": ["T999"], "to": "3402", "fro": "3392", "fullId": "http://purl.bioontology.org/ontology/MSH/C035133", "preferredName": "mirtazapine"}, {"semTypes": ["T999"], "to": "4741", "fro": "4732", "fullId": "http://purl.bioontology.org/ontology/MSH/C035133", "preferredName": "mirtazapine"}, {"semTypes": ["T999"], "to": "4427", "fro": "4417", "fullId": "http://purl.bioontology.org/ontology/MSH/C035133", "preferredName": "mirtazapine"}, {"semTypes": ["T999"], "to": "7630", "fro": "7623", "fullId": "http://purl.bioontology.org/ontology/RXNORM/15996", "preferredName": "Mirtazapine"}, {"semTypes": ["T109", "T121"], "to": "7256", "fro": "7246", "fullId": "http://purl.bioontology.org/ontology/MSH/C035133", "preferredName": "mirtazapine"}, {"semTypes": ["T999"], "to": "5672", "fro": "5663", "fullId": "http://purl.bioontology.org/ontology/RXNORM/2541", "preferredName": "Cimetidine"}, {"semTypes": ["T999"], "to": "3275", "fro": "3267", "fullId": "http://purl.bioontology.org/ontology/RXNORM/15996", "preferredName": "Mirtazapine"}, {"semTypes": ["T999"], "to": "7951", "fro": "7941", "fullId": "http://purl.bioontology.org/ontology/MSH/C035133", "preferredName": "mirtazapine"}, {"semTypes": ["T109", "T131", "T121"], "to": "7915", "fro": "7908", "fullId": "http://purl.bioontology.org/ontology/RXNORM/15996", "preferredName": "Mirtazapine"}, {"semTypes": ["T999"], "to": "8095", "fro": "8085", "fullId": "http://purl.bioontology.org/ontology/MSH/C035133", "preferredName": "mirtazapine"}, {"semTypes": ["T999"], "to": "4172", "fro": "4163", "fullId": "http://purl.bioontology.org/ontology/RXNORM/15996", "preferredName": "Mirtazapine"}, {"semTypes": ["T999"], "to": "7745", "fro": "7735", "fullId": "http://purl.bioontology.org/ontology/MSH/C035133", "preferredName": "mirtazapine"}, {"semTypes": ["T109", "T121"], "to": "2389", "fro": "2379", "fullId": "http://purl.bioontology.org/ontology/MSH/C035133", "preferredName": "mirtazapine"}, {"semTypes": ["T109", "T121"], "to": "3402", "fro": "3392", "fullId": "http://purl.bioontology.org/ontology/MSH/C035133", "preferredName": "mirtazapine"}, {"semTypes": ["T109", "T121"], "to": "5672", "fro": "5663", "fullId": "http://purl.bioontology.org/ontology/MSH/D002927", "preferredName": "Cimetidine"}, {"semTypes": ["T109", "T121"], "to": "7951", "fro": "7941", "fullId": "http://purl.bioontology.org/ontology/MSH/C035133", "preferredName": "mirtazapine"}, {"semTypes": ["T109", "T121"], "to": "4700", "fro": "4691", "fullId": "http://purl.bioontology.org/ontology/RXNORM/15996", "preferredName": "Mirtazapine"}, {"semTypes": ["T999"], "to": "5657", "fro": "5646", "fullId": "http://purl.bioontology.org/ontology/MSH/D002927", "preferredName": "Cimetidine"}, {"semTypes": ["T109", "T121"], "to": "2516", "fro": "2506", "fullId": "http://purl.bioontology.org/ontology/MSH/C035133", "preferredName": "mirtazapine"}, {"semTypes": ["T999"], "to": "7915", "fro": "7908", "fullId": "http://purl.bioontology.org/ontology/RXNORM/15996", "preferredName": "Mirtazapine"}, {"semTypes": ["T109", "T121"], "to": "4610", "fro": "4601", "fullId": "http://purl.bioontology.org/ontology/RXNORM/15996", "preferredName": "Mirtazapine"}, {"semTypes": ["T109", "T121"], "to": "10576", "fro": "10566", "fullId": "http://purl.bioontology.org/ontology/MSH/C035133", "preferredName": "mirtazapine"}, {"semTypes": ["T109", "T121"], "to": "4741", "fro": "4732", "fullId": "http://purl.bioontology.org/ontology/RXNORM/15996", "preferredName": "Mirtazapine"}, {"semTypes": ["T999"], "to": "7333", "fro": "7321", "fullId": "http://purl.bioontology.org/ontology/RXNORM/15996", "preferredName": "Mirtazapine"}, {"semTypes": ["T109", "T121"], "to": "4627", "fro": "4617", "fullId": "http://purl.bioontology.org/ontology/MSH/C035133", "preferredName": "mirtazapine"}, {"semTypes": ["T109", "T121"], "to": "4303", "fro": "4294", "fullId": "http://purl.bioontology.org/ontology/RXNORM/15996", "preferredName": "Mirtazapine"}, {"semTypes": ["T999"], "to": "3064", "fro": "3052", "fullId": "http://purl.bioontology.org/ontology/RXNORM/15996", "preferredName": "Mirtazapine"}, {"semTypes": ["T999"], "to": "10728", "fro": "10721", "fullId": "http://purl.bioontology.org/ontology/RXNORM/15996", "preferredName": "Mirtazapine"}, {"semTypes": ["T109", "T121"], "to": "2481", "fro": "2471", "fullId": "http://purl.bioontology.org/ontology/MSH/C035133", "preferredName": "mirtazapine"}, {"semTypes": ["T109", "T121"], "to": "8798", "fro": "8788", "fullId": "http://purl.bioontology.org/ontology/MSH/C035133", "preferredName": "mirtazapine"}, {"semTypes": ["T109", "T121"], "to": "5569", "fro": "5559", "fullId": "http://purl.bioontology.org/ontology/MSH/C035133", "preferredName": "mirtazapine"}, {"semTypes": ["T999"], "to": "2352", "fro": "2344", "fullId": "http://purl.bioontology.org/ontology/RXNORM/15996", "preferredName": "Mirtazapine"}, {"semTypes": ["T109", "T131", "T121"], "to": "8078", "fro": "8071", "fullId": "http://purl.bioontology.org/ontology/RXNORM/15996", "preferredName": "Mirtazapine"}, {"semTypes": ["T121", "T109"], "to": "2227", "fro": "2219", "fullId": "http://purl.bioontology.org/ontology/RXNORM/15996", "preferredName": "Mirtazapine"}, {"semTypes": ["T109", "T121"], "to": "9923", "fro": "9913", "fullId": "http://purl.bioontology.org/ontology/MSH/C035133", "preferredName": "mirtazapine"}, {"semTypes": ["T109", "T121"], "to": "8719", "fro": "8709", "fullId": "http://purl.bioontology.org/ontology/MSH/C035133", "preferredName": "mirtazapine"}, {"semTypes": ["T999"], "to": "2227", "fro": "2219", "fullId": "http://purl.bioontology.org/ontology/RXNORM/15996", "preferredName": "Mirtazapine"}, {"semTypes": ["T109", "T121"], "to": "4427", "fro": "4417", "fullId": "http://purl.bioontology.org/ontology/MSH/C035133", "preferredName": "mirtazapine"}, {"semTypes": ["T999"], "to": "6972", "fro": "6960", "fullId": "http://purl.bioontology.org/ontology/RXNORM/15996", "preferredName": "Mirtazapine"}, {"semTypes": ["T999"], "to": "2579", "fro": "2571", "fullId": "http://purl.bioontology.org/ontology/RXNORM/15996", "preferredName": "Mirtazapine"}, {"semTypes": ["T109", "T121"], "to": "1327", "fro": "1317", "fullId": "http://purl.bioontology.org/ontology/MSH/C035133", "preferredName": "mirtazapine"}, {"semTypes": ["T999"], "to": "10418", "fro": "10411", "fullId": "http://purl.bioontology.org/ontology/RXNORM/15996", "preferredName": "Mirtazapine"}, {"semTypes": ["T999"], "to": "10787", "fro": "10780", "fullId": "http://purl.bioontology.org/ontology/RXNORM/15996", "preferredName": "Mirtazapine"}, {"semTypes": ["T109", "T121"], "to": "4541", "fro": "4531", "fullId": "http://purl.bioontology.org/ontology/MSH/C035133", "preferredName": "mirtazapine"}, {"semTypes": ["T999"], "to": "6321", "fro": "6312", "fullId": "http://purl.bioontology.org/ontology/RXNORM/15996", "preferredName": "Mirtazapine"}, {"semTypes": ["T109", "T121"], "to": "6025", "fro": "6016", "fullId": "http://purl.bioontology.org/ontology/RXNORM/15996", "preferredName": "Mirtazapine"}, {"semTypes": ["T121", "T109"], "to": "3275", "fro": "3267", "fullId": "http://purl.bioontology.org/ontology/RXNORM/15996", "preferredName": "Mirtazapine"}, {"semTypes": ["T999"], "to": "8719", "fro": "8709", "fullId": "http://purl.bioontology.org/ontology/MSH/C035133", "preferredName": "mirtazapine"}, {"semTypes": ["T121", "T109"], "to": "2579", "fro": "2571", "fullId": "http://purl.bioontology.org/ontology/RXNORM/15996", "preferredName": "Mirtazapine"}, {"semTypes": ["T121", "T109"], "to": "3064", "fro": "3052", "fullId": "http://purl.bioontology.org/ontology/RXNORM/15996", "preferredName": "Mirtazapine"}, {"semTypes": ["T121", "T109"], "to": "10515", "fro": "10508", "fullId": "http://purl.bioontology.org/ontology/RXNORM/15996", "preferredName": "Mirtazapine"}, {"semTypes": ["T109", "T121"], "to": "5310", "fro": "5299", "fullId": "http://purl.bioontology.org/ontology/RXNORM/15996", "preferredName": "Mirtazapine"}, {"semTypes": ["T121", "T109"], "to": "2352", "fro": "2344", "fullId": "http://purl.bioontology.org/ontology/RXNORM/15996", "preferredName": "Mirtazapine"}, {"semTypes": ["T109", "T121"], "to": "9110", "fro": "9100", "fullId": "http://purl.bioontology.org/ontology/RXNORM/15996", "preferredName": "Mirtazapine"}, {"semTypes": ["T121", "T109"], "to": "10728", "fro": "10721", "fullId": "http://purl.bioontology.org/ontology/RXNORM/15996", "preferredName": "Mirtazapine"}, {"semTypes": ["T109", "T121"], "to": "7745", "fro": "7735", "fullId": "http://purl.bioontology.org/ontology/MSH/C035133", "preferredName": "mirtazapine"}, {"semTypes": ["T109", "T121"], "to": "4172", "fro": "4163", "fullId": "http://purl.bioontology.org/ontology/RXNORM/15996", "preferredName": "Mirtazapine"}, {"semTypes": ["T109", "T121"], "to": "3102", "fro": "3092", "fullId": "http://purl.bioontology.org/ontology/MSH/C035133", "preferredName": "mirtazapine"}, {"semTypes": ["T999"], "to": "8078", "fro": "8071", "fullId": "http://purl.bioontology.org/ontology/RXNORM/15996", "preferredName": "Mirtazapine"}, {"semTypes": ["T999"], "to": "9110", "fro": "9100", "fullId": "http://purl.bioontology.org/ontology/RXNORM/15996", "preferredName": "Mirtazapine"}, {"semTypes": ["T999"], "to": "5310", "fro": "5299", "fullId": "http://purl.bioontology.org/ontology/MSH/D002927", "preferredName": "Cimetidine"}, {"semTypes": ["T999"], "to": "4627", "fro": "4617", "fullId": "http://purl.bioontology.org/ontology/MSH/C035133", "preferredName": "mirtazapine"}, {"semTypes": ["T109", "T121"], "to": "6209", "fro": "6199", "fullId": "http://purl.bioontology.org/ontology/MSH/C035133", "preferredName": "mirtazapine"}, {"semTypes": ["T109", "T121"], "to": "5122", "fro": "5111", "fullId": "http://purl.bioontology.org/ontology/RXNORM/15996", "preferredName": "Mirtazapine"}, {"semTypes": ["T999"], "to": "463", "fro": "436", "fullId": "http://purl.bioontology.org/ontology/MSH/D002927", "preferredName": "Cimetidine"}, {"semTypes": ["T109", "T121"], "to": "6321", "fro": "6312", "fullId": "http://purl.bioontology.org/ontology/RXNORM/15996", "preferredName": "Mirtazapine"}, {"semTypes": ["T121", "T109"], "to": "10418", "fro": "10411", "fullId": "http://purl.bioontology.org/ontology/RXNORM/15996", "preferredName": "Mirtazapine"}, {"semTypes": ["T999"], "to": "7114", "fro": "7102", "fullId": "http://purl.bioontology.org/ontology/RXNORM/15996", "preferredName": "Mirtazapine"}, {"semTypes": ["T999"], "to": "9420", "fro": "9410", "fullId": "http://purl.bioontology.org/ontology/MSH/D002927", "preferredName": "Cimetidine"}, {"semTypes": ["T999"], "to": "5569", "fro": "5559", "fullId": "http://purl.bioontology.org/ontology/MSH/C035133", "preferredName": "mirtazapine"}, {"semTypes": ["T195", "T109"], "to": "5657", "fro": "5646", "fullId": "http://purl.bioontology.org/ontology/RXNORM/2541", "preferredName": "Cimetidine"}, {"semTypes": ["T109", "T121"], "to": "3377", "fro": "3367", "fullId": "http://purl.bioontology.org/ontology/MSH/C035133", "preferredName": "mirtazapine"}, {"semTypes": ["T109", "T121"], "to": "6972", "fro": "6960", "fullId": "http://purl.bioontology.org/ontology/RXNORM/15996", "preferredName": "Mirtazapine"}, {"semTypes": ["T121", "T109"], "to": "10787", "fro": "10780", "fullId": "http://purl.bioontology.org/ontology/RXNORM/15996", "preferredName": "Mirtazapine"}, {"semTypes": ["T999"], "to": "3352", "fro": "3343", "fullId": "http://purl.bioontology.org/ontology/MSH/D002927", "preferredName": "Cimetidine"}, {"semTypes": ["T121", "T109"], "to": "3290", "fro": "3278", "fullId": "http://purl.bioontology.org/ontology/RXNORM/15996", "preferredName": "Mirtazapine"}, {"semTypes": ["T999"], "to": "3195", "fro": "3185", "fullId": "http://purl.bioontology.org/ontology/MSH/C035133", "preferredName": "mirtazapine"}, {"semTypes": ["T109", "T121"], "to": "5422", "fro": "5412", "fullId": "http://purl.bioontology.org/ontology/MSH/C035133", "preferredName": "mirtazapine"}, {"semTypes": ["T999"], "to": "2935", "fro": "2923", "fullId": "http://purl.bioontology.org/ontology/RXNORM/15996", "preferredName": "Mirtazapine"}, {"semTypes": ["T999"], "to": "3539", "fro": "3529", "fullId": "http://purl.bioontology.org/ontology/MSH/C035133", "preferredName": "mirtazapine"}, {"semTypes": ["T109", "T121"], "to": "3195", "fro": "3185", "fullId": "http://purl.bioontology.org/ontology/MSH/C035133", "preferredName": "mirtazapine"}, {"semTypes": ["T999"], "to": "6025", "fro": "6016", "fullId": "http://purl.bioontology.org/ontology/RXNORM/15996", "preferredName": "Mirtazapine"}, {"semTypes": ["T999"], "to": "3290", "fro": "3278", "fullId": "http://purl.bioontology.org/ontology/RXNORM/15996", "preferredName": "Mirtazapine"}, {"semTypes": ["T999"], "to": "4541", "fro": "4531", "fullId": "http://purl.bioontology.org/ontology/MSH/C035133", "preferredName": "mirtazapine"}, {"semTypes": ["T109", "T121"], "to": "3539", "fro": "3529", "fullId": "http://purl.bioontology.org/ontology/MSH/C035133", "preferredName": "mirtazapine"}, {"semTypes": ["T109", "T121"], "to": "7229", "fro": "7219", "fullId": "http://purl.bioontology.org/ontology/MSH/C035133", "preferredName": "mirtazapine"}, {"semTypes": ["T999"], "to": "1327", "fro": "1317", "fullId": "http://purl.bioontology.org/ontology/MSH/C035133", "preferredName": "mirtazapine"}, {"semTypes": ["T999"], "to": "8798", "fro": "8788", "fullId": "http://purl.bioontology.org/ontology/MSH/C035133", "preferredName": "mirtazapine"}, {"semTypes": ["T109", "T121"], "to": "7114", "fro": "7102", "fullId": "http://purl.bioontology.org/ontology/RXNORM/15996", "preferredName": "Mirtazapine"}, {"semTypes": ["T109", "T121"], "to": "4504", "fro": "4494", "fullId": "http://purl.bioontology.org/ontology/MSH/C035133", "preferredName": "mirtazapine"}, {"semTypes": ["T999"], "to": "4700", "fro": "4691", "fullId": "http://purl.bioontology.org/ontology/MSH/C035133", "preferredName": "mirtazapine"}, {"semTypes": ["T999"], "to": "2389", "fro": "2379", "fullId": "http://purl.bioontology.org/ontology/MSH/C035133", "preferredName": "mirtazapine"}, {"semTypes": ["T999"], "to": "2516", "fro": "2506", "fullId": "http://purl.bioontology.org/ontology/MSH/C035133", "preferredName": "mirtazapine"}, {"semTypes": ["T999"], "to": "5122", "fro": "5111", "fullId": "http://purl.bioontology.org/ontology/RXNORM/15996", "preferredName": "Mirtazapine"}, {"semTypes": ["T121", "T109"], "to": "2935", "fro": "2923", "fullId": "http://purl.bioontology.org/ontology/RXNORM/15996", "preferredName": "Mirtazapine"}, {"semTypes": ["T999"], "to": "2481", "fro": "2471", "fullId": "http://purl.bioontology.org/ontology/MSH/C035133", "preferredName": "mirtazapine"}, {"semTypes": ["T999"], "to": "4303", "fro": "4294", "fullId": "http://purl.bioontology.org/ontology/RXNORM/15996", "preferredName": "Mirtazapine"}, {"semTypes": ["T999"], "to": "10515", "fro": "10508", "fullId": "http://purl.bioontology.org/ontology/RXNORM/15996", "preferredName": "Mirtazapine"}, {"semTypes": ["T999"], "to": "6209", "fro": "6199", "fullId": "http://purl.bioontology.org/ontology/MSH/C035133", "preferredName": "mirtazapine"}, {"semTypes": ["T999"], "to": "4610", "fro": "4601", "fullId": "http://purl.bioontology.org/ontology/RXNORM/15996", "preferredName": "Mirtazapine"}, {"semTypes": ["T999"], "to": "3102", "fro": "3092", "fullId": "http://purl.bioontology.org/ontology/MSH/C035133", "preferredName": "mirtazapine"}, {"semTypes": ["T999"], "to": "10033", "fro": "10027", "fullId": "http://purl.bioontology.org/ontology/MSH/C035133", "preferredName": "mirtazapine"}, {"semTypes": ["T999"], "to": "5422", "fro": "5412", "fullId": "http://purl.bioontology.org/ontology/MSH/C035133", "preferredName": "mirtazapine"}, {"semTypes": ["T109", "T121"], "to": "9420", "fro": "9410", "fullId": "http://purl.bioontology.org/ontology/MSH/D002927", "preferredName": "Cimetidine"}, {"semTypes": ["T999"], "to": "10576", "fro": "10566", "fullId": "http://purl.bioontology.org/ontology/MSH/C035133", "preferredName": "mirtazapine"}, {"semTypes": ["T121", "T109"], "to": "10033", "fro": "10027", "fullId": "http://purl.bioontology.org/ontology/RXNORM/15996", "preferredName": "Mirtazapine"}, {"semTypes": ["T121", "T109"], "to": "10668", "fro": "10662", "fullId": "http://purl.bioontology.org/ontology/MSH/D002927", "preferredName": "Cimetidine"}]