[{"semTypes": ["T109", "T121"], "to": "11021", "fro": "11011", "fullId": "http://purl.bioontology.org/ontology/MSH/D014364", "preferredName": "Tryptophan"}, {"semTypes": ["T999"], "to": "14990", "fro": "14984", "fullId": "http://purl.bioontology.org/ontology/RXNORM/8331", "preferredName": "Pimozide"}, {"semTypes": ["T109", "T121"], "to": "2533", "fro": "2524", "fullId": "http://purl.bioontology.org/ontology/MSH/D017374", "preferredName": "Paroxetine"}, {"semTypes": ["T999"], "to": "10197", "fro": "10187", "fullId": "http://purl.bioontology.org/ontology/MSH/D017374", "preferredName": "Paroxetine"}, {"semTypes": ["T999"], "to": "12804", "fro": "12795", "fullId": "http://purl.bioontology.org/ontology/RXNORM/38400", "preferredName": "atomoxetine"}, {"semTypes": ["T109", "T121"], "to": "19144", "fro": "19135", "fullId": "http://purl.bioontology.org/ontology/RXNORM/32937", "preferredName": "Paroxetine"}, {"semTypes": ["T121", "T109"], "to": "11048", "fro": "11040", "fullId": "http://purl.bioontology.org/ontology/RXNORM/11289", "preferredName": "Warfarin"}, {"semTypes": ["T121", "T109"], "to": "12604", "fro": "12593", "fullId": "http://purl.bioontology.org/ontology/RXNORM/11289", "preferredName": "Warfarin"}, {"semTypes": ["T999"], "to": "10262", "fro": "10252", "fullId": "http://purl.bioontology.org/ontology/RXNORM/32937", "preferredName": "Paroxetine"}, {"semTypes": ["T121", "T109"], "to": "9256", "fro": "9246", "fullId": "http://purl.bioontology.org/ontology/RXNORM/38400", "preferredName": "atomoxetine"}, {"semTypes": ["T999"], "to": "7654", "fro": "7646", "fullId": "http://purl.bioontology.org/ontology/MSH/D017374", "preferredName": "Paroxetine"}, {"semTypes": ["T109", "T121"], "to": "1970", "fro": "1963", "fullId": "http://purl.bioontology.org/ontology/MSH/D017374", "preferredName": "Paroxetine"}, {"semTypes": ["T121", "T109"], "to": "16197", "fro": "16192", "fullId": "http://purl.bioontology.org/ontology/MSH/D017374", "preferredName": "Paroxetine"}, {"semTypes": ["T999"], "to": "5844", "fro": "5835", "fullId": "http://purl.bioontology.org/ontology/RXNORM/32937", "preferredName": "Paroxetine"}, {"semTypes": ["T999"], "to": "10065", "fro": "10055", "fullId": "http://purl.bioontology.org/ontology/RXNORM/32937", "preferredName": "Paroxetine"}, {"semTypes": ["T999"], "to": "10136", "fro": "10126", "fullId": "http://purl.bioontology.org/ontology/MSH/D017374", "preferredName": "Paroxetine"}, {"semTypes": ["T999"], "to": "1970", "fro": "1963", "fullId": "http://purl.bioontology.org/ontology/MSH/D017374", "preferredName": "Paroxetine"}, {"semTypes": ["T999"], "to": "1728", "fro": "1721", "fullId": "http://purl.bioontology.org/ontology/RXNORM/32937", "preferredName": "Paroxetine"}, {"semTypes": ["T109", "T121"], "to": "7095", "fro": "7086", "fullId": "http://purl.bioontology.org/ontology/RXNORM/32937", "preferredName": "Paroxetine"}, {"semTypes": ["T109", "T121"], "to": "4049", "fro": "4040", "fullId": "http://purl.bioontology.org/ontology/RXNORM/32937", "preferredName": "Paroxetine"}, {"semTypes": ["T109", "T121"], "to": "9596", "fro": "9586", "fullId": "http://purl.bioontology.org/ontology/MSH/D017374", "preferredName": "Paroxetine"}, {"semTypes": ["T999"], "to": "1678", "fro": "1671", "fullId": "http://purl.bioontology.org/ontology/RXNORM/32937", "preferredName": "Paroxetine"}, {"semTypes": ["T999"], "to": "1892", "fro": "1885", "fullId": "http://purl.bioontology.org/ontology/MSH/D017374", "preferredName": "Paroxetine"}, {"semTypes": ["T109", "T121"], "to": "7548", "fro": "7540", "fullId": "http://purl.bioontology.org/ontology/MSH/D017374", "preferredName": "Paroxetine"}, {"semTypes": ["T999"], "to": "20241", "fro": "20233", "fullId": "http://purl.bioontology.org/ontology/RXNORM/8331", "preferredName": "Pimozide"}, {"semTypes": ["T999"], "to": "10916", "fro": "10907", "fullId": "http://purl.bioontology.org/ontology/RXNORM/38400", "preferredName": "atomoxetine"}, {"semTypes": ["T999"], "to": "989", "fro": "962", "fullId": "http://purl.bioontology.org/ontology/MSH/D014364", "preferredName": "Tryptophan"}, {"semTypes": ["T123", "T121", "T116"], "to": "642", "fro": "633", "fullId": "http://purl.bioontology.org/ontology/MSH/D017374", "preferredName": "Paroxetine"}, {"semTypes": ["T109", "T121"], "to": "17209", "fro": "17200", "fullId": "http://purl.bioontology.org/ontology/MSH/D017374", "preferredName": "Paroxetine"}, {"semTypes": ["T999"], "to": "20334", "fro": "20325", "fullId": "http://purl.bioontology.org/ontology/RXNORM/32937", "preferredName": "Paroxetine"}, {"semTypes": ["T999"], "to": "20231", "fro": "20219", "fullId": "http://purl.bioontology.org/ontology/MSH/D010868", "preferredName": "Pimozide"}, {"semTypes": ["T999"], "to": "19697", "fro": "19686", "fullId": "http://purl.bioontology.org/ontology/RXNORM/32937", "preferredName": "Paroxetine"}, {"semTypes": ["T109", "T121"], "to": "8024", "fro": "8016", "fullId": "http://purl.bioontology.org/ontology/MSH/D017374", "preferredName": "Paroxetine"}, {"semTypes": ["T109", "T121"], "to": "1728", "fro": "1721", "fullId": "http://purl.bioontology.org/ontology/RXNORM/32937", "preferredName": "Paroxetine"}, {"semTypes": ["T999"], "to": "5246", "fro": "5237", "fullId": "http://purl.bioontology.org/ontology/RXNORM/32937", "preferredName": "Paroxetine"}, {"semTypes": ["T999"], "to": "9596", "fro": "9586", "fullId": "http://purl.bioontology.org/ontology/RXNORM/32937", "preferredName": "Paroxetine"}, {"semTypes": ["T109", "T121"], "to": "17441", "fro": "17432", "fullId": "http://purl.bioontology.org/ontology/RXNORM/32937", "preferredName": "Paroxetine"}, {"semTypes": ["T999"], "to": "5675", "fro": "5666", "fullId": "http://purl.bioontology.org/ontology/MSH/C041930", "preferredName": "atomoxetine"}, {"semTypes": ["T999"], "to": "7095", "fro": "7086", "fullId": "http://purl.bioontology.org/ontology/MSH/D017374", "preferredName": "Paroxetine"}, {"semTypes": ["T121", "T109"], "to": "7176", "fro": "7164", "fullId": "http://purl.bioontology.org/ontology/RXNORM/32937", "preferredName": "Paroxetine"}, {"semTypes": ["T109", "T121"], "to": "10262", "fro": "10252", "fullId": "http://purl.bioontology.org/ontology/RXNORM/32937", "preferredName": "Paroxetine"}, {"semTypes": ["T109", "T121"], "to": "1678", "fro": "1671", "fullId": "http://purl.bioontology.org/ontology/RXNORM/32937", "preferredName": "Paroxetine"}, {"semTypes": ["T999"], "to": "17286", "fro": "17280", "fullId": "http://purl.bioontology.org/ontology/MSH/D017374", "preferredName": "Paroxetine"}, {"semTypes": ["T121", "T109"], "to": "6882", "fro": "6870", "fullId": "http://purl.bioontology.org/ontology/MSH/D017374", "preferredName": "Paroxetine"}, {"semTypes": ["T121", "T109"], "to": "12815", "fro": "12807", "fullId": "http://purl.bioontology.org/ontology/MSH/C041930", "preferredName": "atomoxetine"}, {"semTypes": ["T109", "T121"], "to": "10197", "fro": "10187", "fullId": "http://purl.bioontology.org/ontology/RXNORM/32937", "preferredName": "Paroxetine"}, {"semTypes": ["T121", "T109"], "to": "13808", "fro": "13790", "fullId": "http://purl.bioontology.org/ontology/RXNORM/32937", "preferredName": "Paroxetine"}, {"semTypes": ["T999"], "to": "16677", "fro": "16661", "fullId": "http://purl.bioontology.org/ontology/RXNORM/10898", "preferredName": "Tryptophan"}, {"semTypes": ["T999"], "to": "5754", "fro": "5745", "fullId": "http://purl.bioontology.org/ontology/RXNORM/32937", "preferredName": "Paroxetine"}, {"semTypes": ["T121", "T197"], "to": "16677", "fro": "16661", "fullId": "http://purl.bioontology.org/ontology/RXNORM/11289", "preferredName": "Warfarin"}, {"semTypes": ["T999"], "to": "19851", "fro": "19840", "fullId": "http://purl.bioontology.org/ontology/RXNORM/8331", "preferredName": "Pimozide"}, {"semTypes": ["T109", "T121"], "to": "1892", "fro": "1885", "fullId": "http://purl.bioontology.org/ontology/RXNORM/32937", "preferredName": "Paroxetine"}, {"semTypes": ["T121", "T109"], "to": "3391", "fro": "3380", "fullId": "http://purl.bioontology.org/ontology/RXNORM/38400", "preferredName": "atomoxetine"}, {"semTypes": ["T109", "T121"], "to": "6820", "fro": "6811", "fullId": "http://purl.bioontology.org/ontology/RXNORM/32937", "preferredName": "Paroxetine"}, {"semTypes": ["T121", "T109"], "to": "18504", "fro": "18493", "fullId": "http://purl.bioontology.org/ontology/MSH/D017374", "preferredName": "Paroxetine"}, {"semTypes": ["T123", "T121", "T116"], "to": "3044", "fro": "3035", "fullId": "http://purl.bioontology.org/ontology/MSH/D017374", "preferredName": "Paroxetine"}, {"semTypes": ["T999"], "to": "13624", "fro": "13615", "fullId": "http://purl.bioontology.org/ontology/MSH/D017374", "preferredName": "Paroxetine"}, {"semTypes": ["T121", "T109"], "to": "17867", "fro": "17860", "fullId": "http://purl.bioontology.org/ontology/MSH/C041930", "preferredName": "atomoxetine"}, {"semTypes": ["T999"], "to": "8024", "fro": "8016", "fullId": "http://purl.bioontology.org/ontology/MSH/D017374", "preferredName": "Paroxetine"}, {"semTypes": ["T109", "T121"], "to": "1631", "fro": "1624", "fullId": "http://purl.bioontology.org/ontology/RXNORM/32937", "preferredName": "Paroxetine"}, {"semTypes": ["T999"], "to": "3391", "fro": "3380", "fullId": "http://purl.bioontology.org/ontology/MSH/D010868", "preferredName": "Pimozide"}, {"semTypes": ["T999"], "to": "18283", "fro": "18272", "fullId": "http://purl.bioontology.org/ontology/RXNORM/32937", "preferredName": "Paroxetine"}, {"semTypes": ["T121", "T109"], "to": "17952", "fro": "17945", "fullId": "http://purl.bioontology.org/ontology/MSH/D010868", "preferredName": "Pimozide"}, {"semTypes": ["T999"], "to": "9528", "fro": "9518", "fullId": "http://purl.bioontology.org/ontology/RXNORM/32937", "preferredName": "Paroxetine"}, {"semTypes": ["T109", "T121"], "to": "10065", "fro": "10055", "fullId": "http://purl.bioontology.org/ontology/RXNORM/32937", "preferredName": "Paroxetine"}, {"semTypes": ["T999"], "to": "3960", "fro": "3953", "fullId": "http://purl.bioontology.org/ontology/RXNORM/32937", "preferredName": "Paroxetine"}, {"semTypes": ["T109", "T121"], "to": "2456", "fro": "2447", "fullId": "http://purl.bioontology.org/ontology/RXNORM/32937", "preferredName": "Paroxetine"}, {"semTypes": ["T121", "T109"], "to": "10929", "fro": "10919", "fullId": "http://purl.bioontology.org/ontology/RXNORM/38400", "preferredName": "atomoxetine"}, {"semTypes": ["T999"], "to": "10368", "fro": "10358", "fullId": "http://purl.bioontology.org/ontology/RXNORM/32937", "preferredName": "Paroxetine"}, {"semTypes": ["T109", "T121"], "to": "1843", "fro": "1834", "fullId": "http://purl.bioontology.org/ontology/MSH/D017374", "preferredName": "Paroxetine"}, {"semTypes": ["T109", "T121"], "to": "16776", "fro": "16767", "fullId": "http://purl.bioontology.org/ontology/RXNORM/32937", "preferredName": "Paroxetine"}, {"semTypes": ["T999"], "to": "10929", "fro": "10919", "fullId": "http://purl.bioontology.org/ontology/MSH/D010868", "preferredName": "Pimozide"}, {"semTypes": ["T121", "T109"], "to": "18589", "fro": "18578", "fullId": "http://purl.bioontology.org/ontology/MSH/D017374", "preferredName": "Paroxetine"}, {"semTypes": ["T109", "T121"], "to": "7703", "fro": "7694", "fullId": "http://purl.bioontology.org/ontology/RXNORM/32937", "preferredName": "Paroxetine"}, {"semTypes": ["T109", "T121"], "to": "10368", "fro": "10358", "fullId": "http://purl.bioontology.org/ontology/RXNORM/32937", "preferredName": "Paroxetine"}, {"semTypes": ["T999"], "to": "3735", "fro": "3728", "fullId": "http://purl.bioontology.org/ontology/MSH/D017374", "preferredName": "Paroxetine"}, {"semTypes": ["T999"], "to": "12604", "fro": "12593", "fullId": "http://purl.bioontology.org/ontology/MSH/D014859", "preferredName": "Warfarin"}, {"semTypes": ["T118", "T110", "T121"], "to": "17453", "fro": "17447", "fullId": "http://purl.bioontology.org/ontology/RXNORM/32937", "preferredName": "Paroxetine"}, {"semTypes": ["T121", "T109"], "to": "10756", "fro": "10738", "fullId": "http://purl.bioontology.org/ontology/RXNORM/32937", "preferredName": "Paroxetine"}, {"semTypes": ["T121", "T131", "T109"], "to": "15564", "fro": "15557", "fullId": "http://purl.bioontology.org/ontology/MSH/D017374", "preferredName": "Paroxetine"}, {"semTypes": ["T121", "T109"], "to": "10889", "fro": "10877", "fullId": "http://purl.bioontology.org/ontology/RXNORM/11289", "preferredName": "Warfarin"}, {"semTypes": ["T123", "T121", "T116"], "to": "245", "fro": "236", "fullId": "http://purl.bioontology.org/ontology/MSH/D017374", "preferredName": "Paroxetine"}, {"semTypes": ["T109", "T121"], "to": "1457", "fro": "1450", "fullId": "http://purl.bioontology.org/ontology/RXNORM/32937", "preferredName": "Paroxetine"}, {"semTypes": ["T999"], "to": "19205", "fro": "19195", "fullId": "http://purl.bioontology.org/ontology/RXNORM/8331", "preferredName": "Pimozide"}, {"semTypes": ["T123", "T121", "T116"], "to": "371", "fro": "362", "fullId": "http://purl.bioontology.org/ontology/MSH/D017374", "preferredName": "Paroxetine"}, {"semTypes": ["T999"], "to": "8842", "fro": "8833", "fullId": "http://purl.bioontology.org/ontology/RXNORM/32937", "preferredName": "Paroxetine"}, {"semTypes": ["T999"], "to": "7960", "fro": "7952", "fullId": "http://purl.bioontology.org/ontology/RXNORM/32937", "preferredName": "Paroxetine"}, {"semTypes": ["T118", "T110", "T121"], "to": "17129", "fro": "17123", "fullId": "http://purl.bioontology.org/ontology/RXNORM/32937", "preferredName": "Paroxetine"}, {"semTypes": ["T999"], "to": "15564", "fro": "15557", "fullId": "http://purl.bioontology.org/ontology/RXNORM/32937", "preferredName": "Paroxetine"}, {"semTypes": ["T999"], "to": "17441", "fro": "17432", "fullId": "http://purl.bioontology.org/ontology/RXNORM/32937", "preferredName": "Paroxetine"}, {"semTypes": ["T109", "T121"], "to": "19089", "fro": "19079", "fullId": "http://purl.bioontology.org/ontology/RXNORM/38400", "preferredName": "atomoxetine"}, {"semTypes": ["T109", "T121"], "to": "6933", "fro": "6924", "fullId": "http://purl.bioontology.org/ontology/RXNORM/32937", "preferredName": "Paroxetine"}, {"semTypes": ["T999"], "to": "17453", "fro": "17447", "fullId": "http://purl.bioontology.org/ontology/MSH/D017374", "preferredName": "Paroxetine"}, {"semTypes": ["T121", "T131", "T109"], "to": "4062", "fro": "4055", "fullId": "http://purl.bioontology.org/ontology/RXNORM/32937", "preferredName": "Paroxetine"}, {"semTypes": ["T109", "T121"], "to": "3947", "fro": "3938", "fullId": "http://purl.bioontology.org/ontology/MSH/D017374", "preferredName": "Paroxetine"}, {"semTypes": ["T109", "T121"], "to": "9757", "fro": "9747", "fullId": "http://purl.bioontology.org/ontology/RXNORM/32937", "preferredName": "Paroxetine"}, {"semTypes": ["T999"], "to": "11033", "fro": "11024", "fullId": "http://purl.bioontology.org/ontology/RXNORM/10898", "preferredName": "Tryptophan"}, {"semTypes": ["T123", "T121", "T116"], "to": "534", "fro": "525", "fullId": "http://purl.bioontology.org/ontology/RXNORM/32937", "preferredName": "Paroxetine"}, {"semTypes": ["T999"], "to": "1773", "fro": "1766", "fullId": "http://purl.bioontology.org/ontology/MSH/D017374", "preferredName": "Paroxetine"}, {"semTypes": ["T109", "T121"], "to": "20307", "fro": "20295", "fullId": "http://purl.bioontology.org/ontology/MSH/C041930", "preferredName": "atomoxetine"}, {"semTypes": ["T121", "T131", "T109"], "to": "3735", "fro": "3728", "fullId": "http://purl.bioontology.org/ontology/RXNORM/32937", "preferredName": "Paroxetine"}, {"semTypes": ["T999"], "to": "6726", "fro": "6717", "fullId": "http://purl.bioontology.org/ontology/MSH/D017374", "preferredName": "Paroxetine"}, {"semTypes": ["T999"], "to": "14603", "fro": "14594", "fullId": "http://purl.bioontology.org/ontology/MSH/D017374", "preferredName": "Paroxetine"}, {"semTypes": ["T121", "T109"], "to": "20318", "fro": "20310", "fullId": "http://purl.bioontology.org/ontology/RXNORM/8331", "preferredName": "Pimozide"}, {"semTypes": ["T999"], "to": "4062", "fro": "4055", "fullId": "http://purl.bioontology.org/ontology/RXNORM/32937", "preferredName": "Paroxetine"}, {"semTypes": ["T118", "T110", "T121"], "to": "17286", "fro": "17280", "fullId": "http://purl.bioontology.org/ontology/MSH/D017374", "preferredName": "Paroxetine"}, {"semTypes": ["T999"], "to": "12517", "fro": "12508", "fullId": "http://purl.bioontology.org/ontology/MSH/D017374", "preferredName": "Paroxetine"}, {"semTypes": ["T999"], "to": "18981", "fro": "18971", "fullId": "http://purl.bioontology.org/ontology/MSH/C041930", "preferredName": "atomoxetine"}, {"semTypes": ["T109", "T121"], "to": "7654", "fro": "7646", "fullId": "http://purl.bioontology.org/ontology/MSH/D017374", "preferredName": "Paroxetine"}, {"semTypes": ["T999"], "to": "18504", "fro": "18493", "fullId": "http://purl.bioontology.org/ontology/RXNORM/32937", "preferredName": "Paroxetine"}, {"semTypes": ["T999"], "to": "371", "fro": "362", "fullId": "http://purl.bioontology.org/ontology/MSH/D017374", "preferredName": "Paroxetine"}, {"semTypes": ["T109", "T121"], "to": "20906", "fro": "20897", "fullId": "http://purl.bioontology.org/ontology/MSH/D017374", "preferredName": "Paroxetine"}, {"semTypes": ["T999"], "to": "12826", "fro": "12818", "fullId": "http://purl.bioontology.org/ontology/RXNORM/541657", "preferredName": "Pexeva"}, {"semTypes": ["T109", "T121"], "to": "5632", "fro": "5623", "fullId": "http://purl.bioontology.org/ontology/RXNORM/38400", "preferredName": "atomoxetine"}, {"semTypes": ["T999"], "to": "20906", "fro": "20897", "fullId": "http://purl.bioontology.org/ontology/MSH/D017374", "preferredName": "Paroxetine"}, {"semTypes": ["T999"], "to": "534", "fro": "525", "fullId": "http://purl.bioontology.org/ontology/RXNORM/32937", "preferredName": "Paroxetine"}, {"semTypes": ["T999"], "to": "6141", "fro": "6132", "fullId": "http://purl.bioontology.org/ontology/MSH/D017374", "preferredName": "Paroxetine"}, {"semTypes": ["T999"], "to": "581", "fro": "572", "fullId": "http://purl.bioontology.org/ontology/RXNORM/32937", "preferredName": "Paroxetine"}, {"semTypes": ["T999"], "to": "11021", "fro": "11011", "fullId": "http://purl.bioontology.org/ontology/RXNORM/541657", "preferredName": "Pexeva"}, {"semTypes": ["T999"], "to": "1843", "fro": "1834", "fullId": "http://purl.bioontology.org/ontology/MSH/D017374", "preferredName": "Paroxetine"}, {"semTypes": ["T109", "T121"], "to": "5675", "fro": "5666", "fullId": "http://purl.bioontology.org/ontology/RXNORM/38400", "preferredName": "atomoxetine"}, {"semTypes": ["T121", "T109"], "to": "16219", "fro": "16201", "fullId": "http://purl.bioontology.org/ontology/RXNORM/32937", "preferredName": "Paroxetine"}, {"semTypes": ["T999"], "to": "12432", "fro": "12423", "fullId": "http://purl.bioontology.org/ontology/MSH/D017374", "preferredName": "Paroxetine"}, {"semTypes": ["T999"], "to": "7703", "fro": "7694", "fullId": "http://purl.bioontology.org/ontology/RXNORM/32937", "preferredName": "Paroxetine"}, {"semTypes": ["T121", "T109"], "to": "11334", "fro": "11323", "fullId": "http://purl.bioontology.org/ontology/RXNORM/38400", "preferredName": "atomoxetine"}, {"semTypes": ["T109", "T121"], "to": "12826", "fro": "12818", "fullId": "http://purl.bioontology.org/ontology/RXNORM/11289", "preferredName": "Warfarin"}, {"semTypes": ["T121", "T131", "T109"], "to": "15004", "fro": "14997", "fullId": "http://purl.bioontology.org/ontology/RXNORM/32937", "preferredName": "Paroxetine"}, {"semTypes": ["T999"], "to": "10312", "fro": "10302", "fullId": "http://purl.bioontology.org/ontology/MSH/D017374", "preferredName": "Paroxetine"}, {"semTypes": ["T999"], "to": "356", "fro": "347", "fullId": "http://purl.bioontology.org/ontology/RXNORM/32937", "preferredName": "Paroxetine"}, {"semTypes": ["T999"], "to": "17209", "fro": "17200", "fullId": "http://purl.bioontology.org/ontology/RXNORM/32937", "preferredName": "Paroxetine"}, {"semTypes": ["T999"], "to": "20318", "fro": "20310", "fullId": "http://purl.bioontology.org/ontology/MSH/C041930", "preferredName": "atomoxetine"}, {"semTypes": ["T121", "T109"], "to": "15643", "fro": "15638", "fullId": "http://purl.bioontology.org/ontology/RXNORM/32937", "preferredName": "Paroxetine"}, {"semTypes": ["T999"], "to": "3044", "fro": "3035", "fullId": "http://purl.bioontology.org/ontology/MSH/D017374", "preferredName": "Paroxetine"}, {"semTypes": ["T999"], "to": "17353", "fro": "17344", "fullId": "http://purl.bioontology.org/ontology/RXNORM/32937", "preferredName": "Paroxetine"}, {"semTypes": ["T109", "T121"], "to": "5754", "fro": "5745", "fullId": "http://purl.bioontology.org/ontology/MSH/D017374", "preferredName": "Paroxetine"}, {"semTypes": ["T109", "T121"], "to": "12792", "fro": "12782", "fullId": "http://purl.bioontology.org/ontology/MSH/D017374", "preferredName": "Paroxetine"}, {"semTypes": ["T999"], "to": "4049", "fro": "4040", "fullId": "http://purl.bioontology.org/ontology/MSH/D017374", "preferredName": "Paroxetine"}, {"semTypes": ["T109", "T121"], "to": "9397", "fro": "9387", "fullId": "http://purl.bioontology.org/ontology/MSH/D017374", "preferredName": "Paroxetine"}, {"semTypes": ["T109", "T121"], "to": "11093", "fro": "11085", "fullId": "http://purl.bioontology.org/ontology/RXNORM/11289", "preferredName": "Warfarin"}, {"semTypes": ["T123", "T121", "T116"], "to": "2910", "fro": "2901", "fullId": "http://purl.bioontology.org/ontology/MSH/D017374", "preferredName": "Paroxetine"}, {"semTypes": ["T999"], "to": "3947", "fro": "3938", "fullId": "http://purl.bioontology.org/ontology/RXNORM/32937", "preferredName": "Paroxetine"}, {"semTypes": ["T999"], "to": "1985", "fro": "1976", "fullId": "http://purl.bioontology.org/ontology/MSH/D017374", "preferredName": "Paroxetine"}, {"semTypes": ["T999"], "to": "2456", "fro": "2447", "fullId": "http://purl.bioontology.org/ontology/MSH/D017374", "preferredName": "Paroxetine"}, {"semTypes": ["T109", "T121"], "to": "11533", "fro": "11524", "fullId": "http://purl.bioontology.org/ontology/MSH/D017374", "preferredName": "Paroxetine"}, {"semTypes": ["T999"], "to": "19632", "fro": "19621", "fullId": "http://purl.bioontology.org/ontology/RXNORM/32937", "preferredName": "Paroxetine"}, {"semTypes": ["T109", "T121"], "to": "19205", "fro": "19195", "fullId": "http://purl.bioontology.org/ontology/MSH/D010868", "preferredName": "Pimozide"}, {"semTypes": ["T109", "T121"], "to": "1551", "fro": "1542", "fullId": "http://purl.bioontology.org/ontology/MSH/D017374", "preferredName": "Paroxetine"}, {"semTypes": ["T109", "T121"], "to": "9528", "fro": "9518", "fullId": "http://purl.bioontology.org/ontology/RXNORM/32937", "preferredName": "Paroxetine"}, {"semTypes": ["T999"], "to": "642", "fro": "633", "fullId": "http://purl.bioontology.org/ontology/MSH/D017374", "preferredName": "Paroxetine"}, {"semTypes": ["T999"], "to": "9380", "fro": "9371", "fullId": "http://purl.bioontology.org/ontology/MSH/D017374", "preferredName": "Paroxetine"}, {"semTypes": ["T999"], "to": "10647", "fro": "10638", "fullId": "http://purl.bioontology.org/ontology/RXNORM/32937", "preferredName": "Paroxetine"}, {"semTypes": ["T999"], "to": "1631", "fro": "1624", "fullId": "http://purl.bioontology.org/ontology/MSH/D017374", "preferredName": "Paroxetine"}, {"semTypes": ["T109", "T121"], "to": "10647", "fro": "10638", "fullId": "http://purl.bioontology.org/ontology/MSH/D017374", "preferredName": "Paroxetine"}, {"semTypes": ["T999"], "to": "6820", "fro": "6811", "fullId": "http://purl.bioontology.org/ontology/MSH/D017374", "preferredName": "Paroxetine"}, {"semTypes": ["T999"], "to": "15393", "fro": "15387", "fullId": "http://purl.bioontology.org/ontology/MSH/C041930", "preferredName": "atomoxetine"}, {"semTypes": ["T999"], "to": "2654", "fro": "2647", "fullId": "http://purl.bioontology.org/ontology/RXNORM/8331", "preferredName": "Pimozide"}, {"semTypes": ["T999"], "to": "15004", "fro": "14997", "fullId": "http://purl.bioontology.org/ontology/MSH/D017374", "preferredName": "Paroxetine"}, {"semTypes": ["T121", "T109"], "to": "10734", "fro": "10729", "fullId": "http://purl.bioontology.org/ontology/MSH/D017374", "preferredName": "Paroxetine"}, {"semTypes": ["T109", "T121"], "to": "7624", "fro": "7615", "fullId": "http://purl.bioontology.org/ontology/RXNORM/32937", "preferredName": "Paroxetine"}, {"semTypes": ["T999"], "to": "11651", "fro": "11643", "fullId": "http://purl.bioontology.org/ontology/MSH/C041930", "preferredName": "atomoxetine"}, {"semTypes": ["T999"], "to": "9833", "fro": "9824", "fullId": "http://purl.bioontology.org/ontology/MSH/D017374", "preferredName": "Paroxetine"}, {"semTypes": ["T109", "T121"], "to": "12532", "fro": "12522", "fullId": "http://purl.bioontology.org/ontology/MSH/D010868", "preferredName": "Pimozide"}, {"semTypes": ["T999"], "to": "12532", "fro": "12522", "fullId": "http://purl.bioontology.org/ontology/MSH/D017374", "preferredName": "Paroxetine"}, {"semTypes": ["T109", "T121"], "to": "17904", "fro": "17895", "fullId": "http://purl.bioontology.org/ontology/RXNORM/32937", "preferredName": "Paroxetine"}, {"semTypes": ["T999"], "to": "5632", "fro": "5623", "fullId": "http://purl.bioontology.org/ontology/RXNORM/8331", "preferredName": "Pimozide"}, {"semTypes": ["T109", "T121"], "to": "7960", "fro": "7952", "fullId": "http://purl.bioontology.org/ontology/MSH/D017374", "preferredName": "Paroxetine"}, {"semTypes": ["T109", "T121"], "to": "1985", "fro": "1976", "fullId": "http://purl.bioontology.org/ontology/RXNORM/32937", "preferredName": "Paroxetine"}, {"semTypes": ["T999"], "to": "2871", "fro": "2862", "fullId": "http://purl.bioontology.org/ontology/MSH/D017374", "preferredName": "Paroxetine"}, {"semTypes": ["T999"], "to": "20386", "fro": "20377", "fullId": "http://purl.bioontology.org/ontology/RXNORM/32937", "preferredName": "Paroxetine"}, {"semTypes": ["T109", "T121"], "to": "11316", "fro": "11307", "fullId": "http://purl.bioontology.org/ontology/MSH/D017374", "preferredName": "Paroxetine"}, {"semTypes": ["T999"], "to": "12697", "fro": "12688", "fullId": "http://purl.bioontology.org/ontology/RXNORM/32937", "preferredName": "Paroxetine"}, {"semTypes": ["T109", "T121"], "to": "10136", "fro": "10126", "fullId": "http://purl.bioontology.org/ontology/MSH/D017374", "preferredName": "Paroxetine"}, {"semTypes": ["T999"], "to": "12448", "fro": "12438", "fullId": "http://purl.bioontology.org/ontology/MSH/D010868", "preferredName": "Pimozide"}, {"semTypes": ["T109", "T121"], "to": "2871", "fro": "2862", "fullId": "http://purl.bioontology.org/ontology/RXNORM/32937", "preferredName": "Paroxetine"}, {"semTypes": ["T109", "T121"], "to": "10975", "fro": "10965", "fullId": "http://purl.bioontology.org/ontology/MSH/D017374", "preferredName": "Paroxetine"}, {"semTypes": ["T109", "T121"], "to": "6141", "fro": "6132", "fullId": "http://purl.bioontology.org/ontology/MSH/D017374", "preferredName": "Paroxetine"}, {"semTypes": ["T999"], "to": "4460", "fro": "4453", "fullId": "http://purl.bioontology.org/ontology/RXNORM/8331", "preferredName": "Pimozide"}, {"semTypes": ["T999"], "to": "18589", "fro": "18578", "fullId": "http://purl.bioontology.org/ontology/RXNORM/32937", "preferredName": "Paroxetine"}, {"semTypes": ["T999"], "to": "626", "fro": "617", "fullId": "http://purl.bioontology.org/ontology/RXNORM/32937", "preferredName": "Paroxetine"}, {"semTypes": ["T109", "T121"], "to": "356", "fro": "347", "fullId": "http://purl.bioontology.org/ontology/MSH/D017374", "preferredName": "Paroxetine"}, {"semTypes": ["T109", "T121"], "to": "9380", "fro": "9371", "fullId": "http://purl.bioontology.org/ontology/RXNORM/32937", "preferredName": "Paroxetine"}, {"semTypes": ["T999"], "to": "12792", "fro": "12782", "fullId": "http://purl.bioontology.org/ontology/MSH/D017374", "preferredName": "Paroxetine"}, {"semTypes": ["T121", "T109"], "to": "20241", "fro": "20233", "fullId": "http://purl.bioontology.org/ontology/MSH/C041930", "preferredName": "atomoxetine"}, {"semTypes": ["T109", "T121"], "to": "12448", "fro": "12438", "fullId": "http://purl.bioontology.org/ontology/MSH/D017374", "preferredName": "Paroxetine"}, {"semTypes": ["T109", "T121"], "to": "8842", "fro": "8833", "fullId": "http://purl.bioontology.org/ontology/RXNORM/32937", "preferredName": "Paroxetine"}, {"semTypes": ["T999"], "to": "10945", "fro": "10936", "fullId": "http://purl.bioontology.org/ontology/RXNORM/541657", "preferredName": "Pexeva"}, {"semTypes": ["T999"], "to": "11778", "fro": "11769", "fullId": "http://purl.bioontology.org/ontology/RXNORM/32937", "preferredName": "Paroxetine"}, {"semTypes": ["T109", "T121"], "to": "581", "fro": "572", "fullId": "http://purl.bioontology.org/ontology/MSH/D017374", "preferredName": "Paroxetine"}, {"semTypes": ["T999"], "to": "7913", "fro": "7904", "fullId": "http://purl.bioontology.org/ontology/MSH/D017374", "preferredName": "Paroxetine"}, {"semTypes": ["T999"], "to": "7882", "fro": "7874", "fullId": "http://purl.bioontology.org/ontology/MSH/D017374", "preferredName": "Paroxetine"}, {"semTypes": ["T999"], "to": "9872", "fro": "9862", "fullId": "http://purl.bioontology.org/ontology/RXNORM/32937", "preferredName": "Paroxetine"}, {"semTypes": ["T121", "T109"], "to": "14367", "fro": "14349", "fullId": "http://purl.bioontology.org/ontology/MSH/D017374", "preferredName": "Paroxetine"}, {"semTypes": ["T999"], "to": "6865", "fro": "6856", "fullId": "http://purl.bioontology.org/ontology/MSH/D017374", "preferredName": "Paroxetine"}, {"semTypes": ["T999"], "to": "9783", "fro": "9764", "fullId": "http://purl.bioontology.org/ontology/RXNORM/8331", "preferredName": "Pimozide"}, {"semTypes": ["T999"], "to": "2665", "fro": "2657", "fullId": "http://purl.bioontology.org/ontology/MSH/D014364", "preferredName": "Tryptophan"}, {"semTypes": ["T109", "T121"], "to": "6643", "fro": "6634", "fullId": "http://purl.bioontology.org/ontology/MSH/D017374", "preferredName": "Paroxetine"}, {"semTypes": ["T999"], "to": "9757", "fro": "9747", "fullId": "http://purl.bioontology.org/ontology/MSH/D017374", "preferredName": "Paroxetine"}, {"semTypes": ["T999"], "to": "2751", "fro": "2744", "fullId": "http://purl.bioontology.org/ontology/RXNORM/38400", "preferredName": "atomoxetine"}, {"semTypes": ["T999"], "to": "6049", "fro": "6040", "fullId": "http://purl.bioontology.org/ontology/MSH/D017374", "preferredName": "Paroxetine"}, {"semTypes": ["T109", "T121"], "to": "7913", "fro": "7904", "fullId": "http://purl.bioontology.org/ontology/RXNORM/32937", "preferredName": "Paroxetine"}, {"semTypes": ["T121", "T109"], "to": "11651", "fro": "11643", "fullId": "http://purl.bioontology.org/ontology/MSH/D010868", "preferredName": "Pimozide"}, {"semTypes": ["T109", "T121"], "to": "7797", "fro": "7788", "fullId": "http://purl.bioontology.org/ontology/RXNORM/32937", "preferredName": "Paroxetine"}, {"semTypes": ["T999"], "to": "17867", "fro": "17860", "fullId": "http://purl.bioontology.org/ontology/RXNORM/32937", "preferredName": "Paroxetine"}, {"semTypes": ["T109", "T121"], "to": "2741", "fro": "2734", "fullId": "http://purl.bioontology.org/ontology/MSH/D014364", "preferredName": "Tryptophan"}, {"semTypes": ["T121", "T109"], "to": "10904", "fro": "10892", "fullId": "http://purl.bioontology.org/ontology/RXNORM/11289", "preferredName": "Warfarin"}, {"semTypes": ["T109", "T121"], "to": "16655", "fro": "16646", "fullId": "http://purl.bioontology.org/ontology/RXNORM/32937", "preferredName": "Paroxetine"}, {"semTypes": ["T999"], "to": "14285", "fro": "14276", "fullId": "http://purl.bioontology.org/ontology/MSH/D017374", "preferredName": "Paroxetine"}, {"semTypes": ["T109", "T121"], "to": "7882", "fro": "7874", "fullId": "http://purl.bioontology.org/ontology/RXNORM/32937", "preferredName": "Paroxetine"}, {"semTypes": ["T109", "T121"], "to": "12517", "fro": "12508", "fullId": "http://purl.bioontology.org/ontology/MSH/D017374", "preferredName": "Paroxetine"}, {"semTypes": ["T109", "T121"], "to": "20334", "fro": "20325", "fullId": "http://purl.bioontology.org/ontology/MSH/D017374", "preferredName": "Paroxetine"}, {"semTypes": ["T999"], "to": "1551", "fro": "1542", "fullId": "http://purl.bioontology.org/ontology/MSH/D017374", "preferredName": "Paroxetine"}, {"semTypes": ["T999"], "to": "11334", "fro": "11323", "fullId": "http://purl.bioontology.org/ontology/MSH/C041930", "preferredName": "atomoxetine"}, {"semTypes": ["T121", "T109"], "to": "6549", "fro": "6537", "fullId": "http://purl.bioontology.org/ontology/RXNORM/32937", "preferredName": "Paroxetine"}, {"semTypes": ["T999"], "to": "2533", "fro": "2524", "fullId": "http://purl.bioontology.org/ontology/RXNORM/32937", "preferredName": "Paroxetine"}, {"semTypes": ["T999"], "to": "17129", "fro": "17123", "fullId": "http://purl.bioontology.org/ontology/RXNORM/32937", "preferredName": "Paroxetine"}, {"semTypes": ["T109", "T121"], "to": "10432", "fro": "10423", "fullId": "http://purl.bioontology.org/ontology/MSH/D017374", "preferredName": "Paroxetine"}, {"semTypes": ["T121", "T109"], "to": "11033", "fro": "11024", "fullId": "http://purl.bioontology.org/ontology/RXNORM/11289", "preferredName": "Warfarin"}, {"semTypes": ["T999"], "to": "7176", "fro": "7164", "fullId": "http://purl.bioontology.org/ontology/RXNORM/32937", "preferredName": "Paroxetine"}, {"semTypes": ["T999"], "to": "10904", "fro": "10892", "fullId": "http://purl.bioontology.org/ontology/RXNORM/436212", "preferredName": "Paroxetine mesylate"}, {"semTypes": ["T109", "T121"], "to": "2665", "fro": "2657", "fullId": "http://purl.bioontology.org/ontology/MSH/C041930", "preferredName": "atomoxetine"}, {"semTypes": ["T999"], "to": "19144", "fro": "19135", "fullId": "http://purl.bioontology.org/ontology/MSH/D017374", "preferredName": "Paroxetine"}, {"semTypes": ["T121", "T109"], "to": "18283", "fro": "18272", "fullId": "http://purl.bioontology.org/ontology/MSH/D017374", "preferredName": "Paroxetine"}, {"semTypes": ["T121", "T109"], "to": "13603", "fro": "13585", "fullId": "http://purl.bioontology.org/ontology/RXNORM/32937", "preferredName": "Paroxetine"}, {"semTypes": ["T999"], "to": "11533", "fro": "11524", "fullId": "http://purl.bioontology.org/ontology/RXNORM/32937", "preferredName": "Paroxetine"}, {"semTypes": ["T109", "T121"], "to": "9833", "fro": "9824", "fullId": "http://purl.bioontology.org/ontology/RXNORM/32937", "preferredName": "Paroxetine"}, {"semTypes": ["T999"], "to": "11048", "fro": "11040", "fullId": "http://purl.bioontology.org/ontology/RXNORM/436212", "preferredName": "Paroxetine mesylate"}, {"semTypes": ["T121", "T109"], "to": "17795", "fro": "17788", "fullId": "http://purl.bioontology.org/ontology/RXNORM/8331", "preferredName": "Pimozide"}, {"semTypes": ["T109", "T121"], "to": "9181", "fro": "9172", "fullId": "http://purl.bioontology.org/ontology/RXNORM/32937", "preferredName": "Paroxetine"}, {"semTypes": ["T109", "T121"], "to": "11778", "fro": "11769", "fullId": "http://purl.bioontology.org/ontology/RXNORM/32937", "preferredName": "Paroxetine"}, {"semTypes": ["T121", "T109"], "to": "14990", "fro": "14984", "fullId": "http://purl.bioontology.org/ontology/MSH/D010868", "preferredName": "Pimozide"}, {"semTypes": ["T999"], "to": "9181", "fro": "9172", "fullId": "http://purl.bioontology.org/ontology/RXNORM/32937", "preferredName": "Paroxetine"}, {"semTypes": ["T999"], "to": "19219", "fro": "19210", "fullId": "http://purl.bioontology.org/ontology/RXNORM/32937", "preferredName": "Paroxetine"}, {"semTypes": ["T121", "T109"], "to": "6677", "fro": "6665", "fullId": "http://purl.bioontology.org/ontology/MSH/D017374", "preferredName": "Paroxetine"}, {"semTypes": ["T109", "T121"], "to": "6049", "fro": "6040", "fullId": "http://purl.bioontology.org/ontology/RXNORM/32937", "preferredName": "Paroxetine"}, {"semTypes": ["T109", "T121"], "to": "20231", "fro": "20219", "fullId": "http://purl.bioontology.org/ontology/MSH/D010868", "preferredName": "Pimozide"}, {"semTypes": ["T118", "T110", "T121"], "to": "17256", "fro": "17250", "fullId": "http://purl.bioontology.org/ontology/RXNORM/32937", "preferredName": "Paroxetine"}, {"semTypes": ["T999"], "to": "18347", "fro": "18338", "fullId": "http://purl.bioontology.org/ontology/RXNORM/32937", "preferredName": "Paroxetine"}, {"semTypes": ["T109", "T121"], "to": "18981", "fro": "18971", "fullId": "http://purl.bioontology.org/ontology/MSH/D010868", "preferredName": "Pimozide"}, {"semTypes": ["T999"], "to": "6549", "fro": "6537", "fullId": "http://purl.bioontology.org/ontology/MSH/D017374", "preferredName": "Paroxetine"}, {"semTypes": ["T999"], "to": "10889", "fro": "10877", "fullId": "http://purl.bioontology.org/ontology/RXNORM/38400", "preferredName": "atomoxetine"}, {"semTypes": ["T121", "T109"], "to": "13581", "fro": "13576", "fullId": "http://purl.bioontology.org/ontology/MSH/D017374", "preferredName": "Paroxetine"}, {"semTypes": ["T109", "T121"], "to": "10493", "fro": "10484", "fullId": "http://purl.bioontology.org/ontology/RXNORM/32937", "preferredName": "Paroxetine"}, {"semTypes": ["T121", "T109"], "to": "15393", "fro": "15387", "fullId": "http://purl.bioontology.org/ontology/RXNORM/38400", "preferredName": "atomoxetine"}, {"semTypes": ["T999"], "to": "12844", "fro": "12833", "fullId": "http://purl.bioontology.org/ontology/RXNORM/10898", "preferredName": "Tryptophan"}, {"semTypes": ["T109", "T121"], "to": "9132", "fro": "9123", "fullId": "http://purl.bioontology.org/ontology/MSH/D017374", "preferredName": "Paroxetine"}, {"semTypes": ["T999"], "to": "9132", "fro": "9123", "fullId": "http://purl.bioontology.org/ontology/RXNORM/32937", "preferredName": "Paroxetine"}, {"semTypes": ["T999"], "to": "10493", "fro": "10484", "fullId": "http://purl.bioontology.org/ontology/RXNORM/32937", "preferredName": "Paroxetine"}, {"semTypes": ["T121", "T109"], "to": "18428", "fro": "18417", "fullId": "http://purl.bioontology.org/ontology/MSH/D017374", "preferredName": "Paroxetine"}, {"semTypes": ["T999"], "to": "7624", "fro": "7615", "fullId": "http://purl.bioontology.org/ontology/RXNORM/32937", "preferredName": "Paroxetine"}, {"semTypes": ["T999"], "to": "17795", "fro": "17788", "fullId": "http://purl.bioontology.org/ontology/RXNORM/38400", "preferredName": "atomoxetine"}, {"semTypes": ["T121", "T131", "T109"], "to": "3960", "fro": "3953", "fullId": "http://purl.bioontology.org/ontology/RXNORM/32937", "preferredName": "Paroxetine"}, {"semTypes": ["T999"], "to": "16655", "fro": "16646", "fullId": "http://purl.bioontology.org/ontology/RXNORM/32937", "preferredName": "Paroxetine"}, {"semTypes": ["T999"], "to": "18428", "fro": "18417", "fullId": "http://purl.bioontology.org/ontology/MSH/D017374", "preferredName": "Paroxetine"}, {"semTypes": ["T109", "T121"], "to": "14285", "fro": "14276", "fullId": "http://purl.bioontology.org/ontology/RXNORM/32937", "preferredName": "Paroxetine"}, {"semTypes": ["T999"], "to": "10962", "fro": "10949", "fullId": "http://purl.bioontology.org/ontology/RXNORM/11289", "preferredName": "Warfarin"}, {"semTypes": ["T999"], "to": "6882", "fro": "6870", "fullId": "http://purl.bioontology.org/ontology/MSH/D017374", "preferredName": "Paroxetine"}, {"semTypes": ["T999"], "to": "17940", "fro": "17931", "fullId": "http://purl.bioontology.org/ontology/RXNORM/32937", "preferredName": "Paroxetine"}, {"semTypes": ["T121", "T109"], "to": "13786", "fro": "13781", "fullId": "http://purl.bioontology.org/ontology/RXNORM/32937", "preferredName": "Paroxetine"}, {"semTypes": ["T999"], "to": "1457", "fro": "1450", "fullId": "http://purl.bioontology.org/ontology/MSH/D017374", "preferredName": "Paroxetine"}, {"semTypes": ["T999"], "to": "11441", "fro": "11433", "fullId": "http://purl.bioontology.org/ontology/MSH/C041930", "preferredName": "atomoxetine"}, {"semTypes": ["T999"], "to": "11610", "fro": "11602", "fullId": "http://purl.bioontology.org/ontology/RXNORM/10898", "preferredName": "Tryptophan"}, {"semTypes": ["T121", "T109"], "to": "15665", "fro": "15647", "fullId": "http://purl.bioontology.org/ontology/MSH/D017374", "preferredName": "Paroxetine"}, {"semTypes": ["T123", "T121", "T109"], "to": "19851", "fro": "19840", "fullId": "http://purl.bioontology.org/ontology/MSH/D010868", "preferredName": "Pimozide"}, {"semTypes": ["T109", "T121"], "to": "17940", "fro": "17931", "fullId": "http://purl.bioontology.org/ontology/RXNORM/32937", "preferredName": "Paroxetine"}, {"semTypes": ["T999"], "to": "6503", "fro": "6491", "fullId": "http://purl.bioontology.org/ontology/RXNORM/32937", "preferredName": "Paroxetine"}, {"semTypes": ["T109", "T121"], "to": "6865", "fro": "6856", "fullId": "http://purl.bioontology.org/ontology/RXNORM/32937", "preferredName": "Paroxetine"}, {"semTypes": ["T200"], "to": "9490", "fro": "9475", "fullId": "http://purl.bioontology.org/ontology/RXNORM/8331", "preferredName": "Pimozide"}, {"semTypes": ["T109", "T121"], "to": "16054", "fro": "16045", "fullId": "http://purl.bioontology.org/ontology/RXNORM/32937", "preferredName": "Paroxetine"}, {"semTypes": ["T109", "T121"], "to": "5844", "fro": "5835", "fullId": "http://purl.bioontology.org/ontology/RXNORM/32937", "preferredName": "Paroxetine"}, {"semTypes": ["T999"], "to": "11316", "fro": "11307", "fullId": "http://purl.bioontology.org/ontology/MSH/D017374", "preferredName": "Paroxetine"}, {"semTypes": ["T123", "T121", "T109"], "to": "19632", "fro": "19621", "fullId": "http://purl.bioontology.org/ontology/MSH/C041930", "preferredName": "atomoxetine"}, {"semTypes": ["T999"], "to": "19731", "fro": "19722", "fullId": "http://purl.bioontology.org/ontology/MSH/D017374", "preferredName": "Paroxetine"}, {"semTypes": ["T999"], "to": "17256", "fro": "17250", "fullId": "http://purl.bioontology.org/ontology/RXNORM/32937", "preferredName": "Paroxetine"}, {"semTypes": ["T999"], "to": "11093", "fro": "11085", "fullId": "http://purl.bioontology.org/ontology/MSH/D014364", "preferredName": "Tryptophan"}, {"semTypes": ["T999"], "to": "7548", "fro": "7540", "fullId": "http://purl.bioontology.org/ontology/MSH/D017374", "preferredName": "Paroxetine"}, {"semTypes": ["T121", "T109"], "to": "14345", "fro": "14340", "fullId": "http://purl.bioontology.org/ontology/RXNORM/32937", "preferredName": "Paroxetine"}, {"semTypes": ["T999"], "to": "8994", "fro": "8985", "fullId": "http://purl.bioontology.org/ontology/MSH/D017374", "preferredName": "Paroxetine"}, {"semTypes": ["T999"], "to": "15593", "fro": "15586", "fullId": "http://purl.bioontology.org/ontology/RXNORM/32937", "preferredName": "Paroxetine"}, {"semTypes": ["T109", "T121"], "to": "10945", "fro": "10936", "fullId": "http://purl.bioontology.org/ontology/RXNORM/10898", "preferredName": "Tryptophan"}, {"semTypes": ["T109", "T121"], "to": "1773", "fro": "1766", "fullId": "http://purl.bioontology.org/ontology/RXNORM/32937", "preferredName": "Paroxetine"}, {"semTypes": ["T999"], "to": "15271", "fro": "15263", "fullId": "http://purl.bioontology.org/ontology/MSH/D014364", "preferredName": "Tryptophan"}, {"semTypes": ["T999"], "to": "6933", "fro": "6924", "fullId": "http://purl.bioontology.org/ontology/RXNORM/32937", "preferredName": "Paroxetine"}, {"semTypes": ["T999"], "to": "7797", "fro": "7788", "fullId": "http://purl.bioontology.org/ontology/MSH/D017374", "preferredName": "Paroxetine"}, {"semTypes": ["T999"], "to": "17904", "fro": "17895", "fullId": "http://purl.bioontology.org/ontology/MSH/D017374", "preferredName": "Paroxetine"}, {"semTypes": ["T999"], "to": "2741", "fro": "2734", "fullId": "http://purl.bioontology.org/ontology/MSH/D014859", "preferredName": "Warfarin"}, {"semTypes": ["T999"], "to": "20307", "fro": "20295", "fullId": "http://purl.bioontology.org/ontology/RXNORM/8331", "preferredName": "Pimozide"}, {"semTypes": ["T109", "T121"], "to": "4629", "fro": "4620", "fullId": "http://purl.bioontology.org/ontology/MSH/D017374", "preferredName": "Paroxetine"}, {"semTypes": ["T999"], "to": "6643", "fro": "6634", "fullId": "http://purl.bioontology.org/ontology/MSH/D017374", "preferredName": "Paroxetine"}, {"semTypes": ["T109", "T121"], "to": "8994", "fro": "8985", "fullId": "http://purl.bioontology.org/ontology/MSH/D017374", "preferredName": "Paroxetine"}, {"semTypes": ["T999"], "to": "19089", "fro": "19079", "fullId": "http://purl.bioontology.org/ontology/MSH/D017374", "preferredName": "Paroxetine"}, {"semTypes": ["T999"], "to": "6677", "fro": "6665", "fullId": "http://purl.bioontology.org/ontology/RXNORM/32937", "preferredName": "Paroxetine"}, {"semTypes": ["T109", "T121"], "to": "12697", "fro": "12688", "fullId": "http://purl.bioontology.org/ontology/MSH/D017374", "preferredName": "Paroxetine"}, {"semTypes": ["T109", "T121"], "to": "2751", "fro": "2744", "fullId": "http://purl.bioontology.org/ontology/RXNORM/541657", "preferredName": "Pexeva"}, {"semTypes": ["T999"], "to": "10432", "fro": "10423", "fullId": "http://purl.bioontology.org/ontology/MSH/D017374", "preferredName": "Paroxetine"}, {"semTypes": ["T109", "T121"], "to": "17353", "fro": "17344", "fullId": "http://purl.bioontology.org/ontology/RXNORM/32937", "preferredName": "Paroxetine"}, {"semTypes": ["T999"], "to": "2910", "fro": "2901", "fullId": "http://purl.bioontology.org/ontology/MSH/D017374", "preferredName": "Paroxetine"}, {"semTypes": ["T109", "T121"], "to": "9872", "fro": "9862", "fullId": "http://purl.bioontology.org/ontology/MSH/D017374", "preferredName": "Paroxetine"}, {"semTypes": ["T109", "T121"], "to": "6726", "fro": "6717", "fullId": "http://purl.bioontology.org/ontology/MSH/D017374", "preferredName": "Paroxetine"}, {"semTypes": ["T116", "T121"], "to": "12844", "fro": "12833", "fullId": "http://purl.bioontology.org/ontology/RXNORM/10898", "preferredName": "Tryptophan"}, {"semTypes": ["T999"], "to": "16776", "fro": "16767", "fullId": "http://purl.bioontology.org/ontology/MSH/D017374", "preferredName": "Paroxetine"}, {"semTypes": ["T121", "T109"], "to": "11304", "fro": "11293", "fullId": "http://purl.bioontology.org/ontology/RXNORM/8331", "preferredName": "Pimozide"}, {"semTypes": ["T200"], "to": "10011", "fro": "9996", "fullId": "http://purl.bioontology.org/ontology/RXNORM/38400", "preferredName": "atomoxetine"}, {"semTypes": ["T121", "T109"], "to": "10916", "fro": "10907", "fullId": "http://purl.bioontology.org/ontology/RXNORM/11289", "preferredName": "Warfarin"}, {"semTypes": ["T999"], "to": "245", "fro": "236", "fullId": "http://purl.bioontology.org/ontology/RXNORM/32937", "preferredName": "Paroxetine"}, {"semTypes": ["T999"], "to": "4629", "fro": "4620", "fullId": "http://purl.bioontology.org/ontology/MSH/D017374", "preferredName": "Paroxetine"}, {"semTypes": ["T999"], "to": "17952", "fro": "17945", "fullId": "http://purl.bioontology.org/ontology/MSH/D010868", "preferredName": "Pimozide"}, {"semTypes": ["T999"], "to": "11304", "fro": "11293", "fullId": "http://purl.bioontology.org/ontology/RXNORM/32937", "preferredName": "Paroxetine"}, {"semTypes": ["T109", "T121"], "to": "19731", "fro": "19722", "fullId": "http://purl.bioontology.org/ontology/MSH/D017374", "preferredName": "Paroxetine"}, {"semTypes": ["T121", "T109"], "to": "6503", "fro": "6491", "fullId": "http://purl.bioontology.org/ontology/RXNORM/32937", "preferredName": "Paroxetine"}, {"semTypes": ["T999"], "to": "9256", "fro": "9246", "fullId": "http://purl.bioontology.org/ontology/MSH/C041930", "preferredName": "atomoxetine"}, {"semTypes": ["T109", "T121"], "to": "5246", "fro": "5237", "fullId": "http://purl.bioontology.org/ontology/RXNORM/32937", "preferredName": "Paroxetine"}, {"semTypes": ["T109", "T121"], "to": "12432", "fro": "12423", "fullId": "http://purl.bioontology.org/ontology/MSH/D017374", "preferredName": "Paroxetine"}, {"semTypes": ["T109", "T121"], "to": "10312", "fro": "10302", "fullId": "http://purl.bioontology.org/ontology/MSH/D017374", "preferredName": "Paroxetine"}, {"semTypes": ["T109", "T121"], "to": "19219", "fro": "19210", "fullId": "http://purl.bioontology.org/ontology/RXNORM/32937", "preferredName": "Paroxetine"}, {"semTypes": ["T109", "T121"], "to": "18347", "fro": "18338", "fullId": "http://purl.bioontology.org/ontology/MSH/D017374", "preferredName": "Paroxetine"}, {"semTypes": ["T121", "T131", "T109"], "to": "15593", "fro": "15586", "fullId": "http://purl.bioontology.org/ontology/MSH/D017374", "preferredName": "Paroxetine"}, {"semTypes": ["T121", "T109"], "to": "11441", "fro": "11433", "fullId": "http://purl.bioontology.org/ontology/MSH/D010868", "preferredName": "Pimozide"}, {"semTypes": ["T999"], "to": "9649", "fro": "9630", "fullId": "http://purl.bioontology.org/ontology/RXNORM/8331", "preferredName": "Pimozide"}, {"semTypes": ["T999"], "to": "16054", "fro": "16045", "fullId": "http://purl.bioontology.org/ontology/RXNORM/32937", "preferredName": "Paroxetine"}, {"semTypes": ["T109", "T121"], "to": "14603", "fro": "14594", "fullId": "http://purl.bioontology.org/ontology/RXNORM/32937", "preferredName": "Paroxetine"}, {"semTypes": ["T109", "T121"], "to": "13624", "fro": "13615", "fullId": "http://purl.bioontology.org/ontology/MSH/D017374", "preferredName": "Paroxetine"}, {"semTypes": ["T121", "T109"], "to": "12804", "fro": "12795", "fullId": "http://purl.bioontology.org/ontology/RXNORM/10898", "preferredName": "Tryptophan"}, {"semTypes": ["T999"], "to": "12815", "fro": "12807", "fullId": "http://purl.bioontology.org/ontology/RXNORM/10898", "preferredName": "Tryptophan"}, {"semTypes": ["T109", "T121"], "to": "626", "fro": "617", "fullId": "http://purl.bioontology.org/ontology/MSH/D017374", "preferredName": "Paroxetine"}, {"semTypes": ["T123", "T121", "T109"], "to": "19697", "fro": "19686", "fullId": "http://purl.bioontology.org/ontology/MSH/D017374", "preferredName": "Paroxetine"}, {"semTypes": ["T999"], "to": "10975", "fro": "10965", "fullId": "http://purl.bioontology.org/ontology/MSH/D017374", "preferredName": "Paroxetine"}, {"semTypes": ["T109", "T121"], "to": "20386", "fro": "20377", "fullId": "http://purl.bioontology.org/ontology/RXNORM/32937", "preferredName": "Paroxetine"}, {"semTypes": ["T999"], "to": "9397", "fro": "9387", "fullId": "http://purl.bioontology.org/ontology/MSH/D017374", "preferredName": "Paroxetine"}]