[{"semTypes": ["T121", "T109"], "to": "937", "fro": "928", "fullId": "http://purl.bioontology.org/ontology/MSH/D009853", "preferredName": "Omeprazole"}, {"semTypes": ["T999"], "to": "1211", "fro": "1200", "fullId": "http://purl.bioontology.org/ontology/MSH/C045645", "preferredName": "cilostazol"}, {"semTypes": ["T999"], "to": "4550", "fro": "4541", "fullId": "http://purl.bioontology.org/ontology/RXNORM/7646", "preferredName": "Omeprazole"}, {"semTypes": ["T121", "T109"], "to": "880", "fro": "870", "fullId": "http://purl.bioontology.org/ontology/MSH/D009853", "preferredName": "Omeprazole"}, {"semTypes": ["T121", "T109"], "to": "244", "fro": "235", "fullId": "http://purl.bioontology.org/ontology/MSH/D009853", "preferredName": "Omeprazole"}, {"semTypes": ["T999"], "to": "6656", "fro": "6645", "fullId": "http://purl.bioontology.org/ontology/RXNORM/83395", "preferredName": "Saquinavir"}, {"semTypes": ["T999"], "to": "9822", "fro": "9813", "fullId": "http://purl.bioontology.org/ontology/MSH/D009853", "preferredName": "Omeprazole"}, {"semTypes": ["T999"], "to": "4083", "fro": "4075", "fullId": "http://purl.bioontology.org/ontology/RXNORM/32968", "preferredName": "clopidogrel"}, {"semTypes": ["T999"], "to": "10912", "fro": "10899", "fullId": "http://purl.bioontology.org/ontology/MSH/D019258", "preferredName": "Saquinavir"}, {"semTypes": ["T999"], "to": "5520", "fro": "5514", "fullId": "http://purl.bioontology.org/ontology/RXNORM/343047", "preferredName": "Atazanavir"}, {"semTypes": ["T109", "T121"], "to": "4332", "fro": "4323", "fullId": "http://purl.bioontology.org/ontology/RXNORM/7646", "preferredName": "Omeprazole"}, {"semTypes": ["T121", "T118", "T110"], "to": "643", "fro": "637", "fullId": "http://purl.bioontology.org/ontology/MSH/C413408", "preferredName": "atazanavir"}, {"semTypes": ["T109", "T121"], "to": "5304", "fro": "5295", "fullId": "http://purl.bioontology.org/ontology/MSH/D009853", "preferredName": "Omeprazole"}, {"semTypes": ["T999"], "to": "11040", "fro": "11027", "fullId": "http://purl.bioontology.org/ontology/MSH/C413408", "preferredName": "atazanavir"}, {"semTypes": ["T999"], "to": "11456", "fro": "11445", "fullId": "http://purl.bioontology.org/ontology/RXNORM/343047", "preferredName": "Atazanavir"}, {"semTypes": ["T121", "T109", "T131"], "to": "6349", "fro": "6342", "fullId": "http://purl.bioontology.org/ontology/RXNORM/83395", "preferredName": "Saquinavir"}, {"semTypes": ["T109", "T121"], "to": "683", "fro": "674", "fullId": "http://purl.bioontology.org/ontology/MSH/D009853", "preferredName": "Omeprazole"}, {"semTypes": ["T121", "T109"], "to": "804", "fro": "794", "fullId": "http://purl.bioontology.org/ontology/RXNORM/343047", "preferredName": "Atazanavir"}, {"semTypes": ["T109", "T121"], "to": "9260", "fro": "9251", "fullId": "http://purl.bioontology.org/ontology/MSH/D009853", "preferredName": "Omeprazole"}, {"semTypes": ["T999"], "to": "5172", "fro": "5167", "fullId": "http://purl.bioontology.org/ontology/RXNORM/21107", "preferredName": "cilostazol"}, {"semTypes": ["T121", "T109"], "to": "8996", "fro": "8986", "fullId": "http://purl.bioontology.org/ontology/MSH/D009853", "preferredName": "Omeprazole"}, {"semTypes": ["T121", "T109"], "to": "1223", "fro": "1214", "fullId": "http://purl.bioontology.org/ontology/MSH/D019258", "preferredName": "Saquinavir"}, {"semTypes": ["T999"], "to": "188", "fro": "179", "fullId": "http://purl.bioontology.org/ontology/MSH/D009853", "preferredName": "Omeprazole"}, {"semTypes": ["T109", "T121"], "to": "385", "fro": "376", "fullId": "http://purl.bioontology.org/ontology/RXNORM/7646", "preferredName": "Omeprazole"}, {"semTypes": ["T121", "T109", "T131"], "to": "1181", "fro": "1174", "fullId": "http://purl.bioontology.org/ontology/RXNORM/83395", "preferredName": "Saquinavir"}, {"semTypes": ["T999"], "to": "6502", "fro": "6491", "fullId": "http://purl.bioontology.org/ontology/RXNORM/134527", "preferredName": "Nelfinavir"}, {"semTypes": ["T999"], "to": "1171", "fro": "1164", "fullId": "http://purl.bioontology.org/ontology/MSH/D019888", "preferredName": "Nelfinavir"}, {"semTypes": ["T999"], "to": "9086", "fro": "9077", "fullId": "http://purl.bioontology.org/ontology/MSH/D009853", "preferredName": "Omeprazole"}, {"semTypes": ["T195", "T109"], "to": "10612", "fro": "10599", "fullId": "http://purl.bioontology.org/ontology/MSH/D019258", "preferredName": "Saquinavir"}, {"semTypes": ["T121", "T109"], "to": "11216", "fro": "11205", "fullId": "http://purl.bioontology.org/ontology/MSH/D019258", "preferredName": "Saquinavir"}, {"semTypes": ["T999"], "to": "5559", "fro": "5550", "fullId": "http://purl.bioontology.org/ontology/RXNORM/7646", "preferredName": "Omeprazole"}, {"semTypes": ["T109", "T121"], "to": "4302", "fro": "4293", "fullId": "http://purl.bioontology.org/ontology/MSH/D009853", "preferredName": "Omeprazole"}, {"semTypes": ["T109", "T121"], "to": "8949", "fro": "8940", "fullId": "http://purl.bioontology.org/ontology/RXNORM/7646", "preferredName": "Omeprazole"}, {"semTypes": ["T999"], "to": "611", "fro": "603", "fullId": "http://purl.bioontology.org/ontology/MSH/C055162", "preferredName": "clopidogrel"}, {"semTypes": ["T121", "T109"], "to": "7920", "fro": "7911", "fullId": "http://purl.bioontology.org/ontology/RXNORM/7646", "preferredName": "Omeprazole"}, {"semTypes": ["T999"], "to": "3515", "fro": "3506", "fullId": "http://purl.bioontology.org/ontology/RXNORM/7646", "preferredName": "Omeprazole"}, {"semTypes": ["T109", "T121"], "to": "2316", "fro": "2307", "fullId": "http://purl.bioontology.org/ontology/RXNORM/7646", "preferredName": "Omeprazole"}, {"semTypes": ["T109", "T121"], "to": "4083", "fro": "4075", "fullId": "http://purl.bioontology.org/ontology/RXNORM/134527", "preferredName": "Nelfinavir"}, {"semTypes": ["T109", "T121"], "to": "2145", "fro": "2136", "fullId": "http://purl.bioontology.org/ontology/RXNORM/7646", "preferredName": "Omeprazole"}, {"semTypes": ["T999"], "to": "9735", "fro": "9726", "fullId": "http://purl.bioontology.org/ontology/MSH/C413408", "preferredName": "atazanavir"}, {"semTypes": ["T109", "T121"], "to": "3144", "fro": "3135", "fullId": "http://purl.bioontology.org/ontology/RXNORM/7646", "preferredName": "Omeprazole"}, {"semTypes": ["T109", "T121"], "to": "5559", "fro": "5550", "fullId": "http://purl.bioontology.org/ontology/RXNORM/7646", "preferredName": "Omeprazole"}, {"semTypes": ["T999"], "to": "1853", "fro": "1842", "fullId": "http://purl.bioontology.org/ontology/RXNORM/83395", "preferredName": "Saquinavir"}, {"semTypes": ["T121", "T109"], "to": "583", "fro": "572", "fullId": "http://purl.bioontology.org/ontology/MSH/C045645", "preferredName": "cilostazol"}, {"semTypes": ["T121", "T109"], "to": "176", "fro": "167", "fullId": "http://purl.bioontology.org/ontology/RXNORM/7646", "preferredName": "Omeprazole"}, {"semTypes": ["T109", "T121"], "to": "4240", "fro": "4231", "fullId": "http://purl.bioontology.org/ontology/MSH/D009853", "preferredName": "Omeprazole"}, {"semTypes": ["T109", "T121"], "to": "6825", "fro": "6816", "fullId": "http://purl.bioontology.org/ontology/RXNORM/7646", "preferredName": "Omeprazole"}, {"semTypes": ["T999"], "to": "6517", "fro": "6507", "fullId": "http://purl.bioontology.org/ontology/RXNORM/134527", "preferredName": "Nelfinavir"}, {"semTypes": ["T999"], "to": "3029", "fro": "3020", "fullId": "http://purl.bioontology.org/ontology/MSH/D009853", "preferredName": "Omeprazole"}, {"semTypes": ["T109", "T121"], "to": "5198", "fro": "5190", "fullId": "http://purl.bioontology.org/ontology/MSH/D019888", "preferredName": "Nelfinavir"}, {"semTypes": ["T999"], "to": "1608", "fro": "1597", "fullId": "http://purl.bioontology.org/ontology/RXNORM/343047", "preferredName": "Atazanavir"}, {"semTypes": ["T195", "T109"], "to": "10859", "fro": "10846", "fullId": "http://purl.bioontology.org/ontology/MSH/C413408", "preferredName": "atazanavir"}, {"semTypes": ["T121", "T109"], "to": "1192", "fro": "1184", "fullId": "http://purl.bioontology.org/ontology/MSH/D019258", "preferredName": "Saquinavir"}, {"semTypes": ["T109", "T121"], "to": "3820", "fro": "3811", "fullId": "http://purl.bioontology.org/ontology/MSH/D009853", "preferredName": "Omeprazole"}, {"semTypes": ["T109", "T121"], "to": "8764", "fro": "8755", "fullId": "http://purl.bioontology.org/ontology/RXNORM/7646", "preferredName": "Omeprazole"}, {"semTypes": ["T999"], "to": "683", "fro": "674", "fullId": "http://purl.bioontology.org/ontology/MSH/D009853", "preferredName": "Omeprazole"}, {"semTypes": ["T999"], "to": "11637", "fro": "11626", "fullId": "http://purl.bioontology.org/ontology/MSH/C413408", "preferredName": "atazanavir"}, {"semTypes": ["T999"], "to": "156", "fro": "147", "fullId": "http://purl.bioontology.org/ontology/MSH/D009853", "preferredName": "Omeprazole"}, {"semTypes": ["T999"], "to": "804", "fro": "794", "fullId": "http://purl.bioontology.org/ontology/MSH/D009853", "preferredName": "Omeprazole"}, {"semTypes": ["T999"], "to": "2160", "fro": "2151", "fullId": "http://purl.bioontology.org/ontology/MSH/D009853", "preferredName": "Omeprazole"}, {"semTypes": ["T109", "T121"], "to": "2456", "fro": "2447", "fullId": "http://purl.bioontology.org/ontology/MSH/D009853", "preferredName": "Omeprazole"}, {"semTypes": ["T121", "T118", "T110"], "to": "695", "fro": "689", "fullId": "http://purl.bioontology.org/ontology/RXNORM/343047", "preferredName": "Atazanavir"}, {"semTypes": ["T999"], "to": "816", "fro": "807", "fullId": "http://purl.bioontology.org/ontology/RXNORM/7646", "preferredName": "Omeprazole"}, {"semTypes": ["T999"], "to": "9562", "fro": "9552", "fullId": "http://purl.bioontology.org/ontology/MSH/D009853", "preferredName": "Omeprazole"}, {"semTypes": ["T999"], "to": "6909", "fro": "6898", "fullId": "http://purl.bioontology.org/ontology/MSH/C413408", "preferredName": "atazanavir"}, {"semTypes": ["T121", "T116"], "to": "1211", "fro": "1200", "fullId": "http://purl.bioontology.org/ontology/MSH/C045645", "preferredName": "cilostazol"}, {"semTypes": ["T109", "T121"], "to": "3921", "fro": "3912", "fullId": "http://purl.bioontology.org/ontology/MSH/D009853", "preferredName": "Omeprazole"}, {"semTypes": ["T109", "T121"], "to": "2519", "fro": "2510", "fullId": "http://purl.bioontology.org/ontology/RXNORM/7646", "preferredName": "Omeprazole"}, {"semTypes": ["T109", "T121"], "to": "7534", "fro": "7525", "fullId": "http://purl.bioontology.org/ontology/MSH/D009853", "preferredName": "Omeprazole"}, {"semTypes": ["T121", "T109", "T131"], "to": "6192", "fro": "6185", "fullId": "http://purl.bioontology.org/ontology/RXNORM/343047", "preferredName": "Atazanavir"}, {"semTypes": ["T121", "T109"], "to": "11534", "fro": "11523", "fullId": "http://purl.bioontology.org/ontology/RXNORM/83395", "preferredName": "Saquinavir"}, {"semTypes": ["T999"], "to": "3484", "fro": "3475", "fullId": "http://purl.bioontology.org/ontology/RXNORM/7646", "preferredName": "Omeprazole"}, {"semTypes": ["T121", "T109"], "to": "3278", "fro": "3269", "fullId": "http://purl.bioontology.org/ontology/MSH/D009853", "preferredName": "Omeprazole"}, {"semTypes": ["T999"], "to": "3159", "fro": "3150", "fullId": "http://purl.bioontology.org/ontology/MSH/D009853", "preferredName": "Omeprazole"}, {"semTypes": ["T109", "T121"], "to": "2239", "fro": "2230", "fullId": "http://purl.bioontology.org/ontology/RXNORM/7646", "preferredName": "Omeprazole"}, {"semTypes": ["T999"], "to": "2239", "fro": "2230", "fullId": "http://purl.bioontology.org/ontology/MSH/D009853", "preferredName": "Omeprazole"}, {"semTypes": ["T999"], "to": "880", "fro": "870", "fullId": "http://purl.bioontology.org/ontology/RXNORM/7646", "preferredName": "Omeprazole"}, {"semTypes": ["T999"], "to": "583", "fro": "572", "fullId": "http://purl.bioontology.org/ontology/MSH/D019888", "preferredName": "Nelfinavir"}, {"semTypes": ["T999"], "to": "630", "fro": "625", "fullId": "http://purl.bioontology.org/ontology/MSH/C413408", "preferredName": "atazanavir"}, {"semTypes": ["T121", "T109"], "to": "8065", "fro": "8056", "fullId": "http://purl.bioontology.org/ontology/RXNORM/7646", "preferredName": "Omeprazole"}, {"semTypes": ["T109", "T121"], "to": "3553", "fro": "3544", "fullId": "http://purl.bioontology.org/ontology/MSH/D009853", "preferredName": "Omeprazole"}, {"semTypes": ["T109", "T121"], "to": "8332", "fro": "8323", "fullId": "http://purl.bioontology.org/ontology/RXNORM/7646", "preferredName": "Omeprazole"}, {"semTypes": ["T999"], "to": "1240", "fro": "1226", "fullId": "http://purl.bioontology.org/ontology/MSH/D019888", "preferredName": "Nelfinavir"}, {"semTypes": ["T999"], "to": "9260", "fro": "9251", "fullId": "http://purl.bioontology.org/ontology/MSH/D009853", "preferredName": "Omeprazole"}, {"semTypes": ["T121", "T109", "T131"], "to": "1439", "fro": "1432", "fullId": "http://purl.bioontology.org/ontology/RXNORM/83395", "preferredName": "Saquinavir"}, {"semTypes": ["T999"], "to": "5980", "fro": "5973", "fullId": "http://purl.bioontology.org/ontology/RXNORM/83395", "preferredName": "Saquinavir"}, {"semTypes": ["T109", "T121"], "to": "7223", "fro": "7212", "fullId": "http://purl.bioontology.org/ontology/RXNORM/343047", "preferredName": "Atazanavir"}, {"semTypes": ["T109", "T121"], "to": "3484", "fro": "3475", "fullId": "http://purl.bioontology.org/ontology/MSH/D009853", "preferredName": "Omeprazole"}, {"semTypes": ["T999"], "to": "244", "fro": "235", "fullId": "http://purl.bioontology.org/ontology/MSH/D009853", "preferredName": "Omeprazole"}, {"semTypes": ["T999"], "to": "224", "fro": "215", "fullId": "http://purl.bioontology.org/ontology/MSH/D009853", "preferredName": "Omeprazole"}, {"semTypes": ["T121", "T109"], "to": "6517", "fro": "6507", "fullId": "http://purl.bioontology.org/ontology/RXNORM/134527", "preferredName": "Nelfinavir"}, {"semTypes": ["T999"], "to": "8860", "fro": "8850", "fullId": "http://purl.bioontology.org/ontology/MSH/D009853", "preferredName": "Omeprazole"}, {"semTypes": ["T109", "T121"], "to": "7565", "fro": "7554", "fullId": "http://purl.bioontology.org/ontology/MSH/D019258", "preferredName": "Saquinavir"}, {"semTypes": ["T121", "T109"], "to": "1853", "fro": "1842", "fullId": "http://purl.bioontology.org/ontology/MSH/C413408", "preferredName": "atazanavir"}, {"semTypes": ["T109", "T121"], "to": "224", "fro": "215", "fullId": "http://purl.bioontology.org/ontology/MSH/D009853", "preferredName": "Omeprazole"}, {"semTypes": ["T109", "T121"], "to": "9822", "fro": "9813", "fullId": "http://purl.bioontology.org/ontology/MSH/D009853", "preferredName": "Omeprazole"}, {"semTypes": ["T999"], "to": "2519", "fro": "2510", "fullId": "http://purl.bioontology.org/ontology/MSH/D009853", "preferredName": "Omeprazole"}, {"semTypes": ["T999"], "to": "1439", "fro": "1432", "fullId": "http://purl.bioontology.org/ontology/RXNORM/83395", "preferredName": "Saquinavir"}, {"semTypes": ["T999"], "to": "2456", "fro": "2447", "fullId": "http://purl.bioontology.org/ontology/RXNORM/7646", "preferredName": "Omeprazole"}, {"semTypes": ["T121", "T118", "T110"], "to": "5258", "fro": "5252", "fullId": "http://purl.bioontology.org/ontology/RXNORM/83395", "preferredName": "Saquinavir"}, {"semTypes": ["T999"], "to": "3278", "fro": "3269", "fullId": "http://purl.bioontology.org/ontology/MSH/D009853", "preferredName": "Omeprazole"}, {"semTypes": ["T999"], "to": "5970", "fro": "5963", "fullId": "http://purl.bioontology.org/ontology/RXNORM/32968", "preferredName": "clopidogrel"}, {"semTypes": ["T999"], "to": "3683", "fro": "3674", "fullId": "http://purl.bioontology.org/ontology/RXNORM/7646", "preferredName": "Omeprazole"}, {"semTypes": ["T999"], "to": "5369", "fro": "5363", "fullId": "http://purl.bioontology.org/ontology/RXNORM/343047", "preferredName": "Atazanavir"}, {"semTypes": ["T999"], "to": "9277", "fro": "9267", "fullId": "http://purl.bioontology.org/ontology/RXNORM/7646", "preferredName": "Omeprazole"}, {"semTypes": ["T121", "T109"], "to": "3698", "fro": "3689", "fullId": "http://purl.bioontology.org/ontology/MSH/D009853", "preferredName": "Omeprazole"}, {"semTypes": ["T999"], "to": "5994", "fro": "5986", "fullId": "http://purl.bioontology.org/ontology/MSH/C055162", "preferredName": "clopidogrel"}, {"semTypes": ["T999"], "to": "385", "fro": "376", "fullId": "http://purl.bioontology.org/ontology/RXNORM/7646", "preferredName": "Omeprazole"}, {"semTypes": ["T109", "T121"], "to": "6178", "fro": "6169", "fullId": "http://purl.bioontology.org/ontology/MSH/D009853", "preferredName": "Omeprazole"}, {"semTypes": ["T999"], "to": "6825", "fro": "6816", "fullId": "http://purl.bioontology.org/ontology/RXNORM/7646", "preferredName": "Omeprazole"}, {"semTypes": ["T999"], "to": "3144", "fro": "3135", "fullId": "http://purl.bioontology.org/ontology/RXNORM/7646", "preferredName": "Omeprazole"}, {"semTypes": ["T109", "T121"], "to": "1686", "fro": "1677", "fullId": "http://purl.bioontology.org/ontology/RXNORM/343047", "preferredName": "Atazanavir"}, {"semTypes": ["T109", "T121"], "to": "3683", "fro": "3674", "fullId": "http://purl.bioontology.org/ontology/RXNORM/7646", "preferredName": "Omeprazole"}, {"semTypes": ["T123", "T121", "T109"], "to": "6502", "fro": "6491", "fullId": "http://purl.bioontology.org/ontology/RXNORM/134527", "preferredName": "Nelfinavir"}, {"semTypes": ["T999"], "to": "1794", "fro": "1783", "fullId": "http://purl.bioontology.org/ontology/RXNORM/83395", "preferredName": "Saquinavir"}, {"semTypes": ["T121", "T118", "T110"], "to": "5430", "fro": "5424", "fullId": "http://purl.bioontology.org/ontology/RXNORM/343047", "preferredName": "Atazanavir"}, {"semTypes": ["T121", "T109"], "to": "3437", "fro": "3428", "fullId": "http://purl.bioontology.org/ontology/RXNORM/7646", "preferredName": "Omeprazole"}, {"semTypes": ["T109", "T121"], "to": "454", "fro": "445", "fullId": "http://purl.bioontology.org/ontology/RXNORM/7646", "preferredName": "Omeprazole"}, {"semTypes": ["T121", "T109"], "to": "996", "fro": "987", "fullId": "http://purl.bioontology.org/ontology/MSH/D009853", "preferredName": "Omeprazole"}, {"semTypes": ["T999"], "to": "3437", "fro": "3428", "fullId": "http://purl.bioontology.org/ontology/MSH/D009853", "preferredName": "Omeprazole"}, {"semTypes": ["T109", "T121"], "to": "330", "fro": "321", "fullId": "http://purl.bioontology.org/ontology/RXNORM/7646", "preferredName": "Omeprazole"}, {"semTypes": ["T109", "T121"], "to": "2627", "fro": "2618", "fullId": "http://purl.bioontology.org/ontology/MSH/D009853", "preferredName": "Omeprazole"}, {"semTypes": ["T999"], "to": "9173", "fro": "9163", "fullId": "http://purl.bioontology.org/ontology/RXNORM/7646", "preferredName": "Omeprazole"}, {"semTypes": ["T109", "T195"], "to": "5165", "fro": "5156", "fullId": "http://purl.bioontology.org/ontology/RXNORM/83395", "preferredName": "Saquinavir"}, {"semTypes": ["T999"], "to": "1743", "fro": "1734", "fullId": "http://purl.bioontology.org/ontology/MSH/C413408", "preferredName": "atazanavir"}, {"semTypes": ["T999"], "to": "330", "fro": "321", "fullId": "http://purl.bioontology.org/ontology/MSH/D009853", "preferredName": "Omeprazole"}, {"semTypes": ["T109", "T121"], "to": "156", "fro": "147", "fullId": "http://purl.bioontology.org/ontology/RXNORM/7646", "preferredName": "Omeprazole"}, {"semTypes": ["T999"], "to": "5198", "fro": "5190", "fullId": "http://purl.bioontology.org/ontology/MSH/D019258", "preferredName": "Saquinavir"}, {"semTypes": ["T121", "T109"], "to": "11456", "fro": "11445", "fullId": "http://purl.bioontology.org/ontology/MSH/C413408", "preferredName": "atazanavir"}, {"semTypes": ["T109", "T121"], "to": "5343", "fro": "5334", "fullId": "http://purl.bioontology.org/ontology/RXNORM/7646", "preferredName": "Omeprazole"}, {"semTypes": ["T195", "T109"], "to": "8298", "fro": "8291", "fullId": "http://purl.bioontology.org/ontology/RXNORM/32968", "preferredName": "clopidogrel"}, {"semTypes": ["T109", "T121"], "to": "611", "fro": "603", "fullId": "http://purl.bioontology.org/ontology/MSH/D019258", "preferredName": "Saquinavir"}, {"semTypes": ["T999"], "to": "5655", "fro": "5646", "fullId": "http://purl.bioontology.org/ontology/RXNORM/7646", "preferredName": "Omeprazole"}, {"semTypes": ["T109", "T121"], "to": "9837", "fro": "9828", "fullId": "http://purl.bioontology.org/ontology/MSH/D019258", "preferredName": "Saquinavir"}, {"semTypes": ["T999"], "to": "1223", "fro": "1214", "fullId": "http://purl.bioontology.org/ontology/RXNORM/21107", "preferredName": "cilostazol"}, {"semTypes": ["T109", "T121"], "to": "9086", "fro": "9077", "fullId": "http://purl.bioontology.org/ontology/RXNORM/7646", "preferredName": "Omeprazole"}, {"semTypes": ["T109", "T121"], "to": "7417", "fro": "7408", "fullId": "http://purl.bioontology.org/ontology/RXNORM/7646", "preferredName": "Omeprazole"}, {"semTypes": ["T999"], "to": "5153", "fro": "5142", "fullId": "http://purl.bioontology.org/ontology/RXNORM/21107", "preferredName": "cilostazol"}, {"semTypes": ["T999"], "to": "9478", "fro": "9469", "fullId": "http://purl.bioontology.org/ontology/RXNORM/7646", "preferredName": "Omeprazole"}, {"semTypes": ["T999"], "to": "7646", "fro": "7637", "fullId": "http://purl.bioontology.org/ontology/MSH/D009853", "preferredName": "Omeprazole"}, {"semTypes": ["T999"], "to": "7770", "fro": "7761", "fullId": "http://purl.bioontology.org/ontology/MSH/D009853", "preferredName": "Omeprazole"}, {"semTypes": ["T109", "T121"], "to": "1743", "fro": "1734", "fullId": "http://purl.bioontology.org/ontology/RXNORM/83395", "preferredName": "Saquinavir"}, {"semTypes": ["T999"], "to": "6892", "fro": "6883", "fullId": "http://purl.bioontology.org/ontology/MSH/D009853", "preferredName": "Omeprazole"}, {"semTypes": ["T200"], "to": "4143", "fro": "4128", "fullId": "http://purl.bioontology.org/ontology/RXNORM/32968", "preferredName": "clopidogrel"}, {"semTypes": ["T999"], "to": "6349", "fro": "6342", "fullId": "http://purl.bioontology.org/ontology/RXNORM/83395", "preferredName": "Saquinavir"}, {"semTypes": ["T109", "T121"], "to": "5930", "fro": "5921", "fullId": "http://purl.bioontology.org/ontology/RXNORM/7646", "preferredName": "Omeprazole"}, {"semTypes": ["T999"], "to": "11414", "fro": "11403", "fullId": "http://purl.bioontology.org/ontology/RXNORM/343047", "preferredName": "Atazanavir"}, {"semTypes": ["T109", "T121"], "to": "6909", "fro": "6898", "fullId": "http://purl.bioontology.org/ontology/MSH/D019258", "preferredName": "Saquinavir"}, {"semTypes": ["T999"], "to": "7293", "fro": "7284", "fullId": "http://purl.bioontology.org/ontology/RXNORM/7646", "preferredName": "Omeprazole"}, {"semTypes": ["T999"], "to": "10612", "fro": "10599", "fullId": "http://purl.bioontology.org/ontology/MSH/C413408", "preferredName": "atazanavir"}, {"semTypes": ["T999"], "to": "7003", "fro": "6994", "fullId": "http://purl.bioontology.org/ontology/MSH/D009853", "preferredName": "Omeprazole"}, {"semTypes": ["T121", "T109"], "to": "11637", "fro": "11626", "fullId": "http://purl.bioontology.org/ontology/RXNORM/343047", "preferredName": "Atazanavir"}, {"semTypes": ["T999"], "to": "347", "fro": "338", "fullId": "http://purl.bioontology.org/ontology/MSH/D009853", "preferredName": "Omeprazole"}, {"semTypes": ["T109", "T121"], "to": "4550", "fro": "4541", "fullId": "http://purl.bioontology.org/ontology/MSH/D009853", "preferredName": "Omeprazole"}, {"semTypes": ["T195", "T109"], "to": "8748", "fro": "8741", "fullId": "http://purl.bioontology.org/ontology/MSH/C055162", "preferredName": "clopidogrel"}, {"semTypes": ["T109", "T121"], "to": "2819", "fro": "2810", "fullId": "http://purl.bioontology.org/ontology/MSH/D009853", "preferredName": "Omeprazole"}, {"semTypes": ["T999"], "to": "7996", "fro": "7987", "fullId": "http://purl.bioontology.org/ontology/MSH/D009853", "preferredName": "Omeprazole"}, {"semTypes": ["T999"], "to": "6685", "fro": "6671", "fullId": "http://purl.bioontology.org/ontology/MSH/C413408", "preferredName": "atazanavir"}, {"semTypes": ["T999"], "to": "8748", "fro": "8741", "fullId": "http://purl.bioontology.org/ontology/RXNORM/343047", "preferredName": "Atazanavir"}, {"semTypes": ["T109", "T121"], "to": "8012", "fro": "8003", "fullId": "http://purl.bioontology.org/ontology/RXNORM/7646", "preferredName": "Omeprazole"}, {"semTypes": ["T999"], "to": "4073", "fro": "4064", "fullId": "http://purl.bioontology.org/ontology/RXNORM/7646", "preferredName": "Omeprazole"}, {"semTypes": ["T999"], "to": "3698", "fro": "3689", "fullId": "http://purl.bioontology.org/ontology/RXNORM/7646", "preferredName": "Omeprazole"}, {"semTypes": ["T999"], "to": "7534", "fro": "7525", "fullId": "http://purl.bioontology.org/ontology/RXNORM/7646", "preferredName": "Omeprazole"}, {"semTypes": ["T999"], "to": "10703", "fro": "10690", "fullId": "http://purl.bioontology.org/ontology/MSH/D019258", "preferredName": "Saquinavir"}, {"semTypes": ["T121", "T109"], "to": "6668", "fro": "6659", "fullId": "http://purl.bioontology.org/ontology/MSH/D019888", "preferredName": "Nelfinavir"}, {"semTypes": ["T999"], "to": "695", "fro": "689", "fullId": "http://purl.bioontology.org/ontology/RXNORM/343047", "preferredName": "Atazanavir"}, {"semTypes": ["T109", "T121"], "to": "1253", "fro": "1244", "fullId": "http://purl.bioontology.org/ontology/RXNORM/7646", "preferredName": "Omeprazole"}, {"semTypes": ["T999"], "to": "3921", "fro": "3912", "fullId": "http://purl.bioontology.org/ontology/MSH/D009853", "preferredName": "Omeprazole"}, {"semTypes": ["T109", "T121"], "to": "9735", "fro": "9726", "fullId": "http://purl.bioontology.org/ontology/MSH/D019258", "preferredName": "Saquinavir"}, {"semTypes": ["T109", "T121"], "to": "3316", "fro": "3307", "fullId": "http://purl.bioontology.org/ontology/MSH/D009853", "preferredName": "Omeprazole"}, {"semTypes": ["T121", "T109"], "to": "7996", "fro": "7987", "fullId": "http://purl.bioontology.org/ontology/MSH/D009853", "preferredName": "Omeprazole"}, {"semTypes": ["T121", "T118", "T110"], "to": "5520", "fro": "5514", "fullId": "http://purl.bioontology.org/ontology/MSH/D019258", "preferredName": "Saquinavir"}, {"semTypes": ["T999"], "to": "4936", "fro": "4927", "fullId": "http://purl.bioontology.org/ontology/MSH/D009853", "preferredName": "Omeprazole"}, {"semTypes": ["T999"], "to": "4302", "fro": "4293", "fullId": "http://purl.bioontology.org/ontology/RXNORM/7646", "preferredName": "Omeprazole"}, {"semTypes": ["T109", "T121"], "to": "347", "fro": "338", "fullId": "http://purl.bioontology.org/ontology/RXNORM/7646", "preferredName": "Omeprazole"}, {"semTypes": ["T999"], "to": "7417", "fro": "7408", "fullId": "http://purl.bioontology.org/ontology/MSH/D009853", "preferredName": "Omeprazole"}, {"semTypes": ["T999"], "to": "6668", "fro": "6659", "fullId": "http://purl.bioontology.org/ontology/MSH/C045645", "preferredName": "cilostazol"}, {"semTypes": ["T999"], "to": "11534", "fro": "11523", "fullId": "http://purl.bioontology.org/ontology/MSH/C413408", "preferredName": "atazanavir"}, {"semTypes": ["T121", "T109"], "to": "3159", "fro": "3150", "fullId": "http://purl.bioontology.org/ontology/RXNORM/7646", "preferredName": "Omeprazole"}, {"semTypes": ["T999"], "to": "2819", "fro": "2810", "fullId": "http://purl.bioontology.org/ontology/RXNORM/7646", "preferredName": "Omeprazole"}, {"semTypes": ["T999"], "to": "2145", "fro": "2136", "fullId": "http://purl.bioontology.org/ontology/RXNORM/7646", "preferredName": "Omeprazole"}, {"semTypes": ["T109", "T121"], "to": "7043", "fro": "7034", "fullId": "http://purl.bioontology.org/ontology/MSH/D009853", "preferredName": "Omeprazole"}, {"semTypes": ["T121", "T109"], "to": "2160", "fro": "2151", "fullId": "http://purl.bioontology.org/ontology/MSH/D009853", "preferredName": "Omeprazole"}, {"semTypes": ["T999"], "to": "9837", "fro": "9828", "fullId": "http://purl.bioontology.org/ontology/MSH/C413408", "preferredName": "atazanavir"}, {"semTypes": ["T999"], "to": "454", "fro": "445", "fullId": "http://purl.bioontology.org/ontology/RXNORM/7646", "preferredName": "Omeprazole"}, {"semTypes": ["T999"], "to": "954", "fro": "945", "fullId": "http://purl.bioontology.org/ontology/MSH/D009853", "preferredName": "Omeprazole"}, {"semTypes": ["T109", "T121"], "to": "1811", "fro": "1802", "fullId": "http://purl.bioontology.org/ontology/RXNORM/7646", "preferredName": "Omeprazole"}, {"semTypes": ["T109", "T121"], "to": "1703", "fro": "1694", "fullId": "http://purl.bioontology.org/ontology/RXNORM/7646", "preferredName": "Omeprazole"}, {"semTypes": ["T109", "T121"], "to": "9881", "fro": "9872", "fullId": "http://purl.bioontology.org/ontology/MSH/C413408", "preferredName": "atazanavir"}, {"semTypes": ["T121", "T118", "T110"], "to": "5369", "fro": "5363", "fullId": "http://purl.bioontology.org/ontology/RXNORM/343047", "preferredName": "Atazanavir"}, {"semTypes": ["T999"], "to": "2627", "fro": "2618", "fullId": "http://purl.bioontology.org/ontology/MSH/D009853", "preferredName": "Omeprazole"}, {"semTypes": ["T109", "T121"], "to": "1630", "fro": "1621", "fullId": "http://purl.bioontology.org/ontology/MSH/D009853", "preferredName": "Omeprazole"}, {"semTypes": ["T109", "T121"], "to": "7003", "fro": "6994", "fullId": "http://purl.bioontology.org/ontology/RXNORM/7646", "preferredName": "Omeprazole"}, {"semTypes": ["T999"], "to": "4332", "fro": "4323", "fullId": "http://purl.bioontology.org/ontology/RXNORM/7646", "preferredName": "Omeprazole"}, {"semTypes": ["T109", "T195"], "to": "623", "fro": "614", "fullId": "http://purl.bioontology.org/ontology/RXNORM/21107", "preferredName": "cilostazol"}, {"semTypes": ["T999"], "to": "9300", "fro": "9291", "fullId": "http://purl.bioontology.org/ontology/RXNORM/7646", "preferredName": "Omeprazole"}, {"semTypes": ["T999"], "to": "3654", "fro": "3645", "fullId": "http://purl.bioontology.org/ontology/MSH/D009853", "preferredName": "Omeprazole"}, {"semTypes": ["T109", "T121"], "to": "3654", "fro": "3645", "fullId": "http://purl.bioontology.org/ontology/RXNORM/7646", "preferredName": "Omeprazole"}, {"semTypes": ["T999"], "to": "1192", "fro": "1184", "fullId": "http://purl.bioontology.org/ontology/MSH/D019888", "preferredName": "Nelfinavir"}, {"semTypes": ["T999"], "to": "745", "fro": "739", "fullId": "http://purl.bioontology.org/ontology/MSH/C413408", "preferredName": "atazanavir"}, {"semTypes": ["T999"], "to": "8332", "fro": "8323", "fullId": "http://purl.bioontology.org/ontology/MSH/D009853", "preferredName": "Omeprazole"}, {"semTypes": ["T999"], "to": "1686", "fro": "1677", "fullId": "http://purl.bioontology.org/ontology/MSH/C413408", "preferredName": "atazanavir"}, {"semTypes": ["T121", "T109"], "to": "11414", "fro": "11403", "fullId": "http://purl.bioontology.org/ontology/RXNORM/343047", "preferredName": "Atazanavir"}, {"semTypes": ["T109", "T121"], "to": "4073", "fro": "4064", "fullId": "http://purl.bioontology.org/ontology/RXNORM/7646", "preferredName": "Omeprazole"}, {"semTypes": ["T109", "T121"], "to": "9478", "fro": "9469", "fullId": "http://purl.bioontology.org/ontology/RXNORM/7646", "preferredName": "Omeprazole"}, {"semTypes": ["T999"], "to": "10859", "fro": "10846", "fullId": "http://purl.bioontology.org/ontology/MSH/D019258", "preferredName": "Saquinavir"}, {"semTypes": ["T109", "T121"], "to": "6892", "fro": "6883", "fullId": "http://purl.bioontology.org/ontology/RXNORM/7646", "preferredName": "Omeprazole"}, {"semTypes": ["T999"], "to": "3316", "fro": "3307", "fullId": "http://purl.bioontology.org/ontology/RXNORM/7646", "preferredName": "Omeprazole"}, {"semTypes": ["T999"], "to": "11216", "fro": "11205", "fullId": "http://purl.bioontology.org/ontology/MSH/C413408", "preferredName": "atazanavir"}, {"semTypes": ["T999"], "to": "5430", "fro": "5424", "fullId": "http://purl.bioontology.org/ontology/RXNORM/83395", "preferredName": "Saquinavir"}, {"semTypes": ["T121", "T109"], "to": "5994", "fro": "5986", "fullId": "http://purl.bioontology.org/ontology/MSH/D019258", "preferredName": "Saquinavir"}, {"semTypes": ["T999"], "to": "1079", "fro": "1070", "fullId": "http://purl.bioontology.org/ontology/MSH/D009853", "preferredName": "Omeprazole"}, {"semTypes": ["T109", "T121"], "to": "4936", "fro": "4927", "fullId": "http://purl.bioontology.org/ontology/RXNORM/7646", "preferredName": "Omeprazole"}, {"semTypes": ["T121", "T109"], "to": "9510", "fro": "9500", "fullId": "http://purl.bioontology.org/ontology/MSH/D009853", "preferredName": "Omeprazole"}, {"semTypes": ["T195", "T109"], "to": "10912", "fro": "10899", "fullId": "http://purl.bioontology.org/ontology/MSH/D019258", "preferredName": "Saquinavir"}, {"semTypes": ["T109", "T121"], "to": "3029", "fro": "3020", "fullId": "http://purl.bioontology.org/ontology/RXNORM/7646", "preferredName": "Omeprazole"}, {"semTypes": ["T999"], "to": "8298", "fro": "8291", "fullId": "http://purl.bioontology.org/ontology/MSH/D019888", "preferredName": "Nelfinavir"}, {"semTypes": ["T109", "T121"], "to": "9300", "fro": "9291", "fullId": "http://purl.bioontology.org/ontology/MSH/D009853", "preferredName": "Omeprazole"}, {"semTypes": ["T999"], "to": "996", "fro": "987", "fullId": "http://purl.bioontology.org/ontology/RXNORM/7646", "preferredName": "Omeprazole"}, {"semTypes": ["T999"], "to": "7223", "fro": "7212", "fullId": "http://purl.bioontology.org/ontology/MSH/C413408", "preferredName": "atazanavir"}, {"semTypes": ["T999"], "to": "1811", "fro": "1802", "fullId": "http://purl.bioontology.org/ontology/MSH/D009853", "preferredName": "Omeprazole"}, {"semTypes": ["T999"], "to": "5930", "fro": "5921", "fullId": "http://purl.bioontology.org/ontology/MSH/D009853", "preferredName": "Omeprazole"}, {"semTypes": ["T121", "T109", "T131"], "to": "5980", "fro": "5973", "fullId": "http://purl.bioontology.org/ontology/RXNORM/343047", "preferredName": "Atazanavir"}, {"semTypes": ["T999"], "to": "7043", "fro": "7034", "fullId": "http://purl.bioontology.org/ontology/MSH/D009853", "preferredName": "Omeprazole"}, {"semTypes": ["T999"], "to": "5258", "fro": "5252", "fullId": "http://purl.bioontology.org/ontology/RXNORM/83395", "preferredName": "Saquinavir"}, {"semTypes": ["T999"], "to": "3044", "fro": "3035", "fullId": "http://purl.bioontology.org/ontology/RXNORM/7646", "preferredName": "Omeprazole"}, {"semTypes": ["T999"], "to": "8996", "fro": "8986", "fullId": "http://purl.bioontology.org/ontology/MSH/D009853", "preferredName": "Omeprazole"}, {"semTypes": ["T999"], "to": "1703", "fro": "1694", "fullId": "http://purl.bioontology.org/ontology/RXNORM/7646", "preferredName": "Omeprazole"}, {"semTypes": ["T999"], "to": "176", "fro": "167", "fullId": "http://purl.bioontology.org/ontology/MSH/D009853", "preferredName": "Omeprazole"}, {"semTypes": ["T999"], "to": "7920", "fro": "7911", "fullId": "http://purl.bioontology.org/ontology/MSH/D009853", "preferredName": "Omeprazole"}, {"semTypes": ["T999"], "to": "5304", "fro": "5295", "fullId": "http://purl.bioontology.org/ontology/RXNORM/7646", "preferredName": "Omeprazole"}, {"semTypes": ["T999"], "to": "623", "fro": "614", "fullId": "http://purl.bioontology.org/ontology/MSH/D019888", "preferredName": "Nelfinavir"}, {"semTypes": ["T121", "T109"], "to": "9173", "fro": "9163", "fullId": "http://purl.bioontology.org/ontology/MSH/D009853", "preferredName": "Omeprazole"}, {"semTypes": ["T109", "T121"], "to": "1608", "fro": "1597", "fullId": "http://purl.bioontology.org/ontology/MSH/D019258", "preferredName": "Saquinavir"}, {"semTypes": ["T109", "T121"], "to": "954", "fro": "945", "fullId": "http://purl.bioontology.org/ontology/RXNORM/7646", "preferredName": "Omeprazole"}, {"semTypes": ["T999"], "to": "8764", "fro": "8755", "fullId": "http://purl.bioontology.org/ontology/RXNORM/7646", "preferredName": "Omeprazole"}, {"semTypes": ["T109", "T121"], "to": "7293", "fro": "7284", "fullId": "http://purl.bioontology.org/ontology/RXNORM/7646", "preferredName": "Omeprazole"}, {"semTypes": ["T195", "T109"], "to": "10703", "fro": "10690", "fullId": "http://purl.bioontology.org/ontology/RXNORM/83395", "preferredName": "Saquinavir"}, {"semTypes": ["T109", "T121"], "to": "1171", "fro": "1164", "fullId": "http://purl.bioontology.org/ontology/RXNORM/343047", "preferredName": "Atazanavir"}, {"semTypes": ["T999"], "to": "4240", "fro": "4231", "fullId": "http://purl.bioontology.org/ontology/RXNORM/7646", "preferredName": "Omeprazole"}, {"semTypes": ["T109", "T121"], "to": "188", "fro": "179", "fullId": "http://purl.bioontology.org/ontology/RXNORM/7646", "preferredName": "Omeprazole"}, {"semTypes": ["T999"], "to": "8065", "fro": "8056", "fullId": "http://purl.bioontology.org/ontology/MSH/D009853", "preferredName": "Omeprazole"}, {"semTypes": ["T121", "T109"], "to": "5153", "fro": "5142", "fullId": "http://purl.bioontology.org/ontology/MSH/C055162", "preferredName": "clopidogrel"}, {"semTypes": ["T109", "T121"], "to": "3515", "fro": "3506", "fullId": "http://purl.bioontology.org/ontology/MSH/D009853", "preferredName": "Omeprazole"}, {"semTypes": ["T999"], "to": "9510", "fro": "9500", "fullId": "http://purl.bioontology.org/ontology/RXNORM/7646", "preferredName": "Omeprazole"}, {"semTypes": ["T999"], "to": "5343", "fro": "5334", "fullId": "http://purl.bioontology.org/ontology/RXNORM/7646", "preferredName": "Omeprazole"}, {"semTypes": ["T121", "T109"], "to": "8860", "fro": "8850", "fullId": "http://purl.bioontology.org/ontology/MSH/D009853", "preferredName": "Omeprazole"}, {"semTypes": ["T999"], "to": "5165", "fro": "5156", "fullId": "http://purl.bioontology.org/ontology/MSH/C055162", "preferredName": "clopidogrel"}, {"semTypes": ["T121", "T109"], "to": "3044", "fro": "3035", "fullId": "http://purl.bioontology.org/ontology/RXNORM/7646", "preferredName": "Omeprazole"}, {"semTypes": ["T109", "T121"], "to": "3238", "fro": "3229", "fullId": "http://purl.bioontology.org/ontology/RXNORM/7646", "preferredName": "Omeprazole"}, {"semTypes": ["T999"], "to": "3238", "fro": "3229", "fullId": "http://purl.bioontology.org/ontology/MSH/D009853", "preferredName": "Omeprazole"}, {"semTypes": ["T999"], "to": "2316", "fro": "2307", "fullId": "http://purl.bioontology.org/ontology/RXNORM/7646", "preferredName": "Omeprazole"}, {"semTypes": ["T999"], "to": "1181", "fro": "1174", "fullId": "http://purl.bioontology.org/ontology/RXNORM/83395", "preferredName": "Saquinavir"}, {"semTypes": ["T999"], "to": "1630", "fro": "1621", "fullId": "http://purl.bioontology.org/ontology/MSH/D009853", "preferredName": "Omeprazole"}, {"semTypes": ["T999"], "to": "643", "fro": "637", "fullId": "http://purl.bioontology.org/ontology/RXNORM/83395", "preferredName": "Saquinavir"}, {"semTypes": ["T109", "T121"], "to": "5655", "fro": "5646", "fullId": "http://purl.bioontology.org/ontology/RXNORM/7646", "preferredName": "Omeprazole"}, {"semTypes": ["T999"], "to": "7565", "fro": "7554", "fullId": "http://purl.bioontology.org/ontology/MSH/D019258", "preferredName": "Saquinavir"}, {"semTypes": ["T999"], "to": "9881", "fro": "9872", "fullId": "http://purl.bioontology.org/ontology/RXNORM/83395", "preferredName": "Saquinavir"}, {"semTypes": ["T121", "T109"], "to": "1079", "fro": "1070", "fullId": "http://purl.bioontology.org/ontology/MSH/D009853", "preferredName": "Omeprazole"}, {"semTypes": ["T121", "T118", "T110"], "to": "745", "fro": "739", "fullId": "http://purl.bioontology.org/ontology/RXNORM/83395", "preferredName": "Saquinavir"}, {"semTypes": ["T109", "T121"], "to": "7601", "fro": "7592", "fullId": "http://purl.bioontology.org/ontology/MSH/D009853", "preferredName": "Omeprazole"}, {"semTypes": ["T121", "T109"], "to": "9562", "fro": "9552", "fullId": "http://purl.bioontology.org/ontology/MSH/D009853", "preferredName": "Omeprazole"}, {"semTypes": ["T999"], "to": "937", "fro": "928", "fullId": "http://purl.bioontology.org/ontology/RXNORM/7646", "preferredName": "Omeprazole"}, {"semTypes": ["T999"], "to": "8949", "fro": "8940", "fullId": "http://purl.bioontology.org/ontology/RXNORM/7646", "preferredName": "Omeprazole"}, {"semTypes": ["T121", "T109"], "to": "7770", "fro": "7761", "fullId": "http://purl.bioontology.org/ontology/MSH/D009853", "preferredName": "Omeprazole"}, {"semTypes": ["T109", "T121"], "to": "5970", "fro": "5963", "fullId": "http://purl.bioontology.org/ontology/MSH/C055162", "preferredName": "clopidogrel"}, {"semTypes": ["T109", "T121"], "to": "8520", "fro": "8511", "fullId": "http://purl.bioontology.org/ontology/MSH/D009853", "preferredName": "Omeprazole"}, {"semTypes": ["T109", "T121"], "to": "7646", "fro": "7637", "fullId": "http://purl.bioontology.org/ontology/MSH/D009853", "preferredName": "Omeprazole"}, {"semTypes": ["T121", "T109"], "to": "8149", "fro": "8140", "fullId": "http://purl.bioontology.org/ontology/RXNORM/7646", "preferredName": "Omeprazole"}, {"semTypes": ["T999"], "to": "8520", "fro": "8511", "fullId": "http://purl.bioontology.org/ontology/MSH/D009853", "preferredName": "Omeprazole"}, {"semTypes": ["T999"], "to": "7601", "fro": "7592", "fullId": "http://purl.bioontology.org/ontology/RXNORM/7646", "preferredName": "Omeprazole"}, {"semTypes": ["T999"], "to": "3553", "fro": "3544", "fullId": "http://purl.bioontology.org/ontology/MSH/D009853", "preferredName": "Omeprazole"}, {"semTypes": ["T999"], "to": "6192", "fro": "6185", "fullId": "http://purl.bioontology.org/ontology/RXNORM/343047", "preferredName": "Atazanavir"}, {"semTypes": ["T999"], "to": "8012", "fro": "8003", "fullId": "http://purl.bioontology.org/ontology/RXNORM/7646", "preferredName": "Omeprazole"}, {"semTypes": ["T195", "T109"], "to": "11040", "fro": "11027", "fullId": "http://purl.bioontology.org/ontology/MSH/D019258", "preferredName": "Saquinavir"}, {"semTypes": ["T121", "T116"], "to": "6656", "fro": "6645", "fullId": "http://purl.bioontology.org/ontology/MSH/D019258", "preferredName": "Saquinavir"}, {"semTypes": ["T999"], "to": "6178", "fro": "6169", "fullId": "http://purl.bioontology.org/ontology/RXNORM/7646", "preferredName": "Omeprazole"}, {"semTypes": ["T121", "T109"], "to": "9277", "fro": "9267", "fullId": "http://purl.bioontology.org/ontology/RXNORM/343047", "preferredName": "Atazanavir"}, {"semTypes": ["T999"], "to": "3820", "fro": "3811", "fullId": "http://purl.bioontology.org/ontology/MSH/D009853", "preferredName": "Omeprazole"}, {"semTypes": ["T999"], "to": "8149", "fro": "8140", "fullId": "http://purl.bioontology.org/ontology/RXNORM/7646", "preferredName": "Omeprazole"}, {"semTypes": ["T999"], "to": "1253", "fro": "1244", "fullId": "http://purl.bioontology.org/ontology/RXNORM/7646", "preferredName": "Omeprazole"}, {"semTypes": ["T121", "T109"], "to": "1794", "fro": "1783", "fullId": "http://purl.bioontology.org/ontology/MSH/C413408", "preferredName": "atazanavir"}, {"semTypes": ["T109", "T121"], "to": "816", "fro": "807", "fullId": "http://purl.bioontology.org/ontology/MSH/D009853", "preferredName": "Omeprazole"}]