[{"semTypes": ["T121", "T109"], "to": "4352", "fro": "4342", "fullId": "http://purl.bioontology.org/ontology/RXNORM/15996", "preferredName": "Mirtazapine"}, {"semTypes": ["T109", "T121"], "to": "3593", "fro": "3581", "fullId": "http://purl.bioontology.org/ontology/RXNORM/15996", "preferredName": "Mirtazapine"}, {"semTypes": ["T999"], "to": "1550", "fro": "1541", "fullId": "http://purl.bioontology.org/ontology/MSH/D002927", "preferredName": "Cimetidine"}, {"semTypes": ["T999"], "to": "3593", "fro": "3581", "fullId": "http://purl.bioontology.org/ontology/MSH/C035133", "preferredName": "mirtazapine"}, {"semTypes": ["T999"], "to": "2808", "fro": "2798", "fullId": "http://purl.bioontology.org/ontology/MSH/C035133", "preferredName": "mirtazapine"}, {"semTypes": ["T999"], "to": "3605", "fro": "3598", "fullId": "http://purl.bioontology.org/ontology/MSH/C035133", "preferredName": "mirtazapine"}, {"semTypes": ["T121", "T109"], "to": "5230", "fro": "5220", "fullId": "http://purl.bioontology.org/ontology/RXNORM/15996", "preferredName": "Mirtazapine"}, {"semTypes": ["T999"], "to": "1737", "fro": "1727", "fullId": "http://purl.bioontology.org/ontology/RXNORM/15996", "preferredName": "Mirtazapine"}, {"semTypes": ["T195", "T109"], "to": "2896", "fro": "2885", "fullId": "http://purl.bioontology.org/ontology/MSH/D002927", "preferredName": "Cimetidine"}, {"semTypes": ["T999"], "to": "4273", "fro": "4263", "fullId": "http://purl.bioontology.org/ontology/MSH/C035133", "preferredName": "mirtazapine"}, {"semTypes": ["T121", "T109"], "to": "2177", "fro": "2167", "fullId": "http://purl.bioontology.org/ontology/MSH/C035133", "preferredName": "mirtazapine"}, {"semTypes": ["T109", "T121"], "to": "1488", "fro": "1476", "fullId": "http://purl.bioontology.org/ontology/RXNORM/15996", "preferredName": "Mirtazapine"}, {"semTypes": ["T121", "T109"], "to": "4880", "fro": "4870", "fullId": "http://purl.bioontology.org/ontology/RXNORM/15996", "preferredName": "Mirtazapine"}, {"semTypes": ["T999"], "to": "5134", "fro": "5124", "fullId": "http://purl.bioontology.org/ontology/MSH/C035133", "preferredName": "mirtazapine"}, {"semTypes": ["T999"], "to": "1488", "fro": "1476", "fullId": "http://purl.bioontology.org/ontology/RXNORM/15996", "preferredName": "Mirtazapine"}, {"semTypes": ["T109", "T121"], "to": "4379", "fro": "4369", "fullId": "http://purl.bioontology.org/ontology/RXNORM/15996", "preferredName": "Mirtazapine"}, {"semTypes": ["T999"], "to": "5349", "fro": "5342", "fullId": "http://purl.bioontology.org/ontology/RXNORM/15996", "preferredName": "Mirtazapine"}, {"semTypes": ["T999"], "to": "4002", "fro": "3992", "fullId": "http://purl.bioontology.org/ontology/MSH/C035133", "preferredName": "mirtazapine"}, {"semTypes": ["T999"], "to": "3985", "fro": "3978", "fullId": "http://purl.bioontology.org/ontology/MSH/C035133", "preferredName": "mirtazapine"}, {"semTypes": ["T109", "T121"], "to": "5073", "fro": "5066", "fullId": "http://purl.bioontology.org/ontology/RXNORM/15996", "preferredName": "Mirtazapine"}, {"semTypes": ["T999"], "to": "962", "fro": "954", "fullId": "http://purl.bioontology.org/ontology/MSH/C035133", "preferredName": "mirtazapine"}, {"semTypes": ["T109", "T121"], "to": "3374", "fro": "3362", "fullId": "http://purl.bioontology.org/ontology/MSH/C035133", "preferredName": "mirtazapine"}, {"semTypes": ["T999"], "to": "3142", "fro": "3133", "fullId": "http://purl.bioontology.org/ontology/RXNORM/15996", "preferredName": "Mirtazapine"}, {"semTypes": ["T999"], "to": "2300", "fro": "2290", "fullId": "http://purl.bioontology.org/ontology/RXNORM/15996", "preferredName": "Mirtazapine"}, {"semTypes": ["T109", "T131", "T121"], "to": "3822", "fro": "3815", "fullId": "http://purl.bioontology.org/ontology/MSH/C035133", "preferredName": "mirtazapine"}, {"semTypes": ["T999"], "to": "1252", "fro": "1240", "fullId": "http://purl.bioontology.org/ontology/RXNORM/15996", "preferredName": "Mirtazapine"}, {"semTypes": ["T999"], "to": "3300", "fro": "3288", "fullId": "http://purl.bioontology.org/ontology/RXNORM/15996", "preferredName": "Mirtazapine"}, {"semTypes": ["T999"], "to": "3030", "fro": "3020", "fullId": "http://purl.bioontology.org/ontology/RXNORM/15996", "preferredName": "Mirtazapine"}, {"semTypes": ["T999"], "to": "1600", "fro": "1590", "fullId": "http://purl.bioontology.org/ontology/RXNORM/15996", "preferredName": "Mirtazapine"}, {"semTypes": ["T999"], "to": "4621", "fro": "4611", "fullId": "http://purl.bioontology.org/ontology/MSH/C035133", "preferredName": "mirtazapine"}, {"semTypes": ["T999"], "to": "4379", "fro": "4369", "fullId": "http://purl.bioontology.org/ontology/MSH/C035133", "preferredName": "mirtazapine"}, {"semTypes": ["T999"], "to": "1301", "fro": "1289", "fullId": "http://purl.bioontology.org/ontology/MSH/C035133", "preferredName": "mirtazapine"}, {"semTypes": ["T999"], "to": "4766", "fro": "4756", "fullId": "http://purl.bioontology.org/ontology/RXNORM/15996", "preferredName": "Mirtazapine"}, {"semTypes": ["T121", "T109"], "to": "2911", "fro": "2902", "fullId": "http://purl.bioontology.org/ontology/RXNORM/15996", "preferredName": "Mirtazapine"}, {"semTypes": ["T999"], "to": "4537", "fro": "4527", "fullId": "http://purl.bioontology.org/ontology/MSH/C035133", "preferredName": "mirtazapine"}, {"semTypes": ["T109", "T121"], "to": "962", "fro": "954", "fullId": "http://purl.bioontology.org/ontology/RXNORM/15996", "preferredName": "Mirtazapine"}, {"semTypes": ["T999"], "to": "2911", "fro": "2902", "fullId": "http://purl.bioontology.org/ontology/RXNORM/15996", "preferredName": "Mirtazapine"}, {"semTypes": ["T121", "T109"], "to": "1339", "fro": "1329", "fullId": "http://purl.bioontology.org/ontology/MSH/C035133", "preferredName": "mirtazapine"}, {"semTypes": ["T999"], "to": "3652", "fro": "3642", "fullId": "http://purl.bioontology.org/ontology/MSH/C035133", "preferredName": "mirtazapine"}, {"semTypes": ["T121", "T109"], "to": "2300", "fro": "2290", "fullId": "http://purl.bioontology.org/ontology/MSH/C035133", "preferredName": "mirtazapine"}, {"semTypes": ["T121", "T109"], "to": "1432", "fro": "1422", "fullId": "http://purl.bioontology.org/ontology/RXNORM/15996", "preferredName": "Mirtazapine"}, {"semTypes": ["T121", "T109"], "to": "2701", "fro": "2691", "fullId": "http://purl.bioontology.org/ontology/RXNORM/15996", "preferredName": "Mirtazapine"}, {"semTypes": ["T121", "T109"], "to": "2808", "fro": "2798", "fullId": "http://purl.bioontology.org/ontology/MSH/C035133", "preferredName": "mirtazapine"}, {"semTypes": ["T121", "T109"], "to": "1136", "fro": "1126", "fullId": "http://purl.bioontology.org/ontology/MSH/C035133", "preferredName": "mirtazapine"}, {"semTypes": ["T121", "T109"], "to": "4766", "fro": "4756", "fullId": "http://purl.bioontology.org/ontology/MSH/C035133", "preferredName": "mirtazapine"}, {"semTypes": ["T999"], "to": "316", "fro": "289", "fullId": "http://purl.bioontology.org/ontology/RXNORM/15996", "preferredName": "Mirtazapine"}, {"semTypes": ["T999"], "to": "2701", "fro": "2691", "fullId": "http://purl.bioontology.org/ontology/MSH/C035133", "preferredName": "mirtazapine"}, {"semTypes": ["T999"], "to": "4880", "fro": "4870", "fullId": "http://purl.bioontology.org/ontology/RXNORM/15996", "preferredName": "Mirtazapine"}, {"semTypes": ["T121", "T109"], "to": "5398", "fro": "5388", "fullId": "http://purl.bioontology.org/ontology/RXNORM/15996", "preferredName": "Mirtazapine"}, {"semTypes": ["T109", "T121"], "to": "1234", "fro": "1226", "fullId": "http://purl.bioontology.org/ontology/RXNORM/15996", "preferredName": "Mirtazapine"}, {"semTypes": ["T999"], "to": "3858", "fro": "3848", "fullId": "http://purl.bioontology.org/ontology/MSH/C035133", "preferredName": "mirtazapine"}, {"semTypes": ["T109", "T121"], "to": "2283", "fro": "2274", "fullId": "http://purl.bioontology.org/ontology/MSH/C035133", "preferredName": "mirtazapine"}, {"semTypes": ["T121", "T109"], "to": "1044", "fro": "1034", "fullId": "http://purl.bioontology.org/ontology/RXNORM/15996", "preferredName": "Mirtazapine"}, {"semTypes": ["T109", "T131", "T121"], "to": "3985", "fro": "3978", "fullId": "http://purl.bioontology.org/ontology/RXNORM/15996", "preferredName": "Mirtazapine"}, {"semTypes": ["T999"], "to": "2177", "fro": "2167", "fullId": "http://purl.bioontology.org/ontology/MSH/C035133", "preferredName": "mirtazapine"}, {"semTypes": ["T999"], "to": "1473", "fro": "1465", "fullId": "http://purl.bioontology.org/ontology/RXNORM/15996", "preferredName": "Mirtazapine"}, {"semTypes": ["T999"], "to": "2457", "fro": "2446", "fullId": "http://purl.bioontology.org/ontology/MSH/C035133", "preferredName": "mirtazapine"}, {"semTypes": ["T999"], "to": "4352", "fro": "4342", "fullId": "http://purl.bioontology.org/ontology/RXNORM/15996", "preferredName": "Mirtazapine"}, {"semTypes": ["T109", "T121"], "to": "5349", "fro": "5342", "fullId": "http://purl.bioontology.org/ontology/RXNORM/15996", "preferredName": "Mirtazapine"}, {"semTypes": ["T109", "T121"], "to": "5290", "fro": "5283", "fullId": "http://purl.bioontology.org/ontology/RXNORM/15996", "preferredName": "Mirtazapine"}, {"semTypes": ["T999"], "to": "1339", "fro": "1329", "fullId": "http://purl.bioontology.org/ontology/RXNORM/15996", "preferredName": "Mirtazapine"}, {"semTypes": ["T121", "T109"], "to": "4537", "fro": "4527", "fullId": "http://purl.bioontology.org/ontology/RXNORM/15996", "preferredName": "Mirtazapine"}, {"semTypes": ["T999"], "to": "1432", "fro": "1422", "fullId": "http://purl.bioontology.org/ontology/MSH/C035133", "preferredName": "mirtazapine"}, {"semTypes": ["T121", "T109"], "to": "2214", "fro": "2204", "fullId": "http://purl.bioontology.org/ontology/MSH/C035133", "preferredName": "mirtazapine"}, {"semTypes": ["T109", "T131", "T121"], "to": "3605", "fro": "3598", "fullId": "http://purl.bioontology.org/ontology/RXNORM/15996", "preferredName": "Mirtazapine"}, {"semTypes": ["T109", "T121"], "to": "3142", "fro": "3133", "fullId": "http://purl.bioontology.org/ontology/MSH/C035133", "preferredName": "mirtazapine"}, {"semTypes": ["T121", "T109"], "to": "3030", "fro": "3020", "fullId": "http://purl.bioontology.org/ontology/RXNORM/15996", "preferredName": "Mirtazapine"}, {"semTypes": ["T109", "T121"], "to": "1301", "fro": "1289", "fullId": "http://purl.bioontology.org/ontology/RXNORM/15996", "preferredName": "Mirtazapine"}, {"semTypes": ["T999"], "to": "3516", "fro": "3506", "fullId": "http://purl.bioontology.org/ontology/RXNORM/15996", "preferredName": "Mirtazapine"}, {"semTypes": ["T999"], "to": "1171", "fro": "1161", "fullId": "http://purl.bioontology.org/ontology/RXNORM/15996", "preferredName": "Mirtazapine"}, {"semTypes": ["T999"], "to": "5032", "fro": "5025", "fullId": "http://purl.bioontology.org/ontology/RXNORM/15996", "preferredName": "Mirtazapine"}, {"semTypes": ["T999"], "to": "2283", "fro": "2274", "fullId": "http://purl.bioontology.org/ontology/MSH/C035133", "preferredName": "mirtazapine"}, {"semTypes": ["T999"], "to": "5020", "fro": "5010", "fullId": "http://purl.bioontology.org/ontology/MSH/C035133", "preferredName": "mirtazapine"}, {"semTypes": ["T109", "T121"], "to": "2414", "fro": "2405", "fullId": "http://purl.bioontology.org/ontology/RXNORM/15996", "preferredName": "Mirtazapine"}, {"semTypes": ["T999"], "to": "2373", "fro": "2364", "fullId": "http://purl.bioontology.org/ontology/MSH/C035133", "preferredName": "mirtazapine"}, {"semTypes": ["T121", "T109"], "to": "1171", "fro": "1161", "fullId": "http://purl.bioontology.org/ontology/MSH/C035133", "preferredName": "mirtazapine"}, {"semTypes": ["T999"], "to": "1975", "fro": "1966", "fullId": "http://purl.bioontology.org/ontology/MSH/C035133", "preferredName": "mirtazapine"}, {"semTypes": ["T999"], "to": "5398", "fro": "5388", "fullId": "http://purl.bioontology.org/ontology/MSH/C035133", "preferredName": "mirtazapine"}, {"semTypes": ["T999"], "to": "2414", "fro": "2405", "fullId": "http://purl.bioontology.org/ontology/MSH/C035133", "preferredName": "mirtazapine"}, {"semTypes": ["T999"], "to": "5230", "fro": "5220", "fullId": "http://purl.bioontology.org/ontology/RXNORM/15996", "preferredName": "Mirtazapine"}, {"semTypes": ["T121", "T109"], "to": "1575", "fro": "1565", "fullId": "http://purl.bioontology.org/ontology/MSH/C035133", "preferredName": "mirtazapine"}, {"semTypes": ["T109", "T121"], "to": "1924", "fro": "1915", "fullId": "http://purl.bioontology.org/ontology/MSH/C035133", "preferredName": "mirtazapine"}, {"semTypes": ["T999"], "to": "3822", "fro": "3815", "fullId": "http://purl.bioontology.org/ontology/MSH/C035133", "preferredName": "mirtazapine"}, {"semTypes": ["T999"], "to": "2926", "fro": "2917", "fullId": "http://purl.bioontology.org/ontology/RXNORM/15996", "preferredName": "Mirtazapine"}, {"semTypes": ["T999"], "to": "2100", "fro": "2090", "fullId": "http://purl.bioontology.org/ontology/MSH/C035133", "preferredName": "mirtazapine"}, {"semTypes": ["T121", "T109"], "to": "2589", "fro": "2578", "fullId": "http://purl.bioontology.org/ontology/RXNORM/15996", "preferredName": "Mirtazapine"}, {"semTypes": ["T999"], "to": "559", "fro": "549", "fullId": "http://purl.bioontology.org/ontology/MSH/C035133", "preferredName": "mirtazapine"}, {"semTypes": ["T121", "T109"], "to": "1737", "fro": "1727", "fullId": "http://purl.bioontology.org/ontology/RXNORM/15996", "preferredName": "Mirtazapine"}, {"semTypes": ["T121", "T109"], "to": "4002", "fro": "3992", "fullId": "http://purl.bioontology.org/ontology/MSH/C035133", "preferredName": "mirtazapine"}, {"semTypes": ["T109", "T121"], "to": "2373", "fro": "2364", "fullId": "http://purl.bioontology.org/ontology/RXNORM/15996", "preferredName": "Mirtazapine"}, {"semTypes": ["T121", "T109"], "to": "2457", "fro": "2446", "fullId": "http://purl.bioontology.org/ontology/MSH/C035133", "preferredName": "mirtazapine"}, {"semTypes": ["T121", "T109"], "to": "3652", "fro": "3642", "fullId": "http://purl.bioontology.org/ontology/RXNORM/15996", "preferredName": "Mirtazapine"}, {"semTypes": ["T109", "T121"], "to": "1975", "fro": "1966", "fullId": "http://purl.bioontology.org/ontology/MSH/C035133", "preferredName": "mirtazapine"}, {"semTypes": ["T109", "T121"], "to": "1252", "fro": "1240", "fullId": "http://purl.bioontology.org/ontology/RXNORM/15996", "preferredName": "Mirtazapine"}, {"semTypes": ["T121", "T109"], "to": "4273", "fro": "4263", "fullId": "http://purl.bioontology.org/ontology/RXNORM/15996", "preferredName": "Mirtazapine"}, {"semTypes": ["T121", "T109"], "to": "3516", "fro": "3506", "fullId": "http://purl.bioontology.org/ontology/MSH/C035133", "preferredName": "mirtazapine"}, {"semTypes": ["T109", "T121"], "to": "5032", "fro": "5025", "fullId": "http://purl.bioontology.org/ontology/MSH/C035133", "preferredName": "mirtazapine"}, {"semTypes": ["T121", "T109"], "to": "559", "fro": "549", "fullId": "http://purl.bioontology.org/ontology/MSH/C035133", "preferredName": "mirtazapine"}, {"semTypes": ["T999"], "to": "2589", "fro": "2578", "fullId": "http://purl.bioontology.org/ontology/MSH/C035133", "preferredName": "mirtazapine"}, {"semTypes": ["T121", "T109"], "to": "5134", "fro": "5124", "fullId": "http://purl.bioontology.org/ontology/RXNORM/15996", "preferredName": "Mirtazapine"}, {"semTypes": ["T109", "T121"], "to": "4621", "fro": "4611", "fullId": "http://purl.bioontology.org/ontology/MSH/C035133", "preferredName": "mirtazapine"}, {"semTypes": ["T999"], "to": "5290", "fro": "5283", "fullId": "http://purl.bioontology.org/ontology/RXNORM/15996", "preferredName": "Mirtazapine"}, {"semTypes": ["T109", "T121"], "to": "3300", "fro": "3288", "fullId": "http://purl.bioontology.org/ontology/MSH/C035133", "preferredName": "mirtazapine"}, {"semTypes": ["T999"], "to": "1924", "fro": "1915", "fullId": "http://purl.bioontology.org/ontology/MSH/C035133", "preferredName": "mirtazapine"}, {"semTypes": ["T121", "T109"], "to": "3858", "fro": "3848", "fullId": "http://purl.bioontology.org/ontology/RXNORM/15996", "preferredName": "Mirtazapine"}, {"semTypes": ["T121", "T109"], "to": "3489", "fro": "3479", "fullId": "http://purl.bioontology.org/ontology/RXNORM/15996", "preferredName": "Mirtazapine"}, {"semTypes": ["T121", "T109"], "to": "2100", "fro": "2090", "fullId": "http://purl.bioontology.org/ontology/RXNORM/15996", "preferredName": "Mirtazapine"}, {"semTypes": ["T999"], "to": "1007", "fro": "999", "fullId": "http://purl.bioontology.org/ontology/MSH/C035133", "preferredName": "mirtazapine"}, {"semTypes": ["T999"], "to": "3374", "fro": "3362", "fullId": "http://purl.bioontology.org/ontology/RXNORM/15996", "preferredName": "Mirtazapine"}, {"semTypes": ["T999"], "to": "1575", "fro": "1565", "fullId": "http://purl.bioontology.org/ontology/RXNORM/15996", "preferredName": "Mirtazapine"}, {"semTypes": ["T109", "T121"], "to": "1007", "fro": "999", "fullId": "http://purl.bioontology.org/ontology/MSH/C035133", "preferredName": "mirtazapine"}, {"semTypes": ["T999"], "to": "2214", "fro": "2204", "fullId": "http://purl.bioontology.org/ontology/RXNORM/15996", "preferredName": "Mirtazapine"}, {"semTypes": ["T121", "T109"], "to": "1600", "fro": "1590", "fullId": "http://purl.bioontology.org/ontology/MSH/C035133", "preferredName": "mirtazapine"}, {"semTypes": ["T109", "T121"], "to": "1473", "fro": "1465", "fullId": "http://purl.bioontology.org/ontology/RXNORM/15996", "preferredName": "Mirtazapine"}, {"semTypes": ["T999"], "to": "5073", "fro": "5066", "fullId": "http://purl.bioontology.org/ontology/MSH/C035133", "preferredName": "mirtazapine"}, {"semTypes": ["T999"], "to": "1136", "fro": "1126", "fullId": "http://purl.bioontology.org/ontology/MSH/C035133", "preferredName": "mirtazapine"}, {"semTypes": ["T109", "T121"], "to": "2926", "fro": "2917", "fullId": "http://purl.bioontology.org/ontology/MSH/C035133", "preferredName": "mirtazapine"}, {"semTypes": ["T999"], "to": "1234", "fro": "1226", "fullId": "http://purl.bioontology.org/ontology/MSH/C035133", "preferredName": "mirtazapine"}, {"semTypes": ["T121", "T109"], "to": "5020", "fro": "5010", "fullId": "http://purl.bioontology.org/ontology/MSH/C035133", "preferredName": "mirtazapine"}, {"semTypes": ["T999"], "to": "2896", "fro": "2885", "fullId": "http://purl.bioontology.org/ontology/RXNORM/15996", "preferredName": "Mirtazapine"}, {"semTypes": ["T999"], "to": "1044", "fro": "1034", "fullId": "http://purl.bioontology.org/ontology/RXNORM/15996", "preferredName": "Mirtazapine"}, {"semTypes": ["T999"], "to": "3489", "fro": "3479", "fullId": "http://purl.bioontology.org/ontology/MSH/C035133", "preferredName": "mirtazapine"}]