[{"semTypes": ["T999"], "to": "1116", "fro": "1107", "fullId": "http://purl.bioontology.org/ontology/MSH/C055162", "preferredName": "clopidogrel"}, {"semTypes": ["T999"], "to": "2510", "fro": "2503", "fullId": "http://purl.bioontology.org/ontology/RXNORM/174742", "preferredName": "Plavix"}, {"semTypes": ["T999"], "to": "1508", "fro": "1497", "fullId": "http://purl.bioontology.org/ontology/MSH/C055162", "preferredName": "clopidogrel"}, {"semTypes": ["T999"], "to": "1132", "fro": "1121", "fullId": "http://purl.bioontology.org/ontology/MSH/C055162", "preferredName": "clopidogrel"}, {"semTypes": ["T131", "T109", "T121"], "to": "294", "fro": "287", "fullId": "http://purl.bioontology.org/ontology/RXNORM/174742", "preferredName": "Plavix"}, {"semTypes": ["T999"], "to": "1345", "fro": "1336", "fullId": "http://purl.bioontology.org/ontology/MSH/C055162", "preferredName": "clopidogrel"}, {"semTypes": ["T999"], "to": "825", "fro": "815", "fullId": "http://purl.bioontology.org/ontology/MSH/C055162", "preferredName": "clopidogrel"}, {"semTypes": ["T999"], "to": "1823", "fro": "1812", "fullId": "http://purl.bioontology.org/ontology/MSH/C055162", "preferredName": "clopidogrel"}, {"semTypes": ["T121", "T109"], "to": "1807", "fro": "1798", "fullId": "http://purl.bioontology.org/ontology/RXNORM/174742", "preferredName": "Plavix"}, {"semTypes": ["T999"], "to": "1165", "fro": "1156", "fullId": "http://purl.bioontology.org/ontology/MSH/C055162", "preferredName": "clopidogrel"}, {"semTypes": ["T999"], "to": "1807", "fro": "1798", "fullId": "http://purl.bioontology.org/ontology/MSH/C055162", "preferredName": "clopidogrel"}, {"semTypes": ["T999"], "to": "2753", "fro": "2746", "fullId": "http://purl.bioontology.org/ontology/RXNORM/174742", "preferredName": "Plavix"}, {"semTypes": ["T121", "T109"], "to": "1100", "fro": "1095", "fullId": "http://purl.bioontology.org/ontology/MSH/C055162", "preferredName": "clopidogrel"}, {"semTypes": ["T121", "T109"], "to": "2789", "fro": "2784", "fullId": "http://purl.bioontology.org/ontology/MSH/C055162", "preferredName": "clopidogrel"}, {"semTypes": ["T121", "T109"], "to": "1132", "fro": "1121", "fullId": "http://purl.bioontology.org/ontology/RXNORM/174742", "preferredName": "Plavix"}, {"semTypes": ["T121", "T109"], "to": "2256", "fro": "2251", "fullId": "http://purl.bioontology.org/ontology/MSH/C055162", "preferredName": "clopidogrel"}, {"semTypes": ["T121", "T109"], "to": "1221", "fro": "1216", "fullId": "http://purl.bioontology.org/ontology/MSH/C055162", "preferredName": "clopidogrel"}, {"semTypes": ["T121", "T109"], "to": "1508", "fro": "1497", "fullId": "http://purl.bioontology.org/ontology/RXNORM/174742", "preferredName": "Plavix"}, {"semTypes": ["T121", "T109"], "to": "1545", "fro": "1540", "fullId": "http://purl.bioontology.org/ontology/MSH/D009853", "preferredName": "Omeprazole"}, {"semTypes": ["T121", "T109"], "to": "1787", "fro": "1782", "fullId": "http://purl.bioontology.org/ontology/MSH/D009853", "preferredName": "Omeprazole"}, {"semTypes": ["T999"], "to": "1221", "fro": "1216", "fullId": "http://purl.bioontology.org/ontology/MSH/C055162", "preferredName": "clopidogrel"}, {"semTypes": ["T121", "T109"], "to": "2958", "fro": "2948", "fullId": "http://purl.bioontology.org/ontology/MSH/D009853", "preferredName": "Omeprazole"}, {"semTypes": ["T999"], "to": "1302", "fro": "1292", "fullId": "http://purl.bioontology.org/ontology/MSH/C055162", "preferredName": "clopidogrel"}, {"semTypes": ["T121", "T109"], "to": "825", "fro": "815", "fullId": "http://purl.bioontology.org/ontology/MSH/D009853", "preferredName": "Omeprazole"}, {"semTypes": ["T999"], "to": "1701", "fro": "1687", "fullId": "http://purl.bioontology.org/ontology/RXNORM/174742", "preferredName": "Plavix"}, {"semTypes": ["T121", "T109"], "to": "1666", "fro": "1656", "fullId": "http://purl.bioontology.org/ontology/MSH/D009853", "preferredName": "Omeprazole"}, {"semTypes": ["T121", "T109"], "to": "610", "fro": "600", "fullId": "http://purl.bioontology.org/ontology/MSH/D009853", "preferredName": "Omeprazole"}, {"semTypes": ["T109", "T121"], "to": "1701", "fro": "1687", "fullId": "http://purl.bioontology.org/ontology/RXNORM/174742", "preferredName": "Plavix"}, {"semTypes": ["T121", "T109"], "to": "1302", "fro": "1292", "fullId": "http://purl.bioontology.org/ontology/MSH/D009853", "preferredName": "Omeprazole"}, {"semTypes": ["T999"], "to": "2958", "fro": "2948", "fullId": "http://purl.bioontology.org/ontology/MSH/C055162", "preferredName": "clopidogrel"}, {"semTypes": ["T999"], "to": "2803", "fro": "2796", "fullId": "http://purl.bioontology.org/ontology/MSH/D009853", "preferredName": "Omeprazole"}, {"semTypes": ["T999"], "to": "1732", "fro": "1721", "fullId": "http://purl.bioontology.org/ontology/RXNORM/174742", "preferredName": "Plavix"}, {"semTypes": ["T999"], "to": "294", "fro": "287", "fullId": "http://purl.bioontology.org/ontology/MSH/D009853", "preferredName": "Omeprazole"}, {"semTypes": ["T999"], "to": "610", "fro": "600", "fullId": "http://purl.bioontology.org/ontology/MSH/C055162", "preferredName": "clopidogrel"}, {"semTypes": ["T131", "T109", "T121"], "to": "2803", "fro": "2796", "fullId": "http://purl.bioontology.org/ontology/MSH/D009853", "preferredName": "Omeprazole"}, {"semTypes": ["T109", "T121"], "to": "1732", "fro": "1721", "fullId": "http://purl.bioontology.org/ontology/RXNORM/174742", "preferredName": "Plavix"}, {"semTypes": ["T131", "T109", "T121"], "to": "2510", "fro": "2503", "fullId": "http://purl.bioontology.org/ontology/MSH/D009853", "preferredName": "Omeprazole"}, {"semTypes": ["T999"], "to": "1100", "fro": "1095", "fullId": "http://purl.bioontology.org/ontology/MSH/C055162", "preferredName": "clopidogrel"}, {"semTypes": ["T131", "T109", "T121"], "to": "2753", "fro": "2746", "fullId": "http://purl.bioontology.org/ontology/MSH/D009853", "preferredName": "Omeprazole"}, {"semTypes": ["T121", "T109"], "to": "1823", "fro": "1812", "fullId": "http://purl.bioontology.org/ontology/RXNORM/174742", "preferredName": "Plavix"}, {"semTypes": ["T999"], "to": "2256", "fro": "2251", "fullId": "http://purl.bioontology.org/ontology/MSH/C055162", "preferredName": "clopidogrel"}, {"semTypes": ["T121", "T109"], "to": "1345", "fro": "1336", "fullId": "http://purl.bioontology.org/ontology/MSH/D009853", "preferredName": "Omeprazole"}, {"semTypes": ["T999"], "to": "1787", "fro": "1782", "fullId": "http://purl.bioontology.org/ontology/MSH/C055162", "preferredName": "clopidogrel"}, {"semTypes": ["T999"], "to": "1545", "fro": "1540", "fullId": "http://purl.bioontology.org/ontology/MSH/C055162", "preferredName": "clopidogrel"}, {"semTypes": ["T121", "T109"], "to": "1116", "fro": "1107", "fullId": "http://purl.bioontology.org/ontology/MSH/D009853", "preferredName": "Omeprazole"}, {"semTypes": ["T999"], "to": "2789", "fro": "2784", "fullId": "http://purl.bioontology.org/ontology/MSH/C055162", "preferredName": "clopidogrel"}, {"semTypes": ["T999"], "to": "1666", "fro": "1656", "fullId": "http://purl.bioontology.org/ontology/MSH/C055162", "preferredName": "clopidogrel"}, {"semTypes": ["T200"], "to": "2626", "fro": "2610", "fullId": "http://purl.bioontology.org/ontology/RXNORM/32968", "preferredName": "clopidogrel"}, {"semTypes": ["T121", "T109"], "to": "1165", "fro": "1156", "fullId": "http://purl.bioontology.org/ontology/RXNORM/174742", "preferredName": "Plavix"}]