[{"semTypes": ["T999"], "to": "1327", "fro": "1316", "fullId": "http://purl.bioontology.org/ontology/MSH/C055162", "preferredName": "clopidogrel"}, {"semTypes": ["T121", "T109"], "to": "2047", "fro": "2038", "fullId": "http://purl.bioontology.org/ontology/RXNORM/32968", "preferredName": "clopidogrel"}, {"semTypes": ["T999"], "to": "1360", "fro": "1351", "fullId": "http://purl.bioontology.org/ontology/MSH/C055162", "preferredName": "clopidogrel"}, {"semTypes": ["T999"], "to": "1718", "fro": "1707", "fullId": "http://purl.bioontology.org/ontology/MSH/C055162", "preferredName": "clopidogrel"}, {"semTypes": ["T121", "T131", "T109"], "to": "294", "fro": "287", "fullId": "http://purl.bioontology.org/ontology/RXNORM/236991", "preferredName": "Clopidogrel bisulfate"}, {"semTypes": ["T999"], "to": "2047", "fro": "2038", "fullId": "http://purl.bioontology.org/ontology/MSH/C055162", "preferredName": "clopidogrel"}, {"semTypes": ["T999"], "to": "3259", "fro": "3249", "fullId": "http://purl.bioontology.org/ontology/MSH/C055162", "preferredName": "clopidogrel"}, {"semTypes": ["T999"], "to": "2063", "fro": "2052", "fullId": "http://purl.bioontology.org/ontology/MSH/C055162", "preferredName": "clopidogrel"}, {"semTypes": ["T121", "T109"], "to": "1327", "fro": "1316", "fullId": "http://purl.bioontology.org/ontology/RXNORM/236991", "preferredName": "Clopidogrel bisulfate"}, {"semTypes": ["T999"], "to": "1555", "fro": "1546", "fullId": "http://purl.bioontology.org/ontology/MSH/C055162", "preferredName": "clopidogrel"}, {"semTypes": ["T109", "T121"], "to": "1891", "fro": "1881", "fullId": "http://purl.bioontology.org/ontology/MSH/C055162", "preferredName": "clopidogrel"}, {"semTypes": ["T121", "T109"], "to": "2063", "fro": "2052", "fullId": "http://purl.bioontology.org/ontology/RXNORM/32968", "preferredName": "clopidogrel"}, {"semTypes": ["T109", "T121"], "to": "815", "fro": "805", "fullId": "http://purl.bioontology.org/ontology/MSH/C055162", "preferredName": "clopidogrel"}, {"semTypes": ["T121", "T109"], "to": "2544", "fro": "2524", "fullId": "http://purl.bioontology.org/ontology/MSH/C055162", "preferredName": "clopidogrel"}, {"semTypes": ["T121", "T109"], "to": "1718", "fro": "1707", "fullId": "http://purl.bioontology.org/ontology/RXNORM/32968", "preferredName": "clopidogrel"}, {"semTypes": ["T109", "T121"], "to": "3259", "fro": "3249", "fullId": "http://purl.bioontology.org/ontology/MSH/D009853", "preferredName": "Omeprazole"}, {"semTypes": ["T121", "T109"], "to": "2027", "fro": "2007", "fullId": "http://purl.bioontology.org/ontology/MSH/D009853", "preferredName": "Omeprazole"}, {"semTypes": ["T999"], "to": "1926", "fro": "1912", "fullId": "http://purl.bioontology.org/ontology/RXNORM/236991", "preferredName": "Clopidogrel bisulfate"}, {"semTypes": ["T121", "T109"], "to": "1770", "fro": "1750", "fullId": "http://purl.bioontology.org/ontology/MSH/D009853", "preferredName": "Omeprazole"}, {"semTypes": ["T109", "T121"], "to": "1512", "fro": "1502", "fullId": "http://purl.bioontology.org/ontology/MSH/D009853", "preferredName": "Omeprazole"}, {"semTypes": ["T999"], "to": "1891", "fro": "1881", "fullId": "http://purl.bioontology.org/ontology/MSH/C055162", "preferredName": "clopidogrel"}, {"semTypes": ["T121", "T109"], "to": "1295", "fro": "1275", "fullId": "http://purl.bioontology.org/ontology/MSH/D009853", "preferredName": "Omeprazole"}, {"semTypes": ["T999"], "to": "1512", "fro": "1502", "fullId": "http://purl.bioontology.org/ontology/MSH/C055162", "preferredName": "clopidogrel"}, {"semTypes": ["T121", "T109"], "to": "1431", "fro": "1411", "fullId": "http://purl.bioontology.org/ontology/MSH/D009853", "preferredName": "Omeprazole"}, {"semTypes": ["T999"], "to": "1957", "fro": "1946", "fullId": "http://purl.bioontology.org/ontology/RXNORM/236991", "preferredName": "Clopidogrel bisulfate"}, {"semTypes": ["T109", "T121"], "to": "608", "fro": "598", "fullId": "http://purl.bioontology.org/ontology/MSH/D009853", "preferredName": "Omeprazole"}, {"semTypes": ["T121", "T131", "T109"], "to": "2796", "fro": "2789", "fullId": "http://purl.bioontology.org/ontology/MSH/D009853", "preferredName": "Omeprazole"}, {"semTypes": ["T200"], "to": "2912", "fro": "2896", "fullId": "http://purl.bioontology.org/ontology/RXNORM/236991", "preferredName": "Clopidogrel bisulfate"}, {"semTypes": ["T999"], "to": "294", "fro": "287", "fullId": "http://purl.bioontology.org/ontology/MSH/D009853", "preferredName": "Omeprazole"}, {"semTypes": ["T999"], "to": "608", "fro": "598", "fullId": "http://purl.bioontology.org/ontology/MSH/C055162", "preferredName": "clopidogrel"}, {"semTypes": ["T121", "T109"], "to": "1555", "fro": "1546", "fullId": "http://purl.bioontology.org/ontology/MSH/D009853", "preferredName": "Omeprazole"}, {"semTypes": ["T121", "T109"], "to": "1926", "fro": "1912", "fullId": "http://purl.bioontology.org/ontology/RXNORM/32968", "preferredName": "clopidogrel"}, {"semTypes": ["T999"], "to": "2796", "fro": "2789", "fullId": "http://purl.bioontology.org/ontology/MSH/D009853", "preferredName": "Omeprazole"}, {"semTypes": ["T999"], "to": "815", "fro": "805", "fullId": "http://purl.bioontology.org/ontology/MSH/C055162", "preferredName": "clopidogrel"}, {"semTypes": ["T999"], "to": "3039", "fro": "3032", "fullId": "http://purl.bioontology.org/ontology/MSH/D009853", "preferredName": "Omeprazole"}, {"semTypes": ["T109", "T121"], "to": "1957", "fro": "1946", "fullId": "http://purl.bioontology.org/ontology/RXNORM/236991", "preferredName": "Clopidogrel bisulfate"}, {"semTypes": ["T121", "T131", "T109"], "to": "3039", "fro": "3032", "fullId": "http://purl.bioontology.org/ontology/MSH/D009853", "preferredName": "Omeprazole"}, {"semTypes": ["T999"], "to": "2544", "fro": "2524", "fullId": "http://purl.bioontology.org/ontology/MSH/C055162", "preferredName": "clopidogrel"}, {"semTypes": ["T121", "T109"], "to": "1360", "fro": "1351", "fullId": "http://purl.bioontology.org/ontology/MSH/D009853", "preferredName": "Omeprazole"}, {"semTypes": ["T999"], "to": "1770", "fro": "1750", "fullId": "http://purl.bioontology.org/ontology/MSH/C055162", "preferredName": "clopidogrel"}, {"semTypes": ["T121", "T131", "T109"], "to": "3104", "fro": "3097", "fullId": "http://purl.bioontology.org/ontology/RXNORM/32968", "preferredName": "clopidogrel"}, {"semTypes": ["T999"], "to": "2027", "fro": "2007", "fullId": "http://purl.bioontology.org/ontology/MSH/C055162", "preferredName": "clopidogrel"}, {"semTypes": ["T999"], "to": "1295", "fro": "1275", "fullId": "http://purl.bioontology.org/ontology/MSH/C055162", "preferredName": "clopidogrel"}, {"semTypes": ["T121", "T109"], "to": "1311", "fro": "1302", "fullId": "http://purl.bioontology.org/ontology/RXNORM/32968", "preferredName": "clopidogrel"}, {"semTypes": ["T999"], "to": "1431", "fro": "1411", "fullId": "http://purl.bioontology.org/ontology/MSH/C055162", "preferredName": "clopidogrel"}, {"semTypes": ["T999"], "to": "1311", "fro": "1302", "fullId": "http://purl.bioontology.org/ontology/MSH/C055162", "preferredName": "clopidogrel"}, {"semTypes": ["T999"], "to": "3104", "fro": "3097", "fullId": "http://purl.bioontology.org/ontology/RXNORM/32968", "preferredName": "clopidogrel"}]