[{"semTypes": ["T999"], "to": "2257", "fro": "2252", "fullId": "http://purl.bioontology.org/ontology/MSH/C055162", "preferredName": "clopidogrel"}, {"semTypes": ["T999"], "to": "2174", "fro": "2165", "fullId": "http://purl.bioontology.org/ontology/RXNORM/174742", "preferredName": "Plavix"}, {"semTypes": ["T999"], "to": "3132", "fro": "3127", "fullId": "http://purl.bioontology.org/ontology/MSH/C055162", "preferredName": "clopidogrel"}, {"semTypes": ["T999"], "to": "1774", "fro": "1769", "fullId": "http://purl.bioontology.org/ontology/MSH/C055162", "preferredName": "clopidogrel"}, {"semTypes": ["T121", "T109"], "to": "2174", "fro": "2165", "fullId": "http://purl.bioontology.org/ontology/RXNORM/174742", "preferredName": "Plavix"}, {"semTypes": ["T999"], "to": "3146", "fro": "3139", "fullId": "http://purl.bioontology.org/ontology/RXNORM/174742", "preferredName": "Plavix"}, {"semTypes": ["T999"], "to": "1151", "fro": "1146", "fullId": "http://purl.bioontology.org/ontology/MSH/C055162", "preferredName": "clopidogrel"}, {"semTypes": ["T999"], "to": "1727", "fro": "1722", "fullId": "http://purl.bioontology.org/ontology/MSH/C055162", "preferredName": "clopidogrel"}, {"semTypes": ["T121", "T109"], "to": "1727", "fro": "1722", "fullId": "http://purl.bioontology.org/ontology/MSH/C055162", "preferredName": "clopidogrel"}, {"semTypes": ["T109", "T121"], "to": "2029", "fro": "2019", "fullId": "http://purl.bioontology.org/ontology/RXNORM/174742", "preferredName": "Plavix"}, {"semTypes": ["T121", "T109"], "to": "1774", "fro": "1769", "fullId": "http://purl.bioontology.org/ontology/MSH/C055162", "preferredName": "clopidogrel"}, {"semTypes": ["T121", "T109"], "to": "1549", "fro": "1544", "fullId": "http://purl.bioontology.org/ontology/MSH/C055162", "preferredName": "clopidogrel"}, {"semTypes": ["T109", "T121"], "to": "608", "fro": "598", "fullId": "http://purl.bioontology.org/ontology/RXNORM/174742", "preferredName": "Plavix"}, {"semTypes": ["T121", "T109"], "to": "2257", "fro": "2252", "fullId": "http://purl.bioontology.org/ontology/MSH/C055162", "preferredName": "clopidogrel"}, {"semTypes": ["T121", "T109"], "to": "1151", "fro": "1146", "fullId": "http://purl.bioontology.org/ontology/MSH/C055162", "preferredName": "clopidogrel"}, {"semTypes": ["T121", "T109"], "to": "1700", "fro": "1691", "fullId": "http://purl.bioontology.org/ontology/RXNORM/174742", "preferredName": "Plavix"}, {"semTypes": ["T121", "T109"], "to": "2601", "fro": "2596", "fullId": "http://purl.bioontology.org/ontology/MSH/C055162", "preferredName": "clopidogrel"}, {"semTypes": ["T121", "T109"], "to": "1834", "fro": "1829", "fullId": "http://purl.bioontology.org/ontology/MSH/C055162", "preferredName": "clopidogrel"}, {"semTypes": ["T131", "T109", "T121"], "to": "3146", "fro": "3139", "fullId": "http://purl.bioontology.org/ontology/RXNORM/7646", "preferredName": "Omeprazole"}, {"semTypes": ["T999"], "to": "3096", "fro": "3089", "fullId": "http://purl.bioontology.org/ontology/RXNORM/174742", "preferredName": "Plavix"}, {"semTypes": ["T121", "T109"], "to": "3132", "fro": "3127", "fullId": "http://purl.bioontology.org/ontology/MSH/C055162", "preferredName": "clopidogrel"}, {"semTypes": ["T999"], "to": "1922", "fro": "1911", "fullId": "http://purl.bioontology.org/ontology/RXNORM/7646", "preferredName": "Omeprazole"}, {"semTypes": ["T121", "T109"], "to": "2121", "fro": "2116", "fullId": "http://purl.bioontology.org/ontology/MSH/C055162", "preferredName": "clopidogrel"}, {"semTypes": ["T999"], "to": "3301", "fro": "3291", "fullId": "http://purl.bioontology.org/ontology/MSH/C055162", "preferredName": "clopidogrel"}, {"semTypes": ["T121", "T109"], "to": "1317", "fro": "1308", "fullId": "http://purl.bioontology.org/ontology/MSH/C055162", "preferredName": "clopidogrel"}, {"semTypes": ["T999"], "to": "1361", "fro": "1351", "fullId": "http://purl.bioontology.org/ontology/MSH/C055162", "preferredName": "clopidogrel"}, {"semTypes": ["T121", "T109"], "to": "1251", "fro": "1242", "fullId": "http://purl.bioontology.org/ontology/MSH/C055162", "preferredName": "clopidogrel"}, {"semTypes": ["T999"], "to": "2853", "fro": "2846", "fullId": "http://purl.bioontology.org/ontology/RXNORM/174742", "preferredName": "Plavix"}, {"semTypes": ["T109", "T121"], "to": "1361", "fro": "1351", "fullId": "http://purl.bioontology.org/ontology/MSH/C055162", "preferredName": "clopidogrel"}, {"semTypes": ["T999"], "to": "1983", "fro": "1974", "fullId": "http://purl.bioontology.org/ontology/MSH/C055162", "preferredName": "clopidogrel"}, {"semTypes": ["T131", "T109", "T121"], "to": "294", "fro": "287", "fullId": "http://purl.bioontology.org/ontology/RXNORM/174742", "preferredName": "Plavix"}, {"semTypes": ["T999"], "to": "1700", "fro": "1691", "fullId": "http://purl.bioontology.org/ontology/MSH/C055162", "preferredName": "clopidogrel"}, {"semTypes": ["T999"], "to": "1834", "fro": "1829", "fullId": "http://purl.bioontology.org/ontology/MSH/C055162", "preferredName": "clopidogrel"}, {"semTypes": ["T999"], "to": "1251", "fro": "1242", "fullId": "http://purl.bioontology.org/ontology/MSH/C055162", "preferredName": "clopidogrel"}, {"semTypes": ["T999"], "to": "294", "fro": "287", "fullId": "http://purl.bioontology.org/ontology/RXNORM/174742", "preferredName": "Plavix"}, {"semTypes": ["T121", "T109"], "to": "1983", "fro": "1974", "fullId": "http://purl.bioontology.org/ontology/RXNORM/174742", "preferredName": "Plavix"}, {"semTypes": ["T999"], "to": "1481", "fro": "1471", "fullId": "http://purl.bioontology.org/ontology/MSH/C055162", "preferredName": "clopidogrel"}, {"semTypes": ["T121", "T109"], "to": "1564", "fro": "1555", "fullId": "http://purl.bioontology.org/ontology/RXNORM/174742", "preferredName": "Plavix"}, {"semTypes": ["T131", "T109", "T121"], "to": "3096", "fro": "3089", "fullId": "http://purl.bioontology.org/ontology/RXNORM/174742", "preferredName": "Plavix"}, {"semTypes": ["T109", "T121"], "to": "1481", "fro": "1471", "fullId": "http://purl.bioontology.org/ontology/RXNORM/174742", "preferredName": "Plavix"}, {"semTypes": ["T999"], "to": "2121", "fro": "2116", "fullId": "http://purl.bioontology.org/ontology/MSH/C055162", "preferredName": "clopidogrel"}, {"semTypes": ["T999"], "to": "1564", "fro": "1555", "fullId": "http://purl.bioontology.org/ontology/RXNORM/174742", "preferredName": "Plavix"}, {"semTypes": ["T109", "T121"], "to": "1922", "fro": "1911", "fullId": "http://purl.bioontology.org/ontology/RXNORM/7646", "preferredName": "Omeprazole"}, {"semTypes": ["T999"], "to": "1549", "fro": "1544", "fullId": "http://purl.bioontology.org/ontology/MSH/C055162", "preferredName": "clopidogrel"}, {"semTypes": ["T109", "T121"], "to": "815", "fro": "805", "fullId": "http://purl.bioontology.org/ontology/RXNORM/174742", "preferredName": "Plavix"}, {"semTypes": ["T200"], "to": "2969", "fro": "2953", "fullId": "http://purl.bioontology.org/ontology/RXNORM/32968", "preferredName": "clopidogrel"}, {"semTypes": ["T999"], "to": "2601", "fro": "2596", "fullId": "http://purl.bioontology.org/ontology/MSH/C055162", "preferredName": "clopidogrel"}, {"semTypes": ["T999"], "to": "608", "fro": "598", "fullId": "http://purl.bioontology.org/ontology/MSH/C055162", "preferredName": "clopidogrel"}, {"semTypes": ["T999"], "to": "1317", "fro": "1308", "fullId": "http://purl.bioontology.org/ontology/RXNORM/174742", "preferredName": "Plavix"}, {"semTypes": ["T999"], "to": "815", "fro": "805", "fullId": "http://purl.bioontology.org/ontology/MSH/C055162", "preferredName": "clopidogrel"}, {"semTypes": ["T999"], "to": "2029", "fro": "2019", "fullId": "http://purl.bioontology.org/ontology/MSH/C055162", "preferredName": "clopidogrel"}, {"semTypes": ["T131", "T109", "T121"], "to": "2853", "fro": "2846", "fullId": "http://purl.bioontology.org/ontology/RXNORM/7646", "preferredName": "Omeprazole"}, {"semTypes": ["T109", "T121"], "to": "3301", "fro": "3291", "fullId": "http://purl.bioontology.org/ontology/RXNORM/174742", "preferredName": "Plavix"}]