[{"semTypes": ["T999"], "to": "161", "fro": "152", "fullId": "http://purl.bioontology.org/ontology/MSH/D017374", "preferredName": "Paroxetine"}, {"semTypes": ["T999"], "to": "6988", "fro": "6977", "fullId": "http://purl.bioontology.org/ontology/RXNORM/32937", "preferredName": "Paroxetine"}, {"semTypes": ["T121", "T109"], "to": "11745", "fro": "11735", "fullId": "http://purl.bioontology.org/ontology/RXNORM/32937", "preferredName": "Paroxetine"}, {"semTypes": ["T121", "T109", "T131"], "to": "2483", "fro": "2476", "fullId": "http://purl.bioontology.org/ontology/RXNORM/32937", "preferredName": "Paroxetine"}, {"semTypes": ["T121", "T109"], "to": "8965", "fro": "8956", "fullId": "http://purl.bioontology.org/ontology/MSH/D017374", "preferredName": "Paroxetine"}, {"semTypes": ["T121", "T109"], "to": "5101", "fro": "5091", "fullId": "http://purl.bioontology.org/ontology/RXNORM/32937", "preferredName": "Paroxetine"}, {"semTypes": ["T109", "T121"], "to": "5837", "fro": "5827", "fullId": "http://purl.bioontology.org/ontology/RXNORM/32937", "preferredName": "Paroxetine"}, {"semTypes": ["T999"], "to": "6615", "fro": "6606", "fullId": "http://purl.bioontology.org/ontology/RXNORM/38400", "preferredName": "atomoxetine"}, {"semTypes": ["T999"], "to": "5963", "fro": "5953", "fullId": "http://purl.bioontology.org/ontology/RXNORM/32937", "preferredName": "Paroxetine"}, {"semTypes": ["T121", "T109"], "to": "4522", "fro": "4513", "fullId": "http://purl.bioontology.org/ontology/MSH/D017374", "preferredName": "Paroxetine"}, {"semTypes": ["T109", "T121"], "to": "12535", "fro": "12523", "fullId": "http://purl.bioontology.org/ontology/MSH/C041930", "preferredName": "atomoxetine"}, {"semTypes": ["T999"], "to": "6704", "fro": "6694", "fullId": "http://purl.bioontology.org/ontology/RXNORM/8331", "preferredName": "Pimozide"}, {"semTypes": ["T999"], "to": "6574", "fro": "6562", "fullId": "http://purl.bioontology.org/ontology/MSH/D010868", "preferredName": "Pimozide"}, {"semTypes": ["T121", "T109"], "to": "3434", "fro": "3425", "fullId": "http://purl.bioontology.org/ontology/MSH/D017374", "preferredName": "Paroxetine"}, {"semTypes": ["T121", "T109"], "to": "6395", "fro": "6386", "fullId": "http://purl.bioontology.org/ontology/MSH/D017374", "preferredName": "Paroxetine"}, {"semTypes": ["T121", "T109"], "to": "6959", "fro": "6948", "fullId": "http://purl.bioontology.org/ontology/RXNORM/32937", "preferredName": "Paroxetine"}, {"semTypes": ["T999"], "to": "439", "fro": "430", "fullId": "http://purl.bioontology.org/ontology/MSH/D017374", "preferredName": "Paroxetine"}, {"semTypes": ["T121", "T109"], "to": "5229", "fro": "5219", "fullId": "http://purl.bioontology.org/ontology/RXNORM/32937", "preferredName": "Paroxetine"}, {"semTypes": ["T999"], "to": "9413", "fro": "9406", "fullId": "http://purl.bioontology.org/ontology/RXNORM/32937", "preferredName": "Paroxetine"}, {"semTypes": ["T121", "T109"], "to": "12231", "fro": "12222", "fullId": "http://purl.bioontology.org/ontology/MSH/D017374", "preferredName": "Paroxetine"}, {"semTypes": ["T121", "T109", "T131"], "to": "9990", "fro": "9983", "fullId": "http://purl.bioontology.org/ontology/RXNORM/32937", "preferredName": "Paroxetine"}, {"semTypes": ["T999"], "to": "176", "fro": "167", "fullId": "http://purl.bioontology.org/ontology/RXNORM/32937", "preferredName": "Paroxetine"}, {"semTypes": ["T109", "T121"], "to": "955", "fro": "948", "fullId": "http://purl.bioontology.org/ontology/RXNORM/32937", "preferredName": "Paroxetine"}, {"semTypes": ["T121", "T109"], "to": "3984", "fro": "3975", "fullId": "http://purl.bioontology.org/ontology/MSH/D017374", "preferredName": "Paroxetine"}, {"semTypes": ["T999"], "to": "12535", "fro": "12523", "fullId": "http://purl.bioontology.org/ontology/MSH/D010868", "preferredName": "Pimozide"}, {"semTypes": ["T121", "T109"], "to": "6586", "fro": "6577", "fullId": "http://purl.bioontology.org/ontology/MSH/D010868", "preferredName": "Pimozide"}, {"semTypes": ["T999"], "to": "1119", "fro": "1112", "fullId": "http://purl.bioontology.org/ontology/RXNORM/32937", "preferredName": "Paroxetine"}, {"semTypes": ["T999"], "to": "2059", "fro": "2048", "fullId": "http://purl.bioontology.org/ontology/RXNORM/32937", "preferredName": "Paroxetine"}, {"semTypes": ["T121", "T109"], "to": "8088", "fro": "8080", "fullId": "http://purl.bioontology.org/ontology/MSH/C041930", "preferredName": "atomoxetine"}, {"semTypes": ["T121", "T109"], "to": "7705", "fro": "7696", "fullId": "http://purl.bioontology.org/ontology/MSH/D017374", "preferredName": "Paroxetine"}, {"semTypes": ["T999"], "to": "4522", "fro": "4513", "fullId": "http://purl.bioontology.org/ontology/MSH/D017374", "preferredName": "Paroxetine"}, {"semTypes": ["T999"], "to": "5898", "fro": "5888", "fullId": "http://purl.bioontology.org/ontology/RXNORM/32937", "preferredName": "Paroxetine"}, {"semTypes": ["T121", "T109"], "to": "2765", "fro": "2756", "fullId": "http://purl.bioontology.org/ontology/MSH/D017374", "preferredName": "Paroxetine"}, {"semTypes": ["T999"], "to": "339", "fro": "330", "fullId": "http://purl.bioontology.org/ontology/RXNORM/32937", "preferredName": "Paroxetine"}, {"semTypes": ["T121", "T109"], "to": "6988", "fro": "6977", "fullId": "http://purl.bioontology.org/ontology/RXNORM/32937", "preferredName": "Paroxetine"}, {"semTypes": ["T999"], "to": "6559", "fro": "6547", "fullId": "http://purl.bioontology.org/ontology/RXNORM/8331", "preferredName": "Pimozide"}, {"semTypes": ["T121", "T109"], "to": "2360", "fro": "2351", "fullId": "http://purl.bioontology.org/ontology/MSH/D017374", "preferredName": "Paroxetine"}, {"semTypes": ["T999"], "to": "2160", "fro": "2153", "fullId": "http://purl.bioontology.org/ontology/RXNORM/32937", "preferredName": "Paroxetine"}, {"semTypes": ["T999"], "to": "1628", "fro": "1620", "fullId": "http://purl.bioontology.org/ontology/MSH/C041930", "preferredName": "atomoxetine"}, {"semTypes": ["T109", "T121"], "to": "12470", "fro": "12458", "fullId": "http://purl.bioontology.org/ontology/MSH/C041930", "preferredName": "atomoxetine"}, {"semTypes": ["T109", "T121"], "to": "11624", "fro": "11613", "fullId": "http://purl.bioontology.org/ontology/RXNORM/32937", "preferredName": "Paroxetine"}, {"semTypes": ["T999"], "to": "1000", "fro": "993", "fullId": "http://purl.bioontology.org/ontology/RXNORM/32937", "preferredName": "Paroxetine"}, {"semTypes": ["T121", "T109"], "to": "10606", "fro": "10597", "fullId": "http://purl.bioontology.org/ontology/MSH/D017374", "preferredName": "Paroxetine"}, {"semTypes": ["T121", "T109"], "to": "9790", "fro": "9784", "fullId": "http://purl.bioontology.org/ontology/MSH/C041930", "preferredName": "atomoxetine"}, {"semTypes": ["T200"], "to": "5191", "fro": "5176", "fullId": "http://purl.bioontology.org/ontology/MSH/C041930", "preferredName": "atomoxetine"}, {"semTypes": ["T999"], "to": "6645", "fro": "6635", "fullId": "http://purl.bioontology.org/ontology/RXNORM/32937", "preferredName": "Paroxetine"}, {"semTypes": ["T109", "T121"], "to": "686", "fro": "679", "fullId": "http://purl.bioontology.org/ontology/RXNORM/32937", "preferredName": "Paroxetine"}, {"semTypes": ["T121", "T109"], "to": "7790", "fro": "7781", "fullId": "http://purl.bioontology.org/ontology/MSH/D017374", "preferredName": "Paroxetine"}, {"semTypes": ["T121", "T109"], "to": "6645", "fro": "6635", "fullId": "http://purl.bioontology.org/ontology/RXNORM/32937", "preferredName": "Paroxetine"}, {"semTypes": ["T999"], "to": "12007", "fro": "11998", "fullId": "http://purl.bioontology.org/ontology/MSH/D017374", "preferredName": "Paroxetine"}, {"semTypes": ["T109", "T121"], "to": "7062", "fro": "7054", "fullId": "http://purl.bioontology.org/ontology/RXNORM/32937", "preferredName": "Paroxetine"}, {"semTypes": ["T121", "T109"], "to": "8077", "fro": "8068", "fullId": "http://purl.bioontology.org/ontology/RXNORM/8331", "preferredName": "Pimozide"}, {"semTypes": ["T121", "T109"], "to": "11149", "fro": "11142", "fullId": "http://purl.bioontology.org/ontology/RXNORM/32937", "preferredName": "Paroxetine"}, {"semTypes": ["T121", "T109"], "to": "4872", "fro": "4863", "fullId": "http://purl.bioontology.org/ontology/MSH/D017374", "preferredName": "Paroxetine"}, {"semTypes": ["T109", "T123", "T121"], "to": "12182", "fro": "12171", "fullId": "http://purl.bioontology.org/ontology/RXNORM/32937", "preferredName": "Paroxetine"}, {"semTypes": ["T999"], "to": "11149", "fro": "11142", "fullId": "http://purl.bioontology.org/ontology/RXNORM/32937", "preferredName": "Paroxetine"}, {"semTypes": ["T999"], "to": "2483", "fro": "2476", "fullId": "http://purl.bioontology.org/ontology/RXNORM/32937", "preferredName": "Paroxetine"}, {"semTypes": ["T999"], "to": "11306", "fro": "11295", "fullId": "http://purl.bioontology.org/ontology/RXNORM/32937", "preferredName": "Paroxetine"}, {"semTypes": ["T999"], "to": "10839", "fro": "10833", "fullId": "http://purl.bioontology.org/ontology/RXNORM/32937", "preferredName": "Paroxetine"}, {"semTypes": ["T121", "T109"], "to": "9029", "fro": "9020", "fullId": "http://purl.bioontology.org/ontology/MSH/D017374", "preferredName": "Paroxetine"}, {"semTypes": ["T109", "T121"], "to": "6731", "fro": "6723", "fullId": "http://purl.bioontology.org/ontology/RXNORM/8331", "preferredName": "Pimozide"}, {"semTypes": ["T999"], "to": "9790", "fro": "9784", "fullId": "http://purl.bioontology.org/ontology/MSH/C041930", "preferredName": "atomoxetine"}, {"semTypes": ["T109", "T121"], "to": "6615", "fro": "6606", "fullId": "http://purl.bioontology.org/ontology/RXNORM/38400", "preferredName": "atomoxetine"}, {"semTypes": ["T109", "T121"], "to": "6013", "fro": "6003", "fullId": "http://purl.bioontology.org/ontology/MSH/D017374", "preferredName": "Paroxetine"}, {"semTypes": ["T121", "T109"], "to": "1070", "fro": "1061", "fullId": "http://purl.bioontology.org/ontology/MSH/D017374", "preferredName": "Paroxetine"}, {"semTypes": ["T999"], "to": "9272", "fro": "9263", "fullId": "http://purl.bioontology.org/ontology/MSH/D017374", "preferredName": "Paroxetine"}, {"semTypes": ["T121", "T109"], "to": "10161", "fro": "10152", "fullId": "http://purl.bioontology.org/ontology/MSH/D017374", "preferredName": "Paroxetine"}, {"semTypes": ["T121", "T109"], "to": "2462", "fro": "2453", "fullId": "http://purl.bioontology.org/ontology/MSH/D017374", "preferredName": "Paroxetine"}, {"semTypes": ["T121", "T109"], "to": "7805", "fro": "7795", "fullId": "http://purl.bioontology.org/ontology/RXNORM/32937", "preferredName": "Paroxetine"}, {"semTypes": ["T121", "T109"], "to": "4083", "fro": "4074", "fullId": "http://purl.bioontology.org/ontology/MSH/D017374", "preferredName": "Paroxetine"}, {"semTypes": ["T123", "T121", "T116"], "to": "339", "fro": "330", "fullId": "http://purl.bioontology.org/ontology/RXNORM/32937", "preferredName": "Paroxetine"}, {"semTypes": ["T121", "T109"], "to": "10906", "fro": "10897", "fullId": "http://purl.bioontology.org/ontology/MSH/D017374", "preferredName": "Paroxetine"}, {"semTypes": ["T999"], "to": "2373", "fro": "2366", "fullId": "http://purl.bioontology.org/ontology/RXNORM/32937", "preferredName": "Paroxetine"}, {"semTypes": ["T121", "T109"], "to": "3090", "fro": "3081", "fullId": "http://purl.bioontology.org/ontology/MSH/D017374", "preferredName": "Paroxetine"}, {"semTypes": ["T109", "T121"], "to": "6069", "fro": "6059", "fullId": "http://purl.bioontology.org/ontology/RXNORM/32937", "preferredName": "Paroxetine"}, {"semTypes": ["T121", "T109"], "to": "4026", "fro": "4014", "fullId": "http://purl.bioontology.org/ontology/RXNORM/32937", "preferredName": "Paroxetine"}, {"semTypes": ["T999"], "to": "4244", "fro": "4236", "fullId": "http://purl.bioontology.org/ontology/RXNORM/8331", "preferredName": "Pimozide"}, {"semTypes": ["T999"], "to": "7805", "fro": "7795", "fullId": "http://purl.bioontology.org/ontology/RXNORM/32937", "preferredName": "Paroxetine"}, {"semTypes": ["T121", "T109"], "to": "1506", "fro": "1497", "fullId": "http://purl.bioontology.org/ontology/MSH/D017374", "preferredName": "Paroxetine"}, {"semTypes": ["T109", "T121"], "to": "1119", "fro": "1112", "fullId": "http://purl.bioontology.org/ontology/RXNORM/32937", "preferredName": "Paroxetine"}, {"semTypes": ["T121", "T109"], "to": "11358", "fro": "11349", "fullId": "http://purl.bioontology.org/ontology/MSH/D017374", "preferredName": "Paroxetine"}, {"semTypes": ["T999"], "to": "6632", "fro": "6619", "fullId": "http://purl.bioontology.org/ontology/RXNORM/11289", "preferredName": "Warfarin"}, {"semTypes": ["T123", "T121", "T116"], "to": "176", "fro": "167", "fullId": "http://purl.bioontology.org/ontology/RXNORM/32937", "preferredName": "Paroxetine"}, {"semTypes": ["T121", "T109"], "to": "6971", "fro": "6962", "fullId": "http://purl.bioontology.org/ontology/MSH/D017374", "preferredName": "Paroxetine"}, {"semTypes": ["T999"], "to": "7721", "fro": "7711", "fullId": "http://purl.bioontology.org/ontology/RXNORM/32937", "preferredName": "Paroxetine"}, {"semTypes": ["T121", "T109"], "to": "11916", "fro": "11907", "fullId": "http://purl.bioontology.org/ontology/MSH/D017374", "preferredName": "Paroxetine"}, {"semTypes": ["T109", "T121"], "to": "4244", "fro": "4236", "fullId": "http://purl.bioontology.org/ontology/RXNORM/32937", "preferredName": "Paroxetine"}, {"semTypes": ["T999"], "to": "3248", "fro": "3239", "fullId": "http://purl.bioontology.org/ontology/MSH/C041930", "preferredName": "atomoxetine"}, {"semTypes": ["T123", "T121", "T116"], "to": "463", "fro": "454", "fullId": "http://purl.bioontology.org/ontology/RXNORM/32937", "preferredName": "Paroxetine"}, {"semTypes": ["T110", "T118", "T121"], "to": "10809", "fro": "10803", "fullId": "http://purl.bioontology.org/ontology/RXNORM/32937", "preferredName": "Paroxetine"}, {"semTypes": ["T121", "T109"], "to": "7153", "fro": "7144", "fullId": "http://purl.bioontology.org/ontology/MSH/D017374", "preferredName": "Paroxetine"}, {"semTypes": ["T110", "T118", "T121"], "to": "10839", "fro": "10833", "fullId": "http://purl.bioontology.org/ontology/RXNORM/32937", "preferredName": "Paroxetine"}, {"semTypes": ["T999"], "to": "11539", "fro": "11528", "fullId": "http://purl.bioontology.org/ontology/RXNORM/32937", "preferredName": "Paroxetine"}, {"semTypes": ["T999"], "to": "4026", "fro": "4014", "fullId": "http://purl.bioontology.org/ontology/RXNORM/32937", "preferredName": "Paroxetine"}, {"semTypes": ["T999"], "to": "955", "fro": "948", "fullId": "http://purl.bioontology.org/ontology/RXNORM/32937", "preferredName": "Paroxetine"}, {"semTypes": ["T121", "T109"], "to": "3217", "fro": "3208", "fullId": "http://purl.bioontology.org/ontology/RXNORM/38400", "preferredName": "atomoxetine"}, {"semTypes": ["T121", "T109"], "to": "10486", "fro": "10477", "fullId": "http://purl.bioontology.org/ontology/MSH/D017374", "preferredName": "Paroxetine"}, {"semTypes": ["T999"], "to": "7705", "fro": "7696", "fullId": "http://purl.bioontology.org/ontology/MSH/D017374", "preferredName": "Paroxetine"}, {"semTypes": ["T109", "T121"], "to": "905", "fro": "898", "fullId": "http://purl.bioontology.org/ontology/RXNORM/32937", "preferredName": "Paroxetine"}, {"semTypes": ["T999"], "to": "10161", "fro": "10152", "fullId": "http://purl.bioontology.org/ontology/MSH/D017374", "preferredName": "Paroxetine"}, {"semTypes": ["T197", "T121"], "to": "10516", "fro": "10500", "fullId": "http://purl.bioontology.org/ontology/RXNORM/11289", "preferredName": "Warfarin"}, {"semTypes": ["T999"], "to": "5101", "fro": "5091", "fullId": "http://purl.bioontology.org/ontology/RXNORM/32937", "preferredName": "Paroxetine"}, {"semTypes": ["T121", "T109"], "to": "439", "fro": "430", "fullId": "http://purl.bioontology.org/ontology/MSH/D017374", "preferredName": "Paroxetine"}, {"semTypes": ["T121", "T109"], "to": "768", "fro": "759", "fullId": "http://purl.bioontology.org/ontology/MSH/D017374", "preferredName": "Paroxetine"}, {"semTypes": ["T999"], "to": "4142", "fro": "4134", "fullId": "http://purl.bioontology.org/ontology/RXNORM/38400", "preferredName": "atomoxetine"}, {"semTypes": ["T999"], "to": "9400", "fro": "9394", "fullId": "http://purl.bioontology.org/ontology/RXNORM/32937", "preferredName": "Paroxetine"}, {"semTypes": ["T999"], "to": "12545", "fro": "12537", "fullId": "http://purl.bioontology.org/ontology/RXNORM/38400", "preferredName": "atomoxetine"}, {"semTypes": ["T999"], "to": "6599", "fro": "6589", "fullId": "http://purl.bioontology.org/ontology/RXNORM/38400", "preferredName": "atomoxetine"}, {"semTypes": ["T999"], "to": "7877", "fro": "7866", "fullId": "http://purl.bioontology.org/ontology/RXNORM/8331", "preferredName": "Pimozide"}, {"semTypes": ["T121", "T109"], "to": "11222", "fro": "11213", "fullId": "http://purl.bioontology.org/ontology/MSH/D017374", "preferredName": "Paroxetine"}, {"semTypes": ["T999"], "to": "10694", "fro": "10688", "fullId": "http://purl.bioontology.org/ontology/RXNORM/32937", "preferredName": "Paroxetine"}, {"semTypes": ["T109", "T123", "T121"], "to": "12129", "fro": "12118", "fullId": "http://purl.bioontology.org/ontology/RXNORM/32937", "preferredName": "Paroxetine"}, {"semTypes": ["T999"], "to": "5350", "fro": "5331", "fullId": "http://purl.bioontology.org/ontology/MSH/D010868", "preferredName": "Pimozide"}, {"semTypes": ["T999"], "to": "3856", "fro": "3844", "fullId": "http://purl.bioontology.org/ontology/RXNORM/32937", "preferredName": "Paroxetine"}, {"semTypes": ["T121", "T109"], "to": "4673", "fro": "4664", "fullId": "http://purl.bioontology.org/ontology/MSH/D017374", "preferredName": "Paroxetine"}, {"semTypes": ["T999"], "to": "2608", "fro": "2601", "fullId": "http://purl.bioontology.org/ontology/RXNORM/38400", "preferredName": "atomoxetine"}, {"semTypes": ["T999"], "to": "6395", "fro": "6386", "fullId": "http://purl.bioontology.org/ontology/MSH/D017374", "preferredName": "Paroxetine"}, {"semTypes": ["T999"], "to": "686", "fro": "679", "fullId": "http://purl.bioontology.org/ontology/RXNORM/32937", "preferredName": "Paroxetine"}, {"semTypes": ["T999"], "to": "11861", "fro": "11851", "fullId": "http://purl.bioontology.org/ontology/RXNORM/32937", "preferredName": "Paroxetine"}, {"semTypes": ["T999"], "to": "5297", "fro": "5287", "fullId": "http://purl.bioontology.org/ontology/RXNORM/32937", "preferredName": "Paroxetine"}, {"semTypes": ["T121", "T109"], "to": "4206", "fro": "4197", "fullId": "http://purl.bioontology.org/ontology/MSH/D017374", "preferredName": "Paroxetine"}, {"semTypes": ["T121", "T109"], "to": "7338", "fro": "7329", "fullId": "http://purl.bioontology.org/ontology/MSH/D017374", "preferredName": "Paroxetine"}, {"semTypes": ["T999"], "to": "11455", "fro": "11444", "fullId": "http://purl.bioontology.org/ontology/RXNORM/32937", "preferredName": "Paroxetine"}, {"semTypes": ["T109", "T121"], "to": "7259", "fro": "7251", "fullId": "http://purl.bioontology.org/ontology/RXNORM/32937", "preferredName": "Paroxetine"}, {"semTypes": ["T999"], "to": "12480", "fro": "12472", "fullId": "http://purl.bioontology.org/ontology/RXNORM/38400", "preferredName": "atomoxetine"}, {"semTypes": ["T109", "T123", "T121"], "to": "12349", "fro": "12338", "fullId": "http://purl.bioontology.org/ontology/RXNORM/32937", "preferredName": "Paroxetine"}, {"semTypes": ["T999"], "to": "8117", "fro": "8106", "fullId": "http://purl.bioontology.org/ontology/MSH/D010868", "preferredName": "Pimozide"}, {"semTypes": ["T121", "T109"], "to": "3653", "fro": "3644", "fullId": "http://purl.bioontology.org/ontology/MSH/D017374", "preferredName": "Paroxetine"}, {"semTypes": ["T999"], "to": "6656", "fro": "6648", "fullId": "http://purl.bioontology.org/ontology/RXNORM/32937", "preferredName": "Paroxetine"}, {"semTypes": ["T121", "T109"], "to": "8065", "fro": "8055", "fullId": "http://purl.bioontology.org/ontology/RXNORM/32937", "preferredName": "Paroxetine"}, {"semTypes": ["T109", "T121"], "to": "1628", "fro": "1620", "fullId": "http://purl.bioontology.org/ontology/RXNORM/38400", "preferredName": "atomoxetine"}, {"semTypes": ["T121", "T109"], "to": "10044", "fro": "10035", "fullId": "http://purl.bioontology.org/ontology/MSH/D017374", "preferredName": "Paroxetine"}, {"semTypes": ["T999"], "to": "3090", "fro": "3081", "fullId": "http://purl.bioontology.org/ontology/MSH/D017374", "preferredName": "Paroxetine"}, {"semTypes": ["T121", "T109"], "to": "10994", "fro": "10985", "fullId": "http://purl.bioontology.org/ontology/MSH/D017374", "preferredName": "Paroxetine"}, {"semTypes": ["T109", "T121"], "to": "5963", "fro": "5953", "fullId": "http://purl.bioontology.org/ontology/RXNORM/32937", "preferredName": "Paroxetine"}, {"semTypes": ["T999"], "to": "8077", "fro": "8068", "fullId": "http://purl.bioontology.org/ontology/RXNORM/38400", "preferredName": "atomoxetine"}, {"semTypes": ["T999"], "to": "6971", "fro": "6962", "fullId": "http://purl.bioontology.org/ontology/MSH/D017374", "preferredName": "Paroxetine"}, {"semTypes": ["T121", "T109"], "to": "4824", "fro": "4815", "fullId": "http://purl.bioontology.org/ontology/MSH/D017374", "preferredName": "Paroxetine"}, {"semTypes": ["T109", "T121"], "to": "5898", "fro": "5888", "fullId": "http://purl.bioontology.org/ontology/RXNORM/32937", "preferredName": "Paroxetine"}, {"semTypes": ["T109", "T121"], "to": "12545", "fro": "12537", "fullId": "http://purl.bioontology.org/ontology/MSH/C041930", "preferredName": "atomoxetine"}, {"semTypes": ["T999"], "to": "1824", "fro": "1816", "fullId": "http://purl.bioontology.org/ontology/RXNORM/38400", "preferredName": "atomoxetine"}, {"semTypes": ["T999"], "to": "3217", "fro": "3208", "fullId": "http://purl.bioontology.org/ontology/RXNORM/8331", "preferredName": "Pimozide"}, {"semTypes": ["T121", "T109"], "to": "6164", "fro": "6155", "fullId": "http://purl.bioontology.org/ontology/MSH/D017374", "preferredName": "Paroxetine"}, {"semTypes": ["T999"], "to": "9668", "fro": "9660", "fullId": "http://purl.bioontology.org/ontology/MSH/C041930", "preferredName": "atomoxetine"}, {"semTypes": ["T109", "T121"], "to": "5766", "fro": "5756", "fullId": "http://purl.bioontology.org/ontology/RXNORM/32937", "preferredName": "Paroxetine"}, {"semTypes": ["T999"], "to": "11089", "fro": "11082", "fullId": "http://purl.bioontology.org/ontology/RXNORM/32937", "preferredName": "Paroxetine"}, {"semTypes": ["T121", "T109"], "to": "12561", "fro": "12552", "fullId": "http://purl.bioontology.org/ontology/MSH/D017374", "preferredName": "Paroxetine"}, {"semTypes": ["T121", "T109"], "to": "3890", "fro": "3878", "fullId": "http://purl.bioontology.org/ontology/RXNORM/32937", "preferredName": "Paroxetine"}, {"semTypes": ["T999"], "to": "1792", "fro": "1783", "fullId": "http://purl.bioontology.org/ontology/MSH/D017374", "preferredName": "Paroxetine"}, {"semTypes": ["T109", "T121"], "to": "6704", "fro": "6694", "fullId": "http://purl.bioontology.org/ontology/RXNORM/8331", "preferredName": "Pimozide"}, {"semTypes": ["T999"], "to": "6778", "fro": "6770", "fullId": "http://purl.bioontology.org/ontology/MSH/D010868", "preferredName": "Pimozide"}, {"semTypes": ["T999"], "to": "1704", "fro": "1697", "fullId": "http://purl.bioontology.org/ontology/RXNORM/11289", "preferredName": "Warfarin"}, {"semTypes": ["T121", "T109", "T131"], "to": "9413", "fro": "9406", "fullId": "http://purl.bioontology.org/ontology/RXNORM/32937", "preferredName": "Paroxetine"}, {"semTypes": ["T999"], "to": "6586", "fro": "6577", "fullId": "http://purl.bioontology.org/ontology/MSH/D014859", "preferredName": "Warfarin"}, {"semTypes": ["T121", "T109"], "to": "10314", "fro": "10305", "fullId": "http://purl.bioontology.org/ontology/MSH/D017374", "preferredName": "Paroxetine"}, {"semTypes": ["T999"], "to": "5458", "fro": "5448", "fullId": "http://purl.bioontology.org/ontology/RXNORM/32937", "preferredName": "Paroxetine"}, {"semTypes": ["T999"], "to": "6013", "fro": "6003", "fullId": "http://purl.bioontology.org/ontology/RXNORM/32937", "preferredName": "Paroxetine"}, {"semTypes": ["T121", "T109"], "to": "11089", "fro": "11082", "fullId": "http://purl.bioontology.org/ontology/RXNORM/32937", "preferredName": "Paroxetine"}, {"semTypes": ["T121", "T109"], "to": "3248", "fro": "3239", "fullId": "http://purl.bioontology.org/ontology/MSH/C041930", "preferredName": "atomoxetine"}, {"semTypes": ["T999"], "to": "4083", "fro": "4074", "fullId": "http://purl.bioontology.org/ontology/MSH/D017374", "preferredName": "Paroxetine"}, {"semTypes": ["T999"], "to": "585", "fro": "558", "fullId": "http://purl.bioontology.org/ontology/RXNORM/8331", "preferredName": "Pimozide"}, {"semTypes": ["T999"], "to": "4301", "fro": "4292", "fullId": "http://purl.bioontology.org/ontology/MSH/D017374", "preferredName": "Paroxetine"}, {"semTypes": ["T121", "T109"], "to": "11186", "fro": "11177", "fullId": "http://purl.bioontology.org/ontology/MSH/D017374", "preferredName": "Paroxetine"}, {"semTypes": ["T999"], "to": "8065", "fro": "8055", "fullId": "http://purl.bioontology.org/ontology/RXNORM/32937", "preferredName": "Paroxetine"}, {"semTypes": ["T999"], "to": "6164", "fro": "6155", "fullId": "http://purl.bioontology.org/ontology/MSH/D017374", "preferredName": "Paroxetine"}, {"semTypes": ["T999"], "to": "4673", "fro": "4664", "fullId": "http://purl.bioontology.org/ontology/MSH/D017374", "preferredName": "Paroxetine"}, {"semTypes": ["T999"], "to": "10994", "fro": "10985", "fullId": "http://purl.bioontology.org/ontology/MSH/D017374", "preferredName": "Paroxetine"}, {"semTypes": ["T999"], "to": "4824", "fro": "4815", "fullId": "http://purl.bioontology.org/ontology/MSH/D017374", "preferredName": "Paroxetine"}, {"semTypes": ["T999"], "to": "2360", "fro": "2351", "fullId": "http://purl.bioontology.org/ontology/MSH/D017374", "preferredName": "Paroxetine"}, {"semTypes": ["T123", "T121", "T116"], "to": "1940", "fro": "1931", "fullId": "http://purl.bioontology.org/ontology/RXNORM/32937", "preferredName": "Paroxetine"}, {"semTypes": ["T999"], "to": "12862", "fro": "12853", "fullId": "http://purl.bioontology.org/ontology/MSH/D017374", "preferredName": "Paroxetine"}, {"semTypes": ["T999"], "to": "8786", "fro": "8777", "fullId": "http://purl.bioontology.org/ontology/MSH/D017374", "preferredName": "Paroxetine"}, {"semTypes": ["T999"], "to": "386", "fro": "377", "fullId": "http://purl.bioontology.org/ontology/MSH/D017374", "preferredName": "Paroxetine"}, {"semTypes": ["T999"], "to": "8088", "fro": "8080", "fullId": "http://purl.bioontology.org/ontology/RXNORM/11289", "preferredName": "Warfarin"}, {"semTypes": ["T999"], "to": "12561", "fro": "12552", "fullId": "http://purl.bioontology.org/ontology/MSH/D017374", "preferredName": "Paroxetine"}, {"semTypes": ["T121", "T109"], "to": "8591", "fro": "8582", "fullId": "http://purl.bioontology.org/ontology/MSH/D017374", "preferredName": "Paroxetine"}, {"semTypes": ["T999"], "to": "1429", "fro": "1406", "fullId": "http://purl.bioontology.org/ontology/MSH/D017374", "preferredName": "Paroxetine"}, {"semTypes": ["T999"], "to": "11624", "fro": "11613", "fullId": "http://purl.bioontology.org/ontology/RXNORM/32937", "preferredName": "Paroxetine"}, {"semTypes": ["T121", "T109"], "to": "12862", "fro": "12853", "fullId": "http://purl.bioontology.org/ontology/MSH/D017374", "preferredName": "Paroxetine"}, {"semTypes": ["T999"], "to": "5573", "fro": "5563", "fullId": "http://purl.bioontology.org/ontology/RXNORM/32937", "preferredName": "Paroxetine"}, {"semTypes": ["T999"], "to": "7790", "fro": "7781", "fullId": "http://purl.bioontology.org/ontology/MSH/D017374", "preferredName": "Paroxetine"}, {"semTypes": ["T999"], "to": "10314", "fro": "10305", "fullId": "http://purl.bioontology.org/ontology/MSH/D017374", "preferredName": "Paroxetine"}, {"semTypes": ["T121", "T109"], "to": "161", "fro": "152", "fullId": "http://purl.bioontology.org/ontology/MSH/D017374", "preferredName": "Paroxetine"}, {"semTypes": ["T999"], "to": "12613", "fro": "12604", "fullId": "http://purl.bioontology.org/ontology/MSH/D017374", "preferredName": "Paroxetine"}, {"semTypes": ["T999"], "to": "1940", "fro": "1931", "fullId": "http://purl.bioontology.org/ontology/RXNORM/32937", "preferredName": "Paroxetine"}, {"semTypes": ["T999"], "to": "5837", "fro": "5827", "fullId": "http://purl.bioontology.org/ontology/RXNORM/32937", "preferredName": "Paroxetine"}, {"semTypes": ["T999"], "to": "11222", "fro": "11213", "fullId": "http://purl.bioontology.org/ontology/MSH/D017374", "preferredName": "Paroxetine"}, {"semTypes": ["T121", "T109", "T131"], "to": "2160", "fro": "2153", "fullId": "http://purl.bioontology.org/ontology/RXNORM/32937", "preferredName": "Paroxetine"}, {"semTypes": ["T999"], "to": "1212", "fro": "1203", "fullId": "http://purl.bioontology.org/ontology/MSH/D017374", "preferredName": "Paroxetine"}, {"semTypes": ["T109", "T121"], "to": "858", "fro": "851", "fullId": "http://purl.bioontology.org/ontology/RXNORM/32937", "preferredName": "Paroxetine"}, {"semTypes": ["T109", "T121"], "to": "11306", "fro": "11295", "fullId": "http://purl.bioontology.org/ontology/RXNORM/32937", "preferredName": "Paroxetine"}, {"semTypes": ["T999"], "to": "5534", "fro": "5525", "fullId": "http://purl.bioontology.org/ontology/MSH/D017374", "preferredName": "Paroxetine"}, {"semTypes": ["T999"], "to": "7970", "fro": "7961", "fullId": "http://purl.bioontology.org/ontology/MSH/D017374", "preferredName": "Paroxetine"}, {"semTypes": ["T999"], "to": "5084", "fro": "5075", "fullId": "http://purl.bioontology.org/ontology/MSH/D017374", "preferredName": "Paroxetine"}, {"semTypes": ["T999"], "to": "3653", "fro": "3644", "fullId": "http://purl.bioontology.org/ontology/MSH/D017374", "preferredName": "Paroxetine"}, {"semTypes": ["T109", "T121"], "to": "6656", "fro": "6648", "fullId": "http://purl.bioontology.org/ontology/RXNORM/32937", "preferredName": "Paroxetine"}, {"semTypes": ["T999"], "to": "6959", "fro": "6948", "fullId": "http://purl.bioontology.org/ontology/RXNORM/32937", "preferredName": "Paroxetine"}, {"semTypes": ["T999"], "to": "11358", "fro": "11349", "fullId": "http://purl.bioontology.org/ontology/MSH/D017374", "preferredName": "Paroxetine"}, {"semTypes": ["T999"], "to": "6731", "fro": "6723", "fullId": "http://purl.bioontology.org/ontology/MSH/D010868", "preferredName": "Pimozide"}, {"semTypes": ["T121", "T109", "T131"], "to": "9961", "fro": "9954", "fullId": "http://purl.bioontology.org/ontology/RXNORM/32937", "preferredName": "Paroxetine"}, {"semTypes": ["T999"], "to": "1070", "fro": "1061", "fullId": "http://purl.bioontology.org/ontology/MSH/D017374", "preferredName": "Paroxetine"}, {"semTypes": ["T999"], "to": "8099", "fro": "8091", "fullId": "http://purl.bioontology.org/ontology/RXNORM/11289", "preferredName": "Warfarin"}, {"semTypes": ["T999"], "to": "10809", "fro": "10803", "fullId": "http://purl.bioontology.org/ontology/RXNORM/32937", "preferredName": "Paroxetine"}, {"semTypes": ["T999"], "to": "5766", "fro": "5756", "fullId": "http://purl.bioontology.org/ontology/RXNORM/32937", "preferredName": "Paroxetine"}, {"semTypes": ["T999"], "to": "10044", "fro": "10035", "fullId": "http://purl.bioontology.org/ontology/MSH/D017374", "preferredName": "Paroxetine"}, {"semTypes": ["T109", "T121"], "to": "4963", "fro": "4953", "fullId": "http://purl.bioontology.org/ontology/MSH/D010868", "preferredName": "Pimozide"}, {"semTypes": ["T999"], "to": "7153", "fro": "7144", "fullId": "http://purl.bioontology.org/ontology/MSH/D017374", "preferredName": "Paroxetine"}, {"semTypes": ["T999"], "to": "1197", "fro": "1190", "fullId": "http://purl.bioontology.org/ontology/RXNORM/32937", "preferredName": "Paroxetine"}, {"semTypes": ["T999"], "to": "10516", "fro": "10500", "fullId": "http://purl.bioontology.org/ontology/MSH/D010868", "preferredName": "Pimozide"}, {"semTypes": ["T999"], "to": "11916", "fro": "11907", "fullId": "http://purl.bioontology.org/ontology/MSH/D017374", "preferredName": "Paroxetine"}, {"semTypes": ["T123", "T121", "T116"], "to": "62", "fro": "53", "fullId": "http://purl.bioontology.org/ontology/RXNORM/32937", "preferredName": "Paroxetine"}, {"semTypes": ["T121", "T109"], "to": "386", "fro": "377", "fullId": "http://purl.bioontology.org/ontology/MSH/D017374", "preferredName": "Paroxetine"}, {"semTypes": ["T121", "T109"], "to": "12613", "fro": "12604", "fullId": "http://purl.bioontology.org/ontology/MSH/D017374", "preferredName": "Paroxetine"}, {"semTypes": ["T999"], "to": "12349", "fro": "12338", "fullId": "http://purl.bioontology.org/ontology/RXNORM/32937", "preferredName": "Paroxetine"}, {"semTypes": ["T999"], "to": "10906", "fro": "10897", "fullId": "http://purl.bioontology.org/ontology/MSH/D017374", "preferredName": "Paroxetine"}, {"semTypes": ["T999"], "to": "1617", "fro": "1610", "fullId": "http://purl.bioontology.org/ontology/MSH/D010868", "preferredName": "Pimozide"}, {"semTypes": ["T999"], "to": "8591", "fro": "8582", "fullId": "http://purl.bioontology.org/ontology/MSH/D017374", "preferredName": "Paroxetine"}, {"semTypes": ["T110", "T118", "T121"], "to": "11006", "fro": "11000", "fullId": "http://purl.bioontology.org/ontology/RXNORM/32937", "preferredName": "Paroxetine"}, {"semTypes": ["T109", "T121"], "to": "1197", "fro": "1190", "fullId": "http://purl.bioontology.org/ontology/RXNORM/32937", "preferredName": "Paroxetine"}, {"semTypes": ["T999"], "to": "11993", "fro": "11983", "fullId": "http://purl.bioontology.org/ontology/RXNORM/32937", "preferredName": "Paroxetine"}, {"semTypes": ["T121", "T109"], "to": "4301", "fro": "4292", "fullId": "http://purl.bioontology.org/ontology/MSH/D017374", "preferredName": "Paroxetine"}, {"semTypes": ["T121", "T109"], "to": "6778", "fro": "6770", "fullId": "http://purl.bioontology.org/ontology/MSH/D010868", "preferredName": "Pimozide"}, {"semTypes": ["T121", "T109"], "to": "9400", "fro": "9394", "fullId": "http://purl.bioontology.org/ontology/RXNORM/8331", "preferredName": "Pimozide"}, {"semTypes": ["T109", "T121"], "to": "1000", "fro": "993", "fullId": "http://purl.bioontology.org/ontology/RXNORM/32937", "preferredName": "Paroxetine"}, {"semTypes": ["T121", "T109"], "to": "11861", "fro": "11851", "fullId": "http://purl.bioontology.org/ontology/RXNORM/32937", "preferredName": "Paroxetine"}, {"semTypes": ["T999"], "to": "10606", "fro": "10597", "fullId": "http://purl.bioontology.org/ontology/MSH/D017374", "preferredName": "Paroxetine"}, {"semTypes": ["T109", "T121"], "to": "6559", "fro": "6547", "fullId": "http://purl.bioontology.org/ontology/RXNORM/11289", "preferredName": "Warfarin"}, {"semTypes": ["T999"], "to": "11186", "fro": "11177", "fullId": "http://purl.bioontology.org/ontology/MSH/D017374", "preferredName": "Paroxetine"}, {"semTypes": ["T121", "T109"], "to": "10762", "fro": "10753", "fullId": "http://purl.bioontology.org/ontology/MSH/D017374", "preferredName": "Paroxetine"}, {"semTypes": ["T121", "T109"], "to": "11234", "fro": "11227", "fullId": "http://purl.bioontology.org/ontology/RXNORM/32937", "preferredName": "Paroxetine"}, {"semTypes": ["T999"], "to": "12182", "fro": "12171", "fullId": "http://purl.bioontology.org/ontology/RXNORM/32937", "preferredName": "Paroxetine"}, {"semTypes": ["T999"], "to": "12470", "fro": "12458", "fullId": "http://purl.bioontology.org/ontology/MSH/C041930", "preferredName": "atomoxetine"}, {"semTypes": ["T999"], "to": "4206", "fro": "4197", "fullId": "http://purl.bioontology.org/ontology/MSH/D017374", "preferredName": "Paroxetine"}, {"semTypes": ["T999"], "to": "9961", "fro": "9954", "fullId": "http://purl.bioontology.org/ontology/RXNORM/32937", "preferredName": "Paroxetine"}, {"semTypes": ["T109", "T121"], "to": "11455", "fro": "11444", "fullId": "http://purl.bioontology.org/ontology/RXNORM/32937", "preferredName": "Paroxetine"}, {"semTypes": ["T109", "T121"], "to": "5573", "fro": "5563", "fullId": "http://purl.bioontology.org/ontology/RXNORM/32937", "preferredName": "Paroxetine"}, {"semTypes": ["T109", "T121"], "to": "1824", "fro": "1816", "fullId": "http://purl.bioontology.org/ontology/MSH/D010868", "preferredName": "Pimozide"}, {"semTypes": ["T999"], "to": "3327", "fro": "3318", "fullId": "http://purl.bioontology.org/ontology/MSH/D017374", "preferredName": "Paroxetine"}, {"semTypes": ["T999"], "to": "5229", "fro": "5219", "fullId": "http://purl.bioontology.org/ontology/RXNORM/32937", "preferredName": "Paroxetine"}, {"semTypes": ["T121", "T109", "T131"], "to": "2373", "fro": "2366", "fullId": "http://purl.bioontology.org/ontology/RXNORM/32937", "preferredName": "Paroxetine"}, {"semTypes": ["T999"], "to": "9029", "fro": "9020", "fullId": "http://purl.bioontology.org/ontology/MSH/D017374", "preferredName": "Paroxetine"}, {"semTypes": ["T121", "T109"], "to": "7970", "fro": "7961", "fullId": "http://purl.bioontology.org/ontology/MSH/D017374", "preferredName": "Paroxetine"}, {"semTypes": ["T121", "T109"], "to": "1212", "fro": "1203", "fullId": "http://purl.bioontology.org/ontology/MSH/D017374", "preferredName": "Paroxetine"}, {"semTypes": ["T109", "T121"], "to": "1429", "fro": "1406", "fullId": "http://purl.bioontology.org/ontology/RXNORM/11289", "preferredName": "Warfarin"}, {"semTypes": ["T999"], "to": "2462", "fro": "2453", "fullId": "http://purl.bioontology.org/ontology/MSH/D017374", "preferredName": "Paroxetine"}, {"semTypes": ["T121", "T109"], "to": "9272", "fro": "9263", "fullId": "http://purl.bioontology.org/ontology/MSH/D017374", "preferredName": "Paroxetine"}, {"semTypes": ["T999"], "to": "11745", "fro": "11735", "fullId": "http://purl.bioontology.org/ontology/RXNORM/32937", "preferredName": "Paroxetine"}, {"semTypes": ["T109", "T121"], "to": "6599", "fro": "6589", "fullId": "http://purl.bioontology.org/ontology/RXNORM/32937", "preferredName": "Paroxetine"}, {"semTypes": ["T999"], "to": "3434", "fro": "3425", "fullId": "http://purl.bioontology.org/ontology/MSH/D017374", "preferredName": "Paroxetine"}, {"semTypes": ["T121", "T109"], "to": "5458", "fro": "5448", "fullId": "http://purl.bioontology.org/ontology/RXNORM/32937", "preferredName": "Paroxetine"}, {"semTypes": ["T109", "T121"], "to": "6574", "fro": "6562", "fullId": "http://purl.bioontology.org/ontology/RXNORM/8331", "preferredName": "Pimozide"}, {"semTypes": ["T121", "T109"], "to": "5297", "fro": "5287", "fullId": "http://purl.bioontology.org/ontology/RXNORM/32937", "preferredName": "Paroxetine"}, {"semTypes": ["T999"], "to": "858", "fro": "851", "fullId": "http://purl.bioontology.org/ontology/RXNORM/32937", "preferredName": "Paroxetine"}, {"semTypes": ["T999"], "to": "11006", "fro": "11000", "fullId": "http://purl.bioontology.org/ontology/RXNORM/32937", "preferredName": "Paroxetine"}, {"semTypes": ["T121", "T109"], "to": "3327", "fro": "3318", "fullId": "http://purl.bioontology.org/ontology/MSH/D017374", "preferredName": "Paroxetine"}, {"semTypes": ["T999"], "to": "7062", "fro": "7054", "fullId": "http://purl.bioontology.org/ontology/RXNORM/32937", "preferredName": "Paroxetine"}, {"semTypes": ["T999"], "to": "4963", "fro": "4953", "fullId": "http://purl.bioontology.org/ontology/RXNORM/38400", "preferredName": "atomoxetine"}, {"semTypes": ["T999"], "to": "3984", "fro": "3975", "fullId": "http://purl.bioontology.org/ontology/MSH/D017374", "preferredName": "Paroxetine"}, {"semTypes": ["T121", "T109"], "to": "3753", "fro": "3744", "fullId": "http://purl.bioontology.org/ontology/MSH/D017374", "preferredName": "Paroxetine"}, {"semTypes": ["T999"], "to": "8965", "fro": "8956", "fullId": "http://purl.bioontology.org/ontology/MSH/D017374", "preferredName": "Paroxetine"}, {"semTypes": ["T999"], "to": "62", "fro": "53", "fullId": "http://purl.bioontology.org/ontology/RXNORM/32937", "preferredName": "Paroxetine"}, {"semTypes": ["T121", "T109"], "to": "12007", "fro": "11998", "fullId": "http://purl.bioontology.org/ontology/MSH/D017374", "preferredName": "Paroxetine"}, {"semTypes": ["T999"], "to": "7259", "fro": "7251", "fullId": "http://purl.bioontology.org/ontology/RXNORM/32937", "preferredName": "Paroxetine"}, {"semTypes": ["T121", "T109"], "to": "6133", "fro": "6124", "fullId": "http://purl.bioontology.org/ontology/MSH/D017374", "preferredName": "Paroxetine"}, {"semTypes": ["T200"], "to": "5712", "fro": "5697", "fullId": "http://purl.bioontology.org/ontology/RXNORM/38400", "preferredName": "atomoxetine"}, {"semTypes": ["T999"], "to": "7338", "fro": "7329", "fullId": "http://purl.bioontology.org/ontology/MSH/D017374", "preferredName": "Paroxetine"}, {"semTypes": ["T121", "T109"], "to": "6326", "fro": "6317", "fullId": "http://purl.bioontology.org/ontology/MSH/D017374", "preferredName": "Paroxetine"}, {"semTypes": ["T999"], "to": "6716", "fro": "6707", "fullId": "http://purl.bioontology.org/ontology/RXNORM/8331", "preferredName": "Pimozide"}, {"semTypes": ["T109", "T121"], "to": "1704", "fro": "1697", "fullId": "http://purl.bioontology.org/ontology/MSH/D014859", "preferredName": "Warfarin"}, {"semTypes": ["T999"], "to": "10486", "fro": "10477", "fullId": "http://purl.bioontology.org/ontology/MSH/D017374", "preferredName": "Paroxetine"}, {"semTypes": ["T109", "T121"], "to": "12480", "fro": "12472", "fullId": "http://purl.bioontology.org/ontology/MSH/D010868", "preferredName": "Pimozide"}, {"semTypes": ["T110", "T118", "T121"], "to": "10694", "fro": "10688", "fullId": "http://purl.bioontology.org/ontology/RXNORM/32937", "preferredName": "Paroxetine"}, {"semTypes": ["T121", "T109"], "to": "1792", "fro": "1783", "fullId": "http://purl.bioontology.org/ontology/MSH/D017374", "preferredName": "Paroxetine"}, {"semTypes": ["T999"], "to": "11234", "fro": "11227", "fullId": "http://purl.bioontology.org/ontology/RXNORM/32937", "preferredName": "Paroxetine"}, {"semTypes": ["T999"], "to": "5484", "fro": "5465", "fullId": "http://purl.bioontology.org/ontology/MSH/D010868", "preferredName": "Pimozide"}, {"semTypes": ["T121", "T109"], "to": "5084", "fro": "5075", "fullId": "http://purl.bioontology.org/ontology/MSH/D017374", "preferredName": "Paroxetine"}, {"semTypes": ["T999"], "to": "12231", "fro": "12222", "fullId": "http://purl.bioontology.org/ontology/MSH/D017374", "preferredName": "Paroxetine"}, {"semTypes": ["T109", "T121"], "to": "6716", "fro": "6707", "fullId": "http://purl.bioontology.org/ontology/RXNORM/38400", "preferredName": "atomoxetine"}, {"semTypes": ["T999"], "to": "463", "fro": "454", "fullId": "http://purl.bioontology.org/ontology/RXNORM/32937", "preferredName": "Paroxetine"}, {"semTypes": ["T999"], "to": "8619", "fro": "8610", "fullId": "http://purl.bioontology.org/ontology/MSH/D017374", "preferredName": "Paroxetine"}, {"semTypes": ["T999"], "to": "905", "fro": "898", "fullId": "http://purl.bioontology.org/ontology/RXNORM/32937", "preferredName": "Paroxetine"}, {"semTypes": ["T109", "T121"], "to": "8099", "fro": "8091", "fullId": "http://purl.bioontology.org/ontology/MSH/C041930", "preferredName": "atomoxetine"}, {"semTypes": ["T121", "T109"], "to": "1902", "fro": "1893", "fullId": "http://purl.bioontology.org/ontology/MSH/D017374", "preferredName": "Paroxetine"}, {"semTypes": ["T999"], "to": "2765", "fro": "2756", "fullId": "http://purl.bioontology.org/ontology/MSH/D017374", "preferredName": "Paroxetine"}, {"semTypes": ["T999"], "to": "1902", "fro": "1893", "fullId": "http://purl.bioontology.org/ontology/MSH/D017374", "preferredName": "Paroxetine"}, {"semTypes": ["T121", "T109"], "to": "7877", "fro": "7866", "fullId": "http://purl.bioontology.org/ontology/RXNORM/8331", "preferredName": "Pimozide"}, {"semTypes": ["T121", "T109"], "to": "8786", "fro": "8777", "fullId": "http://purl.bioontology.org/ontology/MSH/D017374", "preferredName": "Paroxetine"}, {"semTypes": ["T999"], "to": "12129", "fro": "12118", "fullId": "http://purl.bioontology.org/ontology/RXNORM/32937", "preferredName": "Paroxetine"}, {"semTypes": ["T121", "T109"], "to": "2059", "fro": "2048", "fullId": "http://purl.bioontology.org/ontology/RXNORM/32937", "preferredName": "Paroxetine"}, {"semTypes": ["T109", "T121"], "to": "11539", "fro": "11528", "fullId": "http://purl.bioontology.org/ontology/RXNORM/32937", "preferredName": "Paroxetine"}, {"semTypes": ["T999"], "to": "768", "fro": "759", "fullId": "http://purl.bioontology.org/ontology/MSH/D017374", "preferredName": "Paroxetine"}, {"semTypes": ["T999"], "to": "1506", "fro": "1497", "fullId": "http://purl.bioontology.org/ontology/MSH/D017374", "preferredName": "Paroxetine"}, {"semTypes": ["T121", "T109"], "to": "8619", "fro": "8610", "fullId": "http://purl.bioontology.org/ontology/MSH/D017374", "preferredName": "Paroxetine"}, {"semTypes": ["T121", "T109"], "to": "5534", "fro": "5525", "fullId": "http://purl.bioontology.org/ontology/MSH/D017374", "preferredName": "Paroxetine"}, {"semTypes": ["T999"], "to": "9990", "fro": "9983", "fullId": "http://purl.bioontology.org/ontology/RXNORM/32937", "preferredName": "Paroxetine"}, {"semTypes": ["T999"], "to": "6326", "fro": "6317", "fullId": "http://purl.bioontology.org/ontology/MSH/D017374", "preferredName": "Paroxetine"}, {"semTypes": ["T999"], "to": "10762", "fro": "10753", "fullId": "http://purl.bioontology.org/ontology/MSH/D017374", "preferredName": "Paroxetine"}, {"semTypes": ["T999"], "to": "6069", "fro": "6059", "fullId": "http://purl.bioontology.org/ontology/RXNORM/32937", "preferredName": "Paroxetine"}, {"semTypes": ["T999"], "to": "3890", "fro": "3878", "fullId": "http://purl.bioontology.org/ontology/RXNORM/32937", "preferredName": "Paroxetine"}, {"semTypes": ["T999"], "to": "3753", "fro": "3744", "fullId": "http://purl.bioontology.org/ontology/MSH/D017374", "preferredName": "Paroxetine"}, {"semTypes": ["T121", "T109"], "to": "7721", "fro": "7711", "fullId": "http://purl.bioontology.org/ontology/RXNORM/32937", "preferredName": "Paroxetine"}, {"semTypes": ["T121", "T109"], "to": "3856", "fro": "3844", "fullId": "http://purl.bioontology.org/ontology/RXNORM/32937", "preferredName": "Paroxetine"}, {"semTypes": ["T109", "T121"], "to": "4142", "fro": "4134", "fullId": "http://purl.bioontology.org/ontology/RXNORM/8331", "preferredName": "Pimozide"}, {"semTypes": ["T999"], "to": "4872", "fro": "4863", "fullId": "http://purl.bioontology.org/ontology/MSH/D017374", "preferredName": "Paroxetine"}, {"semTypes": ["T121", "T116"], "to": "8117", "fro": "8106", "fullId": "http://purl.bioontology.org/ontology/MSH/C041930", "preferredName": "atomoxetine"}, {"semTypes": ["T999"], "to": "6133", "fro": "6124", "fullId": "http://purl.bioontology.org/ontology/MSH/D017374", "preferredName": "Paroxetine"}, {"semTypes": ["T121", "T109"], "to": "11993", "fro": "11983", "fullId": "http://purl.bioontology.org/ontology/RXNORM/32937", "preferredName": "Paroxetine"}]