[{"semTypes": ["T999"], "to": "3564", "fro": "3555", "fullId": "http://purl.bioontology.org/ontology/RXNORM/7646", "preferredName": "Omeprazole"}, {"semTypes": ["T999"], "to": "7410", "fro": "7401", "fullId": "http://purl.bioontology.org/ontology/MSH/D009853", "preferredName": "Omeprazole"}, {"semTypes": ["T999"], "to": "1025", "fro": "1016", "fullId": "http://purl.bioontology.org/ontology/RXNORM/7646", "preferredName": "Omeprazole"}, {"semTypes": ["T999"], "to": "7720", "fro": "7711", "fullId": "http://purl.bioontology.org/ontology/MSH/D009853", "preferredName": "Omeprazole"}, {"semTypes": ["T121", "T109"], "to": "1273", "fro": "1265", "fullId": "http://purl.bioontology.org/ontology/MSH/D019258", "preferredName": "Saquinavir"}, {"semTypes": ["T999"], "to": "477", "fro": "468", "fullId": "http://purl.bioontology.org/ontology/MSH/D009853", "preferredName": "Omeprazole"}, {"semTypes": ["T121", "T109"], "to": "1836", "fro": "1827", "fullId": "http://purl.bioontology.org/ontology/RXNORM/32968", "preferredName": "clopidogrel"}, {"semTypes": ["T109", "T121"], "to": "6268", "fro": "6259", "fullId": "http://purl.bioontology.org/ontology/MSH/D009853", "preferredName": "Omeprazole"}, {"semTypes": ["T999"], "to": "10422", "fro": "10412", "fullId": "http://purl.bioontology.org/ontology/MSH/D009853", "preferredName": "Omeprazole"}, {"semTypes": ["T999"], "to": "9195", "fro": "9186", "fullId": "http://purl.bioontology.org/ontology/MSH/D009853", "preferredName": "Omeprazole"}, {"semTypes": ["T999"], "to": "1316", "fro": "1302", "fullId": "http://purl.bioontology.org/ontology/MSH/C413408", "preferredName": "atazanavir"}, {"semTypes": ["T999"], "to": "11264", "fro": "11255", "fullId": "http://purl.bioontology.org/ontology/MSH/D009853", "preferredName": "Omeprazole"}, {"semTypes": ["T999"], "to": "1525", "fro": "1518", "fullId": "http://purl.bioontology.org/ontology/MSH/C055162", "preferredName": "clopidogrel"}, {"semTypes": ["T109", "T121"], "to": "7535", "fro": "7526", "fullId": "http://purl.bioontology.org/ontology/RXNORM/7646", "preferredName": "Omeprazole"}, {"semTypes": ["T121", "T109"], "to": "11279", "fro": "11270", "fullId": "http://purl.bioontology.org/ontology/MSH/C055162", "preferredName": "clopidogrel"}, {"semTypes": ["T999"], "to": "9747", "fro": "9738", "fullId": "http://purl.bioontology.org/ontology/MSH/D009853", "preferredName": "Omeprazole"}, {"semTypes": ["T999"], "to": "170", "fro": "161", "fullId": "http://purl.bioontology.org/ontology/MSH/D009853", "preferredName": "Omeprazole"}, {"semTypes": ["T999"], "to": "2946", "fro": "2937", "fullId": "http://purl.bioontology.org/ontology/RXNORM/7646", "preferredName": "Omeprazole"}, {"semTypes": ["T999"], "to": "2443", "fro": "2434", "fullId": "http://purl.bioontology.org/ontology/MSH/D009853", "preferredName": "Omeprazole"}, {"semTypes": ["T999"], "to": "717", "fro": "711", "fullId": "http://purl.bioontology.org/ontology/RXNORM/32968", "preferredName": "clopidogrel"}, {"semTypes": ["T109", "T121"], "to": "3642", "fro": "3633", "fullId": "http://purl.bioontology.org/ontology/MSH/D009853", "preferredName": "Omeprazole"}, {"semTypes": ["T999"], "to": "5240", "fro": "5229", "fullId": "http://purl.bioontology.org/ontology/RXNORM/83395", "preferredName": "Saquinavir"}, {"semTypes": ["T109", "T121"], "to": "338", "fro": "329", "fullId": "http://purl.bioontology.org/ontology/RXNORM/7646", "preferredName": "Omeprazole"}, {"semTypes": ["T109", "T121"], "to": "3365", "fro": "3356", "fullId": "http://purl.bioontology.org/ontology/MSH/D009853", "preferredName": "Omeprazole"}, {"semTypes": ["T999"], "to": "11323", "fro": "11314", "fullId": "http://purl.bioontology.org/ontology/MSH/C055162", "preferredName": "clopidogrel"}, {"semTypes": ["T109", "T121"], "to": "8266", "fro": "8257", "fullId": "http://purl.bioontology.org/ontology/RXNORM/7646", "preferredName": "Omeprazole"}, {"semTypes": ["T109", "T121"], "to": "6020", "fro": "6011", "fullId": "http://purl.bioontology.org/ontology/MSH/D009853", "preferredName": "Omeprazole"}, {"semTypes": ["T999"], "to": "12067", "fro": "12056", "fullId": "http://purl.bioontology.org/ontology/RXNORM/32968", "preferredName": "clopidogrel"}, {"semTypes": ["T999"], "to": "5349", "fro": "5340", "fullId": "http://purl.bioontology.org/ontology/MSH/D009853", "preferredName": "Omeprazole"}, {"semTypes": ["T109", "T121"], "to": "4703", "fro": "4694", "fullId": "http://purl.bioontology.org/ontology/MSH/D009853", "preferredName": "Omeprazole"}, {"semTypes": ["T109", "T121"], "to": "6917", "fro": "6908", "fullId": "http://purl.bioontology.org/ontology/RXNORM/7646", "preferredName": "Omeprazole"}, {"semTypes": ["T999"], "to": "3611", "fro": "3602", "fullId": "http://purl.bioontology.org/ontology/RXNORM/7646", "preferredName": "Omeprazole"}, {"semTypes": ["T999"], "to": "2754", "fro": "2745", "fullId": "http://purl.bioontology.org/ontology/MSH/D009853", "preferredName": "Omeprazole"}, {"semTypes": ["T999"], "to": "5388", "fro": "5379", "fullId": "http://purl.bioontology.org/ontology/MSH/D009853", "preferredName": "Omeprazole"}, {"semTypes": ["T109", "T121"], "to": "4200", "fro": "4191", "fullId": "http://purl.bioontology.org/ontology/MSH/D009853", "preferredName": "Omeprazole"}, {"semTypes": ["T109", "T121"], "to": "10443", "fro": "10434", "fullId": "http://purl.bioontology.org/ontology/MSH/D009853", "preferredName": "Omeprazole"}, {"semTypes": ["T109", "T121"], "to": "9677", "fro": "9667", "fullId": "http://purl.bioontology.org/ontology/RXNORM/7646", "preferredName": "Omeprazole"}, {"semTypes": ["T121", "T109"], "to": "601", "fro": "590", "fullId": "http://purl.bioontology.org/ontology/RXNORM/83395", "preferredName": "Saquinavir"}, {"semTypes": ["T999"], "to": "4368", "fro": "4359", "fullId": "http://purl.bioontology.org/ontology/MSH/D009853", "preferredName": "Omeprazole"}, {"semTypes": ["T109", "T121"], "to": "9332", "fro": "9323", "fullId": "http://purl.bioontology.org/ontology/MSH/D009853", "preferredName": "Omeprazole"}, {"semTypes": ["T109", "T121"], "to": "4368", "fro": "4359", "fullId": "http://purl.bioontology.org/ontology/RXNORM/7646", "preferredName": "Omeprazole"}, {"semTypes": ["T999"], "to": "338", "fro": "329", "fullId": "http://purl.bioontology.org/ontology/RXNORM/7646", "preferredName": "Omeprazole"}, {"semTypes": ["T109", "T121"], "to": "7410", "fro": "7401", "fullId": "http://purl.bioontology.org/ontology/MSH/D009853", "preferredName": "Omeprazole"}, {"semTypes": ["T109", "T121"], "to": "9852", "fro": "9842", "fullId": "http://purl.bioontology.org/ontology/RXNORM/7646", "preferredName": "Omeprazole"}, {"semTypes": ["T118", "T121", "T110"], "to": "645", "fro": "639", "fullId": "http://purl.bioontology.org/ontology/MSH/C055162", "preferredName": "clopidogrel"}, {"semTypes": ["T999"], "to": "7009", "fro": "7000", "fullId": "http://purl.bioontology.org/ontology/RXNORM/7646", "preferredName": "Omeprazole"}, {"semTypes": ["T109", "T121"], "to": "7652", "fro": "7643", "fullId": "http://purl.bioontology.org/ontology/MSH/D009853", "preferredName": "Omeprazole"}, {"semTypes": ["T109", "T121"], "to": "7160", "fro": "7151", "fullId": "http://purl.bioontology.org/ontology/RXNORM/7646", "preferredName": "Omeprazole"}, {"semTypes": ["T109", "T121"], "to": "3947", "fro": "3938", "fullId": "http://purl.bioontology.org/ontology/RXNORM/7646", "preferredName": "Omeprazole"}, {"semTypes": ["T999"], "to": "9929", "fro": "9920", "fullId": "http://purl.bioontology.org/ontology/MSH/D009853", "preferredName": "Omeprazole"}, {"semTypes": ["T109", "T121"], "to": "1013", "fro": "1004", "fullId": "http://purl.bioontology.org/ontology/RXNORM/32968", "preferredName": "clopidogrel"}, {"semTypes": ["T109", "T121"], "to": "3156", "fro": "3147", "fullId": "http://purl.bioontology.org/ontology/RXNORM/7646", "preferredName": "Omeprazole"}, {"semTypes": ["T999"], "to": "351", "fro": "342", "fullId": "http://purl.bioontology.org/ontology/MSH/D009853", "preferredName": "Omeprazole"}, {"semTypes": ["T999"], "to": "413", "fro": "404", "fullId": "http://purl.bioontology.org/ontology/RXNORM/7646", "preferredName": "Omeprazole"}, {"semTypes": ["T999"], "to": "10871", "fro": "10861", "fullId": "http://purl.bioontology.org/ontology/RXNORM/7646", "preferredName": "Omeprazole"}, {"semTypes": ["T999"], "to": "9332", "fro": "9323", "fullId": "http://purl.bioontology.org/ontology/MSH/D009853", "preferredName": "Omeprazole"}, {"semTypes": ["T999"], "to": "3156", "fro": "3147", "fullId": "http://purl.bioontology.org/ontology/MSH/D009853", "preferredName": "Omeprazole"}, {"semTypes": ["T999"], "to": "7765", "fro": "7756", "fullId": "http://purl.bioontology.org/ontology/MSH/D009853", "preferredName": "Omeprazole"}, {"semTypes": ["T999"], "to": "1164", "fro": "1155", "fullId": "http://purl.bioontology.org/ontology/RXNORM/7646", "preferredName": "Omeprazole"}, {"semTypes": ["T999"], "to": "9242", "fro": "9232", "fullId": "http://purl.bioontology.org/ontology/MSH/D009853", "preferredName": "Omeprazole"}, {"semTypes": ["T109", "T121"], "to": "4430", "fro": "4421", "fullId": "http://purl.bioontology.org/ontology/RXNORM/7646", "preferredName": "Omeprazole"}, {"semTypes": ["T999"], "to": "8871", "fro": "8862", "fullId": "http://purl.bioontology.org/ontology/MSH/D009853", "preferredName": "Omeprazole"}, {"semTypes": ["T109", "T121"], "to": "9929", "fro": "9920", "fullId": "http://purl.bioontology.org/ontology/MSH/D009853", "preferredName": "Omeprazole"}, {"semTypes": ["T109", "T121"], "to": "3781", "fro": "3772", "fullId": "http://purl.bioontology.org/ontology/MSH/D009853", "preferredName": "Omeprazole"}, {"semTypes": ["T999"], "to": "1759", "fro": "1750", "fullId": "http://purl.bioontology.org/ontology/RXNORM/32968", "preferredName": "clopidogrel"}, {"semTypes": ["T999"], "to": "7889", "fro": "7880", "fullId": "http://purl.bioontology.org/ontology/RXNORM/7646", "preferredName": "Omeprazole"}, {"semTypes": ["T121", "T109"], "to": "3286", "fro": "3277", "fullId": "http://purl.bioontology.org/ontology/MSH/C055162", "preferredName": "clopidogrel"}, {"semTypes": ["T109", "T121"], "to": "1025", "fro": "1016", "fullId": "http://purl.bioontology.org/ontology/MSH/D009853", "preferredName": "Omeprazole"}, {"semTypes": ["T999"], "to": "6060", "fro": "6053", "fullId": "http://purl.bioontology.org/ontology/RXNORM/343047", "preferredName": "Atazanavir"}, {"semTypes": ["T999"], "to": "6084", "fro": "6076", "fullId": "http://purl.bioontology.org/ontology/MSH/D019258", "preferredName": "Saquinavir"}, {"semTypes": ["T999"], "to": "10443", "fro": "10434", "fullId": "http://purl.bioontology.org/ontology/RXNORM/7646", "preferredName": "Omeprazole"}, {"semTypes": ["T121", "T109", "T131"], "to": "6070", "fro": "6063", "fullId": "http://purl.bioontology.org/ontology/RXNORM/32968", "preferredName": "clopidogrel"}, {"semTypes": ["T999"], "to": "8036", "fro": "8027", "fullId": "http://purl.bioontology.org/ontology/MSH/D009853", "preferredName": "Omeprazole"}, {"semTypes": ["T999"], "to": "1013", "fro": "1004", "fullId": "http://purl.bioontology.org/ontology/RXNORM/7646", "preferredName": "Omeprazole"}, {"semTypes": ["T999"], "to": "10270", "fro": "10260", "fullId": "http://purl.bioontology.org/ontology/RXNORM/7646", "preferredName": "Omeprazole"}, {"semTypes": ["T118", "T121", "T110"], "to": "5562", "fro": "5556", "fullId": "http://purl.bioontology.org/ontology/MSH/C055162", "preferredName": "clopidogrel"}, {"semTypes": ["T109", "T121"], "to": "8182", "fro": "8173", "fullId": "http://purl.bioontology.org/ontology/RXNORM/32968", "preferredName": "clopidogrel"}, {"semTypes": ["T109", "T121"], "to": "7120", "fro": "7111", "fullId": "http://purl.bioontology.org/ontology/RXNORM/7646", "preferredName": "Omeprazole"}, {"semTypes": ["T195", "T109"], "to": "8406", "fro": "8399", "fullId": "http://purl.bioontology.org/ontology/RXNORM/343047", "preferredName": "Atazanavir"}, {"semTypes": ["T999"], "to": "865", "fro": "856", "fullId": "http://purl.bioontology.org/ontology/MSH/D009853", "preferredName": "Omeprazole"}, {"semTypes": ["T999"], "to": "8182", "fro": "8173", "fullId": "http://purl.bioontology.org/ontology/RXNORM/7646", "preferredName": "Omeprazole"}, {"semTypes": ["T109", "T121"], "to": "5388", "fro": "5379", "fullId": "http://purl.bioontology.org/ontology/RXNORM/7646", "preferredName": "Omeprazole"}, {"semTypes": ["T121", "T109"], "to": "170", "fro": "161", "fullId": "http://purl.bioontology.org/ontology/RXNORM/32968", "preferredName": "clopidogrel"}, {"semTypes": ["T999"], "to": "12308", "fro": "12297", "fullId": "http://purl.bioontology.org/ontology/MSH/C055162", "preferredName": "clopidogrel"}, {"semTypes": ["T999"], "to": "632", "fro": "627", "fullId": "http://purl.bioontology.org/ontology/MSH/D019258", "preferredName": "Saquinavir"}, {"semTypes": ["T999"], "to": "5697", "fro": "5688", "fullId": "http://purl.bioontology.org/ontology/RXNORM/7646", "preferredName": "Omeprazole"}, {"semTypes": ["T109", "T121"], "to": "3810", "fro": "3801", "fullId": "http://purl.bioontology.org/ontology/MSH/D009853", "preferredName": "Omeprazole"}, {"semTypes": ["T999"], "to": "1685", "fro": "1674", "fullId": "http://purl.bioontology.org/ontology/MSH/C413408", "preferredName": "atazanavir"}, {"semTypes": ["T999"], "to": "257", "fro": "248", "fullId": "http://purl.bioontology.org/ontology/RXNORM/7646", "preferredName": "Omeprazole"}, {"semTypes": ["T999"], "to": "9677", "fro": "9667", "fullId": "http://purl.bioontology.org/ontology/MSH/D009853", "preferredName": "Omeprazole"}, {"semTypes": ["T999"], "to": "6593", "fro": "6582", "fullId": "http://purl.bioontology.org/ontology/MSH/D019258", "preferredName": "Saquinavir"}, {"semTypes": ["T999"], "to": "5475", "fro": "5469", "fullId": "http://purl.bioontology.org/ontology/MSH/C055162", "preferredName": "clopidogrel"}, {"semTypes": ["T999"], "to": "7160", "fro": "7151", "fullId": "http://purl.bioontology.org/ontology/MSH/D009853", "preferredName": "Omeprazole"}, {"semTypes": ["T109", "T121"], "to": "7720", "fro": "7711", "fullId": "http://purl.bioontology.org/ontology/MSH/D009853", "preferredName": "Omeprazole"}, {"semTypes": ["T109", "T121"], "to": "182", "fro": "173", "fullId": "http://purl.bioontology.org/ontology/RXNORM/7646", "preferredName": "Omeprazole"}, {"semTypes": ["T121", "T109"], "to": "1759", "fro": "1750", "fullId": "http://purl.bioontology.org/ontology/MSH/C055162", "preferredName": "clopidogrel"}, {"semTypes": ["T109", "T121"], "to": "10839", "fro": "10830", "fullId": "http://purl.bioontology.org/ontology/MSH/D009853", "preferredName": "Omeprazole"}, {"semTypes": ["T109", "T121"], "to": "4485", "fro": "4476", "fullId": "http://purl.bioontology.org/ontology/RXNORM/7646", "preferredName": "Omeprazole"}, {"semTypes": ["T999"], "to": "12386", "fro": "12375", "fullId": "http://purl.bioontology.org/ontology/RXNORM/32968", "preferredName": "clopidogrel"}, {"semTypes": ["T109", "T121"], "to": "3611", "fro": "3602", "fullId": "http://purl.bioontology.org/ontology/MSH/D009853", "preferredName": "Omeprazole"}, {"semTypes": ["T109", "T121"], "to": "3443", "fro": "3434", "fullId": "http://purl.bioontology.org/ontology/MSH/D009853", "preferredName": "Omeprazole"}, {"semTypes": ["T999"], "to": "5252", "fro": "5243", "fullId": "http://purl.bioontology.org/ontology/MSH/C413408", "preferredName": "atazanavir"}, {"semTypes": ["T999"], "to": "4048", "fro": "4039", "fullId": "http://purl.bioontology.org/ontology/RXNORM/7646", "preferredName": "Omeprazole"}, {"semTypes": ["T109", "T121"], "to": "1685", "fro": "1674", "fullId": "http://purl.bioontology.org/ontology/RXNORM/83395", "preferredName": "Saquinavir"}, {"semTypes": ["T109", "T121"], "to": "1091", "fro": "1082", "fullId": "http://purl.bioontology.org/ontology/RXNORM/32968", "preferredName": "clopidogrel"}, {"semTypes": ["T109", "T121"], "to": "1164", "fro": "1155", "fullId": "http://purl.bioontology.org/ontology/MSH/D009853", "preferredName": "Omeprazole"}, {"semTypes": ["T999"], "to": "3680", "fro": "3671", "fullId": "http://purl.bioontology.org/ontology/MSH/D009853", "preferredName": "Omeprazole"}, {"semTypes": ["T999"], "to": "7535", "fro": "7526", "fullId": "http://purl.bioontology.org/ontology/MSH/D009853", "preferredName": "Omeprazole"}, {"semTypes": ["T999"], "to": "1262", "fro": "1255", "fullId": "http://purl.bioontology.org/ontology/RXNORM/32968", "preferredName": "clopidogrel"}, {"semTypes": ["T999"], "to": "8440", "fro": "8431", "fullId": "http://purl.bioontology.org/ontology/MSH/D009853", "preferredName": "Omeprazole"}, {"semTypes": ["T999"], "to": "1299", "fro": "1290", "fullId": "http://purl.bioontology.org/ontology/RXNORM/83395", "preferredName": "Saquinavir"}, {"semTypes": ["T109", "T121"], "to": "8036", "fro": "8027", "fullId": "http://purl.bioontology.org/ontology/MSH/D009853", "preferredName": "Omeprazole"}, {"semTypes": ["T999"], "to": "4703", "fro": "4694", "fullId": "http://purl.bioontology.org/ontology/RXNORM/7646", "preferredName": "Omeprazole"}, {"semTypes": ["T999"], "to": "12489", "fro": "12478", "fullId": "http://purl.bioontology.org/ontology/MSH/C055162", "preferredName": "clopidogrel"}, {"semTypes": ["T109", "T121"], "to": "8629", "fro": "8620", "fullId": "http://purl.bioontology.org/ontology/RXNORM/7646", "preferredName": "Omeprazole"}, {"semTypes": ["T999"], "to": "1273", "fro": "1265", "fullId": "http://purl.bioontology.org/ontology/MSH/C413408", "preferredName": "atazanavir"}, {"semTypes": ["T109", "T121"], "to": "413", "fro": "404", "fullId": "http://purl.bioontology.org/ontology/RXNORM/7646", "preferredName": "Omeprazole"}, {"semTypes": ["T999"], "to": "1287", "fro": "1276", "fullId": "http://purl.bioontology.org/ontology/RXNORM/343047", "preferredName": "Atazanavir"}, {"semTypes": ["T999"], "to": "6439", "fro": "6432", "fullId": "http://purl.bioontology.org/ontology/MSH/C055162", "preferredName": "clopidogrel"}, {"semTypes": ["T121", "T109"], "to": "3825", "fro": "3816", "fullId": "http://purl.bioontology.org/ontology/MSH/D009853", "preferredName": "Omeprazole"}, {"semTypes": ["T109", "T121"], "to": "5601", "fro": "5592", "fullId": "http://purl.bioontology.org/ontology/RXNORM/7646", "preferredName": "Omeprazole"}, {"semTypes": ["T999"], "to": "10285", "fro": "10276", "fullId": "http://purl.bioontology.org/ontology/MSH/D009853", "preferredName": "Omeprazole"}, {"semTypes": ["T109", "T121"], "to": "865", "fro": "856", "fullId": "http://purl.bioontology.org/ontology/RXNORM/7646", "preferredName": "Omeprazole"}, {"semTypes": ["T999"], "to": "7683", "fro": "7672", "fullId": "http://purl.bioontology.org/ontology/MSH/C055162", "preferredName": "clopidogrel"}, {"semTypes": ["T999"], "to": "6777", "fro": "6763", "fullId": "http://purl.bioontology.org/ontology/RXNORM/83395", "preferredName": "Saquinavir"}, {"semTypes": ["T999"], "to": "8855", "fro": "8848", "fullId": "http://purl.bioontology.org/ontology/MSH/D019258", "preferredName": "Saquinavir"}, {"semTypes": ["T200"], "to": "4270", "fro": "4255", "fullId": "http://purl.bioontology.org/ontology/MSH/D019258", "preferredName": "Saquinavir"}, {"semTypes": ["T999"], "to": "8129", "fro": "8120", "fullId": "http://purl.bioontology.org/ontology/RXNORM/7646", "preferredName": "Omeprazole"}, {"semTypes": ["T121", "T109"], "to": "11323", "fro": "11314", "fullId": "http://purl.bioontology.org/ontology/RXNORM/32968", "preferredName": "clopidogrel"}, {"semTypes": ["T121", "T109"], "to": "12489", "fro": "12478", "fullId": "http://purl.bioontology.org/ontology/RXNORM/32968", "preferredName": "clopidogrel"}, {"semTypes": ["T999"], "to": "1962", "fro": "1951", "fullId": "http://purl.bioontology.org/ontology/RXNORM/32968", "preferredName": "clopidogrel"}, {"semTypes": ["T999"], "to": "3365", "fro": "3356", "fullId": "http://purl.bioontology.org/ontology/RXNORM/7646", "preferredName": "Omeprazole"}, {"semTypes": ["T999"], "to": "4210", "fro": "4202", "fullId": "http://purl.bioontology.org/ontology/RXNORM/83395", "preferredName": "Saquinavir"}, {"semTypes": ["T999"], "to": "645", "fro": "639", "fullId": "http://purl.bioontology.org/ontology/MSH/C055162", "preferredName": "clopidogrel"}, {"semTypes": ["T109", "T121"], "to": "2271", "fro": "2262", "fullId": "http://purl.bioontology.org/ontology/MSH/D009853", "preferredName": "Omeprazole"}, {"semTypes": ["T999"], "to": "7652", "fro": "7643", "fullId": "http://purl.bioontology.org/ontology/RXNORM/7646", "preferredName": "Omeprazole"}, {"semTypes": ["T999"], "to": "2286", "fro": "2277", "fullId": "http://purl.bioontology.org/ontology/MSH/D009853", "preferredName": "Omeprazole"}, {"semTypes": ["T109", "T121"], "to": "11264", "fro": "11255", "fullId": "http://purl.bioontology.org/ontology/RXNORM/7646", "preferredName": "Omeprazole"}, {"semTypes": ["T109", "T121"], "to": "9786", "fro": "9776", "fullId": "http://purl.bioontology.org/ontology/MSH/D009853", "preferredName": "Omeprazole"}, {"semTypes": ["T999"], "to": "8406", "fro": "8399", "fullId": "http://purl.bioontology.org/ontology/MSH/D019258", "preferredName": "Saquinavir"}, {"semTypes": ["T109", "T121"], "to": "1771", "fro": "1762", "fullId": "http://purl.bioontology.org/ontology/MSH/D009853", "preferredName": "Omeprazole"}, {"semTypes": ["T121", "T109", "T131"], "to": "1525", "fro": "1518", "fullId": "http://purl.bioontology.org/ontology/MSH/C055162", "preferredName": "clopidogrel"}, {"semTypes": ["T999"], "to": "10923", "fro": "10913", "fullId": "http://purl.bioontology.org/ontology/MSH/D009853", "preferredName": "Omeprazole"}, {"semTypes": ["T999"], "to": "1883", "fro": "1872", "fullId": "http://purl.bioontology.org/ontology/RXNORM/32968", "preferredName": "clopidogrel"}, {"semTypes": ["T109", "T121"], "to": "9195", "fro": "9186", "fullId": "http://purl.bioontology.org/ontology/MSH/D009853", "preferredName": "Omeprazole"}, {"semTypes": ["T999"], "to": "11279", "fro": "11270", "fullId": "http://purl.bioontology.org/ontology/MSH/C055162", "preferredName": "clopidogrel"}, {"semTypes": ["T109", "T121"], "to": "2583", "fro": "2574", "fullId": "http://purl.bioontology.org/ontology/MSH/D009853", "preferredName": "Omeprazole"}, {"semTypes": ["T999"], "to": "10574", "fro": "10565", "fullId": "http://purl.bioontology.org/ontology/MSH/D009853", "preferredName": "Omeprazole"}, {"semTypes": ["T999"], "to": "8113", "fro": "8104", "fullId": "http://purl.bioontology.org/ontology/RXNORM/7646", "preferredName": "Omeprazole"}, {"semTypes": ["T109", "T121"], "to": "2754", "fro": "2745", "fullId": "http://purl.bioontology.org/ontology/MSH/D009853", "preferredName": "Omeprazole"}, {"semTypes": ["T109", "T121"], "to": "10285", "fro": "10276", "fullId": "http://purl.bioontology.org/ontology/MSH/D009853", "preferredName": "Omeprazole"}, {"semTypes": ["T999"], "to": "6747", "fro": "6736", "fullId": "http://purl.bioontology.org/ontology/MSH/C413408", "preferredName": "atazanavir"}, {"semTypes": ["T999"], "to": "2366", "fro": "2357", "fullId": "http://purl.bioontology.org/ontology/RXNORM/7646", "preferredName": "Omeprazole"}, {"semTypes": ["T109", "T121"], "to": "1895", "fro": "1886", "fullId": "http://purl.bioontology.org/ontology/MSH/D009853", "preferredName": "Omeprazole"}, {"semTypes": ["T121", "T109", "T131"], "to": "6439", "fro": "6432", "fullId": "http://purl.bioontology.org/ontology/RXNORM/32968", "preferredName": "clopidogrel"}, {"semTypes": ["T109", "T121"], "to": "843", "fro": "833", "fullId": "http://purl.bioontology.org/ontology/RXNORM/7646", "preferredName": "Omeprazole"}, {"semTypes": ["T118", "T121", "T110"], "to": "5303", "fro": "5297", "fullId": "http://purl.bioontology.org/ontology/MSH/C055162", "preferredName": "clopidogrel"}, {"semTypes": ["T999"], "to": "1771", "fro": "1762", "fullId": "http://purl.bioontology.org/ontology/MSH/D009853", "preferredName": "Omeprazole"}, {"semTypes": ["T109", "T121"], "to": "8113", "fro": "8104", "fullId": "http://purl.bioontology.org/ontology/MSH/D009853", "preferredName": "Omeprazole"}, {"semTypes": ["T109", "T121"], "to": "4048", "fro": "4039", "fullId": "http://purl.bioontology.org/ontology/MSH/D009853", "preferredName": "Omeprazole"}, {"semTypes": ["T999"], "to": "10839", "fro": "10830", "fullId": "http://purl.bioontology.org/ontology/RXNORM/7646", "preferredName": "Omeprazole"}, {"semTypes": ["T109", "T121"], "to": "2946", "fro": "2937", "fullId": "http://purl.bioontology.org/ontology/MSH/D009853", "preferredName": "Omeprazole"}, {"semTypes": ["T999"], "to": "2271", "fro": "2262", "fullId": "http://purl.bioontology.org/ontology/MSH/D009853", "preferredName": "Omeprazole"}, {"semTypes": ["T121", "T109"], "to": "1252", "fro": "1245", "fullId": "http://purl.bioontology.org/ontology/RXNORM/83395", "preferredName": "Saquinavir"}, {"semTypes": ["T109", "T121"], "to": "1329", "fro": "1320", "fullId": "http://purl.bioontology.org/ontology/RXNORM/7646", "preferredName": "Omeprazole"}, {"semTypes": ["T999"], "to": "2646", "fro": "2637", "fullId": "http://purl.bioontology.org/ontology/RXNORM/7646", "preferredName": "Omeprazole"}, {"semTypes": ["T999"], "to": "6282", "fro": "6275", "fullId": "http://purl.bioontology.org/ontology/RXNORM/32968", "preferredName": "clopidogrel"}, {"semTypes": ["T121", "T109"], "to": "11177", "fro": "11168", "fullId": "http://purl.bioontology.org/ontology/RXNORM/32968", "preferredName": "clopidogrel"}, {"semTypes": ["T109", "T121"], "to": "7889", "fro": "7880", "fullId": "http://purl.bioontology.org/ontology/MSH/D009853", "preferredName": "Omeprazole"}, {"semTypes": ["T999"], "to": "843", "fro": "833", "fullId": "http://purl.bioontology.org/ontology/RXNORM/7646", "preferredName": "Omeprazole"}, {"semTypes": ["T121", "T109"], "to": "12386", "fro": "12375", "fullId": "http://purl.bioontology.org/ontology/RXNORM/32968", "preferredName": "clopidogrel"}, {"semTypes": ["T109", "T121"], "to": "9747", "fro": "9738", "fullId": "http://purl.bioontology.org/ontology/RXNORM/7646", "preferredName": "Omeprazole"}, {"semTypes": ["T109", "T121"], "to": "8871", "fro": "8862", "fullId": "http://purl.bioontology.org/ontology/RXNORM/7646", "preferredName": "Omeprazole"}, {"semTypes": ["T109", "T121"], "to": "2443", "fro": "2434", "fullId": "http://purl.bioontology.org/ontology/RXNORM/7646", "preferredName": "Omeprazole"}, {"semTypes": ["T109", "T121"], "to": "351", "fro": "342", "fullId": "http://purl.bioontology.org/ontology/MSH/D009853", "preferredName": "Omeprazole"}, {"semTypes": ["T999"], "to": "6268", "fro": "6259", "fullId": "http://purl.bioontology.org/ontology/MSH/D009853", "preferredName": "Omeprazole"}, {"semTypes": ["T121", "T109"], "to": "3171", "fro": "3162", "fullId": "http://purl.bioontology.org/ontology/MSH/D009853", "preferredName": "Omeprazole"}, {"semTypes": ["T999"], "to": "12266", "fro": "12255", "fullId": "http://purl.bioontology.org/ontology/RXNORM/32968", "preferredName": "clopidogrel"}, {"semTypes": ["T109", "T121"], "to": "477", "fro": "468", "fullId": "http://purl.bioontology.org/ontology/MSH/D009853", "preferredName": "Omeprazole"}, {"semTypes": ["T121", "T109"], "to": "5240", "fro": "5229", "fullId": "http://purl.bioontology.org/ontology/MSH/C413408", "preferredName": "atazanavir"}, {"semTypes": ["T999"], "to": "9786", "fro": "9776", "fullId": "http://purl.bioontology.org/ontology/RXNORM/7646", "preferredName": "Omeprazole"}, {"semTypes": ["T121", "T109"], "to": "6060", "fro": "6053", "fullId": "http://purl.bioontology.org/ontology/RXNORM/83395", "preferredName": "Saquinavir"}, {"semTypes": ["T999"], "to": "5601", "fro": "5592", "fullId": "http://purl.bioontology.org/ontology/MSH/D009853", "preferredName": "Omeprazole"}, {"semTypes": ["T999"], "to": "4485", "fro": "4476", "fullId": "http://purl.bioontology.org/ontology/MSH/D009853", "preferredName": "Omeprazole"}, {"semTypes": ["T999"], "to": "6070", "fro": "6063", "fullId": "http://purl.bioontology.org/ontology/RXNORM/32968", "preferredName": "clopidogrel"}, {"semTypes": ["T121", "T109"], "to": "4210", "fro": "4202", "fullId": "http://purl.bioontology.org/ontology/RXNORM/83395", "preferredName": "Saquinavir"}, {"semTypes": ["T121", "T109"], "to": "3564", "fro": "3555", "fullId": "http://purl.bioontology.org/ontology/RXNORM/7646", "preferredName": "Omeprazole"}, {"semTypes": ["T109", "T121"], "to": "10270", "fro": "10260", "fullId": "http://purl.bioontology.org/ontology/MSH/D009853", "preferredName": "Omeprazole"}, {"semTypes": ["T118", "T121", "T110"], "to": "5414", "fro": "5408", "fullId": "http://purl.bioontology.org/ontology/MSH/C055162", "preferredName": "clopidogrel"}, {"semTypes": ["T999"], "to": "182", "fro": "173", "fullId": "http://purl.bioontology.org/ontology/RXNORM/7646", "preferredName": "Omeprazole"}, {"semTypes": ["T109", "T121"], "to": "7009", "fro": "7000", "fullId": "http://purl.bioontology.org/ontology/RXNORM/7646", "preferredName": "Omeprazole"}, {"semTypes": ["T118", "T121", "T110"], "to": "717", "fro": "711", "fullId": "http://purl.bioontology.org/ontology/MSH/C055162", "preferredName": "clopidogrel"}, {"semTypes": ["T109", "T121"], "to": "680", "fro": "671", "fullId": "http://purl.bioontology.org/ontology/RXNORM/7646", "preferredName": "Omeprazole"}, {"semTypes": ["T999"], "to": "3825", "fro": "3816", "fullId": "http://purl.bioontology.org/ontology/RXNORM/32968", "preferredName": "clopidogrel"}, {"semTypes": ["T999"], "to": "2583", "fro": "2574", "fullId": "http://purl.bioontology.org/ontology/RXNORM/7646", "preferredName": "Omeprazole"}, {"semTypes": ["T999"], "to": "6020", "fro": "6011", "fullId": "http://purl.bioontology.org/ontology/RXNORM/7646", "preferredName": "Omeprazole"}, {"semTypes": ["T195", "T109"], "to": "5252", "fro": "5243", "fullId": "http://purl.bioontology.org/ontology/RXNORM/343047", "preferredName": "Atazanavir"}, {"semTypes": ["T195", "T109"], "to": "625", "fro": "616", "fullId": "http://purl.bioontology.org/ontology/MSH/C413408", "preferredName": "atazanavir"}, {"semTypes": ["T999"], "to": "3271", "fro": "3262", "fullId": "http://purl.bioontology.org/ontology/RXNORM/7646", "preferredName": "Omeprazole"}, {"semTypes": ["T999"], "to": "7340", "fro": "7329", "fullId": "http://purl.bioontology.org/ontology/MSH/C055162", "preferredName": "clopidogrel"}, {"semTypes": ["T121", "T109"], "to": "3405", "fro": "3396", "fullId": "http://purl.bioontology.org/ontology/RXNORM/7646", "preferredName": "Omeprazole"}, {"semTypes": ["T109", "T121"], "to": "9914", "fro": "9904", "fullId": "http://purl.bioontology.org/ontology/RXNORM/7646", "preferredName": "Omeprazole"}, {"semTypes": ["T999"], "to": "3443", "fro": "3434", "fullId": "http://purl.bioontology.org/ontology/RXNORM/7646", "preferredName": "Omeprazole"}, {"semTypes": ["T999"], "to": "5562", "fro": "5556", "fullId": "http://purl.bioontology.org/ontology/MSH/C055162", "preferredName": "clopidogrel"}, {"semTypes": ["T116", "T121"], "to": "6747", "fro": "6736", "fullId": "http://purl.bioontology.org/ontology/RXNORM/343047", "preferredName": "Atazanavir"}, {"semTypes": ["T121", "T109"], "to": "6084", "fro": "6076", "fullId": "http://purl.bioontology.org/ontology/RXNORM/343047", "preferredName": "Atazanavir"}, {"semTypes": ["T999"], "to": "4430", "fro": "4421", "fullId": "http://purl.bioontology.org/ontology/RXNORM/7646", "preferredName": "Omeprazole"}, {"semTypes": ["T999"], "to": "3405", "fro": "3396", "fullId": "http://purl.bioontology.org/ontology/RXNORM/7646", "preferredName": "Omeprazole"}, {"semTypes": ["T999"], "to": "1329", "fro": "1320", "fullId": "http://purl.bioontology.org/ontology/RXNORM/7646", "preferredName": "Omeprazole"}, {"semTypes": ["T109", "T121"], "to": "10923", "fro": "10913", "fullId": "http://purl.bioontology.org/ontology/RXNORM/7646", "preferredName": "Omeprazole"}, {"semTypes": ["T999"], "to": "3171", "fro": "3162", "fullId": "http://purl.bioontology.org/ontology/RXNORM/7646", "preferredName": "Omeprazole"}, {"semTypes": ["T999"], "to": "3286", "fro": "3277", "fullId": "http://purl.bioontology.org/ontology/MSH/C055162", "preferredName": "clopidogrel"}, {"semTypes": ["T999"], "to": "920", "fro": "910", "fullId": "http://purl.bioontology.org/ontology/RXNORM/7646", "preferredName": "Omeprazole"}, {"semTypes": ["T999"], "to": "10559", "fro": "10549", "fullId": "http://purl.bioontology.org/ontology/RXNORM/7646", "preferredName": "Omeprazole"}, {"semTypes": ["T195", "T109"], "to": "8855", "fro": "8848", "fullId": "http://purl.bioontology.org/ontology/MSH/D019258", "preferredName": "Saquinavir"}, {"semTypes": ["T109", "T121"], "to": "155", "fro": "146", "fullId": "http://purl.bioontology.org/ontology/MSH/D009853", "preferredName": "Omeprazole"}, {"semTypes": ["T109", "T121"], "to": "3271", "fro": "3262", "fullId": "http://purl.bioontology.org/ontology/MSH/D009853", "preferredName": "Omeprazole"}, {"semTypes": ["T109", "T121"], "to": "7683", "fro": "7672", "fullId": "http://purl.bioontology.org/ontology/MSH/D019258", "preferredName": "Saquinavir"}, {"semTypes": ["T109", "T121"], "to": "9123", "fro": "9113", "fullId": "http://purl.bioontology.org/ontology/RXNORM/7646", "preferredName": "Omeprazole"}, {"semTypes": ["T109", "T121"], "to": "9242", "fro": "9232", "fullId": "http://purl.bioontology.org/ontology/MSH/D009853", "preferredName": "Omeprazole"}, {"semTypes": ["T121", "T109"], "to": "6608", "fro": "6598", "fullId": "http://purl.bioontology.org/ontology/MSH/D019258", "preferredName": "Saquinavir"}, {"semTypes": ["T118", "T121", "T110"], "to": "5475", "fro": "5469", "fullId": "http://purl.bioontology.org/ontology/MSH/C055162", "preferredName": "clopidogrel"}, {"semTypes": ["T109", "T121"], "to": "5111", "fro": "5102", "fullId": "http://purl.bioontology.org/ontology/RXNORM/7646", "preferredName": "Omeprazole"}, {"semTypes": ["T999"], "to": "7120", "fro": "7111", "fullId": "http://purl.bioontology.org/ontology/RXNORM/7646", "preferredName": "Omeprazole"}, {"semTypes": ["T109", "T121"], "to": "920", "fro": "910", "fullId": "http://purl.bioontology.org/ontology/RXNORM/7646", "preferredName": "Omeprazole"}, {"semTypes": ["T999"], "to": "1836", "fro": "1827", "fullId": "http://purl.bioontology.org/ontology/MSH/C055162", "preferredName": "clopidogrel"}, {"semTypes": ["T999"], "to": "1091", "fro": "1082", "fullId": "http://purl.bioontology.org/ontology/RXNORM/32968", "preferredName": "clopidogrel"}, {"semTypes": ["T121", "T109"], "to": "1883", "fro": "1872", "fullId": "http://purl.bioontology.org/ontology/RXNORM/32968", "preferredName": "clopidogrel"}, {"semTypes": ["T999"], "to": "3947", "fro": "3938", "fullId": "http://purl.bioontology.org/ontology/MSH/D009853", "preferredName": "Omeprazole"}, {"semTypes": ["T109", "T121"], "to": "10559", "fro": "10549", "fullId": "http://purl.bioontology.org/ontology/MSH/D009853", "preferredName": "Omeprazole"}, {"semTypes": ["T121", "T109"], "to": "12266", "fro": "12255", "fullId": "http://purl.bioontology.org/ontology/MSH/C055162", "preferredName": "clopidogrel"}, {"semTypes": ["T999"], "to": "5259", "fro": "5254", "fullId": "http://purl.bioontology.org/ontology/MSH/D019258", "preferredName": "Saquinavir"}, {"semTypes": ["T999"], "to": "155", "fro": "146", "fullId": "http://purl.bioontology.org/ontology/RXNORM/7646", "preferredName": "Omeprazole"}, {"semTypes": ["T121", "T109", "T131"], "to": "6282", "fro": "6275", "fullId": "http://purl.bioontology.org/ontology/MSH/C055162", "preferredName": "clopidogrel"}, {"semTypes": ["T999"], "to": "9852", "fro": "9842", "fullId": "http://purl.bioontology.org/ontology/MSH/D009853", "preferredName": "Omeprazole"}, {"semTypes": ["T121", "T109"], "to": "257", "fro": "248", "fullId": "http://purl.bioontology.org/ontology/MSH/D009853", "preferredName": "Omeprazole"}, {"semTypes": ["T999"], "to": "4200", "fro": "4191", "fullId": "http://purl.bioontology.org/ontology/MSH/D009853", "preferredName": "Omeprazole"}, {"semTypes": ["T999"], "to": "5303", "fro": "5297", "fullId": "http://purl.bioontology.org/ontology/MSH/C055162", "preferredName": "clopidogrel"}, {"semTypes": ["T999"], "to": "1707", "fro": "1698", "fullId": "http://purl.bioontology.org/ontology/RXNORM/7646", "preferredName": "Omeprazole"}, {"semTypes": ["T109", "T121"], "to": "7340", "fro": "7329", "fullId": "http://purl.bioontology.org/ontology/MSH/C413408", "preferredName": "atazanavir"}, {"semTypes": ["T999"], "to": "1895", "fro": "1886", "fullId": "http://purl.bioontology.org/ontology/RXNORM/7646", "preferredName": "Omeprazole"}, {"semTypes": ["T109", "T121"], "to": "10422", "fro": "10412", "fullId": "http://purl.bioontology.org/ontology/MSH/D009853", "preferredName": "Omeprazole"}, {"semTypes": ["T999"], "to": "11177", "fro": "11168", "fullId": "http://purl.bioontology.org/ontology/RXNORM/32968", "preferredName": "clopidogrel"}, {"semTypes": ["T121", "T109"], "to": "12067", "fro": "12056", "fullId": "http://purl.bioontology.org/ontology/MSH/C055162", "preferredName": "clopidogrel"}, {"semTypes": ["T109", "T121"], "to": "8129", "fro": "8120", "fullId": "http://purl.bioontology.org/ontology/RXNORM/7646", "preferredName": "Omeprazole"}, {"semTypes": ["T109", "T121"], "to": "10574", "fro": "10565", "fullId": "http://purl.bioontology.org/ontology/RXNORM/7646", "preferredName": "Omeprazole"}, {"semTypes": ["T999"], "to": "625", "fro": "616", "fullId": "http://purl.bioontology.org/ontology/MSH/D019258", "preferredName": "Saquinavir"}, {"semTypes": ["T999"], "to": "5414", "fro": "5408", "fullId": "http://purl.bioontology.org/ontology/RXNORM/32968", "preferredName": "clopidogrel"}, {"semTypes": ["T109", "T121"], "to": "3680", "fro": "3671", "fullId": "http://purl.bioontology.org/ontology/RXNORM/7646", "preferredName": "Omeprazole"}, {"semTypes": ["T999"], "to": "9914", "fro": "9904", "fullId": "http://purl.bioontology.org/ontology/RXNORM/7646", "preferredName": "Omeprazole"}, {"semTypes": ["T999"], "to": "7026", "fro": "7015", "fullId": "http://purl.bioontology.org/ontology/RXNORM/83395", "preferredName": "Saquinavir"}, {"semTypes": ["T121", "T109"], "to": "2286", "fro": "2277", "fullId": "http://purl.bioontology.org/ontology/MSH/D009853", "preferredName": "Omeprazole"}, {"semTypes": ["T109", "T121"], "to": "2646", "fro": "2637", "fullId": "http://purl.bioontology.org/ontology/MSH/D009853", "preferredName": "Omeprazole"}, {"semTypes": ["T999"], "to": "6608", "fro": "6598", "fullId": "http://purl.bioontology.org/ontology/MSH/D019258", "preferredName": "Saquinavir"}, {"semTypes": ["T109", "T121"], "to": "8440", "fro": "8431", "fullId": "http://purl.bioontology.org/ontology/MSH/D009853", "preferredName": "Omeprazole"}, {"semTypes": ["T999"], "to": "242", "fro": "233", "fullId": "http://purl.bioontology.org/ontology/RXNORM/7646", "preferredName": "Omeprazole"}, {"semTypes": ["T109", "T121"], "to": "10871", "fro": "10861", "fullId": "http://purl.bioontology.org/ontology/RXNORM/7646", "preferredName": "Omeprazole"}, {"semTypes": ["T116", "T121"], "to": "1287", "fro": "1276", "fullId": "http://purl.bioontology.org/ontology/RXNORM/83395", "preferredName": "Saquinavir"}, {"semTypes": ["T109", "T121"], "to": "7765", "fro": "7756", "fullId": "http://purl.bioontology.org/ontology/RXNORM/7646", "preferredName": "Omeprazole"}, {"semTypes": ["T109", "T121"], "to": "9994", "fro": "9984", "fullId": "http://purl.bioontology.org/ontology/RXNORM/7646", "preferredName": "Omeprazole"}, {"semTypes": ["T121", "T109"], "to": "1962", "fro": "1951", "fullId": "http://purl.bioontology.org/ontology/RXNORM/32968", "preferredName": "clopidogrel"}, {"semTypes": ["T999"], "to": "601", "fro": "590", "fullId": "http://purl.bioontology.org/ontology/MSH/D019258", "preferredName": "Saquinavir"}, {"semTypes": ["T109", "T121"], "to": "7026", "fro": "7015", "fullId": "http://purl.bioontology.org/ontology/MSH/D019258", "preferredName": "Saquinavir"}, {"semTypes": ["T999"], "to": "680", "fro": "671", "fullId": "http://purl.bioontology.org/ontology/RXNORM/7646", "preferredName": "Omeprazole"}, {"semTypes": ["T109", "T121"], "to": "2366", "fro": "2357", "fullId": "http://purl.bioontology.org/ontology/MSH/D009853", "preferredName": "Omeprazole"}, {"semTypes": ["T999"], "to": "9123", "fro": "9113", "fullId": "http://purl.bioontology.org/ontology/RXNORM/7646", "preferredName": "Omeprazole"}, {"semTypes": ["T109", "T121"], "to": "242", "fro": "233", "fullId": "http://purl.bioontology.org/ontology/MSH/D009853", "preferredName": "Omeprazole"}, {"semTypes": ["T999"], "to": "8266", "fro": "8257", "fullId": "http://purl.bioontology.org/ontology/MSH/D009853", "preferredName": "Omeprazole"}, {"semTypes": ["T109", "T121"], "to": "1707", "fro": "1698", "fullId": "http://purl.bioontology.org/ontology/RXNORM/7646", "preferredName": "Omeprazole"}, {"semTypes": ["T999"], "to": "3781", "fro": "3772", "fullId": "http://purl.bioontology.org/ontology/MSH/D009853", "preferredName": "Omeprazole"}, {"semTypes": ["T109", "T123", "T121"], "to": "6593", "fro": "6582", "fullId": "http://purl.bioontology.org/ontology/MSH/C413408", "preferredName": "atazanavir"}, {"semTypes": ["T109", "T121"], "to": "5697", "fro": "5688", "fullId": "http://purl.bioontology.org/ontology/RXNORM/7646", "preferredName": "Omeprazole"}, {"semTypes": ["T999"], "to": "3642", "fro": "3633", "fullId": "http://purl.bioontology.org/ontology/MSH/D009853", "preferredName": "Omeprazole"}, {"semTypes": ["T999"], "to": "1252", "fro": "1245", "fullId": "http://purl.bioontology.org/ontology/MSH/D019258", "preferredName": "Saquinavir"}, {"semTypes": ["T999"], "to": "5111", "fro": "5102", "fullId": "http://purl.bioontology.org/ontology/MSH/D009853", "preferredName": "Omeprazole"}, {"semTypes": ["T121", "T109"], "to": "1299", "fro": "1290", "fullId": "http://purl.bioontology.org/ontology/RXNORM/83395", "preferredName": "Saquinavir"}, {"semTypes": ["T121", "T109", "T131"], "to": "1262", "fro": "1255", "fullId": "http://purl.bioontology.org/ontology/MSH/C055162", "preferredName": "clopidogrel"}, {"semTypes": ["T109", "T121"], "to": "5349", "fro": "5340", "fullId": "http://purl.bioontology.org/ontology/RXNORM/7646", "preferredName": "Omeprazole"}, {"semTypes": ["T999"], "to": "9994", "fro": "9984", "fullId": "http://purl.bioontology.org/ontology/RXNORM/7646", "preferredName": "Omeprazole"}, {"semTypes": ["T121", "T109"], "to": "12308", "fro": "12297", "fullId": "http://purl.bioontology.org/ontology/RXNORM/32968", "preferredName": "clopidogrel"}, {"semTypes": ["T999"], "to": "6917", "fro": "6908", "fullId": "http://purl.bioontology.org/ontology/RXNORM/7646", "preferredName": "Omeprazole"}, {"semTypes": ["T999"], "to": "8629", "fro": "8620", "fullId": "http://purl.bioontology.org/ontology/RXNORM/7646", "preferredName": "Omeprazole"}, {"semTypes": ["T999"], "to": "3810", "fro": "3801", "fullId": "http://purl.bioontology.org/ontology/MSH/D009853", "preferredName": "Omeprazole"}]