[{"semTypes": ["T121", "T109"], "to": "6767", "fro": "6758", "fullId": "http://purl.bioontology.org/ontology/MSH/D009853", "preferredName": "Omeprazole"}, {"semTypes": ["T999"], "to": "7780", "fro": "7770", "fullId": "http://purl.bioontology.org/ontology/MSH/C494109", "preferredName": "omeprazole, sodium bicarbonate drug combination"}, {"semTypes": ["T121", "T109"], "to": "5725", "fro": "5716", "fullId": "http://purl.bioontology.org/ontology/RXNORM/7646", "preferredName": "Omeprazole"}, {"semTypes": ["T109", "T195"], "to": "3936", "fro": "3929", "fullId": "http://purl.bioontology.org/ontology/RXNORM/6851", "preferredName": "Methotrexate"}, {"semTypes": ["T999"], "to": "8527", "fro": "8518", "fullId": "http://purl.bioontology.org/ontology/RXNORM/343047", "preferredName": "Atazanavir"}, {"semTypes": ["T121", "T109"], "to": "5312", "fro": "5303", "fullId": "http://purl.bioontology.org/ontology/MSH/D009853", "preferredName": "Omeprazole"}, {"semTypes": ["T999"], "to": "1912", "fro": "1903", "fullId": "http://purl.bioontology.org/ontology/RXNORM/6851", "preferredName": "Methotrexate"}, {"semTypes": ["T999"], "to": "5653", "fro": "5644", "fullId": "http://purl.bioontology.org/ontology/MSH/D009853", "preferredName": "Omeprazole"}, {"semTypes": ["T999"], "to": "1234", "fro": "1225", "fullId": "http://purl.bioontology.org/ontology/MSH/C413408", "preferredName": "atazanavir"}, {"semTypes": ["T999"], "to": "4158", "fro": "4149", "fullId": "http://purl.bioontology.org/ontology/MSH/D009853", "preferredName": "Omeprazole"}, {"semTypes": ["T109", "T121"], "to": "1188", "fro": "1178", "fullId": "http://purl.bioontology.org/ontology/MSH/C494109", "preferredName": "omeprazole, sodium bicarbonate drug combination"}, {"semTypes": ["T109", "T195"], "to": "7297", "fro": "7284", "fullId": "http://purl.bioontology.org/ontology/RXNORM/343047", "preferredName": "Atazanavir"}, {"semTypes": ["T999"], "to": "4850", "fro": "4841", "fullId": "http://purl.bioontology.org/ontology/RXNORM/7646", "preferredName": "Omeprazole"}, {"semTypes": ["T999"], "to": "3852", "fro": "3841", "fullId": "http://purl.bioontology.org/ontology/MSH/C413408", "preferredName": "atazanavir"}, {"semTypes": ["T999"], "to": "5855", "fro": "5846", "fullId": "http://purl.bioontology.org/ontology/RXNORM/7646", "preferredName": "Omeprazole"}, {"semTypes": ["T121", "T109"], "to": "219", "fro": "208", "fullId": "http://purl.bioontology.org/ontology/MSH/D008727", "preferredName": "Methotrexate"}, {"semTypes": ["T999"], "to": "4773", "fro": "4764", "fullId": "http://purl.bioontology.org/ontology/MSH/D009853", "preferredName": "Omeprazole"}, {"semTypes": ["T109", "T121"], "to": "3229", "fro": "3223", "fullId": "http://purl.bioontology.org/ontology/MSH/D009853", "preferredName": "Omeprazole"}, {"semTypes": ["T109", "T121"], "to": "8381", "fro": "8372", "fullId": "http://purl.bioontology.org/ontology/RXNORM/343047", "preferredName": "Atazanavir"}, {"semTypes": ["T999"], "to": "1058", "fro": "1049", "fullId": "http://purl.bioontology.org/ontology/RXNORM/7646", "preferredName": "Omeprazole"}, {"semTypes": ["T999"], "to": "7297", "fro": "7284", "fullId": "http://purl.bioontology.org/ontology/MSH/C494109", "preferredName": "omeprazole, sodium bicarbonate drug combination"}, {"semTypes": ["T999"], "to": "5446", "fro": "5437", "fullId": "http://purl.bioontology.org/ontology/MSH/C494109", "preferredName": "omeprazole, sodium bicarbonate drug combination"}, {"semTypes": ["T999"], "to": "455", "fro": "447", "fullId": "http://purl.bioontology.org/ontology/RXNORM/6851", "preferredName": "Methotrexate"}, {"semTypes": ["T121", "T109"], "to": "5653", "fro": "5644", "fullId": "http://purl.bioontology.org/ontology/MSH/D009853", "preferredName": "Omeprazole"}, {"semTypes": ["T999"], "to": "9699", "fro": "9688", "fullId": "http://purl.bioontology.org/ontology/RXNORM/542178", "preferredName": "Zegerid"}, {"semTypes": ["T121", "T109"], "to": "434", "fro": "427", "fullId": "http://purl.bioontology.org/ontology/RXNORM/83395", "preferredName": "Saquinavir"}, {"semTypes": ["T999"], "to": "9518", "fro": "9507", "fullId": "http://purl.bioontology.org/ontology/RXNORM/7646", "preferredName": "Omeprazole"}, {"semTypes": ["T999"], "to": "1188", "fro": "1178", "fullId": "http://purl.bioontology.org/ontology/RXNORM/542178", "preferredName": "Zegerid"}, {"semTypes": ["T999"], "to": "1283", "fro": "1274", "fullId": "http://purl.bioontology.org/ontology/MSH/C413408", "preferredName": "atazanavir"}, {"semTypes": ["T999"], "to": "1944", "fro": "1938", "fullId": "http://purl.bioontology.org/ontology/MSH/D008727", "preferredName": "Methotrexate"}, {"semTypes": ["T109", "T121"], "to": "9476", "fro": "9465", "fullId": "http://purl.bioontology.org/ontology/RXNORM/7646", "preferredName": "Omeprazole"}, {"semTypes": ["T121", "T109"], "to": "4951", "fro": "4942", "fullId": "http://purl.bioontology.org/ontology/RXNORM/7646", "preferredName": "Omeprazole"}, {"semTypes": ["T999"], "to": "469", "fro": "458", "fullId": "http://purl.bioontology.org/ontology/MSH/D019258", "preferredName": "Saquinavir"}, {"semTypes": ["T109", "T121", "T131"], "to": "2597", "fro": "2590", "fullId": "http://purl.bioontology.org/ontology/MSH/C413408", "preferredName": "atazanavir"}, {"semTypes": ["T109", "T121"], "to": "1234", "fro": "1225", "fullId": "http://purl.bioontology.org/ontology/MSH/C494109", "preferredName": "omeprazole, sodium bicarbonate drug combination"}, {"semTypes": ["T999"], "to": "9476", "fro": "9465", "fullId": "http://purl.bioontology.org/ontology/MSH/D009853", "preferredName": "Omeprazole"}, {"semTypes": ["T999"], "to": "481", "fro": "472", "fullId": "http://purl.bioontology.org/ontology/RXNORM/6851", "preferredName": "Methotrexate"}, {"semTypes": ["T109", "T121"], "to": "1073", "fro": "1064", "fullId": "http://purl.bioontology.org/ontology/MSH/C494109", "preferredName": "omeprazole, sodium bicarbonate drug combination"}, {"semTypes": ["T999"], "to": "9596", "fro": "9585", "fullId": "http://purl.bioontology.org/ontology/MSH/D009853", "preferredName": "Omeprazole"}, {"semTypes": ["T109", "T121"], "to": "7676", "fro": "7666", "fullId": "http://purl.bioontology.org/ontology/RXNORM/542178", "preferredName": "Zegerid"}, {"semTypes": ["T109", "T121"], "to": "1380", "fro": "1369", "fullId": "http://purl.bioontology.org/ontology/MSH/D009853", "preferredName": "Omeprazole"}, {"semTypes": ["T109", "T121"], "to": "508", "fro": "502", "fullId": "http://purl.bioontology.org/ontology/MSH/D009853", "preferredName": "Omeprazole"}, {"semTypes": ["T121", "T109"], "to": "5855", "fro": "5846", "fullId": "http://purl.bioontology.org/ontology/RXNORM/7646", "preferredName": "Omeprazole"}, {"semTypes": ["T109", "T121"], "to": "2399", "fro": "2391", "fullId": "http://purl.bioontology.org/ontology/MSH/D019258", "preferredName": "Saquinavir"}, {"semTypes": ["T999"], "to": "444", "fro": "437", "fullId": "http://purl.bioontology.org/ontology/RXNORM/343047", "preferredName": "Atazanavir"}, {"semTypes": ["T109", "T121"], "to": "9596", "fro": "9585", "fullId": "http://purl.bioontology.org/ontology/MSH/D009853", "preferredName": "Omeprazole"}, {"semTypes": ["T999"], "to": "5327", "fro": "5318", "fullId": "http://purl.bioontology.org/ontology/MSH/C494109", "preferredName": "omeprazole, sodium bicarbonate drug combination"}, {"semTypes": ["T999"], "to": "3313", "fro": "3302", "fullId": "http://purl.bioontology.org/ontology/MSH/C413408", "preferredName": "atazanavir"}, {"semTypes": ["T109", "T121"], "to": "6289", "fro": "6280", "fullId": "http://purl.bioontology.org/ontology/RXNORM/542178", "preferredName": "Zegerid"}, {"semTypes": ["T109", "T121"], "to": "9278", "fro": "9267", "fullId": "http://purl.bioontology.org/ontology/MSH/D009853", "preferredName": "Omeprazole"}, {"semTypes": ["T999"], "to": "7142", "fro": "7129", "fullId": "http://purl.bioontology.org/ontology/MSH/C494109", "preferredName": "omeprazole, sodium bicarbonate drug combination"}, {"semTypes": ["T999"], "to": "977", "fro": "968", "fullId": "http://purl.bioontology.org/ontology/RXNORM/542178", "preferredName": "Zegerid"}, {"semTypes": ["T109", "T121"], "to": "9699", "fro": "9688", "fullId": "http://purl.bioontology.org/ontology/MSH/D009853", "preferredName": "Omeprazole"}, {"semTypes": ["T999"], "to": "885", "fro": "876", "fullId": "http://purl.bioontology.org/ontology/MSH/D009853", "preferredName": "Omeprazole"}, {"semTypes": ["T999"], "to": "8381", "fro": "8372", "fullId": "http://purl.bioontology.org/ontology/RXNORM/343047", "preferredName": "Atazanavir"}, {"semTypes": ["T999"], "to": "7676", "fro": "7666", "fullId": "http://purl.bioontology.org/ontology/MSH/C494109", "preferredName": "omeprazole, sodium bicarbonate drug combination"}, {"semTypes": ["T109", "T121"], "to": "2923", "fro": "2913", "fullId": "http://purl.bioontology.org/ontology/RXNORM/32968", "preferredName": "clopidogrel"}, {"semTypes": ["T999"], "to": "5606", "fro": "5597", "fullId": "http://purl.bioontology.org/ontology/RXNORM/343047", "preferredName": "Atazanavir"}, {"semTypes": ["T109", "T121"], "to": "1330", "fro": "1319", "fullId": "http://purl.bioontology.org/ontology/RXNORM/7646", "preferredName": "Omeprazole"}, {"semTypes": ["T109", "T121"], "to": "1283", "fro": "1274", "fullId": "http://purl.bioontology.org/ontology/MSH/C494109", "preferredName": "omeprazole, sodium bicarbonate drug combination"}, {"semTypes": ["T121", "T109"], "to": "5143", "fro": "5134", "fullId": "http://purl.bioontology.org/ontology/RXNORM/7646", "preferredName": "Omeprazole"}, {"semTypes": ["T999"], "to": "6574", "fro": "6565", "fullId": "http://purl.bioontology.org/ontology/RXNORM/542178", "preferredName": "Zegerid"}, {"semTypes": ["T999"], "to": "1330", "fro": "1319", "fullId": "http://purl.bioontology.org/ontology/RXNORM/7646", "preferredName": "Omeprazole"}, {"semTypes": ["T116", "T121"], "to": "3063", "fro": "3052", "fullId": "http://purl.bioontology.org/ontology/RXNORM/6851", "preferredName": "Methotrexate"}, {"semTypes": ["T109", "T195"], "to": "7142", "fro": "7129", "fullId": "http://purl.bioontology.org/ontology/MSH/C413408", "preferredName": "atazanavir"}, {"semTypes": ["T999"], "to": "8058", "fro": "8048", "fullId": "http://purl.bioontology.org/ontology/RXNORM/542178", "preferredName": "Zegerid"}, {"semTypes": ["T999"], "to": "1380", "fro": "1369", "fullId": "http://purl.bioontology.org/ontology/RXNORM/542178", "preferredName": "Zegerid"}, {"semTypes": ["T109", "T121"], "to": "273", "fro": "267", "fullId": "http://purl.bioontology.org/ontology/MSH/D009853", "preferredName": "Omeprazole"}, {"semTypes": ["T999"], "to": "7733", "fro": "7724", "fullId": "http://purl.bioontology.org/ontology/MSH/D009853", "preferredName": "Omeprazole"}, {"semTypes": ["T121", "T109"], "to": "3075", "fro": "3066", "fullId": "http://purl.bioontology.org/ontology/RXNORM/6851", "preferredName": "Methotrexate"}, {"semTypes": ["T118", "T110", "T121"], "to": "263", "fro": "257", "fullId": "http://purl.bioontology.org/ontology/MSH/D008727", "preferredName": "Methotrexate"}, {"semTypes": ["T999"], "to": "2923", "fro": "2913", "fullId": "http://purl.bioontology.org/ontology/MSH/D019258", "preferredName": "Saquinavir"}, {"semTypes": ["T999"], "to": "9278", "fro": "9267", "fullId": "http://purl.bioontology.org/ontology/RXNORM/542178", "preferredName": "Zegerid"}, {"semTypes": ["T109", "T195"], "to": "7350", "fro": "7337", "fullId": "http://purl.bioontology.org/ontology/MSH/C494109", "preferredName": "omeprazole, sodium bicarbonate drug combination"}, {"semTypes": ["T121", "T109"], "to": "843", "fro": "832", "fullId": "http://purl.bioontology.org/ontology/MSH/C413408", "preferredName": "atazanavir"}, {"semTypes": ["T109", "T121"], "to": "9518", "fro": "9507", "fullId": "http://purl.bioontology.org/ontology/RXNORM/542178", "preferredName": "Zegerid"}, {"semTypes": ["T999"], "to": "6177", "fro": "6168", "fullId": "http://purl.bioontology.org/ontology/MSH/C494109", "preferredName": "omeprazole, sodium bicarbonate drug combination"}, {"semTypes": ["T121", "T109"], "to": "3852", "fro": "3841", "fullId": "http://purl.bioontology.org/ontology/MSH/C413408", "preferredName": "atazanavir"}, {"semTypes": ["T999"], "to": "498", "fro": "484", "fullId": "http://purl.bioontology.org/ontology/MSH/D008727", "preferredName": "Methotrexate"}, {"semTypes": ["T999"], "to": "7478", "fro": "7465", "fullId": "http://purl.bioontology.org/ontology/RXNORM/343047", "preferredName": "Atazanavir"}, {"semTypes": ["T109", "T121"], "to": "930", "fro": "921", "fullId": "http://purl.bioontology.org/ontology/RXNORM/542178", "preferredName": "Zegerid"}, {"semTypes": ["T121", "T109"], "to": "5826", "fro": "5817", "fullId": "http://purl.bioontology.org/ontology/RXNORM/7646", "preferredName": "Omeprazole"}, {"semTypes": ["T121", "T109"], "to": "1771", "fro": "1762", "fullId": "http://purl.bioontology.org/ontology/MSH/D009853", "preferredName": "Omeprazole"}, {"semTypes": ["T121", "T109"], "to": "8468", "fro": "8459", "fullId": "http://purl.bioontology.org/ontology/RXNORM/7646", "preferredName": "Omeprazole"}, {"semTypes": ["T999"], "to": "434", "fro": "427", "fullId": "http://purl.bioontology.org/ontology/RXNORM/6851", "preferredName": "Methotrexate"}, {"semTypes": ["T109", "T121"], "to": "5870", "fro": "5861", "fullId": "http://purl.bioontology.org/ontology/RXNORM/343047", "preferredName": "Atazanavir"}, {"semTypes": ["T109", "T121"], "to": "7957", "fro": "7947", "fullId": "http://purl.bioontology.org/ontology/RXNORM/542178", "preferredName": "Zegerid"}, {"semTypes": ["T109", "T121", "T131"], "to": "715", "fro": "708", "fullId": "http://purl.bioontology.org/ontology/RXNORM/343047", "preferredName": "Atazanavir"}, {"semTypes": ["T109", "T121"], "to": "977", "fro": "968", "fullId": "http://purl.bioontology.org/ontology/RXNORM/542178", "preferredName": "Zegerid"}, {"semTypes": ["T121", "T109"], "to": "3492", "fro": "3481", "fullId": "http://purl.bioontology.org/ontology/RXNORM/343047", "preferredName": "Atazanavir"}, {"semTypes": ["T999"], "to": "3063", "fro": "3052", "fullId": "http://purl.bioontology.org/ontology/RXNORM/6851", "preferredName": "Methotrexate"}, {"semTypes": ["T121", "T109"], "to": "2583", "fro": "2574", "fullId": "http://purl.bioontology.org/ontology/RXNORM/7646", "preferredName": "Omeprazole"}, {"semTypes": ["T999"], "to": "930", "fro": "921", "fullId": "http://purl.bioontology.org/ontology/RXNORM/542178", "preferredName": "Zegerid"}, {"semTypes": ["T109", "T121"], "to": "623", "fro": "617", "fullId": "http://purl.bioontology.org/ontology/RXNORM/7646", "preferredName": "Omeprazole"}, {"semTypes": ["T999"], "to": "5725", "fro": "5716", "fullId": "http://purl.bioontology.org/ontology/RXNORM/7646", "preferredName": "Omeprazole"}, {"semTypes": ["T999"], "to": "2583", "fro": "2574", "fullId": "http://purl.bioontology.org/ontology/RXNORM/7646", "preferredName": "Omeprazole"}, {"semTypes": ["T999"], "to": "2375", "fro": "2368", "fullId": "http://purl.bioontology.org/ontology/RXNORM/6851", "preferredName": "Methotrexate"}, {"semTypes": ["T999"], "to": "6438", "fro": "6429", "fullId": "http://purl.bioontology.org/ontology/RXNORM/542178", "preferredName": "Zegerid"}, {"semTypes": ["T121", "T109"], "to": "5684", "fro": "5675", "fullId": "http://purl.bioontology.org/ontology/RXNORM/7646", "preferredName": "Omeprazole"}, {"semTypes": ["T999"], "to": "3821", "fro": "3812", "fullId": "http://purl.bioontology.org/ontology/MSH/D009853", "preferredName": "Omeprazole"}, {"semTypes": ["T195", "T109"], "to": "231", "fro": "222", "fullId": "http://purl.bioontology.org/ontology/MSH/D008727", "preferredName": "Methotrexate"}, {"semTypes": ["T121", "T109"], "to": "7870", "fro": "7861", "fullId": "http://purl.bioontology.org/ontology/MSH/D009853", "preferredName": "Omeprazole"}, {"semTypes": ["T999"], "to": "2399", "fro": "2391", "fullId": "http://purl.bioontology.org/ontology/MSH/D008727", "preferredName": "Methotrexate"}, {"semTypes": ["T109", "T121", "T131"], "to": "444", "fro": "437", "fullId": "http://purl.bioontology.org/ontology/MSH/C413408", "preferredName": "atazanavir"}, {"semTypes": ["T999"], "to": "6767", "fro": "6758", "fullId": "http://purl.bioontology.org/ontology/RXNORM/7646", "preferredName": "Omeprazole"}, {"semTypes": ["T121", "T109", "T123"], "to": "2908", "fro": "2897", "fullId": "http://purl.bioontology.org/ontology/RXNORM/83395", "preferredName": "Saquinavir"}, {"semTypes": ["T121", "T109"], "to": "3407", "fro": "3398", "fullId": "http://purl.bioontology.org/ontology/MSH/D009853", "preferredName": "Omeprazole"}, {"semTypes": ["T999"], "to": "3447", "fro": "3438", "fullId": "http://purl.bioontology.org/ontology/RXNORM/7646", "preferredName": "Omeprazole"}, {"semTypes": ["T121", "T109"], "to": "3447", "fro": "3438", "fullId": "http://purl.bioontology.org/ontology/RXNORM/7646", "preferredName": "Omeprazole"}, {"semTypes": ["T121", "T109"], "to": "2375", "fro": "2368", "fullId": "http://purl.bioontology.org/ontology/RXNORM/83395", "preferredName": "Saquinavir"}, {"semTypes": ["T121", "T109"], "to": "5484", "fro": "5475", "fullId": "http://purl.bioontology.org/ontology/RXNORM/7646", "preferredName": "Omeprazole"}, {"semTypes": ["T121", "T109"], "to": "3296", "fro": "3287", "fullId": "http://purl.bioontology.org/ontology/MSH/D009853", "preferredName": "Omeprazole"}, {"semTypes": ["T195", "T109"], "to": "1912", "fro": "1903", "fullId": "http://purl.bioontology.org/ontology/RXNORM/32968", "preferredName": "clopidogrel"}, {"semTypes": ["T109", "T121", "T131"], "to": "2754", "fro": "2747", "fullId": "http://purl.bioontology.org/ontology/MSH/C413408", "preferredName": "atazanavir"}, {"semTypes": ["T121", "T109"], "to": "3704", "fro": "3695", "fullId": "http://purl.bioontology.org/ontology/MSH/D009853", "preferredName": "Omeprazole"}, {"semTypes": ["T999"], "to": "5484", "fro": "5475", "fullId": "http://purl.bioontology.org/ontology/RXNORM/7646", "preferredName": "Omeprazole"}, {"semTypes": ["T999"], "to": "5826", "fro": "5817", "fullId": "http://purl.bioontology.org/ontology/MSH/D009853", "preferredName": "Omeprazole"}, {"semTypes": ["T121", "T109"], "to": "2335", "fro": "2326", "fullId": "http://purl.bioontology.org/ontology/RXNORM/7646", "preferredName": "Omeprazole"}, {"semTypes": ["T999"], "to": "7870", "fro": "7861", "fullId": "http://purl.bioontology.org/ontology/RXNORM/7646", "preferredName": "Omeprazole"}, {"semTypes": ["T116", "T121"], "to": "469", "fro": "458", "fullId": "http://purl.bioontology.org/ontology/MSH/D008727", "preferredName": "Methotrexate"}, {"semTypes": ["T121", "T109"], "to": "2050", "fro": "2041", "fullId": "http://purl.bioontology.org/ontology/MSH/D009853", "preferredName": "Omeprazole"}, {"semTypes": ["T999"], "to": "2335", "fro": "2326", "fullId": "http://purl.bioontology.org/ontology/MSH/D009853", "preferredName": "Omeprazole"}, {"semTypes": ["T999"], "to": "5684", "fro": "5675", "fullId": "http://purl.bioontology.org/ontology/MSH/D009853", "preferredName": "Omeprazole"}, {"semTypes": ["T118", "T110", "T121"], "to": "1944", "fro": "1938", "fullId": "http://purl.bioontology.org/ontology/MSH/D008727", "preferredName": "Methotrexate"}, {"semTypes": ["T999"], "to": "3970", "fro": "3961", "fullId": "http://purl.bioontology.org/ontology/MSH/D009853", "preferredName": "Omeprazole"}, {"semTypes": ["T999"], "to": "7350", "fro": "7337", "fullId": "http://purl.bioontology.org/ontology/RXNORM/343047", "preferredName": "Atazanavir"}, {"semTypes": ["T999"], "to": "3229", "fro": "3223", "fullId": "http://purl.bioontology.org/ontology/RXNORM/7646", "preferredName": "Omeprazole"}, {"semTypes": ["T109", "T121"], "to": "8078", "fro": "8072", "fullId": "http://purl.bioontology.org/ontology/RXNORM/7646", "preferredName": "Omeprazole"}, {"semTypes": ["T999"], "to": "715", "fro": "708", "fullId": "http://purl.bioontology.org/ontology/MSH/C494109", "preferredName": "omeprazole, sodium bicarbonate drug combination"}, {"semTypes": ["T999"], "to": "5406", "fro": "5397", "fullId": "http://purl.bioontology.org/ontology/RXNORM/7646", "preferredName": "Omeprazole"}, {"semTypes": ["T999"], "to": "3704", "fro": "3695", "fullId": "http://purl.bioontology.org/ontology/RXNORM/7646", "preferredName": "Omeprazole"}, {"semTypes": ["T999"], "to": "4951", "fro": "4942", "fullId": "http://purl.bioontology.org/ontology/RXNORM/7646", "preferredName": "Omeprazole"}, {"semTypes": ["T109", "T121"], "to": "7780", "fro": "7770", "fullId": "http://purl.bioontology.org/ontology/RXNORM/542178", "preferredName": "Zegerid"}, {"semTypes": ["T121", "T109"], "to": "4400", "fro": "4391", "fullId": "http://purl.bioontology.org/ontology/RXNORM/7646", "preferredName": "Omeprazole"}, {"semTypes": ["T999"], "to": "1900", "fro": "1889", "fullId": "http://purl.bioontology.org/ontology/MSH/D008727", "preferredName": "Methotrexate"}, {"semTypes": ["T999"], "to": "4400", "fro": "4391", "fullId": "http://purl.bioontology.org/ontology/RXNORM/7646", "preferredName": "Omeprazole"}, {"semTypes": ["T109", "T121"], "to": "8041", "fro": "8035", "fullId": "http://purl.bioontology.org/ontology/MSH/D009853", "preferredName": "Omeprazole"}, {"semTypes": ["T121", "T109"], "to": "4158", "fro": "4149", "fullId": "http://purl.bioontology.org/ontology/MSH/D009853", "preferredName": "Omeprazole"}, {"semTypes": ["T109", "T121"], "to": "1243", "fro": "1237", "fullId": "http://purl.bioontology.org/ontology/MSH/D009853", "preferredName": "Omeprazole"}, {"semTypes": ["T999"], "to": "2597", "fro": "2590", "fullId": "http://purl.bioontology.org/ontology/MSH/C494109", "preferredName": "omeprazole, sodium bicarbonate drug combination"}, {"semTypes": ["T121", "T109"], "to": "5406", "fro": "5397", "fullId": "http://purl.bioontology.org/ontology/RXNORM/7646", "preferredName": "Omeprazole"}, {"semTypes": ["T999"], "to": "3407", "fro": "3398", "fullId": "http://purl.bioontology.org/ontology/RXNORM/7646", "preferredName": "Omeprazole"}, {"semTypes": ["T999"], "to": "1073", "fro": "1064", "fullId": "http://purl.bioontology.org/ontology/MSH/C494109", "preferredName": "omeprazole, sodium bicarbonate drug combination"}, {"semTypes": ["T999"], "to": "3578", "fro": "3569", "fullId": "http://purl.bioontology.org/ontology/RXNORM/7646", "preferredName": "Omeprazole"}, {"semTypes": ["T109", "T121"], "to": "5327", "fro": "5318", "fullId": "http://purl.bioontology.org/ontology/RXNORM/343047", "preferredName": "Atazanavir"}, {"semTypes": ["T999"], "to": "1119", "fro": "1109", "fullId": "http://purl.bioontology.org/ontology/RXNORM/542178", "preferredName": "Zegerid"}, {"semTypes": ["T999"], "to": "273", "fro": "267", "fullId": "http://purl.bioontology.org/ontology/MSH/D009853", "preferredName": "Omeprazole"}, {"semTypes": ["T999"], "to": "231", "fro": "222", "fullId": "http://purl.bioontology.org/ontology/MSH/D019258", "preferredName": "Saquinavir"}, {"semTypes": ["T121", "T109"], "to": "3578", "fro": "3569", "fullId": "http://purl.bioontology.org/ontology/MSH/D009853", "preferredName": "Omeprazole"}, {"semTypes": ["T999"], "to": "1339", "fro": "1333", "fullId": "http://purl.bioontology.org/ontology/RXNORM/7646", "preferredName": "Omeprazole"}, {"semTypes": ["T999"], "to": "4384", "fro": "4377", "fullId": "http://purl.bioontology.org/ontology/MSH/D019258", "preferredName": "Saquinavir"}, {"semTypes": ["T999"], "to": "8041", "fro": "8035", "fullId": "http://purl.bioontology.org/ontology/MSH/D009853", "preferredName": "Omeprazole"}, {"semTypes": ["T121", "T109"], "to": "3970", "fro": "3961", "fullId": "http://purl.bioontology.org/ontology/RXNORM/7646", "preferredName": "Omeprazole"}, {"semTypes": ["T999"], "to": "939", "fro": "933", "fullId": "http://purl.bioontology.org/ontology/RXNORM/7646", "preferredName": "Omeprazole"}, {"semTypes": ["T109", "T121"], "to": "6574", "fro": "6565", "fullId": "http://purl.bioontology.org/ontology/MSH/C494109", "preferredName": "omeprazole, sodium bicarbonate drug combination"}, {"semTypes": ["T999"], "to": "2754", "fro": "2747", "fullId": "http://purl.bioontology.org/ontology/MSH/C494109", "preferredName": "omeprazole, sodium bicarbonate drug combination"}, {"semTypes": ["T999"], "to": "8078", "fro": "8072", "fullId": "http://purl.bioontology.org/ontology/RXNORM/7646", "preferredName": "Omeprazole"}, {"semTypes": ["T109", "T121"], "to": "939", "fro": "933", "fullId": "http://purl.bioontology.org/ontology/MSH/D009853", "preferredName": "Omeprazole"}, {"semTypes": ["T109", "T121"], "to": "1339", "fro": "1333", "fullId": "http://purl.bioontology.org/ontology/RXNORM/7646", "preferredName": "Omeprazole"}, {"semTypes": ["T999"], "to": "1128", "fro": "1122", "fullId": "http://purl.bioontology.org/ontology/RXNORM/7646", "preferredName": "Omeprazole"}, {"semTypes": ["T121", "T109"], "to": "6448", "fro": "6440", "fullId": "http://purl.bioontology.org/ontology/RXNORM/32968", "preferredName": "clopidogrel"}, {"semTypes": ["T999"], "to": "7051", "fro": "7038", "fullId": "http://purl.bioontology.org/ontology/RXNORM/343047", "preferredName": "Atazanavir"}, {"semTypes": ["T109", "T121"], "to": "8483", "fro": "8474", "fullId": "http://purl.bioontology.org/ontology/MSH/C494109", "preferredName": "omeprazole, sodium bicarbonate drug combination"}, {"semTypes": ["T121", "T109"], "to": "885", "fro": "876", "fullId": "http://purl.bioontology.org/ontology/MSH/D009853", "preferredName": "Omeprazole"}, {"semTypes": ["T999"], "to": "843", "fro": "832", "fullId": "http://purl.bioontology.org/ontology/MSH/C413408", "preferredName": "atazanavir"}, {"semTypes": ["T109", "T121"], "to": "8058", "fro": "8048", "fullId": "http://purl.bioontology.org/ontology/RXNORM/542178", "preferredName": "Zegerid"}, {"semTypes": ["T109", "T121"], "to": "455", "fro": "447", "fullId": "http://purl.bioontology.org/ontology/MSH/D008727", "preferredName": "Methotrexate"}, {"semTypes": ["T109", "T195"], "to": "7478", "fro": "7465", "fullId": "http://purl.bioontology.org/ontology/MSH/C494109", "preferredName": "omeprazole, sodium bicarbonate drug combination"}, {"semTypes": ["T999"], "to": "5143", "fro": "5134", "fullId": "http://purl.bioontology.org/ontology/MSH/D009853", "preferredName": "Omeprazole"}, {"semTypes": ["T999"], "to": "6289", "fro": "6280", "fullId": "http://purl.bioontology.org/ontology/RXNORM/542178", "preferredName": "Zegerid"}, {"semTypes": ["T109", "T121", "T131"], "to": "2385", "fro": "2378", "fullId": "http://purl.bioontology.org/ontology/MSH/C413408", "preferredName": "atazanavir"}, {"semTypes": ["T999"], "to": "1243", "fro": "1237", "fullId": "http://purl.bioontology.org/ontology/RXNORM/7646", "preferredName": "Omeprazole"}, {"semTypes": ["T999"], "to": "3075", "fro": "3066", "fullId": "http://purl.bioontology.org/ontology/RXNORM/6851", "preferredName": "Methotrexate"}, {"semTypes": ["T121", "T109"], "to": "3821", "fro": "3812", "fullId": "http://purl.bioontology.org/ontology/MSH/D009853", "preferredName": "Omeprazole"}, {"semTypes": ["T200"], "to": "6508", "fro": "6493", "fullId": "http://purl.bioontology.org/ontology/MSH/D019258", "preferredName": "Saquinavir"}, {"semTypes": ["T109", "T121"], "to": "5446", "fro": "5437", "fullId": "http://purl.bioontology.org/ontology/RXNORM/343047", "preferredName": "Atazanavir"}, {"semTypes": ["T999"], "to": "5870", "fro": "5861", "fullId": "http://purl.bioontology.org/ontology/MSH/C494109", "preferredName": "omeprazole, sodium bicarbonate drug combination"}, {"semTypes": ["T999"], "to": "1771", "fro": "1762", "fullId": "http://purl.bioontology.org/ontology/MSH/D009853", "preferredName": "Omeprazole"}, {"semTypes": ["T109", "T121"], "to": "6438", "fro": "6429", "fullId": "http://purl.bioontology.org/ontology/RXNORM/542178", "preferredName": "Zegerid"}, {"semTypes": ["T999"], "to": "3936", "fro": "3929", "fullId": "http://purl.bioontology.org/ontology/MSH/D008727", "preferredName": "Methotrexate"}, {"semTypes": ["T999"], "to": "2385", "fro": "2378", "fullId": "http://purl.bioontology.org/ontology/MSH/C413408", "preferredName": "atazanavir"}, {"semTypes": ["T999"], "to": "508", "fro": "502", "fullId": "http://purl.bioontology.org/ontology/MSH/D009853", "preferredName": "Omeprazole"}, {"semTypes": ["T109", "T121"], "to": "1119", "fro": "1109", "fullId": "http://purl.bioontology.org/ontology/RXNORM/542178", "preferredName": "Zegerid"}, {"semTypes": ["T999"], "to": "1919", "fro": "1914", "fullId": "http://purl.bioontology.org/ontology/RXNORM/6851", "preferredName": "Methotrexate"}, {"semTypes": ["T999"], "to": "2050", "fro": "2041", "fullId": "http://purl.bioontology.org/ontology/RXNORM/7646", "preferredName": "Omeprazole"}, {"semTypes": ["T121", "T109"], "to": "4850", "fro": "4841", "fullId": "http://purl.bioontology.org/ontology/MSH/D009853", "preferredName": "Omeprazole"}, {"semTypes": ["T999"], "to": "8468", "fro": "8459", "fullId": "http://purl.bioontology.org/ontology/MSH/D009853", "preferredName": "Omeprazole"}, {"semTypes": ["T121", "T109"], "to": "481", "fro": "472", "fullId": "http://purl.bioontology.org/ontology/RXNORM/6851", "preferredName": "Methotrexate"}, {"semTypes": ["T999"], "to": "2908", "fro": "2897", "fullId": "http://purl.bioontology.org/ontology/RXNORM/83395", "preferredName": "Saquinavir"}, {"semTypes": ["T109", "T121"], "to": "8527", "fro": "8518", "fullId": "http://purl.bioontology.org/ontology/RXNORM/343047", "preferredName": "Atazanavir"}, {"semTypes": ["T121", "T109"], "to": "1900", "fro": "1889", "fullId": "http://purl.bioontology.org/ontology/RXNORM/32968", "preferredName": "clopidogrel"}, {"semTypes": ["T121", "T109"], "to": "7733", "fro": "7724", "fullId": "http://purl.bioontology.org/ontology/MSH/D009853", "preferredName": "Omeprazole"}, {"semTypes": ["T999"], "to": "3492", "fro": "3481", "fullId": "http://purl.bioontology.org/ontology/MSH/C413408", "preferredName": "atazanavir"}, {"semTypes": ["T999"], "to": "3092", "fro": "3078", "fullId": "http://purl.bioontology.org/ontology/MSH/D008727", "preferredName": "Methotrexate"}, {"semTypes": ["T121", "T109"], "to": "4694", "fro": "4685", "fullId": "http://purl.bioontology.org/ontology/RXNORM/7646", "preferredName": "Omeprazole"}, {"semTypes": ["T109", "T121"], "to": "6177", "fro": "6168", "fullId": "http://purl.bioontology.org/ontology/RXNORM/542178", "preferredName": "Zegerid"}, {"semTypes": ["T999"], "to": "1019", "fro": "1013", "fullId": "http://purl.bioontology.org/ontology/MSH/D009853", "preferredName": "Omeprazole"}, {"semTypes": ["T999"], "to": "3296", "fro": "3287", "fullId": "http://purl.bioontology.org/ontology/MSH/D009853", "preferredName": "Omeprazole"}, {"semTypes": ["T109", "T195"], "to": "4384", "fro": "4377", "fullId": "http://purl.bioontology.org/ontology/RXNORM/6851", "preferredName": "Methotrexate"}, {"semTypes": ["T999"], "to": "6448", "fro": "6440", "fullId": "http://purl.bioontology.org/ontology/RXNORM/32968", "preferredName": "clopidogrel"}, {"semTypes": ["T109", "T195"], "to": "7051", "fro": "7038", "fullId": "http://purl.bioontology.org/ontology/MSH/C413408", "preferredName": "atazanavir"}, {"semTypes": ["T999"], "to": "5312", "fro": "5303", "fullId": "http://purl.bioontology.org/ontology/RXNORM/7646", "preferredName": "Omeprazole"}, {"semTypes": ["T121", "T109"], "to": "3313", "fro": "3302", "fullId": "http://purl.bioontology.org/ontology/RXNORM/343047", "preferredName": "Atazanavir"}, {"semTypes": ["T999"], "to": "238", "fro": "233", "fullId": "http://purl.bioontology.org/ontology/RXNORM/6851", "preferredName": "Methotrexate"}, {"semTypes": ["T121", "T109"], "to": "1058", "fro": "1049", "fullId": "http://purl.bioontology.org/ontology/RXNORM/7646", "preferredName": "Omeprazole"}, {"semTypes": ["T999"], "to": "8483", "fro": "8474", "fullId": "http://purl.bioontology.org/ontology/MSH/C494109", "preferredName": "omeprazole, sodium bicarbonate drug combination"}, {"semTypes": ["T999"], "to": "623", "fro": "617", "fullId": "http://purl.bioontology.org/ontology/MSH/D009853", "preferredName": "Omeprazole"}, {"semTypes": ["T109", "T121"], "to": "1128", "fro": "1122", "fullId": "http://purl.bioontology.org/ontology/MSH/D009853", "preferredName": "Omeprazole"}, {"semTypes": ["T999"], "to": "4694", "fro": "4685", "fullId": "http://purl.bioontology.org/ontology/MSH/D009853", "preferredName": "Omeprazole"}, {"semTypes": ["T999"], "to": "263", "fro": "257", "fullId": "http://purl.bioontology.org/ontology/MSH/D008727", "preferredName": "Methotrexate"}, {"semTypes": ["T109", "T121"], "to": "1019", "fro": "1013", "fullId": "http://purl.bioontology.org/ontology/RXNORM/7646", "preferredName": "Omeprazole"}, {"semTypes": ["T999"], "to": "7957", "fro": "7947", "fullId": "http://purl.bioontology.org/ontology/MSH/C494109", "preferredName": "omeprazole, sodium bicarbonate drug combination"}, {"semTypes": ["T121", "T109"], "to": "4773", "fro": "4764", "fullId": "http://purl.bioontology.org/ontology/RXNORM/7646", "preferredName": "Omeprazole"}, {"semTypes": ["T999"], "to": "219", "fro": "208", "fullId": "http://purl.bioontology.org/ontology/MSH/D008727", "preferredName": "Methotrexate"}, {"semTypes": ["T109", "T121"], "to": "5606", "fro": "5597", "fullId": "http://purl.bioontology.org/ontology/MSH/C413408", "preferredName": "atazanavir"}]