[{"semTypes": ["T121", "T109"], "to": "11642", "fro": "11630", "fullId": "http://purl.bioontology.org/ontology/MSH/C041930", "preferredName": "atomoxetine"}, {"semTypes": ["T109", "T121"], "to": "5214", "fro": "5205", "fullId": "http://purl.bioontology.org/ontology/MSH/D017374", "preferredName": "Paroxetine"}, {"semTypes": ["T999"], "to": "879", "fro": "872", "fullId": "http://purl.bioontology.org/ontology/RXNORM/32937", "preferredName": "Paroxetine"}, {"semTypes": ["T999"], "to": "10506", "fro": "10495", "fullId": "http://purl.bioontology.org/ontology/RXNORM/32937", "preferredName": "Paroxetine"}, {"semTypes": ["T999"], "to": "8369", "fro": "8360", "fullId": "http://purl.bioontology.org/ontology/MSH/D017374", "preferredName": "Paroxetine"}, {"semTypes": ["T999"], "to": "1075", "fro": "1068", "fullId": "http://purl.bioontology.org/ontology/RXNORM/32937", "preferredName": "Paroxetine"}, {"semTypes": ["T121", "T109"], "to": "11706", "fro": "11694", "fullId": "http://purl.bioontology.org/ontology/RXNORM/32937", "preferredName": "Paroxetine"}, {"semTypes": ["T999"], "to": "6423", "fro": "6415", "fullId": "http://purl.bioontology.org/ontology/MSH/C041930", "preferredName": "atomoxetine"}, {"semTypes": ["T109", "T121"], "to": "160", "fro": "151", "fullId": "http://purl.bioontology.org/ontology/MSH/D017374", "preferredName": "Paroxetine"}, {"semTypes": ["T999"], "to": "10040", "fro": "10034", "fullId": "http://purl.bioontology.org/ontology/RXNORM/32937", "preferredName": "Paroxetine"}, {"semTypes": ["T121", "T109"], "to": "5517", "fro": "5507", "fullId": "http://purl.bioontology.org/ontology/RXNORM/32937", "preferredName": "Paroxetine"}, {"semTypes": ["T109", "T121"], "to": "7226", "fro": "7216", "fullId": "http://purl.bioontology.org/ontology/RXNORM/32937", "preferredName": "Paroxetine"}, {"semTypes": ["T999"], "to": "5253", "fro": "5243", "fullId": "http://purl.bioontology.org/ontology/RXNORM/32937", "preferredName": "Paroxetine"}, {"semTypes": ["T999"], "to": "10195", "fro": "10186", "fullId": "http://purl.bioontology.org/ontology/MSH/D017374", "preferredName": "Paroxetine"}, {"semTypes": ["T999"], "to": "4644", "fro": "4634", "fullId": "http://purl.bioontology.org/ontology/RXNORM/38400", "preferredName": "atomoxetine"}, {"semTypes": ["T109", "T121"], "to": "8198", "fro": "8189", "fullId": "http://purl.bioontology.org/ontology/MSH/D017374", "preferredName": "Paroxetine"}, {"semTypes": ["T121", "T123", "T116"], "to": "175", "fro": "166", "fullId": "http://purl.bioontology.org/ontology/RXNORM/32937", "preferredName": "Paroxetine"}, {"semTypes": ["T121", "T109"], "to": "6376", "fro": "6368", "fullId": "http://purl.bioontology.org/ontology/RXNORM/8331", "preferredName": "Pimozide"}, {"semTypes": ["T109", "T121"], "to": "6349", "fro": "6339", "fullId": "http://purl.bioontology.org/ontology/MSH/D014364", "preferredName": "Tryptophan"}, {"semTypes": ["T999"], "to": "3470", "fro": "3461", "fullId": "http://purl.bioontology.org/ontology/MSH/D017374", "preferredName": "Paroxetine"}, {"semTypes": ["T999"], "to": "3573", "fro": "3561", "fullId": "http://purl.bioontology.org/ontology/RXNORM/32937", "preferredName": "Paroxetine"}, {"semTypes": ["T999"], "to": "3606", "fro": "3594", "fullId": "http://purl.bioontology.org/ontology/RXNORM/32937", "preferredName": "Paroxetine"}, {"semTypes": ["T999"], "to": "11174", "fro": "11164", "fullId": "http://purl.bioontology.org/ontology/RXNORM/32937", "preferredName": "Paroxetine"}, {"semTypes": ["T999"], "to": "11716", "fro": "11708", "fullId": "http://purl.bioontology.org/ontology/RXNORM/32937", "preferredName": "Paroxetine"}, {"semTypes": ["T999"], "to": "10557", "fro": "10548", "fullId": "http://purl.bioontology.org/ontology/MSH/D017374", "preferredName": "Paroxetine"}, {"semTypes": ["T121", "T109"], "to": "7520", "fro": "7512", "fullId": "http://purl.bioontology.org/ontology/MSH/C041930", "preferredName": "atomoxetine"}, {"semTypes": ["T999"], "to": "10729", "fro": "10718", "fullId": "http://purl.bioontology.org/ontology/RXNORM/32937", "preferredName": "Paroxetine"}, {"semTypes": ["T121", "T109"], "to": "5446", "fro": "5436", "fullId": "http://purl.bioontology.org/ontology/RXNORM/32937", "preferredName": "Paroxetine"}, {"semTypes": ["T121", "T123", "T116"], "to": "446", "fro": "437", "fullId": "http://purl.bioontology.org/ontology/RXNORM/32937", "preferredName": "Paroxetine"}, {"semTypes": ["T109", "T121"], "to": "11732", "fro": "11723", "fullId": "http://purl.bioontology.org/ontology/MSH/D017374", "preferredName": "Paroxetine"}, {"semTypes": ["T109", "T121"], "to": "3700", "fro": "3691", "fullId": "http://purl.bioontology.org/ontology/MSH/D017374", "preferredName": "Paroxetine"}, {"semTypes": ["T109", "T121"], "to": "10422", "fro": "10413", "fullId": "http://purl.bioontology.org/ontology/MSH/D017374", "preferredName": "Paroxetine"}, {"semTypes": ["T999"], "to": "4909", "fro": "4899", "fullId": "http://purl.bioontology.org/ontology/RXNORM/32937", "preferredName": "Paroxetine"}, {"semTypes": ["T999"], "to": "8790", "fro": "8784", "fullId": "http://purl.bioontology.org/ontology/RXNORM/32937", "preferredName": "Paroxetine"}, {"semTypes": ["T109", "T121"], "to": "7211", "fro": "7202", "fullId": "http://purl.bioontology.org/ontology/MSH/D017374", "preferredName": "Paroxetine"}, {"semTypes": ["T109", "T121"], "to": "2982", "fro": "2973", "fullId": "http://purl.bioontology.org/ontology/RXNORM/32937", "preferredName": "Paroxetine"}, {"semTypes": ["T121", "T123", "T116"], "to": "1748", "fro": "1739", "fullId": "http://purl.bioontology.org/ontology/RXNORM/32937", "preferredName": "Paroxetine"}, {"semTypes": ["T197", "T121"], "to": "9727", "fro": "9711", "fullId": "http://purl.bioontology.org/ontology/RXNORM/8331", "preferredName": "Pimozide"}, {"semTypes": ["T999"], "to": "10349", "fro": "10342", "fullId": "http://purl.bioontology.org/ontology/RXNORM/32937", "preferredName": "Paroxetine"}, {"semTypes": ["T999"], "to": "9182", "fro": "9176", "fullId": "http://purl.bioontology.org/ontology/RXNORM/32937", "preferredName": "Paroxetine"}, {"semTypes": ["T109", "T121"], "to": "751", "fro": "742", "fullId": "http://purl.bioontology.org/ontology/MSH/D017374", "preferredName": "Paroxetine"}, {"semTypes": ["T121", "T109"], "to": "6215", "fro": "6203", "fullId": "http://purl.bioontology.org/ontology/MSH/D010868", "preferredName": "Pimozide"}, {"semTypes": ["T109", "T121"], "to": "997", "fro": "990", "fullId": "http://purl.bioontology.org/ontology/RXNORM/32937", "preferredName": "Paroxetine"}, {"semTypes": ["T121", "T109"], "to": "6271", "fro": "6262", "fullId": "http://purl.bioontology.org/ontology/MSH/C041930", "preferredName": "atomoxetine"}, {"semTypes": ["T999"], "to": "7226", "fro": "7216", "fullId": "http://purl.bioontology.org/ontology/RXNORM/32937", "preferredName": "Paroxetine"}, {"semTypes": ["T999"], "to": "10814", "fro": "10803", "fullId": "http://purl.bioontology.org/ontology/RXNORM/32937", "preferredName": "Paroxetine"}, {"semTypes": ["T121", "T109"], "to": "5578", "fro": "5568", "fullId": "http://purl.bioontology.org/ontology/RXNORM/32937", "preferredName": "Paroxetine"}, {"semTypes": ["T109", "T121"], "to": "12032", "fro": "12023", "fullId": "http://purl.bioontology.org/ontology/MSH/D017374", "preferredName": "Paroxetine"}, {"semTypes": ["T109", "T121"], "to": "10107", "fro": "10098", "fullId": "http://purl.bioontology.org/ontology/MSH/D017374", "preferredName": "Paroxetine"}, {"semTypes": ["T999"], "to": "11642", "fro": "11630", "fullId": "http://purl.bioontology.org/ontology/RXNORM/38400", "preferredName": "atomoxetine"}, {"semTypes": ["T109", "T121"], "to": "6361", "fro": "6352", "fullId": "http://purl.bioontology.org/ontology/MSH/C041930", "preferredName": "atomoxetine"}, {"semTypes": ["T999"], "to": "10934", "fro": "10924", "fullId": "http://purl.bioontology.org/ontology/RXNORM/32937", "preferredName": "Paroxetine"}, {"semTypes": ["T999"], "to": "5138", "fro": "5128", "fullId": "http://purl.bioontology.org/ontology/RXNORM/32937", "preferredName": "Paroxetine"}, {"semTypes": ["T109", "T121"], "to": "3913", "fro": "3904", "fullId": "http://purl.bioontology.org/ontology/MSH/D017374", "preferredName": "Paroxetine"}, {"semTypes": ["T123", "T109", "T121"], "to": "11362", "fro": "11351", "fullId": "http://purl.bioontology.org/ontology/RXNORM/32937", "preferredName": "Paroxetine"}, {"semTypes": ["T999"], "to": "1557", "fro": "1550", "fullId": "http://purl.bioontology.org/ontology/RXNORM/8331", "preferredName": "Pimozide"}, {"semTypes": ["T109", "T121"], "to": "1090", "fro": "1081", "fullId": "http://purl.bioontology.org/ontology/MSH/D017374", "preferredName": "Paroxetine"}, {"semTypes": ["T999"], "to": "7520", "fro": "7512", "fullId": "http://purl.bioontology.org/ontology/RXNORM/10898", "preferredName": "Tryptophan"}, {"semTypes": ["T999"], "to": "338", "fro": "329", "fullId": "http://purl.bioontology.org/ontology/RXNORM/32937", "preferredName": "Paroxetine"}, {"semTypes": ["T131", "T109", "T121"], "to": "1905", "fro": "1898", "fullId": "http://purl.bioontology.org/ontology/RXNORM/32937", "preferredName": "Paroxetine"}, {"semTypes": ["T109", "T121"], "to": "8433", "fro": "8424", "fullId": "http://purl.bioontology.org/ontology/MSH/D017374", "preferredName": "Paroxetine"}, {"semTypes": ["T999"], "to": "6778", "fro": "6769", "fullId": "http://purl.bioontology.org/ontology/MSH/D017374", "preferredName": "Paroxetine"}, {"semTypes": ["T999"], "to": "8031", "fro": "8022", "fullId": "http://purl.bioontology.org/ontology/MSH/D017374", "preferredName": "Paroxetine"}, {"semTypes": ["T109", "T121"], "to": "9395", "fro": "9386", "fullId": "http://purl.bioontology.org/ontology/MSH/D017374", "preferredName": "Paroxetine"}, {"semTypes": ["T109", "T121"], "to": "9817", "fro": "9808", "fullId": "http://purl.bioontology.org/ontology/MSH/D017374", "preferredName": "Paroxetine"}, {"semTypes": ["T999"], "to": "6301", "fro": "6291", "fullId": "http://purl.bioontology.org/ontology/RXNORM/32937", "preferredName": "Paroxetine"}, {"semTypes": ["T999"], "to": "6376", "fro": "6368", "fullId": "http://purl.bioontology.org/ontology/MSH/D010868", "preferredName": "Pimozide"}, {"semTypes": ["T109", "T121"], "to": "1349", "fro": "1340", "fullId": "http://purl.bioontology.org/ontology/MSH/D017374", "preferredName": "Paroxetine"}, {"semTypes": ["T999"], "to": "11521", "fro": "11510", "fullId": "http://purl.bioontology.org/ontology/RXNORM/32937", "preferredName": "Paroxetine"}, {"semTypes": ["T109", "T121"], "to": "10386", "fro": "10377", "fullId": "http://purl.bioontology.org/ontology/MSH/D017374", "preferredName": "Paroxetine"}, {"semTypes": ["T999"], "to": "3850", "fro": "3842", "fullId": "http://purl.bioontology.org/ontology/RXNORM/38400", "preferredName": "atomoxetine"}, {"semTypes": ["T109", "T121"], "to": "670", "fro": "663", "fullId": "http://purl.bioontology.org/ontology/RXNORM/32937", "preferredName": "Paroxetine"}, {"semTypes": ["T999"], "to": "6271", "fro": "6262", "fullId": "http://purl.bioontology.org/ontology/MSH/D010868", "preferredName": "Pimozide"}, {"semTypes": ["T109", "T121"], "to": "9963", "fro": "9954", "fullId": "http://purl.bioontology.org/ontology/MSH/D017374", "preferredName": "Paroxetine"}, {"semTypes": ["T121", "T109"], "to": "10814", "fro": "10803", "fullId": "http://purl.bioontology.org/ontology/RXNORM/32937", "preferredName": "Paroxetine"}, {"semTypes": ["T109", "T121"], "to": "2206", "fro": "2197", "fullId": "http://purl.bioontology.org/ontology/MSH/D017374", "preferredName": "Paroxetine"}, {"semTypes": ["T999"], "to": "7498", "fro": "7489", "fullId": "http://purl.bioontology.org/ontology/MSH/D014364", "preferredName": "Tryptophan"}, {"semTypes": ["T121", "T109"], "to": "9182", "fro": "9176", "fullId": "http://purl.bioontology.org/ontology/RXNORM/38400", "preferredName": "atomoxetine"}, {"semTypes": ["T109", "T121"], "to": "7126", "fro": "7117", "fullId": "http://purl.bioontology.org/ontology/MSH/D017374", "preferredName": "Paroxetine"}, {"semTypes": ["T109", "T121"], "to": "4909", "fro": "4899", "fullId": "http://purl.bioontology.org/ontology/RXNORM/32937", "preferredName": "Paroxetine"}, {"semTypes": ["T109", "T121"], "to": "11411", "fro": "11402", "fullId": "http://purl.bioontology.org/ontology/MSH/D017374", "preferredName": "Paroxetine"}, {"semTypes": ["T109", "T121"], "to": "10934", "fro": "10924", "fullId": "http://purl.bioontology.org/ontology/RXNORM/32937", "preferredName": "Paroxetine"}, {"semTypes": ["T109", "T121"], "to": "1645", "fro": "1636", "fullId": "http://purl.bioontology.org/ontology/MSH/D017374", "preferredName": "Paroxetine"}, {"semTypes": ["T121", "T109"], "to": "3850", "fro": "3842", "fullId": "http://purl.bioontology.org/ontology/RXNORM/38400", "preferredName": "atomoxetine"}, {"semTypes": ["T109", "T121"], "to": "929", "fro": "922", "fullId": "http://purl.bioontology.org/ontology/RXNORM/32937", "preferredName": "Paroxetine"}, {"semTypes": ["T121", "T109"], "to": "1557", "fro": "1550", "fullId": "http://purl.bioontology.org/ontology/RXNORM/8331", "preferredName": "Pimozide"}, {"semTypes": ["T109", "T121"], "to": "8369", "fro": "8360", "fullId": "http://purl.bioontology.org/ontology/MSH/D017374", "preferredName": "Paroxetine"}, {"semTypes": ["T109", "T121"], "to": "10195", "fro": "10186", "fullId": "http://purl.bioontology.org/ontology/MSH/D017374", "preferredName": "Paroxetine"}, {"semTypes": ["T109", "T121"], "to": "8031", "fro": "8022", "fullId": "http://purl.bioontology.org/ontology/MSH/D017374", "preferredName": "Paroxetine"}, {"semTypes": ["T109", "T121"], "to": "879", "fro": "872", "fullId": "http://purl.bioontology.org/ontology/RXNORM/32937", "preferredName": "Paroxetine"}, {"semTypes": ["T121", "T109"], "to": "10506", "fro": "10495", "fullId": "http://purl.bioontology.org/ontology/RXNORM/32937", "preferredName": "Paroxetine"}, {"semTypes": ["T999"], "to": "11652", "fro": "11644", "fullId": "http://purl.bioontology.org/ontology/MSH/C041930", "preferredName": "atomoxetine"}, {"semTypes": ["T109", "T121"], "to": "430", "fro": "421", "fullId": "http://purl.bioontology.org/ontology/MSH/D017374", "preferredName": "Paroxetine"}, {"semTypes": ["T121", "T123", "T116"], "to": "1683", "fro": "1674", "fullId": "http://purl.bioontology.org/ontology/RXNORM/32937", "preferredName": "Paroxetine"}, {"semTypes": ["T109", "T121"], "to": "5138", "fro": "5128", "fullId": "http://purl.bioontology.org/ontology/RXNORM/32937", "preferredName": "Paroxetine"}, {"semTypes": ["T999"], "to": "6242", "fro": "6233", "fullId": "http://purl.bioontology.org/ontology/RXNORM/8331", "preferredName": "Pimozide"}, {"semTypes": ["T999"], "to": "2117", "fro": "2110", "fullId": "http://purl.bioontology.org/ontology/RXNORM/32937", "preferredName": "Paroxetine"}, {"semTypes": ["T109", "T121"], "to": "11105", "fro": "11096", "fullId": "http://purl.bioontology.org/ontology/MSH/D017374", "preferredName": "Paroxetine"}, {"semTypes": ["T109", "T121"], "to": "5813", "fro": "5804", "fullId": "http://purl.bioontology.org/ontology/MSH/D017374", "preferredName": "Paroxetine"}, {"semTypes": ["T999"], "to": "11050", "fro": "11040", "fullId": "http://purl.bioontology.org/ontology/RXNORM/32937", "preferredName": "Paroxetine"}, {"semTypes": ["T121", "T116"], "to": "7538", "fro": "7527", "fullId": "http://purl.bioontology.org/ontology/RXNORM/10898", "preferredName": "Tryptophan"}, {"semTypes": ["T999"], "to": "1481", "fro": "1473", "fullId": "http://purl.bioontology.org/ontology/MSH/D014364", "preferredName": "Tryptophan"}, {"semTypes": ["T109", "T121"], "to": "2952", "fro": "2943", "fullId": "http://purl.bioontology.org/ontology/RXNORM/38400", "preferredName": "atomoxetine"}, {"semTypes": ["T109", "T121"], "to": "1272", "fro": "1249", "fullId": "http://purl.bioontology.org/ontology/RXNORM/8331", "preferredName": "Pimozide"}, {"semTypes": ["T999"], "to": "7486", "fro": "7476", "fullId": "http://purl.bioontology.org/ontology/RXNORM/32937", "preferredName": "Paroxetine"}, {"semTypes": ["T999"], "to": "62", "fro": "53", "fullId": "http://purl.bioontology.org/ontology/RXNORM/32937", "preferredName": "Paroxetine"}, {"semTypes": ["T109", "T121"], "to": "8011", "fro": "8002", "fullId": "http://purl.bioontology.org/ontology/MSH/D017374", "preferredName": "Paroxetine"}, {"semTypes": ["T109", "T121"], "to": "2501", "fro": "2492", "fullId": "http://purl.bioontology.org/ontology/MSH/D017374", "preferredName": "Paroxetine"}, {"semTypes": ["T999"], "to": "10646", "fro": "10635", "fullId": "http://purl.bioontology.org/ontology/RXNORM/32937", "preferredName": "Paroxetine"}, {"semTypes": ["T999"], "to": "10207", "fro": "10201", "fullId": "http://purl.bioontology.org/ontology/RXNORM/32937", "preferredName": "Paroxetine"}, {"semTypes": ["T999"], "to": "6633", "fro": "6622", "fullId": "http://purl.bioontology.org/ontology/RXNORM/32937", "preferredName": "Paroxetine"}, {"semTypes": ["T999"], "to": "446", "fro": "437", "fullId": "http://purl.bioontology.org/ontology/RXNORM/32937", "preferredName": "Paroxetine"}, {"semTypes": ["T109", "T121"], "to": "5998", "fro": "5989", "fullId": "http://purl.bioontology.org/ontology/MSH/D017374", "preferredName": "Paroxetine"}, {"semTypes": ["T109", "T121"], "to": "11188", "fro": "11179", "fullId": "http://purl.bioontology.org/ontology/MSH/D017374", "preferredName": "Paroxetine"}, {"semTypes": ["T121", "T109"], "to": "1802", "fro": "1791", "fullId": "http://purl.bioontology.org/ontology/RXNORM/32937", "preferredName": "Paroxetine"}, {"semTypes": ["T200"], "to": "4871", "fro": "4856", "fullId": "http://purl.bioontology.org/ontology/MSH/C041930", "preferredName": "atomoxetine"}, {"semTypes": ["T109", "T121"], "to": "7486", "fro": "7476", "fullId": "http://purl.bioontology.org/ontology/RXNORM/32937", "preferredName": "Paroxetine"}, {"semTypes": ["T999"], "to": "9727", "fro": "9711", "fullId": "http://purl.bioontology.org/ontology/MSH/D010868", "preferredName": "Pimozide"}, {"semTypes": ["T109", "T121"], "to": "9705", "fro": "9696", "fullId": "http://purl.bioontology.org/ontology/MSH/D017374", "preferredName": "Paroxetine"}, {"semTypes": ["T109", "T121"], "to": "9308", "fro": "9299", "fullId": "http://purl.bioontology.org/ontology/MSH/D017374", "preferredName": "Paroxetine"}, {"semTypes": ["T121", "T109"], "to": "10646", "fro": "10635", "fullId": "http://purl.bioontology.org/ontology/RXNORM/32937", "preferredName": "Paroxetine"}, {"semTypes": ["T999"], "to": "5749", "fro": "5739", "fullId": "http://purl.bioontology.org/ontology/RXNORM/32937", "preferredName": "Paroxetine"}, {"semTypes": ["T121", "T109"], "to": "3943", "fro": "3935", "fullId": "http://purl.bioontology.org/ontology/RXNORM/38400", "preferredName": "atomoxetine"}, {"semTypes": ["T109", "T121"], "to": "2104", "fro": "2095", "fullId": "http://purl.bioontology.org/ontology/MSH/D017374", "preferredName": "Paroxetine"}, {"semTypes": ["T109", "T121"], "to": "4220", "fro": "4211", "fullId": "http://purl.bioontology.org/ontology/MSH/D017374", "preferredName": "Paroxetine"}, {"semTypes": ["T109", "T121"], "to": "6059", "fro": "6050", "fullId": "http://purl.bioontology.org/ontology/MSH/D017374", "preferredName": "Paroxetine"}, {"semTypes": ["T999"], "to": "6230", "fro": "6218", "fullId": "http://purl.bioontology.org/ontology/MSH/D014364", "preferredName": "Tryptophan"}, {"semTypes": ["T110", "T118", "T121"], "to": "10040", "fro": "10034", "fullId": "http://purl.bioontology.org/ontology/RXNORM/32937", "preferredName": "Paroxetine"}, {"semTypes": ["T999"], "to": "1683", "fro": "1674", "fullId": "http://purl.bioontology.org/ontology/RXNORM/32937", "preferredName": "Paroxetine"}, {"semTypes": ["T121", "T109"], "to": "6604", "fro": "6593", "fullId": "http://purl.bioontology.org/ontology/RXNORM/32937", "preferredName": "Paroxetine"}, {"semTypes": ["T109", "T121"], "to": "3791", "fro": "3782", "fullId": "http://purl.bioontology.org/ontology/MSH/D017374", "preferredName": "Paroxetine"}, {"semTypes": ["T999"], "to": "10434", "fro": "10427", "fullId": "http://purl.bioontology.org/ontology/RXNORM/32937", "preferredName": "Paroxetine"}, {"semTypes": ["T999"], "to": "11310", "fro": "11299", "fullId": "http://purl.bioontology.org/ontology/RXNORM/32937", "preferredName": "Paroxetine"}, {"semTypes": ["T999"], "to": "5030", "fro": "5011", "fullId": "http://purl.bioontology.org/ontology/MSH/C041930", "preferredName": "atomoxetine"}, {"semTypes": ["T121", "T109"], "to": "6230", "fro": "6218", "fullId": "http://purl.bioontology.org/ontology/RXNORM/8331", "preferredName": "Pimozide"}, {"semTypes": ["T109", "T121"], "to": "4000", "fro": "3991", "fullId": "http://purl.bioontology.org/ontology/MSH/D017374", "preferredName": "Paroxetine"}, {"semTypes": ["T999"], "to": "8800", "fro": "8793", "fullId": "http://purl.bioontology.org/ontology/RXNORM/32937", "preferredName": "Paroxetine"}, {"semTypes": ["T121", "T109"], "to": "5643", "fro": "5633", "fullId": "http://purl.bioontology.org/ontology/RXNORM/32937", "preferredName": "Paroxetine"}, {"semTypes": ["T121", "T109"], "to": "3734", "fro": "3722", "fullId": "http://purl.bioontology.org/ontology/RXNORM/32937", "preferredName": "Paroxetine"}, {"semTypes": ["T999"], "to": "175", "fro": "166", "fullId": "http://purl.bioontology.org/ontology/RXNORM/32937", "preferredName": "Paroxetine"}, {"semTypes": ["T999"], "to": "2982", "fro": "2973", "fullId": "http://purl.bioontology.org/ontology/RXNORM/38400", "preferredName": "atomoxetine"}, {"semTypes": ["T109", "T121"], "to": "7391", "fro": "7382", "fullId": "http://purl.bioontology.org/ontology/MSH/D017374", "preferredName": "Paroxetine"}, {"semTypes": ["T109", "T121"], "to": "3061", "fro": "3052", "fullId": "http://purl.bioontology.org/ontology/MSH/D017374", "preferredName": "Paroxetine"}, {"semTypes": ["T121", "T109"], "to": "1481", "fro": "1473", "fullId": "http://purl.bioontology.org/ontology/RXNORM/10898", "preferredName": "Tryptophan"}, {"semTypes": ["T999"], "to": "6604", "fro": "6593", "fullId": "http://purl.bioontology.org/ontology/RXNORM/32937", "preferredName": "Paroxetine"}, {"semTypes": ["T109", "T121"], "to": "11784", "fro": "11775", "fullId": "http://purl.bioontology.org/ontology/MSH/D017374", "preferredName": "Paroxetine"}, {"semTypes": ["T109", "T121"], "to": "10290", "fro": "10283", "fullId": "http://purl.bioontology.org/ontology/RXNORM/32937", "preferredName": "Paroxetine"}, {"semTypes": ["T999"], "to": "2345", "fro": "2338", "fullId": "http://purl.bioontology.org/ontology/MSH/C041930", "preferredName": "atomoxetine"}, {"semTypes": ["T999"], "to": "7298", "fro": "7287", "fullId": "http://purl.bioontology.org/ontology/RXNORM/8331", "preferredName": "Pimozide"}, {"semTypes": ["T999"], "to": "1090", "fro": "1081", "fullId": "http://purl.bioontology.org/ontology/MSH/D017374", "preferredName": "Paroxetine"}, {"semTypes": ["T999"], "to": "6215", "fro": "6203", "fullId": "http://purl.bioontology.org/ontology/RXNORM/8331", "preferredName": "Pimozide"}, {"semTypes": ["T999"], "to": "2219", "fro": "2212", "fullId": "http://purl.bioontology.org/ontology/RXNORM/32937", "preferredName": "Paroxetine"}, {"semTypes": ["T999"], "to": "3913", "fro": "3904", "fullId": "http://purl.bioontology.org/ontology/MSH/D017374", "preferredName": "Paroxetine"}, {"semTypes": ["T121", "T109"], "to": "3573", "fro": "3561", "fullId": "http://purl.bioontology.org/ontology/RXNORM/32937", "preferredName": "Paroxetine"}, {"semTypes": ["T999"], "to": "385", "fro": "376", "fullId": "http://purl.bioontology.org/ontology/MSH/D017374", "preferredName": "Paroxetine"}, {"semTypes": ["T109", "T121"], "to": "4521", "fro": "4512", "fullId": "http://purl.bioontology.org/ontology/MSH/D017374", "preferredName": "Paroxetine"}, {"semTypes": ["T109", "T121"], "to": "8668", "fro": "8659", "fullId": "http://purl.bioontology.org/ontology/MSH/D017374", "preferredName": "Paroxetine"}, {"semTypes": ["T999"], "to": "4521", "fro": "4512", "fullId": "http://purl.bioontology.org/ontology/MSH/D017374", "preferredName": "Paroxetine"}, {"semTypes": ["T999"], "to": "9060", "fro": "9052", "fullId": "http://purl.bioontology.org/ontology/MSH/D010868", "preferredName": "Pimozide"}, {"semTypes": ["T999"], "to": "9817", "fro": "9808", "fullId": "http://purl.bioontology.org/ontology/MSH/D017374", "preferredName": "Paroxetine"}, {"semTypes": ["T123", "T109", "T121"], "to": "11310", "fro": "11299", "fullId": "http://purl.bioontology.org/ontology/RXNORM/32937", "preferredName": "Paroxetine"}, {"semTypes": ["T999"], "to": "3943", "fro": "3935", "fullId": "http://purl.bioontology.org/ontology/MSH/C041930", "preferredName": "atomoxetine"}, {"semTypes": ["T999"], "to": "3791", "fro": "3782", "fullId": "http://purl.bioontology.org/ontology/MSH/D017374", "preferredName": "Paroxetine"}, {"semTypes": ["T999"], "to": "11188", "fro": "11179", "fullId": "http://purl.bioontology.org/ontology/MSH/D017374", "preferredName": "Paroxetine"}, {"semTypes": ["T999"], "to": "3734", "fro": "3722", "fullId": "http://purl.bioontology.org/ontology/RXNORM/32937", "preferredName": "Paroxetine"}, {"semTypes": ["T999"], "to": "430", "fro": "421", "fullId": "http://purl.bioontology.org/ontology/MSH/D017374", "preferredName": "Paroxetine"}, {"semTypes": ["T999"], "to": "5643", "fro": "5633", "fullId": "http://purl.bioontology.org/ontology/RXNORM/32937", "preferredName": "Paroxetine"}, {"semTypes": ["T999"], "to": "11362", "fro": "11351", "fullId": "http://purl.bioontology.org/ontology/RXNORM/32937", "preferredName": "Paroxetine"}, {"semTypes": ["T999"], "to": "5214", "fro": "5205", "fullId": "http://purl.bioontology.org/ontology/MSH/D017374", "preferredName": "Paroxetine"}, {"semTypes": ["T109", "T121"], "to": "4561", "fro": "4552", "fullId": "http://purl.bioontology.org/ontology/MSH/D017374", "preferredName": "Paroxetine"}, {"semTypes": ["T999"], "to": "9542", "fro": "9533", "fullId": "http://purl.bioontology.org/ontology/MSH/D017374", "preferredName": "Paroxetine"}, {"semTypes": ["T999"], "to": "832", "fro": "825", "fullId": "http://purl.bioontology.org/ontology/RXNORM/32937", "preferredName": "Paroxetine"}, {"semTypes": ["T999"], "to": "567", "fro": "540", "fullId": "http://purl.bioontology.org/ontology/MSH/C041930", "preferredName": "atomoxetine"}, {"semTypes": ["T999"], "to": "160", "fro": "151", "fullId": "http://purl.bioontology.org/ontology/MSH/D017374", "preferredName": "Paroxetine"}, {"semTypes": ["T999"], "to": "5164", "fro": "5145", "fullId": "http://purl.bioontology.org/ontology/MSH/C041930", "preferredName": "atomoxetine"}, {"semTypes": ["T131", "T109", "T121"], "to": "2117", "fro": "2110", "fullId": "http://purl.bioontology.org/ontology/RXNORM/32937", "preferredName": "Paroxetine"}, {"semTypes": ["T999"], "to": "4371", "fro": "4362", "fullId": "http://purl.bioontology.org/ontology/MSH/D017374", "preferredName": "Paroxetine"}, {"semTypes": ["T999"], "to": "670", "fro": "663", "fullId": "http://purl.bioontology.org/ontology/RXNORM/32937", "preferredName": "Paroxetine"}, {"semTypes": ["T999"], "to": "11706", "fro": "11694", "fullId": "http://purl.bioontology.org/ontology/RXNORM/32937", "preferredName": "Paroxetine"}, {"semTypes": ["T123", "T109", "T121"], "to": "11521", "fro": "11510", "fullId": "http://purl.bioontology.org/ontology/RXNORM/32937", "preferredName": "Paroxetine"}, {"semTypes": ["T999"], "to": "751", "fro": "742", "fullId": "http://purl.bioontology.org/ontology/MSH/D017374", "preferredName": "Paroxetine"}, {"semTypes": ["T999"], "to": "997", "fro": "990", "fullId": "http://purl.bioontology.org/ontology/RXNORM/32937", "preferredName": "Paroxetine"}, {"semTypes": ["T999"], "to": "7142", "fro": "7132", "fullId": "http://purl.bioontology.org/ontology/RXNORM/32937", "preferredName": "Paroxetine"}, {"semTypes": ["T999"], "to": "2825", "fro": "2816", "fullId": "http://purl.bioontology.org/ontology/MSH/D017374", "preferredName": "Paroxetine"}, {"semTypes": ["T110", "T118", "T121"], "to": "9896", "fro": "9890", "fullId": "http://purl.bioontology.org/ontology/RXNORM/32937", "preferredName": "Paroxetine"}, {"semTypes": ["T999"], "to": "5517", "fro": "5507", "fullId": "http://purl.bioontology.org/ontology/RXNORM/32937", "preferredName": "Paroxetine"}, {"semTypes": ["T999"], "to": "2501", "fro": "2492", "fullId": "http://purl.bioontology.org/ontology/MSH/D017374", "preferredName": "Paroxetine"}, {"semTypes": ["T999"], "to": "6059", "fro": "6050", "fullId": "http://purl.bioontology.org/ontology/MSH/D017374", "preferredName": "Paroxetine"}, {"semTypes": ["T109", "T121"], "to": "3159", "fro": "3150", "fullId": "http://purl.bioontology.org/ontology/MSH/D017374", "preferredName": "Paroxetine"}, {"semTypes": ["T999"], "to": "4220", "fro": "4211", "fullId": "http://purl.bioontology.org/ontology/MSH/D017374", "preferredName": "Paroxetine"}, {"semTypes": ["T109", "T121"], "to": "6301", "fro": "6291", "fullId": "http://purl.bioontology.org/ontology/RXNORM/32937", "preferredName": "Paroxetine"}, {"semTypes": ["T999"], "to": "8668", "fro": "8659", "fullId": "http://purl.bioontology.org/ontology/MSH/D017374", "preferredName": "Paroxetine"}, {"semTypes": ["T999"], "to": "3700", "fro": "3691", "fullId": "http://purl.bioontology.org/ontology/MSH/D017374", "preferredName": "Paroxetine"}, {"semTypes": ["T109", "T121"], "to": "11716", "fro": "11708", "fullId": "http://purl.bioontology.org/ontology/RXNORM/32937", "preferredName": "Paroxetine"}, {"semTypes": ["T999"], "to": "11105", "fro": "11096", "fullId": "http://purl.bioontology.org/ontology/MSH/D017374", "preferredName": "Paroxetine"}, {"semTypes": ["T999"], "to": "929", "fro": "922", "fullId": "http://purl.bioontology.org/ontology/RXNORM/32937", "preferredName": "Paroxetine"}, {"semTypes": ["T109", "T121"], "to": "7498", "fro": "7489", "fullId": "http://purl.bioontology.org/ontology/RXNORM/8331", "preferredName": "Pimozide"}, {"semTypes": ["T999"], "to": "4561", "fro": "4552", "fullId": "http://purl.bioontology.org/ontology/MSH/D017374", "preferredName": "Paroxetine"}, {"semTypes": ["T131", "T109", "T121"], "to": "2219", "fro": "2212", "fullId": "http://purl.bioontology.org/ontology/RXNORM/32937", "preferredName": "Paroxetine"}, {"semTypes": ["T999"], "to": "8433", "fro": "8424", "fullId": "http://purl.bioontology.org/ontology/MSH/D017374", "preferredName": "Paroxetine"}, {"semTypes": ["T999"], "to": "5693", "fro": "5683", "fullId": "http://purl.bioontology.org/ontology/RXNORM/32937", "preferredName": "Paroxetine"}, {"semTypes": ["T109", "T121"], "to": "6616", "fro": "6607", "fullId": "http://purl.bioontology.org/ontology/MSH/D017374", "preferredName": "Paroxetine"}, {"semTypes": ["T999"], "to": "7391", "fro": "7382", "fullId": "http://purl.bioontology.org/ontology/MSH/D017374", "preferredName": "Paroxetine"}, {"semTypes": ["T999"], "to": "1645", "fro": "1636", "fullId": "http://purl.bioontology.org/ontology/MSH/D017374", "preferredName": "Paroxetine"}, {"semTypes": ["T999"], "to": "6349", "fro": "6339", "fullId": "http://purl.bioontology.org/ontology/MSH/D014364", "preferredName": "Tryptophan"}, {"semTypes": ["T999"], "to": "4000", "fro": "3991", "fullId": "http://purl.bioontology.org/ontology/MSH/D017374", "preferredName": "Paroxetine"}, {"semTypes": ["T121", "T109"], "to": "3606", "fro": "3594", "fullId": "http://purl.bioontology.org/ontology/RXNORM/32937", "preferredName": "Paroxetine"}, {"semTypes": ["T109", "T121"], "to": "6255", "fro": "6245", "fullId": "http://purl.bioontology.org/ontology/RXNORM/38400", "preferredName": "atomoxetine"}, {"semTypes": ["T999"], "to": "4764", "fro": "4755", "fullId": "http://purl.bioontology.org/ontology/MSH/D017374", "preferredName": "Paroxetine"}, {"semTypes": ["T131", "T109", "T121"], "to": "8800", "fro": "8793", "fullId": "http://purl.bioontology.org/ontology/RXNORM/32937", "preferredName": "Paroxetine"}, {"semTypes": ["T999"], "to": "7126", "fro": "7117", "fullId": "http://purl.bioontology.org/ontology/MSH/D017374", "preferredName": "Paroxetine"}, {"semTypes": ["T999"], "to": "8198", "fro": "8189", "fullId": "http://purl.bioontology.org/ontology/MSH/D017374", "preferredName": "Paroxetine"}, {"semTypes": ["T999"], "to": "8011", "fro": "8002", "fullId": "http://purl.bioontology.org/ontology/MSH/D017374", "preferredName": "Paroxetine"}, {"semTypes": ["T999"], "to": "4977", "fro": "4967", "fullId": "http://purl.bioontology.org/ontology/RXNORM/32937", "preferredName": "Paroxetine"}, {"semTypes": ["T109", "T121"], "to": "7509", "fro": "7501", "fullId": "http://purl.bioontology.org/ontology/MSH/D014364", "preferredName": "Tryptophan"}, {"semTypes": ["T999"], "to": "7538", "fro": "7527", "fullId": "http://purl.bioontology.org/ontology/RXNORM/8331", "preferredName": "Pimozide"}, {"semTypes": ["T999"], "to": "11732", "fro": "11723", "fullId": "http://purl.bioontology.org/ontology/MSH/D017374", "preferredName": "Paroxetine"}, {"semTypes": ["T109", "T121"], "to": "5844", "fro": "5835", "fullId": "http://purl.bioontology.org/ontology/MSH/D017374", "preferredName": "Paroxetine"}, {"semTypes": ["T121", "T109"], "to": "6633", "fro": "6622", "fullId": "http://purl.bioontology.org/ontology/RXNORM/32937", "preferredName": "Paroxetine"}, {"semTypes": ["T121", "T109"], "to": "8790", "fro": "8784", "fullId": "http://purl.bioontology.org/ontology/RXNORM/38400", "preferredName": "atomoxetine"}, {"semTypes": ["T999"], "to": "5446", "fro": "5436", "fullId": "http://purl.bioontology.org/ontology/RXNORM/32937", "preferredName": "Paroxetine"}, {"semTypes": ["T999"], "to": "12032", "fro": "12023", "fullId": "http://purl.bioontology.org/ontology/MSH/D017374", "preferredName": "Paroxetine"}, {"semTypes": ["T109", "T121"], "to": "1075", "fro": "1068", "fullId": "http://purl.bioontology.org/ontology/RXNORM/32937", "preferredName": "Paroxetine"}, {"semTypes": ["T999"], "to": "6361", "fro": "6352", "fullId": "http://purl.bioontology.org/ontology/MSH/D014364", "preferredName": "Tryptophan"}, {"semTypes": ["T999"], "to": "5998", "fro": "5989", "fullId": "http://purl.bioontology.org/ontology/MSH/D017374", "preferredName": "Paroxetine"}, {"semTypes": ["T109", "T121"], "to": "9542", "fro": "9533", "fullId": "http://purl.bioontology.org/ontology/MSH/D017374", "preferredName": "Paroxetine"}, {"semTypes": ["T999"], "to": "5578", "fro": "5568", "fullId": "http://purl.bioontology.org/ontology/RXNORM/32937", "preferredName": "Paroxetine"}, {"semTypes": ["T999"], "to": "3159", "fro": "3150", "fullId": "http://purl.bioontology.org/ontology/MSH/D017374", "preferredName": "Paroxetine"}, {"semTypes": ["T109", "T121"], "to": "7142", "fro": "7132", "fullId": "http://purl.bioontology.org/ontology/RXNORM/32937", "preferredName": "Paroxetine"}, {"semTypes": ["T999"], "to": "1802", "fro": "1791", "fullId": "http://purl.bioontology.org/ontology/RXNORM/32937", "preferredName": "Paroxetine"}, {"semTypes": ["T999"], "to": "4781", "fro": "4771", "fullId": "http://purl.bioontology.org/ontology/RXNORM/32937", "preferredName": "Paroxetine"}, {"semTypes": ["T999"], "to": "10386", "fro": "10377", "fullId": "http://purl.bioontology.org/ontology/MSH/D017374", "preferredName": "Paroxetine"}, {"semTypes": ["T110", "T118", "T121"], "to": "10207", "fro": "10201", "fullId": "http://purl.bioontology.org/ontology/RXNORM/32937", "preferredName": "Paroxetine"}, {"semTypes": ["T109", "T121"], "to": "3378", "fro": "3369", "fullId": "http://purl.bioontology.org/ontology/MSH/D017374", "preferredName": "Paroxetine"}, {"semTypes": ["T109", "T121"], "to": "11050", "fro": "11040", "fullId": "http://purl.bioontology.org/ontology/RXNORM/32937", "preferredName": "Paroxetine"}, {"semTypes": ["T200"], "to": "5392", "fro": "5377", "fullId": "http://purl.bioontology.org/ontology/RXNORM/38400", "preferredName": "atomoxetine"}, {"semTypes": ["T999"], "to": "7211", "fro": "7202", "fullId": "http://purl.bioontology.org/ontology/MSH/D017374", "preferredName": "Paroxetine"}, {"semTypes": ["T121", "T109"], "to": "6423", "fro": "6415", "fullId": "http://purl.bioontology.org/ontology/MSH/D014364", "preferredName": "Tryptophan"}, {"semTypes": ["T999"], "to": "1748", "fro": "1739", "fullId": "http://purl.bioontology.org/ontology/RXNORM/32937", "preferredName": "Paroxetine"}, {"semTypes": ["T121", "T109"], "to": "7298", "fro": "7287", "fullId": "http://purl.bioontology.org/ontology/RXNORM/8331", "preferredName": "Pimozide"}, {"semTypes": ["T109", "T121"], "to": "3470", "fro": "3461", "fullId": "http://purl.bioontology.org/ontology/MSH/D017374", "preferredName": "Paroxetine"}, {"semTypes": ["T999"], "to": "9395", "fro": "9386", "fullId": "http://purl.bioontology.org/ontology/MSH/D017374", "preferredName": "Paroxetine"}, {"semTypes": ["T999"], "to": "3061", "fro": "3052", "fullId": "http://purl.bioontology.org/ontology/MSH/D017374", "preferredName": "Paroxetine"}, {"semTypes": ["T109", "T121"], "to": "4977", "fro": "4967", "fullId": "http://purl.bioontology.org/ontology/RXNORM/32937", "preferredName": "Paroxetine"}, {"semTypes": ["T109", "T121"], "to": "4764", "fro": "4755", "fullId": "http://purl.bioontology.org/ontology/MSH/D017374", "preferredName": "Paroxetine"}, {"semTypes": ["T109", "T121"], "to": "4781", "fro": "4771", "fullId": "http://purl.bioontology.org/ontology/RXNORM/32937", "preferredName": "Paroxetine"}, {"semTypes": ["T999"], "to": "2952", "fro": "2943", "fullId": "http://purl.bioontology.org/ontology/RXNORM/38400", "preferredName": "atomoxetine"}, {"semTypes": ["T999"], "to": "11411", "fro": "11402", "fullId": "http://purl.bioontology.org/ontology/MSH/D017374", "preferredName": "Paroxetine"}, {"semTypes": ["T999"], "to": "10290", "fro": "10283", "fullId": "http://purl.bioontology.org/ontology/RXNORM/32937", "preferredName": "Paroxetine"}, {"semTypes": ["T121", "T109"], "to": "10729", "fro": "10718", "fullId": "http://purl.bioontology.org/ontology/RXNORM/32937", "preferredName": "Paroxetine"}, {"semTypes": ["T109", "T121"], "to": "2825", "fro": "2816", "fullId": "http://purl.bioontology.org/ontology/MSH/D017374", "preferredName": "Paroxetine"}, {"semTypes": ["T999"], "to": "2104", "fro": "2095", "fullId": "http://purl.bioontology.org/ontology/MSH/D017374", "preferredName": "Paroxetine"}, {"semTypes": ["T109", "T121"], "to": "11174", "fro": "11164", "fullId": "http://purl.bioontology.org/ontology/RXNORM/32937", "preferredName": "Paroxetine"}, {"semTypes": ["T999"], "to": "6616", "fro": "6607", "fullId": "http://purl.bioontology.org/ontology/MSH/D017374", "preferredName": "Paroxetine"}, {"semTypes": ["T109", "T121"], "to": "11652", "fro": "11644", "fullId": "http://purl.bioontology.org/ontology/RXNORM/38400", "preferredName": "atomoxetine"}, {"semTypes": ["T109", "T121"], "to": "832", "fro": "825", "fullId": "http://purl.bioontology.org/ontology/RXNORM/32937", "preferredName": "Paroxetine"}, {"semTypes": ["T121", "T123", "T116"], "to": "338", "fro": "329", "fullId": "http://purl.bioontology.org/ontology/RXNORM/32937", "preferredName": "Paroxetine"}, {"semTypes": ["T109", "T121"], "to": "6778", "fro": "6769", "fullId": "http://purl.bioontology.org/ontology/MSH/D017374", "preferredName": "Paroxetine"}, {"semTypes": ["T999"], "to": "5844", "fro": "5835", "fullId": "http://purl.bioontology.org/ontology/MSH/D017374", "preferredName": "Paroxetine"}, {"semTypes": ["T999"], "to": "10010", "fro": "10004", "fullId": "http://purl.bioontology.org/ontology/RXNORM/32937", "preferredName": "Paroxetine"}, {"semTypes": ["T109", "T121"], "to": "385", "fro": "376", "fullId": "http://purl.bioontology.org/ontology/MSH/D017374", "preferredName": "Paroxetine"}, {"semTypes": ["T999"], "to": "1272", "fro": "1249", "fullId": "http://purl.bioontology.org/ontology/MSH/D017374", "preferredName": "Paroxetine"}, {"semTypes": ["T109", "T121"], "to": "10557", "fro": "10548", "fullId": "http://purl.bioontology.org/ontology/MSH/D017374", "preferredName": "Paroxetine"}, {"semTypes": ["T999"], "to": "6288", "fro": "6275", "fullId": "http://purl.bioontology.org/ontology/MSH/D014364", "preferredName": "Tryptophan"}, {"semTypes": ["T999"], "to": "1349", "fro": "1340", "fullId": "http://purl.bioontology.org/ontology/MSH/D017374", "preferredName": "Paroxetine"}, {"semTypes": ["T109", "T121"], "to": "10349", "fro": "10342", "fullId": "http://purl.bioontology.org/ontology/RXNORM/32937", "preferredName": "Paroxetine"}, {"semTypes": ["T999"], "to": "11784", "fro": "11775", "fullId": "http://purl.bioontology.org/ontology/MSH/D017374", "preferredName": "Paroxetine"}, {"semTypes": ["T121", "T109"], "to": "5693", "fro": "5683", "fullId": "http://purl.bioontology.org/ontology/MSH/D017374", "preferredName": "Paroxetine"}, {"semTypes": ["T121", "T109"], "to": "5253", "fro": "5243", "fullId": "http://purl.bioontology.org/ontology/RXNORM/32937", "preferredName": "Paroxetine"}, {"semTypes": ["T999"], "to": "5813", "fro": "5804", "fullId": "http://purl.bioontology.org/ontology/MSH/D017374", "preferredName": "Paroxetine"}, {"semTypes": ["T109", "T121"], "to": "4644", "fro": "4634", "fullId": "http://purl.bioontology.org/ontology/RXNORM/38400", "preferredName": "atomoxetine"}, {"semTypes": ["T999"], "to": "2206", "fro": "2197", "fullId": "http://purl.bioontology.org/ontology/MSH/D017374", "preferredName": "Paroxetine"}, {"semTypes": ["T109", "T121"], "to": "4371", "fro": "4362", "fullId": "http://purl.bioontology.org/ontology/MSH/D017374", "preferredName": "Paroxetine"}, {"semTypes": ["T121", "T109"], "to": "6242", "fro": "6233", "fullId": "http://purl.bioontology.org/ontology/RXNORM/10898", "preferredName": "Tryptophan"}, {"semTypes": ["T999"], "to": "3378", "fro": "3369", "fullId": "http://purl.bioontology.org/ontology/MSH/D017374", "preferredName": "Paroxetine"}, {"semTypes": ["T999"], "to": "9308", "fro": "9299", "fullId": "http://purl.bioontology.org/ontology/MSH/D017374", "preferredName": "Paroxetine"}, {"semTypes": ["T999"], "to": "9896", "fro": "9890", "fullId": "http://purl.bioontology.org/ontology/RXNORM/32937", "preferredName": "Paroxetine"}, {"semTypes": ["T121", "T123", "T116"], "to": "62", "fro": "53", "fullId": "http://purl.bioontology.org/ontology/RXNORM/32937", "preferredName": "Paroxetine"}, {"semTypes": ["T999"], "to": "1905", "fro": "1898", "fullId": "http://purl.bioontology.org/ontology/RXNORM/32937", "preferredName": "Paroxetine"}, {"semTypes": ["T999"], "to": "9705", "fro": "9696", "fullId": "http://purl.bioontology.org/ontology/MSH/D017374", "preferredName": "Paroxetine"}, {"semTypes": ["T109", "T121"], "to": "10434", "fro": "10427", "fullId": "http://purl.bioontology.org/ontology/RXNORM/32937", "preferredName": "Paroxetine"}, {"semTypes": ["T999"], "to": "10107", "fro": "10098", "fullId": "http://purl.bioontology.org/ontology/MSH/D017374", "preferredName": "Paroxetine"}, {"semTypes": ["T999"], "to": "1470", "fro": "1463", "fullId": "http://purl.bioontology.org/ontology/MSH/C041930", "preferredName": "atomoxetine"}, {"semTypes": ["T999"], "to": "9963", "fro": "9954", "fullId": "http://purl.bioontology.org/ontology/MSH/D017374", "preferredName": "Paroxetine"}, {"semTypes": ["T110", "T118", "T121"], "to": "10010", "fro": "10004", "fullId": "http://purl.bioontology.org/ontology/RXNORM/32937", "preferredName": "Paroxetine"}, {"semTypes": ["T121", "T109"], "to": "5749", "fro": "5739", "fullId": "http://purl.bioontology.org/ontology/RXNORM/32937", "preferredName": "Paroxetine"}, {"semTypes": ["T999"], "to": "10422", "fro": "10413", "fullId": "http://purl.bioontology.org/ontology/MSH/D017374", "preferredName": "Paroxetine"}, {"semTypes": ["T999"], "to": "6255", "fro": "6245", "fullId": "http://purl.bioontology.org/ontology/MSH/C041930", "preferredName": "atomoxetine"}, {"semTypes": ["T999"], "to": "7509", "fro": "7501", "fullId": "http://purl.bioontology.org/ontology/MSH/D010868", "preferredName": "Pimozide"}]