[{"semTypes": ["T999"], "to": "4080", "fro": "4073", "fullId": "http://purl.bioontology.org/ontology/RXNORM/32937", "preferredName": "Paroxetine"}, {"semTypes": ["T121", "T109"], "to": "8084", "fro": "8075", "fullId": "http://purl.bioontology.org/ontology/MSH/D017374", "preferredName": "Paroxetine"}, {"semTypes": ["T999"], "to": "17134", "fro": "17125", "fullId": "http://purl.bioontology.org/ontology/MSH/D017374", "preferredName": "Paroxetine"}, {"semTypes": ["T999"], "to": "17022", "fro": "17013", "fullId": "http://purl.bioontology.org/ontology/MSH/D017374", "preferredName": "Paroxetine"}, {"semTypes": ["T999"], "to": "11554", "fro": "11546", "fullId": "http://purl.bioontology.org/ontology/RXNORM/8331", "preferredName": "Pimozide"}, {"semTypes": ["T999"], "to": "18174", "fro": "18167", "fullId": "http://purl.bioontology.org/ontology/RXNORM/32937", "preferredName": "Paroxetine"}, {"semTypes": ["T116", "T123", "T121"], "to": "180", "fro": "171", "fullId": "http://purl.bioontology.org/ontology/RXNORM/32937", "preferredName": "Paroxetine"}, {"semTypes": ["T999"], "to": "1871", "fro": "1862", "fullId": "http://purl.bioontology.org/ontology/MSH/D017374", "preferredName": "Paroxetine"}, {"semTypes": ["T121", "T109"], "to": "17635", "fro": "17626", "fullId": "http://purl.bioontology.org/ontology/MSH/D017374", "preferredName": "Paroxetine"}, {"semTypes": ["T109", "T121"], "to": "20353", "fro": "20341", "fullId": "http://purl.bioontology.org/ontology/MSH/D010868", "preferredName": "Pimozide"}, {"semTypes": ["T999"], "to": "15804", "fro": "15796", "fullId": "http://purl.bioontology.org/ontology/RXNORM/38400", "preferredName": "atomoxetine"}, {"semTypes": ["T109", "T121"], "to": "19213", "fro": "19203", "fullId": "http://purl.bioontology.org/ontology/RXNORM/32937", "preferredName": "Paroxetine"}, {"semTypes": ["T999"], "to": "17635", "fro": "17626", "fullId": "http://purl.bioontology.org/ontology/MSH/D017374", "preferredName": "Paroxetine"}, {"semTypes": ["T121", "T109"], "to": "18509", "fro": "18500", "fullId": "http://purl.bioontology.org/ontology/MSH/D017374", "preferredName": "Paroxetine"}, {"semTypes": ["T109", "T121"], "to": "8348", "fro": "8340", "fullId": "http://purl.bioontology.org/ontology/RXNORM/32937", "preferredName": "Paroxetine"}, {"semTypes": ["T999"], "to": "14282", "fro": "14273", "fullId": "http://purl.bioontology.org/ontology/MSH/D017374", "preferredName": "Paroxetine"}, {"semTypes": ["T118", "T121", "T110"], "to": "17538", "fro": "17532", "fullId": "http://purl.bioontology.org/ontology/RXNORM/32937", "preferredName": "Paroxetine"}, {"semTypes": ["T109", "T121"], "to": "11527", "fro": "11517", "fullId": "http://purl.bioontology.org/ontology/RXNORM/10898", "preferredName": "Tryptophan"}, {"semTypes": ["T121", "T109"], "to": "1919", "fro": "1912", "fullId": "http://purl.bioontology.org/ontology/RXNORM/32937", "preferredName": "Paroxetine"}, {"semTypes": ["T999"], "to": "9675", "fro": "9666", "fullId": "http://purl.bioontology.org/ontology/MSH/D017374", "preferredName": "Paroxetine"}, {"semTypes": ["T121", "T109"], "to": "1801", "fro": "1794", "fullId": "http://purl.bioontology.org/ontology/RXNORM/32937", "preferredName": "Paroxetine"}, {"semTypes": ["T999"], "to": "7634", "fro": "7625", "fullId": "http://purl.bioontology.org/ontology/MSH/D017374", "preferredName": "Paroxetine"}, {"semTypes": ["T999"], "to": "17491", "fro": "17482", "fullId": "http://purl.bioontology.org/ontology/MSH/D017374", "preferredName": "Paroxetine"}, {"semTypes": ["T121", "T109"], "to": "9485", "fro": "9476", "fullId": "http://purl.bioontology.org/ontology/MSH/D017374", "preferredName": "Paroxetine"}, {"semTypes": ["T999"], "to": "10146", "fro": "10127", "fullId": "http://purl.bioontology.org/ontology/RXNORM/38400", "preferredName": "atomoxetine"}, {"semTypes": ["T999"], "to": "12152", "fro": "12143", "fullId": "http://purl.bioontology.org/ontology/MSH/D017374", "preferredName": "Paroxetine"}, {"semTypes": ["T999"], "to": "8434", "fro": "8426", "fullId": "http://purl.bioontology.org/ontology/RXNORM/32937", "preferredName": "Paroxetine"}, {"semTypes": ["T116", "T123", "T121"], "to": "3340", "fro": "3331", "fullId": "http://purl.bioontology.org/ontology/RXNORM/32937", "preferredName": "Paroxetine"}, {"semTypes": ["T197", "T121"], "to": "17044", "fro": "17028", "fullId": "http://purl.bioontology.org/ontology/MSH/C041930", "preferredName": "atomoxetine"}, {"semTypes": ["T999"], "to": "20379", "fro": "20370", "fullId": "http://purl.bioontology.org/ontology/MSH/D017374", "preferredName": "Paroxetine"}, {"semTypes": ["T121", "T109"], "to": "1659", "fro": "1652", "fullId": "http://purl.bioontology.org/ontology/RXNORM/32937", "preferredName": "Paroxetine"}, {"semTypes": ["T109", "T121"], "to": "20260", "fro": "20252", "fullId": "http://purl.bioontology.org/ontology/MSH/C041930", "preferredName": "atomoxetine"}, {"semTypes": ["T999"], "to": "10369", "fro": "10359", "fullId": "http://purl.bioontology.org/ontology/RXNORM/32937", "preferredName": "Paroxetine"}, {"semTypes": ["T999"], "to": "2012", "fro": "2003", "fullId": "http://purl.bioontology.org/ontology/MSH/D017374", "preferredName": "Paroxetine"}, {"semTypes": ["T999"], "to": "1706", "fro": "1699", "fullId": "http://purl.bioontology.org/ontology/RXNORM/32937", "preferredName": "Paroxetine"}, {"semTypes": ["T121", "T109"], "to": "5859", "fro": "5850", "fullId": "http://purl.bioontology.org/ontology/MSH/D017374", "preferredName": "Paroxetine"}, {"semTypes": ["T999"], "to": "10280", "fro": "10261", "fullId": "http://purl.bioontology.org/ontology/RXNORM/38400", "preferredName": "atomoxetine"}, {"semTypes": ["T999"], "to": "588", "fro": "579", "fullId": "http://purl.bioontology.org/ontology/MSH/D017374", "preferredName": "Paroxetine"}, {"semTypes": ["T999"], "to": "9758", "fro": "9748", "fullId": "http://purl.bioontology.org/ontology/MSH/D010868", "preferredName": "Pimozide"}, {"semTypes": ["T999"], "to": "18418", "fro": "18407", "fullId": "http://purl.bioontology.org/ontology/RXNORM/32937", "preferredName": "Paroxetine"}, {"semTypes": ["T999"], "to": "6623", "fro": "6614", "fullId": "http://purl.bioontology.org/ontology/MSH/D017374", "preferredName": "Paroxetine"}, {"semTypes": ["T999"], "to": "11539", "fro": "11530", "fullId": "http://purl.bioontology.org/ontology/MSH/D014859", "preferredName": "Warfarin"}, {"semTypes": ["T999"], "to": "13548", "fro": "13540", "fullId": "http://purl.bioontology.org/ontology/MSH/C041930", "preferredName": "atomoxetine"}, {"semTypes": ["T999"], "to": "7451", "fro": "7442", "fullId": "http://purl.bioontology.org/ontology/MSH/D017374", "preferredName": "Paroxetine"}, {"semTypes": ["T999"], "to": "8171", "fro": "8162", "fullId": "http://purl.bioontology.org/ontology/MSH/D017374", "preferredName": "Paroxetine"}, {"semTypes": ["T999"], "to": "7697", "fro": "7685", "fullId": "http://purl.bioontology.org/ontology/RXNORM/32937", "preferredName": "Paroxetine"}, {"semTypes": ["T121", "T109"], "to": "6623", "fro": "6614", "fullId": "http://purl.bioontology.org/ontology/MSH/D017374", "preferredName": "Paroxetine"}, {"semTypes": ["T121", "T109"], "to": "11479", "fro": "11469", "fullId": "http://purl.bioontology.org/ontology/RXNORM/32937", "preferredName": "Paroxetine"}, {"semTypes": ["T999"], "to": "17723", "fro": "17714", "fullId": "http://purl.bioontology.org/ontology/MSH/D017374", "preferredName": "Paroxetine"}, {"semTypes": ["T999"], "to": "13165", "fro": "13156", "fullId": "http://purl.bioontology.org/ontology/MSH/D017374", "preferredName": "Paroxetine"}, {"semTypes": ["T999"], "to": "18089", "fro": "18082", "fullId": "http://purl.bioontology.org/ontology/RXNORM/32937", "preferredName": "Paroxetine"}, {"semTypes": ["T121", "T109"], "to": "1457", "fro": "1450", "fullId": "http://purl.bioontology.org/ontology/RXNORM/32937", "preferredName": "Paroxetine"}, {"semTypes": ["T999"], "to": "14897", "fro": "14888", "fullId": "http://purl.bioontology.org/ontology/MSH/D017374", "preferredName": "Paroxetine"}, {"semTypes": ["T121", "T109"], "to": "2500", "fro": "2477", "fullId": "http://purl.bioontology.org/ontology/RXNORM/8331", "preferredName": "Pimozide"}, {"semTypes": ["T999"], "to": "19213", "fro": "19203", "fullId": "http://purl.bioontology.org/ontology/RXNORM/32937", "preferredName": "Paroxetine"}, {"semTypes": ["T121", "T109", "T131"], "to": "16097", "fro": "16090", "fullId": "http://purl.bioontology.org/ontology/RXNORM/32937", "preferredName": "Paroxetine"}, {"semTypes": ["T999"], "to": "14262", "fro": "14253", "fullId": "http://purl.bioontology.org/ontology/MSH/D017374", "preferredName": "Paroxetine"}, {"semTypes": ["T999"], "to": "10254", "fro": "10244", "fullId": "http://purl.bioontology.org/ontology/RXNORM/32937", "preferredName": "Paroxetine"}, {"semTypes": ["T999"], "to": "10330", "fro": "10321", "fullId": "http://purl.bioontology.org/ontology/MSH/D017374", "preferredName": "Paroxetine"}, {"semTypes": ["T121", "T109"], "to": "10991", "fro": "10982", "fullId": "http://purl.bioontology.org/ontology/MSH/D017374", "preferredName": "Paroxetine"}, {"semTypes": ["T999"], "to": "13643", "fro": "13634", "fullId": "http://purl.bioontology.org/ontology/MSH/D017374", "preferredName": "Paroxetine"}, {"semTypes": ["T999"], "to": "7155", "fro": "7146", "fullId": "http://purl.bioontology.org/ontology/MSH/D017374", "preferredName": "Paroxetine"}, {"semTypes": ["T999"], "to": "14449", "fro": "14440", "fullId": "http://purl.bioontology.org/ontology/MSH/D017374", "preferredName": "Paroxetine"}, {"semTypes": ["T121", "T109"], "to": "7451", "fro": "7442", "fullId": "http://purl.bioontology.org/ontology/MSH/D017374", "preferredName": "Paroxetine"}, {"semTypes": ["T999"], "to": "20431", "fro": "20422", "fullId": "http://purl.bioontology.org/ontology/MSH/D017374", "preferredName": "Paroxetine"}, {"semTypes": ["T999"], "to": "12061", "fro": "12053", "fullId": "http://purl.bioontology.org/ontology/MSH/D010868", "preferredName": "Pimozide"}, {"semTypes": ["T999"], "to": "20363", "fro": "20355", "fullId": "http://purl.bioontology.org/ontology/RXNORM/8331", "preferredName": "Pimozide"}, {"semTypes": ["T999"], "to": "19963", "fro": "19952", "fullId": "http://purl.bioontology.org/ontology/RXNORM/32937", "preferredName": "Paroxetine"}, {"semTypes": ["T999"], "to": "11527", "fro": "11517", "fullId": "http://purl.bioontology.org/ontology/RXNORM/8331", "preferredName": "Pimozide"}, {"semTypes": ["T999"], "to": "11145", "fro": "11136", "fullId": "http://purl.bioontology.org/ontology/MSH/D017374", "preferredName": "Paroxetine"}, {"semTypes": ["T999"], "to": "1457", "fro": "1450", "fullId": "http://purl.bioontology.org/ontology/RXNORM/32937", "preferredName": "Paroxetine"}, {"semTypes": ["T121", "T109"], "to": "7697", "fro": "7685", "fullId": "http://purl.bioontology.org/ontology/RXNORM/32937", "preferredName": "Paroxetine"}, {"semTypes": ["T999"], "to": "11825", "fro": "11816", "fullId": "http://purl.bioontology.org/ontology/MSH/D017374", "preferredName": "Paroxetine"}, {"semTypes": ["T121", "T109"], "to": "7634", "fro": "7625", "fullId": "http://purl.bioontology.org/ontology/MSH/D017374", "preferredName": "Paroxetine"}, {"semTypes": ["T999"], "to": "7981", "fro": "7973", "fullId": "http://purl.bioontology.org/ontology/RXNORM/32937", "preferredName": "Paroxetine"}, {"semTypes": ["T999"], "to": "7246", "fro": "7237", "fullId": "http://purl.bioontology.org/ontology/MSH/D017374", "preferredName": "Paroxetine"}, {"semTypes": ["T999"], "to": "13181", "fro": "13171", "fullId": "http://purl.bioontology.org/ontology/RXNORM/32937", "preferredName": "Paroxetine"}, {"semTypes": ["T109", "T121"], "to": "18089", "fro": "18082", "fullId": "http://purl.bioontology.org/ontology/RXNORM/32937", "preferredName": "Paroxetine"}, {"semTypes": ["T999"], "to": "10929", "fro": "10920", "fullId": "http://purl.bioontology.org/ontology/MSH/D017374", "preferredName": "Paroxetine"}, {"semTypes": ["T999"], "to": "19268", "fro": "19259", "fullId": "http://purl.bioontology.org/ontology/MSH/D017374", "preferredName": "Paroxetine"}, {"semTypes": ["T999"], "to": "16180", "fro": "16171", "fullId": "http://purl.bioontology.org/ontology/MSH/D017374", "preferredName": "Paroxetine"}, {"semTypes": ["T109", "T121"], "to": "11842", "fro": "11831", "fullId": "http://purl.bioontology.org/ontology/RXNORM/32937", "preferredName": "Paroxetine"}, {"semTypes": ["T999"], "to": "20353", "fro": "20341", "fullId": "http://purl.bioontology.org/ontology/RXNORM/38400", "preferredName": "atomoxetine"}, {"semTypes": ["T999"], "to": "11479", "fro": "11469", "fullId": "http://purl.bioontology.org/ontology/RXNORM/32937", "preferredName": "Paroxetine"}, {"semTypes": ["T999"], "to": "16126", "fro": "16119", "fullId": "http://purl.bioontology.org/ontology/RXNORM/32937", "preferredName": "Paroxetine"}, {"semTypes": ["T999"], "to": "5136", "fro": "5127", "fullId": "http://purl.bioontology.org/ontology/MSH/D017374", "preferredName": "Paroxetine"}, {"semTypes": ["T999"], "to": "17044", "fro": "17028", "fullId": "http://purl.bioontology.org/ontology/RXNORM/38400", "preferredName": "atomoxetine"}, {"semTypes": ["T999"], "to": "17735", "fro": "17729", "fullId": "http://purl.bioontology.org/ontology/RXNORM/32937", "preferredName": "Paroxetine"}, {"semTypes": ["T999"], "to": "13537", "fro": "13528", "fullId": "http://purl.bioontology.org/ontology/RXNORM/38400", "preferredName": "atomoxetine"}, {"semTypes": ["T999"], "to": "3631", "fro": "3620", "fullId": "http://purl.bioontology.org/ontology/RXNORM/32937", "preferredName": "Paroxetine"}, {"semTypes": ["T121", "T109"], "to": "9675", "fro": "9666", "fullId": "http://purl.bioontology.org/ontology/MSH/D017374", "preferredName": "Paroxetine"}, {"semTypes": ["T121", "T109"], "to": "3020", "fro": "3012", "fullId": "http://purl.bioontology.org/ontology/MSH/C041930", "preferredName": "atomoxetine"}, {"semTypes": ["T999"], "to": "12466", "fro": "12457", "fullId": "http://purl.bioontology.org/ontology/MSH/D017374", "preferredName": "Paroxetine"}, {"semTypes": ["T116", "T123", "T121"], "to": "3202", "fro": "3193", "fullId": "http://purl.bioontology.org/ontology/RXNORM/32937", "preferredName": "Paroxetine"}, {"semTypes": ["T121", "T109"], "to": "18126", "fro": "18117", "fullId": "http://purl.bioontology.org/ontology/MSH/D017374", "preferredName": "Paroxetine"}, {"semTypes": ["T999"], "to": "6988", "fro": "6976", "fullId": "http://purl.bioontology.org/ontology/RXNORM/32937", "preferredName": "Paroxetine"}, {"semTypes": ["T109", "T121"], "to": "18598", "fro": "18587", "fullId": "http://purl.bioontology.org/ontology/RXNORM/32937", "preferredName": "Paroxetine"}, {"semTypes": ["T999"], "to": "18162", "fro": "18153", "fullId": "http://purl.bioontology.org/ontology/MSH/D017374", "preferredName": "Paroxetine"}, {"semTypes": ["T999"], "to": "9334", "fro": "9325", "fullId": "http://purl.bioontology.org/ontology/MSH/D017374", "preferredName": "Paroxetine"}, {"semTypes": ["T999"], "to": "8348", "fro": "8340", "fullId": "http://purl.bioontology.org/ontology/RXNORM/32937", "preferredName": "Paroxetine"}, {"semTypes": ["T999"], "to": "10562", "fro": "10552", "fullId": "http://purl.bioontology.org/ontology/RXNORM/32937", "preferredName": "Paroxetine"}, {"semTypes": ["T999"], "to": "7189", "fro": "7177", "fullId": "http://purl.bioontology.org/ontology/RXNORM/32937", "preferredName": "Paroxetine"}, {"semTypes": ["T999"], "to": "9880", "fro": "9871", "fullId": "http://purl.bioontology.org/ontology/MSH/D017374", "preferredName": "Paroxetine"}, {"semTypes": ["T999"], "to": "17538", "fro": "17532", "fullId": "http://purl.bioontology.org/ontology/RXNORM/32937", "preferredName": "Paroxetine"}, {"semTypes": ["T999"], "to": "6404", "fro": "6395", "fullId": "http://purl.bioontology.org/ontology/MSH/D017374", "preferredName": "Paroxetine"}, {"semTypes": ["T121", "T109"], "to": "6729", "fro": "6720", "fullId": "http://purl.bioontology.org/ontology/RXNORM/32937", "preferredName": "Paroxetine"}, {"semTypes": ["T999"], "to": "13250", "fro": "13241", "fullId": "http://purl.bioontology.org/ontology/MSH/D017374", "preferredName": "Paroxetine"}, {"semTypes": ["T999"], "to": "4421", "fro": "4412", "fullId": "http://purl.bioontology.org/ontology/MSH/D017374", "preferredName": "Paroxetine"}, {"semTypes": ["T999"], "to": "18682", "fro": "18671", "fullId": "http://purl.bioontology.org/ontology/RXNORM/32937", "preferredName": "Paroxetine"}, {"semTypes": ["T116", "T123", "T121"], "to": "604", "fro": "595", "fullId": "http://purl.bioontology.org/ontology/RXNORM/32937", "preferredName": "Paroxetine"}, {"semTypes": ["T121", "T109"], "to": "16653", "fro": "16644", "fullId": "http://purl.bioontology.org/ontology/MSH/D017374", "preferredName": "Paroxetine"}, {"semTypes": ["T999"], "to": "1919", "fro": "1912", "fullId": "http://purl.bioontology.org/ontology/RXNORM/32937", "preferredName": "Paroxetine"}, {"semTypes": ["T999"], "to": "7400", "fro": "7388", "fullId": "http://purl.bioontology.org/ontology/RXNORM/32937", "preferredName": "Paroxetine"}, {"semTypes": ["T999"], "to": "7383", "fro": "7374", "fullId": "http://purl.bioontology.org/ontology/MSH/D017374", "preferredName": "Paroxetine"}, {"semTypes": ["T999"], "to": "11237", "fro": "11228", "fullId": "http://purl.bioontology.org/ontology/MSH/D017374", "preferredName": "Paroxetine"}, {"semTypes": ["T999"], "to": "14961", "fro": "14952", "fullId": "http://purl.bioontology.org/ontology/MSH/D017374", "preferredName": "Paroxetine"}, {"semTypes": ["T109", "T121"], "to": "13548", "fro": "13540", "fullId": "http://purl.bioontology.org/ontology/RXNORM/10898", "preferredName": "Tryptophan"}, {"semTypes": ["T999"], "to": "2700", "fro": "2692", "fullId": "http://purl.bioontology.org/ontology/MSH/C041930", "preferredName": "atomoxetine"}, {"semTypes": ["T121", "T109"], "to": "8379", "fro": "8370", "fullId": "http://purl.bioontology.org/ontology/MSH/D017374", "preferredName": "Paroxetine"}, {"semTypes": ["T999"], "to": "7061", "fro": "7049", "fullId": "http://purl.bioontology.org/ontology/RXNORM/32937", "preferredName": "Paroxetine"}, {"semTypes": ["T121", "T109", "T131"], "to": "4080", "fro": "4073", "fullId": "http://purl.bioontology.org/ontology/RXNORM/32937", "preferredName": "Paroxetine"}, {"semTypes": ["T999"], "to": "18767", "fro": "18756", "fullId": "http://purl.bioontology.org/ontology/RXNORM/32937", "preferredName": "Paroxetine"}, {"semTypes": ["T999"], "to": "11393", "fro": "11381", "fullId": "http://purl.bioontology.org/ontology/MSH/C041930", "preferredName": "atomoxetine"}, {"semTypes": ["T999"], "to": "19804", "fro": "19793", "fullId": "http://purl.bioontology.org/ontology/RXNORM/32937", "preferredName": "Paroxetine"}, {"semTypes": ["T999"], "to": "6306", "fro": "6297", "fullId": "http://purl.bioontology.org/ontology/MSH/D017374", "preferredName": "Paroxetine"}, {"semTypes": ["T999"], "to": "10633", "fro": "10623", "fullId": "http://purl.bioontology.org/ontology/RXNORM/32937", "preferredName": "Paroxetine"}, {"semTypes": ["T121", "T109"], "to": "2012", "fro": "2003", "fullId": "http://purl.bioontology.org/ontology/MSH/D017374", "preferredName": "Paroxetine"}, {"semTypes": ["T121", "T109", "T131"], "to": "4332", "fro": "4325", "fullId": "http://purl.bioontology.org/ontology/RXNORM/32937", "preferredName": "Paroxetine"}, {"semTypes": ["T121", "T109"], "to": "13430", "fro": "13421", "fullId": "http://purl.bioontology.org/ontology/MSH/D017374", "preferredName": "Paroxetine"}, {"semTypes": ["T999"], "to": "2500", "fro": "2477", "fullId": "http://purl.bioontology.org/ontology/MSH/D017374", "preferredName": "Paroxetine"}, {"semTypes": ["T999"], "to": "8084", "fro": "8075", "fullId": "http://purl.bioontology.org/ontology/MSH/D017374", "preferredName": "Paroxetine"}, {"semTypes": ["T121", "T109", "T123"], "to": "19712", "fro": "19701", "fullId": "http://purl.bioontology.org/ontology/RXNORM/32937", "preferredName": "Paroxetine"}, {"semTypes": ["T999"], "to": "19712", "fro": "19701", "fullId": "http://purl.bioontology.org/ontology/RXNORM/32937", "preferredName": "Paroxetine"}, {"semTypes": ["T999"], "to": "318", "fro": "309", "fullId": "http://purl.bioontology.org/ontology/MSH/D017374", "preferredName": "Paroxetine"}, {"semTypes": ["T999"], "to": "11433", "fro": "11423", "fullId": "http://purl.bioontology.org/ontology/RXNORM/8331", "preferredName": "Pimozide"}, {"semTypes": ["T999"], "to": "2689", "fro": "2682", "fullId": "http://purl.bioontology.org/ontology/MSH/D010868", "preferredName": "Pimozide"}, {"semTypes": ["T121", "T109"], "to": "7246", "fro": "7237", "fullId": "http://purl.bioontology.org/ontology/MSH/D017374", "preferredName": "Paroxetine"}, {"semTypes": ["T121", "T109"], "to": "2700", "fro": "2692", "fullId": "http://purl.bioontology.org/ontology/RXNORM/38400", "preferredName": "atomoxetine"}, {"semTypes": ["T999"], "to": "8498", "fro": "8490", "fullId": "http://purl.bioontology.org/ontology/RXNORM/32937", "preferredName": "Paroxetine"}, {"semTypes": ["T999"], "to": "13265", "fro": "13255", "fullId": "http://purl.bioontology.org/ontology/RXNORM/32937", "preferredName": "Paroxetine"}, {"semTypes": ["T121", "T109"], "to": "11408", "fro": "11396", "fullId": "http://purl.bioontology.org/ontology/MSH/D010868", "preferredName": "Pimozide"}, {"semTypes": ["T109", "T121"], "to": "13525", "fro": "13515", "fullId": "http://purl.bioontology.org/ontology/RXNORM/32937", "preferredName": "Paroxetine"}, {"semTypes": ["T999"], "to": "18509", "fro": "18500", "fullId": "http://purl.bioontology.org/ontology/MSH/D017374", "preferredName": "Paroxetine"}, {"semTypes": ["T109", "T121"], "to": "10369", "fro": "10359", "fullId": "http://purl.bioontology.org/ontology/RXNORM/32937", "preferredName": "Paroxetine"}, {"semTypes": ["T999"], "to": "4940", "fro": "4933", "fullId": "http://purl.bioontology.org/ontology/RXNORM/8331", "preferredName": "Pimozide"}, {"semTypes": ["T999"], "to": "5859", "fro": "5850", "fullId": "http://purl.bioontology.org/ontology/MSH/D017374", "preferredName": "Paroxetine"}, {"semTypes": ["T999"], "to": "496", "fro": "487", "fullId": "http://purl.bioontology.org/ontology/RXNORM/32937", "preferredName": "Paroxetine"}, {"semTypes": ["T109", "T121"], "to": "20363", "fro": "20355", "fullId": "http://purl.bioontology.org/ontology/MSH/C041930", "preferredName": "atomoxetine"}, {"semTypes": ["T121", "T109"], "to": "19268", "fro": "19259", "fullId": "http://purl.bioontology.org/ontology/MSH/D017374", "preferredName": "Paroxetine"}, {"semTypes": ["T121", "T109"], "to": "9880", "fro": "9871", "fullId": "http://purl.bioontology.org/ontology/MSH/D017374", "preferredName": "Paroxetine"}, {"semTypes": ["T999"], "to": "19351", "fro": "19342", "fullId": "http://purl.bioontology.org/ontology/MSH/D017374", "preferredName": "Paroxetine"}, {"semTypes": ["T121", "T109"], "to": "13250", "fro": "13241", "fullId": "http://purl.bioontology.org/ontology/MSH/D017374", "preferredName": "Paroxetine"}, {"semTypes": ["T116", "T123", "T121"], "to": "496", "fro": "487", "fullId": "http://purl.bioontology.org/ontology/RXNORM/32937", "preferredName": "Paroxetine"}, {"semTypes": ["T999"], "to": "1578", "fro": "1569", "fullId": "http://purl.bioontology.org/ontology/MSH/D017374", "preferredName": "Paroxetine"}, {"semTypes": ["T109", "T121"], "to": "9758", "fro": "9748", "fullId": "http://purl.bioontology.org/ontology/MSH/D010868", "preferredName": "Pimozide"}, {"semTypes": ["T200"], "to": "10508", "fro": "10493", "fullId": "http://purl.bioontology.org/ontology/RXNORM/8331", "preferredName": "Pimozide"}, {"semTypes": ["T121", "T109"], "to": "9635", "fro": "9626", "fullId": "http://purl.bioontology.org/ontology/MSH/D017374", "preferredName": "Paroxetine"}, {"semTypes": ["T121", "T109"], "to": "13643", "fro": "13634", "fullId": "http://purl.bioontology.org/ontology/MSH/D017374", "preferredName": "Paroxetine"}, {"semTypes": ["T109", "T121"], "to": "8434", "fro": "8426", "fullId": "http://purl.bioontology.org/ontology/RXNORM/32937", "preferredName": "Paroxetine"}, {"semTypes": ["T999"], "to": "7338", "fro": "7329", "fullId": "http://purl.bioontology.org/ontology/MSH/D017374", "preferredName": "Paroxetine"}, {"semTypes": ["T109", "T121"], "to": "11393", "fro": "11381", "fullId": "http://purl.bioontology.org/ontology/RXNORM/8331", "preferredName": "Pimozide"}, {"semTypes": ["T999"], "to": "17568", "fro": "17562", "fullId": "http://purl.bioontology.org/ontology/RXNORM/32937", "preferredName": "Paroxetine"}, {"semTypes": ["T121", "T109"], "to": "2988", "fro": "2979", "fullId": "http://purl.bioontology.org/ontology/MSH/D017374", "preferredName": "Paroxetine"}, {"semTypes": ["T109", "T121"], "to": "19097", "fro": "19087", "fullId": "http://purl.bioontology.org/ontology/RXNORM/32937", "preferredName": "Paroxetine"}, {"semTypes": ["T999"], "to": "11601", "fro": "11593", "fullId": "http://purl.bioontology.org/ontology/MSH/D014859", "preferredName": "Warfarin"}, {"semTypes": ["T999"], "to": "20895", "fro": "20886", "fullId": "http://purl.bioontology.org/ontology/MSH/D017374", "preferredName": "Paroxetine"}, {"semTypes": ["T999"], "to": "3202", "fro": "3193", "fullId": "http://purl.bioontology.org/ontology/RXNORM/32937", "preferredName": "Paroxetine"}, {"semTypes": ["T999"], "to": "8379", "fro": "8370", "fullId": "http://purl.bioontology.org/ontology/MSH/D017374", "preferredName": "Paroxetine"}, {"semTypes": ["T121", "T109"], "to": "1706", "fro": "1699", "fullId": "http://purl.bioontology.org/ontology/RXNORM/32937", "preferredName": "Paroxetine"}, {"semTypes": ["T999"], "to": "6715", "fro": "6706", "fullId": "http://purl.bioontology.org/ontology/MSH/D017374", "preferredName": "Paroxetine"}, {"semTypes": ["T121", "T109"], "to": "17022", "fro": "17013", "fullId": "http://purl.bioontology.org/ontology/MSH/D017374", "preferredName": "Paroxetine"}, {"semTypes": ["T999"], "to": "9635", "fro": "9626", "fullId": "http://purl.bioontology.org/ontology/MSH/D017374", "preferredName": "Paroxetine"}, {"semTypes": ["T999"], "to": "18126", "fro": "18117", "fullId": "http://purl.bioontology.org/ontology/MSH/D017374", "preferredName": "Paroxetine"}, {"semTypes": ["T999"], "to": "11813", "fro": "11802", "fullId": "http://purl.bioontology.org/ontology/RXNORM/32937", "preferredName": "Paroxetine"}, {"semTypes": ["T121", "T109"], "to": "10929", "fro": "10920", "fullId": "http://purl.bioontology.org/ontology/MSH/D017374", "preferredName": "Paroxetine"}, {"semTypes": ["T121", "T109"], "to": "12152", "fro": "12143", "fullId": "http://purl.bioontology.org/ontology/MSH/D017374", "preferredName": "Paroxetine"}, {"semTypes": ["T999"], "to": "10809", "fro": "10799", "fullId": "http://purl.bioontology.org/ontology/RXNORM/32937", "preferredName": "Paroxetine"}, {"semTypes": ["T121", "T109"], "to": "9897", "fro": "9887", "fullId": "http://purl.bioontology.org/ontology/RXNORM/32937", "preferredName": "Paroxetine"}, {"semTypes": ["T118", "T121", "T110"], "to": "17384", "fro": "17378", "fullId": "http://purl.bioontology.org/ontology/RXNORM/32937", "preferredName": "Paroxetine"}, {"semTypes": ["T121", "T109"], "to": "11420", "fro": "11411", "fullId": "http://purl.bioontology.org/ontology/MSH/D010868", "preferredName": "Pimozide"}, {"semTypes": ["T121", "T109"], "to": "15196", "fro": "15187", "fullId": "http://purl.bioontology.org/ontology/MSH/D017374", "preferredName": "Paroxetine"}, {"semTypes": ["T109", "T121"], "to": "10759", "fro": "10749", "fullId": "http://purl.bioontology.org/ontology/RXNORM/32937", "preferredName": "Paroxetine"}, {"semTypes": ["T999"], "to": "11466", "fro": "11453", "fullId": "http://purl.bioontology.org/ontology/MSH/D010868", "preferredName": "Pimozide"}, {"semTypes": ["T999"], "to": "4319", "fro": "4310", "fullId": "http://purl.bioontology.org/ontology/MSH/D017374", "preferredName": "Paroxetine"}, {"semTypes": ["T121", "T109"], "to": "20379", "fro": "20370", "fullId": "http://purl.bioontology.org/ontology/MSH/D017374", "preferredName": "Paroxetine"}, {"semTypes": ["T999"], "to": "13774", "fro": "13765", "fullId": "http://purl.bioontology.org/ontology/MSH/D017374", "preferredName": "Paroxetine"}, {"semTypes": ["T121", "T109"], "to": "11145", "fro": "11136", "fullId": "http://purl.bioontology.org/ontology/MSH/D017374", "preferredName": "Paroxetine"}, {"semTypes": ["T118", "T121", "T110"], "to": "17735", "fro": "17729", "fullId": "http://purl.bioontology.org/ontology/RXNORM/32937", "preferredName": "Paroxetine"}, {"semTypes": ["T109", "T121"], "to": "11554", "fro": "11546", "fullId": "http://purl.bioontology.org/ontology/MSH/C041930", "preferredName": "atomoxetine"}, {"semTypes": ["T121", "T109", "T123"], "to": "19963", "fro": "19952", "fullId": "http://purl.bioontology.org/ontology/RXNORM/32937", "preferredName": "Paroxetine"}, {"semTypes": ["T109", "T121"], "to": "7981", "fro": "7973", "fullId": "http://purl.bioontology.org/ontology/RXNORM/32937", "preferredName": "Paroxetine"}, {"semTypes": ["T999"], "to": "13577", "fro": "13566", "fullId": "http://purl.bioontology.org/ontology/RXNORM/11289", "preferredName": "Warfarin"}, {"semTypes": ["T109", "T121"], "to": "10562", "fro": "10552", "fullId": "http://purl.bioontology.org/ontology/MSH/D017374", "preferredName": "Paroxetine"}, {"semTypes": ["T109", "T121"], "to": "20250", "fro": "20238", "fullId": "http://purl.bioontology.org/ontology/MSH/D010868", "preferredName": "Pimozide"}, {"semTypes": ["T121", "T109"], "to": "14961", "fro": "14952", "fullId": "http://purl.bioontology.org/ontology/MSH/D017374", "preferredName": "Paroxetine"}, {"semTypes": ["T109", "T121"], "to": "10865", "fro": "10855", "fullId": "http://purl.bioontology.org/ontology/RXNORM/32937", "preferredName": "Paroxetine"}, {"semTypes": ["T121", "T109"], "to": "12466", "fro": "12457", "fullId": "http://purl.bioontology.org/ontology/MSH/D017374", "preferredName": "Paroxetine"}, {"semTypes": ["T999"], "to": "8114", "fro": "8106", "fullId": "http://purl.bioontology.org/ontology/RXNORM/32937", "preferredName": "Paroxetine"}, {"semTypes": ["T109", "T121"], "to": "13695", "fro": "13685", "fullId": "http://purl.bioontology.org/ontology/RXNORM/32937", "preferredName": "Paroxetine"}, {"semTypes": ["T121", "T109"], "to": "14262", "fro": "14253", "fullId": "http://purl.bioontology.org/ontology/MSH/D017374", "preferredName": "Paroxetine"}, {"semTypes": ["T999"], "to": "10759", "fro": "10749", "fullId": "http://purl.bioontology.org/ontology/RXNORM/32937", "preferredName": "Paroxetine"}, {"semTypes": ["T999"], "to": "16653", "fro": "16644", "fullId": "http://purl.bioontology.org/ontology/MSH/D017374", "preferredName": "Paroxetine"}, {"semTypes": ["T121", "T109"], "to": "5136", "fro": "5127", "fullId": "http://purl.bioontology.org/ontology/MSH/D017374", "preferredName": "Paroxetine"}, {"semTypes": ["T121", "T109"], "to": "6404", "fro": "6395", "fullId": "http://purl.bioontology.org/ontology/MSH/D017374", "preferredName": "Paroxetine"}, {"semTypes": ["T999"], "to": "1801", "fro": "1794", "fullId": "http://purl.bioontology.org/ontology/RXNORM/32937", "preferredName": "Paroxetine"}, {"semTypes": ["T121", "T109"], "to": "6157", "fro": "6148", "fullId": "http://purl.bioontology.org/ontology/RXNORM/32937", "preferredName": "Paroxetine"}, {"semTypes": ["T121", "T109"], "to": "13337", "fro": "13326", "fullId": "http://purl.bioontology.org/ontology/MSH/D010868", "preferredName": "Pimozide"}, {"semTypes": ["T999"], "to": "17990", "fro": "17983", "fullId": "http://purl.bioontology.org/ontology/RXNORM/32937", "preferredName": "Paroxetine"}, {"semTypes": ["T999"], "to": "11449", "fro": "11440", "fullId": "http://purl.bioontology.org/ontology/MSH/C041930", "preferredName": "atomoxetine"}, {"semTypes": ["T999"], "to": "12270", "fro": "12262", "fullId": "http://purl.bioontology.org/ontology/RXNORM/8331", "preferredName": "Pimozide"}, {"semTypes": ["T999"], "to": "10694", "fro": "10684", "fullId": "http://purl.bioontology.org/ontology/RXNORM/32937", "preferredName": "Paroxetine"}, {"semTypes": ["T121", "T109"], "to": "8171", "fro": "8162", "fullId": "http://purl.bioontology.org/ontology/MSH/D017374", "preferredName": "Paroxetine"}, {"semTypes": ["T116", "T123", "T121"], "to": "333", "fro": "324", "fullId": "http://purl.bioontology.org/ontology/RXNORM/32937", "preferredName": "Paroxetine"}, {"semTypes": ["T121", "T109"], "to": "7155", "fro": "7146", "fullId": "http://purl.bioontology.org/ontology/MSH/D017374", "preferredName": "Paroxetine"}, {"semTypes": ["T109", "T121"], "to": "8114", "fro": "8106", "fullId": "http://purl.bioontology.org/ontology/RXNORM/32937", "preferredName": "Paroxetine"}, {"semTypes": ["T999"], "to": "11420", "fro": "11411", "fullId": "http://purl.bioontology.org/ontology/MSH/D010868", "preferredName": "Pimozide"}, {"semTypes": ["T999"], "to": "20260", "fro": "20252", "fullId": "http://purl.bioontology.org/ontology/RXNORM/38400", "preferredName": "atomoxetine"}, {"semTypes": ["T121", "T109"], "to": "17723", "fro": "17714", "fullId": "http://purl.bioontology.org/ontology/MSH/D017374", "preferredName": "Paroxetine"}, {"semTypes": ["T121", "T109"], "to": "11601", "fro": "11593", "fullId": "http://purl.bioontology.org/ontology/RXNORM/8331", "preferredName": "Pimozide"}, {"semTypes": ["T121", "T109"], "to": "1997", "fro": "1990", "fullId": "http://purl.bioontology.org/ontology/RXNORM/32937", "preferredName": "Paroxetine"}, {"semTypes": ["T999"], "to": "2578", "fro": "2569", "fullId": "http://purl.bioontology.org/ontology/MSH/D017374", "preferredName": "Paroxetine"}, {"semTypes": ["T999"], "to": "8263", "fro": "8254", "fullId": "http://purl.bioontology.org/ontology/MSH/D017374", "preferredName": "Paroxetine"}, {"semTypes": ["T121", "T109"], "to": "13165", "fro": "13156", "fullId": "http://purl.bioontology.org/ontology/MSH/D017374", "preferredName": "Paroxetine"}, {"semTypes": ["T121", "T109"], "to": "14449", "fro": "14440", "fullId": "http://purl.bioontology.org/ontology/MSH/D017374", "preferredName": "Paroxetine"}, {"semTypes": ["T109", "T121"], "to": "18767", "fro": "18756", "fullId": "http://purl.bioontology.org/ontology/RXNORM/32937", "preferredName": "Paroxetine"}, {"semTypes": ["T109", "T121"], "to": "18174", "fro": "18167", "fullId": "http://purl.bioontology.org/ontology/RXNORM/32937", "preferredName": "Paroxetine"}, {"semTypes": ["T121", "T109"], "to": "6227", "fro": "6218", "fullId": "http://purl.bioontology.org/ontology/RXNORM/32937", "preferredName": "Paroxetine"}, {"semTypes": ["T121", "T109"], "to": "1578", "fro": "1569", "fullId": "http://purl.bioontology.org/ontology/MSH/D017374", "preferredName": "Paroxetine"}, {"semTypes": ["T109", "T121"], "to": "15496", "fro": "15490", "fullId": "http://purl.bioontology.org/ontology/MSH/D010868", "preferredName": "Pimozide"}, {"semTypes": ["T109", "T121"], "to": "13181", "fro": "13171", "fullId": "http://purl.bioontology.org/ontology/RXNORM/32937", "preferredName": "Paroxetine"}, {"semTypes": ["T999"], "to": "16097", "fro": "16090", "fullId": "http://purl.bioontology.org/ontology/RXNORM/32937", "preferredName": "Paroxetine"}, {"semTypes": ["T121", "T109"], "to": "9334", "fro": "9325", "fullId": "http://purl.bioontology.org/ontology/MSH/D017374", "preferredName": "Paroxetine"}, {"semTypes": ["T109", "T121"], "to": "8498", "fro": "8490", "fullId": "http://purl.bioontology.org/ontology/RXNORM/32937", "preferredName": "Paroxetine"}, {"semTypes": ["T109", "T121"], "to": "11539", "fro": "11530", "fullId": "http://purl.bioontology.org/ontology/MSH/D010868", "preferredName": "Pimozide"}, {"semTypes": ["T121", "T109"], "to": "16506", "fro": "16497", "fullId": "http://purl.bioontology.org/ontology/MSH/D017374", "preferredName": "Paroxetine"}, {"semTypes": ["T109", "T121"], "to": "13265", "fro": "13255", "fullId": "http://purl.bioontology.org/ontology/RXNORM/32937", "preferredName": "Paroxetine"}, {"semTypes": ["T109", "T121"], "to": "3631", "fro": "3620", "fullId": "http://purl.bioontology.org/ontology/RXNORM/32937", "preferredName": "Paroxetine"}, {"semTypes": ["T999"], "to": "9485", "fro": "9476", "fullId": "http://purl.bioontology.org/ontology/MSH/D017374", "preferredName": "Paroxetine"}, {"semTypes": ["T121", "T109"], "to": "17134", "fro": "17125", "fullId": "http://purl.bioontology.org/ontology/MSH/D017374", "preferredName": "Paroxetine"}, {"semTypes": ["T121", "T109", "T131"], "to": "15510", "fro": "15503", "fullId": "http://purl.bioontology.org/ontology/RXNORM/32937", "preferredName": "Paroxetine"}, {"semTypes": ["T121", "T109"], "to": "7383", "fro": "7374", "fullId": "http://purl.bioontology.org/ontology/MSH/D017374", "preferredName": "Paroxetine"}, {"semTypes": ["T999"], "to": "604", "fro": "595", "fullId": "http://purl.bioontology.org/ontology/RXNORM/32937", "preferredName": "Paroxetine"}, {"semTypes": ["T999"], "to": "13559", "fro": "13551", "fullId": "http://purl.bioontology.org/ontology/MSH/D010868", "preferredName": "Pimozide"}, {"semTypes": ["T109", "T121"], "to": "19337", "fro": "19327", "fullId": "http://purl.bioontology.org/ontology/RXNORM/32937", "preferredName": "Paroxetine"}, {"semTypes": ["T121", "T109"], "to": "20431", "fro": "20422", "fullId": "http://purl.bioontology.org/ontology/MSH/D017374", "preferredName": "Paroxetine"}, {"semTypes": ["T999"], "to": "10025", "fro": "10015", "fullId": "http://purl.bioontology.org/ontology/RXNORM/32937", "preferredName": "Paroxetine"}, {"semTypes": ["T999"], "to": "1659", "fro": "1652", "fullId": "http://purl.bioontology.org/ontology/RXNORM/32937", "preferredName": "Paroxetine"}, {"semTypes": ["T999"], "to": "20250", "fro": "20238", "fullId": "http://purl.bioontology.org/ontology/MSH/C041930", "preferredName": "atomoxetine"}, {"semTypes": ["T121", "T109", "T131"], "to": "4434", "fro": "4427", "fullId": "http://purl.bioontology.org/ontology/RXNORM/32937", "preferredName": "Paroxetine"}, {"semTypes": ["T121", "T109"], "to": "17491", "fro": "17482", "fullId": "http://purl.bioontology.org/ontology/MSH/D017374", "preferredName": "Paroxetine"}, {"semTypes": ["T121", "T109"], "to": "7189", "fro": "7177", "fullId": "http://purl.bioontology.org/ontology/RXNORM/32937", "preferredName": "Paroxetine"}, {"semTypes": ["T121", "T109"], "to": "4319", "fro": "4310", "fullId": "http://purl.bioontology.org/ontology/MSH/D017374", "preferredName": "Paroxetine"}, {"semTypes": ["T999"], "to": "17384", "fro": "17378", "fullId": "http://purl.bioontology.org/ontology/RXNORM/32937", "preferredName": "Paroxetine"}, {"semTypes": ["T999"], "to": "12229", "fro": "12221", "fullId": "http://purl.bioontology.org/ontology/MSH/D014859", "preferredName": "Warfarin"}, {"semTypes": ["T999"], "to": "16506", "fro": "16497", "fullId": "http://purl.bioontology.org/ontology/MSH/D017374", "preferredName": "Paroxetine"}, {"semTypes": ["T121", "T109"], "to": "12061", "fro": "12053", "fullId": "http://purl.bioontology.org/ontology/RXNORM/38400", "preferredName": "atomoxetine"}, {"semTypes": ["T999"], "to": "543", "fro": "534", "fullId": "http://purl.bioontology.org/ontology/MSH/D017374", "preferredName": "Paroxetine"}, {"semTypes": ["T121", "T109"], "to": "19853", "fro": "19844", "fullId": "http://purl.bioontology.org/ontology/MSH/D017374", "preferredName": "Paroxetine"}, {"semTypes": ["T999"], "to": "4332", "fro": "4325", "fullId": "http://purl.bioontology.org/ontology/RXNORM/32937", "preferredName": "Paroxetine"}, {"semTypes": ["T999"], "to": "4434", "fro": "4427", "fullId": "http://purl.bioontology.org/ontology/RXNORM/32937", "preferredName": "Paroxetine"}, {"semTypes": ["T109", "T121"], "to": "18418", "fro": "18407", "fullId": "http://purl.bioontology.org/ontology/RXNORM/32937", "preferredName": "Paroxetine"}, {"semTypes": ["T121", "T109"], "to": "13774", "fro": "13765", "fullId": "http://purl.bioontology.org/ontology/MSH/D017374", "preferredName": "Paroxetine"}, {"semTypes": ["T121", "T109", "T123"], "to": "19804", "fro": "19793", "fullId": "http://purl.bioontology.org/ontology/RXNORM/32937", "preferredName": "Paroxetine"}, {"semTypes": ["T999"], "to": "1756", "fro": "1749", "fullId": "http://purl.bioontology.org/ontology/RXNORM/32937", "preferredName": "Paroxetine"}, {"semTypes": ["T121", "T109", "T131"], "to": "16126", "fro": "16119", "fullId": "http://purl.bioontology.org/ontology/RXNORM/32937", "preferredName": "Paroxetine"}, {"semTypes": ["T121", "T109"], "to": "318", "fro": "309", "fullId": "http://purl.bioontology.org/ontology/MSH/D017374", "preferredName": "Paroxetine"}, {"semTypes": ["T121", "T109"], "to": "543", "fro": "534", "fullId": "http://purl.bioontology.org/ontology/MSH/D017374", "preferredName": "Paroxetine"}, {"semTypes": ["T999"], "to": "10093", "fro": "10083", "fullId": "http://purl.bioontology.org/ontology/RXNORM/32937", "preferredName": "Paroxetine"}, {"semTypes": ["T999"], "to": "13695", "fro": "13685", "fullId": "http://purl.bioontology.org/ontology/RXNORM/32937", "preferredName": "Paroxetine"}, {"semTypes": ["T999"], "to": "6157", "fro": "6148", "fullId": "http://purl.bioontology.org/ontology/RXNORM/32937", "preferredName": "Paroxetine"}, {"semTypes": ["T999"], "to": "2988", "fro": "2979", "fullId": "http://purl.bioontology.org/ontology/MSH/D017374", "preferredName": "Paroxetine"}, {"semTypes": ["T999"], "to": "3020", "fro": "3012", "fullId": "http://purl.bioontology.org/ontology/MSH/C041930", "preferredName": "atomoxetine"}, {"semTypes": ["T121", "T109"], "to": "6715", "fro": "6706", "fullId": "http://purl.bioontology.org/ontology/MSH/D017374", "preferredName": "Paroxetine"}, {"semTypes": ["T121", "T109"], "to": "10254", "fro": "10244", "fullId": "http://purl.bioontology.org/ontology/RXNORM/32937", "preferredName": "Paroxetine"}, {"semTypes": ["T121", "T109"], "to": "6988", "fro": "6976", "fullId": "http://purl.bioontology.org/ontology/RXNORM/32937", "preferredName": "Paroxetine"}, {"semTypes": ["T118", "T121", "T110"], "to": "17568", "fro": "17562", "fullId": "http://purl.bioontology.org/ontology/RXNORM/32937", "preferredName": "Paroxetine"}, {"semTypes": ["T121", "T109"], "to": "10330", "fro": "10321", "fullId": "http://purl.bioontology.org/ontology/MSH/D017374", "preferredName": "Paroxetine"}, {"semTypes": ["T109", "T121"], "to": "15926", "fro": "15920", "fullId": "http://purl.bioontology.org/ontology/RXNORM/38400", "preferredName": "atomoxetine"}, {"semTypes": ["T109", "T121"], "to": "11813", "fro": "11802", "fullId": "http://purl.bioontology.org/ontology/RXNORM/32937", "preferredName": "Paroxetine"}, {"semTypes": ["T999"], "to": "19853", "fro": "19844", "fullId": "http://purl.bioontology.org/ontology/MSH/D017374", "preferredName": "Paroxetine"}, {"semTypes": ["T109", "T121"], "to": "10694", "fro": "10684", "fullId": "http://purl.bioontology.org/ontology/RXNORM/32937", "preferredName": "Paroxetine"}, {"semTypes": ["T121", "T109"], "to": "12270", "fro": "12262", "fullId": "http://purl.bioontology.org/ontology/MSH/C041930", "preferredName": "atomoxetine"}, {"semTypes": ["T999"], "to": "9897", "fro": "9887", "fullId": "http://purl.bioontology.org/ontology/RXNORM/32937", "preferredName": "Paroxetine"}, {"semTypes": ["T121", "T109"], "to": "588", "fro": "579", "fullId": "http://purl.bioontology.org/ontology/MSH/D017374", "preferredName": "Paroxetine"}, {"semTypes": ["T121", "T109"], "to": "7338", "fro": "7329", "fullId": "http://purl.bioontology.org/ontology/MSH/D017374", "preferredName": "Paroxetine"}, {"semTypes": ["T121", "T109"], "to": "10025", "fro": "10015", "fullId": "http://purl.bioontology.org/ontology/RXNORM/32937", "preferredName": "Paroxetine"}, {"semTypes": ["T999"], "to": "1013", "fro": "986", "fullId": "http://purl.bioontology.org/ontology/RXNORM/8331", "preferredName": "Pimozide"}, {"semTypes": ["T999"], "to": "15196", "fro": "15187", "fullId": "http://purl.bioontology.org/ontology/MSH/D017374", "preferredName": "Paroxetine"}, {"semTypes": ["T121", "T109"], "to": "14282", "fro": "14273", "fullId": "http://purl.bioontology.org/ontology/MSH/D017374", "preferredName": "Paroxetine"}, {"semTypes": ["T121", "T109"], "to": "11237", "fro": "11228", "fullId": "http://purl.bioontology.org/ontology/MSH/D017374", "preferredName": "Paroxetine"}, {"semTypes": ["T200"], "to": "9987", "fro": "9972", "fullId": "http://purl.bioontology.org/ontology/MSH/C041930", "preferredName": "atomoxetine"}, {"semTypes": ["T999"], "to": "19337", "fro": "19327", "fullId": "http://purl.bioontology.org/ontology/RXNORM/32937", "preferredName": "Paroxetine"}, {"semTypes": ["T109", "T121"], "to": "10809", "fro": "10799", "fullId": "http://purl.bioontology.org/ontology/RXNORM/32937", "preferredName": "Paroxetine"}, {"semTypes": ["T121", "T109"], "to": "11449", "fro": "11440", "fullId": "http://purl.bioontology.org/ontology/RXNORM/11289", "preferredName": "Warfarin"}, {"semTypes": ["T999"], "to": "10865", "fro": "10855", "fullId": "http://purl.bioontology.org/ontology/RXNORM/32937", "preferredName": "Paroxetine"}, {"semTypes": ["T121", "T109"], "to": "13559", "fro": "13551", "fullId": "http://purl.bioontology.org/ontology/RXNORM/38400", "preferredName": "atomoxetine"}, {"semTypes": ["T121", "T109"], "to": "14897", "fro": "14888", "fullId": "http://purl.bioontology.org/ontology/MSH/D017374", "preferredName": "Paroxetine"}, {"semTypes": ["T999"], "to": "13525", "fro": "13515", "fullId": "http://purl.bioontology.org/ontology/RXNORM/32937", "preferredName": "Paroxetine"}, {"semTypes": ["T999"], "to": "11408", "fro": "11396", "fullId": "http://purl.bioontology.org/ontology/RXNORM/8331", "preferredName": "Pimozide"}, {"semTypes": ["T999"], "to": "6227", "fro": "6218", "fullId": "http://purl.bioontology.org/ontology/RXNORM/32937", "preferredName": "Paroxetine"}, {"semTypes": ["T121", "T109"], "to": "1756", "fro": "1749", "fullId": "http://purl.bioontology.org/ontology/RXNORM/32937", "preferredName": "Paroxetine"}, {"semTypes": ["T121", "T109"], "to": "18162", "fro": "18153", "fullId": "http://purl.bioontology.org/ontology/MSH/D017374", "preferredName": "Paroxetine"}, {"semTypes": ["T999"], "to": "333", "fro": "324", "fullId": "http://purl.bioontology.org/ontology/RXNORM/32937", "preferredName": "Paroxetine"}, {"semTypes": ["T121", "T109"], "to": "2578", "fro": "2569", "fullId": "http://purl.bioontology.org/ontology/MSH/D017374", "preferredName": "Paroxetine"}, {"semTypes": ["T121", "T109"], "to": "13537", "fro": "13528", "fullId": "http://purl.bioontology.org/ontology/RXNORM/38400", "preferredName": "atomoxetine"}, {"semTypes": ["T999"], "to": "3164", "fro": "3155", "fullId": "http://purl.bioontology.org/ontology/MSH/D017374", "preferredName": "Paroxetine"}, {"semTypes": ["T999"], "to": "19097", "fro": "19087", "fullId": "http://purl.bioontology.org/ontology/RXNORM/32937", "preferredName": "Paroxetine"}, {"semTypes": ["T121", "T109"], "to": "4421", "fro": "4412", "fullId": "http://purl.bioontology.org/ontology/MSH/D017374", "preferredName": "Paroxetine"}, {"semTypes": ["T121", "T109"], "to": "7400", "fro": "7388", "fullId": "http://purl.bioontology.org/ontology/RXNORM/32937", "preferredName": "Paroxetine"}, {"semTypes": ["T121", "T109"], "to": "3164", "fro": "3155", "fullId": "http://purl.bioontology.org/ontology/MSH/D017374", "preferredName": "Paroxetine"}, {"semTypes": ["T999"], "to": "2776", "fro": "2769", "fullId": "http://purl.bioontology.org/ontology/MSH/D014859", "preferredName": "Warfarin"}, {"semTypes": ["T121", "T109"], "to": "10093", "fro": "10083", "fullId": "http://purl.bioontology.org/ontology/RXNORM/32937", "preferredName": "Paroxetine"}, {"semTypes": ["T121", "T109"], "to": "19351", "fro": "19342", "fullId": "http://purl.bioontology.org/ontology/MSH/D017374", "preferredName": "Paroxetine"}, {"semTypes": ["T999"], "to": "18598", "fro": "18587", "fullId": "http://purl.bioontology.org/ontology/RXNORM/32937", "preferredName": "Paroxetine"}, {"semTypes": ["T999"], "to": "13337", "fro": "13326", "fullId": "http://purl.bioontology.org/ontology/RXNORM/38400", "preferredName": "atomoxetine"}, {"semTypes": ["T109", "T121"], "to": "11433", "fro": "11423", "fullId": "http://purl.bioontology.org/ontology/RXNORM/38400", "preferredName": "atomoxetine"}, {"semTypes": ["T109", "T121"], "to": "17990", "fro": "17983", "fullId": "http://purl.bioontology.org/ontology/RXNORM/32937", "preferredName": "Paroxetine"}, {"semTypes": ["T999"], "to": "1997", "fro": "1990", "fullId": "http://purl.bioontology.org/ontology/RXNORM/32937", "preferredName": "Paroxetine"}, {"semTypes": ["T121", "T109"], "to": "1871", "fro": "1862", "fullId": "http://purl.bioontology.org/ontology/MSH/D017374", "preferredName": "Paroxetine"}, {"semTypes": ["T999"], "to": "15926", "fro": "15920", "fullId": "http://purl.bioontology.org/ontology/RXNORM/32937", "preferredName": "Paroxetine"}, {"semTypes": ["T999"], "to": "15510", "fro": "15503", "fullId": "http://purl.bioontology.org/ontology/RXNORM/32937", "preferredName": "Paroxetine"}, {"semTypes": ["T121", "T109"], "to": "11825", "fro": "11816", "fullId": "http://purl.bioontology.org/ontology/MSH/D017374", "preferredName": "Paroxetine"}, {"semTypes": ["T999"], "to": "10991", "fro": "10982", "fullId": "http://purl.bioontology.org/ontology/MSH/D017374", "preferredName": "Paroxetine"}, {"semTypes": ["T999"], "to": "3340", "fro": "3331", "fullId": "http://purl.bioontology.org/ontology/RXNORM/32937", "preferredName": "Paroxetine"}, {"semTypes": ["T999"], "to": "13430", "fro": "13421", "fullId": "http://purl.bioontology.org/ontology/MSH/D017374", "preferredName": "Paroxetine"}, {"semTypes": ["T121", "T109"], "to": "6306", "fro": "6297", "fullId": "http://purl.bioontology.org/ontology/MSH/D017374", "preferredName": "Paroxetine"}, {"semTypes": ["T999"], "to": "11842", "fro": "11831", "fullId": "http://purl.bioontology.org/ontology/RXNORM/32937", "preferredName": "Paroxetine"}, {"semTypes": ["T999"], "to": "15496", "fro": "15490", "fullId": "http://purl.bioontology.org/ontology/RXNORM/8331", "preferredName": "Pimozide"}, {"semTypes": ["T121", "T109"], "to": "20895", "fro": "20886", "fullId": "http://purl.bioontology.org/ontology/MSH/D017374", "preferredName": "Paroxetine"}, {"semTypes": ["T121", "T109"], "to": "8263", "fro": "8254", "fullId": "http://purl.bioontology.org/ontology/MSH/D017374", "preferredName": "Paroxetine"}, {"semTypes": ["T121", "T109"], "to": "7061", "fro": "7049", "fullId": "http://purl.bioontology.org/ontology/RXNORM/32937", "preferredName": "Paroxetine"}, {"semTypes": ["T999"], "to": "6729", "fro": "6720", "fullId": "http://purl.bioontology.org/ontology/RXNORM/32937", "preferredName": "Paroxetine"}, {"semTypes": ["T121", "T109"], "to": "2776", "fro": "2769", "fullId": "http://purl.bioontology.org/ontology/RXNORM/8331", "preferredName": "Pimozide"}, {"semTypes": ["T109", "T121"], "to": "18682", "fro": "18671", "fullId": "http://purl.bioontology.org/ontology/RXNORM/32937", "preferredName": "Paroxetine"}, {"semTypes": ["T999"], "to": "180", "fro": "171", "fullId": "http://purl.bioontology.org/ontology/RXNORM/32937", "preferredName": "Paroxetine"}, {"semTypes": ["T121", "T109"], "to": "16180", "fro": "16171", "fullId": "http://purl.bioontology.org/ontology/MSH/D017374", "preferredName": "Paroxetine"}, {"semTypes": ["T109", "T121"], "to": "10633", "fro": "10623", "fullId": "http://purl.bioontology.org/ontology/RXNORM/32937", "preferredName": "Paroxetine"}, {"semTypes": ["T121", "T116"], "to": "13577", "fro": "13566", "fullId": "http://purl.bioontology.org/ontology/MSH/C041930", "preferredName": "atomoxetine"}]