[{"semTypes": ["T121", "T109"], "to": "4785", "fro": "4776", "fullId": "http://purl.bioontology.org/ontology/MSH/D009853", "preferredName": "Omeprazole"}, {"semTypes": ["T109", "T121"], "to": "1620", "fro": "1609", "fullId": "http://purl.bioontology.org/ontology/RXNORM/343047", "preferredName": "Atazanavir"}, {"semTypes": ["T999"], "to": "3288", "fro": "3279", "fullId": "http://purl.bioontology.org/ontology/MSH/D009853", "preferredName": "Omeprazole"}, {"semTypes": ["T999"], "to": "3020", "fro": "3011", "fullId": "http://purl.bioontology.org/ontology/MSH/D009853", "preferredName": "Omeprazole"}, {"semTypes": ["T121", "T109"], "to": "3139", "fro": "3130", "fullId": "http://purl.bioontology.org/ontology/MSH/D009853", "preferredName": "Omeprazole"}, {"semTypes": ["T121", "T109"], "to": "404", "fro": "393", "fullId": "http://purl.bioontology.org/ontology/RXNORM/134527", "preferredName": "Nelfinavir"}, {"semTypes": ["T121", "T109"], "to": "2836", "fro": "2827", "fullId": "http://purl.bioontology.org/ontology/RXNORM/7646", "preferredName": "Omeprazole"}, {"semTypes": ["T999"], "to": "1373", "fro": "1362", "fullId": "http://purl.bioontology.org/ontology/RXNORM/343047", "preferredName": "Atazanavir"}, {"semTypes": ["T121", "T109"], "to": "5441", "fro": "5432", "fullId": "http://purl.bioontology.org/ontology/RXNORM/7646", "preferredName": "Omeprazole"}, {"semTypes": ["T121", "T109"], "to": "3020", "fro": "3011", "fullId": "http://purl.bioontology.org/ontology/RXNORM/7646", "preferredName": "Omeprazole"}, {"semTypes": ["T121", "T131", "T109"], "to": "703", "fro": "696", "fullId": "http://purl.bioontology.org/ontology/MSH/D009853", "preferredName": "Omeprazole"}, {"semTypes": ["T121", "T109"], "to": "5495", "fro": "5486", "fullId": "http://purl.bioontology.org/ontology/MSH/D009853", "preferredName": "Omeprazole"}, {"semTypes": ["T109", "T121"], "to": "1234", "fro": "1224", "fullId": "http://purl.bioontology.org/ontology/MSH/D019888", "preferredName": "Nelfinavir"}, {"semTypes": ["T999"], "to": "1603", "fro": "1594", "fullId": "http://purl.bioontology.org/ontology/MSH/D009853", "preferredName": "Omeprazole"}, {"semTypes": ["T999"], "to": "4500", "fro": "4495", "fullId": "http://purl.bioontology.org/ontology/RXNORM/343047", "preferredName": "Atazanavir"}, {"semTypes": ["T121", "T109"], "to": "4265", "fro": "4256", "fullId": "http://purl.bioontology.org/ontology/MSH/D009853", "preferredName": "Omeprazole"}, {"semTypes": ["T109", "T121"], "to": "5602", "fro": "5593", "fullId": "http://purl.bioontology.org/ontology/MSH/D009853", "preferredName": "Omeprazole"}, {"semTypes": ["T999"], "to": "3898", "fro": "3889", "fullId": "http://purl.bioontology.org/ontology/MSH/D009853", "preferredName": "Omeprazole"}, {"semTypes": ["T121", "T109"], "to": "4221", "fro": "4212", "fullId": "http://purl.bioontology.org/ontology/MSH/C413408", "preferredName": "atazanavir"}, {"semTypes": ["T121", "T131", "T109"], "to": "4718", "fro": "4711", "fullId": "http://purl.bioontology.org/ontology/MSH/D009853", "preferredName": "Omeprazole"}, {"semTypes": ["T121", "T109"], "to": "1603", "fro": "1594", "fullId": "http://purl.bioontology.org/ontology/RXNORM/7646", "preferredName": "Omeprazole"}, {"semTypes": ["T109", "T121"], "to": "3783", "fro": "3775", "fullId": "http://purl.bioontology.org/ontology/RXNORM/134527", "preferredName": "Nelfinavir"}, {"semTypes": ["T999"], "to": "423", "fro": "418", "fullId": "http://purl.bioontology.org/ontology/RXNORM/343047", "preferredName": "Atazanavir"}, {"semTypes": ["T121", "T131", "T109"], "to": "915", "fro": "908", "fullId": "http://purl.bioontology.org/ontology/MSH/D009853", "preferredName": "Omeprazole"}, {"semTypes": ["T195", "T109"], "to": "416", "fro": "407", "fullId": "http://purl.bioontology.org/ontology/MSH/C413408", "preferredName": "atazanavir"}, {"semTypes": ["T999"], "to": "5038", "fro": "5031", "fullId": "http://purl.bioontology.org/ontology/MSH/D009853", "preferredName": "Omeprazole"}, {"semTypes": ["T999"], "to": "1072", "fro": "1065", "fullId": "http://purl.bioontology.org/ontology/RXNORM/343047", "preferredName": "Atazanavir"}, {"semTypes": ["T999"], "to": "915", "fro": "908", "fullId": "http://purl.bioontology.org/ontology/RXNORM/343047", "preferredName": "Atazanavir"}, {"semTypes": ["T109", "T121"], "to": "3898", "fro": "3889", "fullId": "http://purl.bioontology.org/ontology/RXNORM/7646", "preferredName": "Omeprazole"}, {"semTypes": ["T999"], "to": "3363", "fro": "3354", "fullId": "http://purl.bioontology.org/ontology/RXNORM/7646", "preferredName": "Omeprazole"}, {"semTypes": ["T999"], "to": "3335", "fro": "3326", "fullId": "http://purl.bioontology.org/ontology/RXNORM/7646", "preferredName": "Omeprazole"}, {"semTypes": ["T200"], "to": "3835", "fro": "3820", "fullId": "http://purl.bioontology.org/ontology/MSH/D019888", "preferredName": "Nelfinavir"}, {"semTypes": ["T999"], "to": "5560", "fro": "5551", "fullId": "http://purl.bioontology.org/ontology/RXNORM/7646", "preferredName": "Omeprazole"}, {"semTypes": ["T999"], "to": "4729", "fro": "4721", "fullId": "http://purl.bioontology.org/ontology/RXNORM/343047", "preferredName": "Atazanavir"}, {"semTypes": ["T999"], "to": "703", "fro": "696", "fullId": "http://purl.bioontology.org/ontology/RXNORM/7646", "preferredName": "Omeprazole"}, {"semTypes": ["T109", "T121"], "to": "4729", "fro": "4721", "fullId": "http://purl.bioontology.org/ontology/MSH/C413408", "preferredName": "atazanavir"}, {"semTypes": ["T109", "T121"], "to": "3773", "fro": "3764", "fullId": "http://purl.bioontology.org/ontology/MSH/C413408", "preferredName": "atazanavir"}, {"semTypes": ["T999"], "to": "3773", "fro": "3764", "fullId": "http://purl.bioontology.org/ontology/RXNORM/7646", "preferredName": "Omeprazole"}, {"semTypes": ["T121", "T109"], "to": "5323", "fro": "5314", "fullId": "http://purl.bioontology.org/ontology/RXNORM/7646", "preferredName": "Omeprazole"}, {"semTypes": ["T999"], "to": "4221", "fro": "4212", "fullId": "http://purl.bioontology.org/ontology/RXNORM/7646", "preferredName": "Omeprazole"}, {"semTypes": ["T999"], "to": "4772", "fro": "4758", "fullId": "http://purl.bioontology.org/ontology/MSH/C413408", "preferredName": "atazanavir"}, {"semTypes": ["T121", "T109"], "to": "3499", "fro": "3490", "fullId": "http://purl.bioontology.org/ontology/RXNORM/7646", "preferredName": "Omeprazole"}, {"semTypes": ["T999"], "to": "3624", "fro": "3615", "fullId": "http://purl.bioontology.org/ontology/MSH/D009853", "preferredName": "Omeprazole"}, {"semTypes": ["T109", "T121"], "to": "3624", "fro": "3615", "fullId": "http://purl.bioontology.org/ontology/RXNORM/7646", "preferredName": "Omeprazole"}, {"semTypes": ["T999"], "to": "416", "fro": "407", "fullId": "http://purl.bioontology.org/ontology/MSH/C413408", "preferredName": "atazanavir"}, {"semTypes": ["T999"], "to": "2278", "fro": "2267", "fullId": "http://purl.bioontology.org/ontology/RXNORM/343047", "preferredName": "Atazanavir"}, {"semTypes": ["T999"], "to": "1934", "fro": "1923", "fullId": "http://purl.bioontology.org/ontology/MSH/C413408", "preferredName": "atazanavir"}, {"semTypes": ["T999"], "to": "4143", "fro": "4134", "fullId": "http://purl.bioontology.org/ontology/RXNORM/7646", "preferredName": "Omeprazole"}, {"semTypes": ["T121", "T109"], "to": "2247", "fro": "2238", "fullId": "http://purl.bioontology.org/ontology/RXNORM/7646", "preferredName": "Omeprazole"}, {"semTypes": ["T999"], "to": "4924", "fro": "4915", "fullId": "http://purl.bioontology.org/ontology/MSH/D009853", "preferredName": "Omeprazole"}, {"semTypes": ["T121", "T131", "T109"], "to": "1072", "fro": "1065", "fullId": "http://purl.bioontology.org/ontology/RXNORM/7646", "preferredName": "Omeprazole"}, {"semTypes": ["T999"], "to": "717", "fro": "709", "fullId": "http://purl.bioontology.org/ontology/RXNORM/343047", "preferredName": "Atazanavir"}, {"semTypes": ["T121", "T109"], "to": "4143", "fro": "4134", "fullId": "http://purl.bioontology.org/ontology/MSH/D009853", "preferredName": "Omeprazole"}, {"semTypes": ["T109", "T121"], "to": "4708", "fro": "4701", "fullId": "http://purl.bioontology.org/ontology/MSH/D019888", "preferredName": "Nelfinavir"}, {"semTypes": ["T109", "T121"], "to": "693", "fro": "686", "fullId": "http://purl.bioontology.org/ontology/MSH/C413408", "preferredName": "atazanavir"}, {"semTypes": ["T999"], "to": "1620", "fro": "1609", "fullId": "http://purl.bioontology.org/ontology/MSH/C413408", "preferredName": "atazanavir"}, {"semTypes": ["T999"], "to": "5259", "fro": "5250", "fullId": "http://purl.bioontology.org/ontology/RXNORM/7646", "preferredName": "Omeprazole"}, {"semTypes": ["T121", "T109"], "to": "5205", "fro": "5196", "fullId": "http://purl.bioontology.org/ontology/RXNORM/7646", "preferredName": "Omeprazole"}, {"semTypes": ["T121", "T109"], "to": "4525", "fro": "4516", "fullId": "http://purl.bioontology.org/ontology/MSH/D009853", "preferredName": "Omeprazole"}, {"semTypes": ["T999"], "to": "4265", "fro": "4256", "fullId": "http://purl.bioontology.org/ontology/MSH/D009853", "preferredName": "Omeprazole"}, {"semTypes": ["T999"], "to": "4718", "fro": "4711", "fullId": "http://purl.bioontology.org/ontology/MSH/D009853", "preferredName": "Omeprazole"}, {"semTypes": ["T121", "T109"], "to": "653", "fro": "644", "fullId": "http://purl.bioontology.org/ontology/RXNORM/7646", "preferredName": "Omeprazole"}, {"semTypes": ["T999"], "to": "5483", "fro": "5474", "fullId": "http://purl.bioontology.org/ontology/RXNORM/7646", "preferredName": "Omeprazole"}, {"semTypes": ["T999"], "to": "5247", "fro": "5238", "fullId": "http://purl.bioontology.org/ontology/MSH/D009853", "preferredName": "Omeprazole"}, {"semTypes": ["T999"], "to": "3543", "fro": "3534", "fullId": "http://purl.bioontology.org/ontology/MSH/D009853", "preferredName": "Omeprazole"}, {"semTypes": ["T121", "T109"], "to": "1714", "fro": "1705", "fullId": "http://purl.bioontology.org/ontology/RXNORM/7646", "preferredName": "Omeprazole"}, {"semTypes": ["T121", "T109"], "to": "5483", "fro": "5474", "fullId": "http://purl.bioontology.org/ontology/RXNORM/7646", "preferredName": "Omeprazole"}, {"semTypes": ["T999"], "to": "5495", "fro": "5486", "fullId": "http://purl.bioontology.org/ontology/MSH/D009853", "preferredName": "Omeprazole"}, {"semTypes": ["T999"], "to": "1542", "fro": "1533", "fullId": "http://purl.bioontology.org/ontology/RXNORM/7646", "preferredName": "Omeprazole"}, {"semTypes": ["T121", "T109"], "to": "3169", "fro": "3160", "fullId": "http://purl.bioontology.org/ontology/RXNORM/7646", "preferredName": "Omeprazole"}, {"semTypes": ["T999"], "to": "4743", "fro": "4732", "fullId": "http://purl.bioontology.org/ontology/MSH/D019888", "preferredName": "Nelfinavir"}, {"semTypes": ["T999"], "to": "275", "fro": "266", "fullId": "http://purl.bioontology.org/ontology/RXNORM/7646", "preferredName": "Omeprazole"}, {"semTypes": ["T999"], "to": "2836", "fro": "2827", "fullId": "http://purl.bioontology.org/ontology/MSH/D009853", "preferredName": "Omeprazole"}, {"semTypes": ["T121", "T109"], "to": "5259", "fro": "5250", "fullId": "http://purl.bioontology.org/ontology/RXNORM/7646", "preferredName": "Omeprazole"}, {"semTypes": ["T121", "T109"], "to": "5377", "fro": "5368", "fullId": "http://purl.bioontology.org/ontology/MSH/D009853", "preferredName": "Omeprazole"}, {"semTypes": ["T999"], "to": "1754", "fro": "1745", "fullId": "http://purl.bioontology.org/ontology/MSH/D009853", "preferredName": "Omeprazole"}, {"semTypes": ["T999"], "to": "2004", "fro": "1995", "fullId": "http://purl.bioontology.org/ontology/MSH/D009853", "preferredName": "Omeprazole"}, {"semTypes": ["T999"], "to": "1385", "fro": "1376", "fullId": "http://purl.bioontology.org/ontology/RXNORM/134527", "preferredName": "Nelfinavir"}, {"semTypes": ["T121", "T109"], "to": "5614", "fro": "5605", "fullId": "http://purl.bioontology.org/ontology/MSH/D009853", "preferredName": "Omeprazole"}, {"semTypes": ["T999"], "to": "536", "fro": "527", "fullId": "http://purl.bioontology.org/ontology/RXNORM/7646", "preferredName": "Omeprazole"}, {"semTypes": ["T121", "T109"], "to": "4206", "fro": "4197", "fullId": "http://purl.bioontology.org/ontology/RXNORM/7646", "preferredName": "Omeprazole"}, {"semTypes": ["T999"], "to": "1714", "fro": "1705", "fullId": "http://purl.bioontology.org/ontology/RXNORM/7646", "preferredName": "Omeprazole"}, {"semTypes": ["T121", "T109"], "to": "1385", "fro": "1376", "fullId": "http://purl.bioontology.org/ontology/RXNORM/343047", "preferredName": "Atazanavir"}, {"semTypes": ["T121", "T109"], "to": "2004", "fro": "1995", "fullId": "http://purl.bioontology.org/ontology/RXNORM/7646", "preferredName": "Omeprazole"}, {"semTypes": ["T121", "T109"], "to": "536", "fro": "527", "fullId": "http://purl.bioontology.org/ontology/MSH/D009853", "preferredName": "Omeprazole"}, {"semTypes": ["T121", "T109"], "to": "3099", "fro": "3090", "fullId": "http://purl.bioontology.org/ontology/MSH/D009853", "preferredName": "Omeprazole"}, {"semTypes": ["T999"], "to": "3169", "fro": "3160", "fullId": "http://purl.bioontology.org/ontology/RXNORM/7646", "preferredName": "Omeprazole"}, {"semTypes": ["T999"], "to": "4091", "fro": "4082", "fullId": "http://purl.bioontology.org/ontology/RXNORM/7646", "preferredName": "Omeprazole"}, {"semTypes": ["T999"], "to": "3783", "fro": "3775", "fullId": "http://purl.bioontology.org/ontology/MSH/D019888", "preferredName": "Nelfinavir"}, {"semTypes": ["T999"], "to": "653", "fro": "644", "fullId": "http://purl.bioontology.org/ontology/MSH/D009853", "preferredName": "Omeprazole"}, {"semTypes": ["T121", "T109"], "to": "2393", "fro": "2384", "fullId": "http://purl.bioontology.org/ontology/MSH/D009853", "preferredName": "Omeprazole"}, {"semTypes": ["T999"], "to": "1402", "fro": "1388", "fullId": "http://purl.bioontology.org/ontology/RXNORM/343047", "preferredName": "Atazanavir"}, {"semTypes": ["T999"], "to": "4785", "fro": "4776", "fullId": "http://purl.bioontology.org/ontology/RXNORM/7646", "preferredName": "Omeprazole"}, {"semTypes": ["T999"], "to": "2130", "fro": "2121", "fullId": "http://purl.bioontology.org/ontology/MSH/D009853", "preferredName": "Omeprazole"}, {"semTypes": ["T121", "T109"], "to": "4091", "fro": "4082", "fullId": "http://purl.bioontology.org/ontology/MSH/D009853", "preferredName": "Omeprazole"}, {"semTypes": ["T121", "T131", "T109"], "to": "5038", "fro": "5031", "fullId": "http://purl.bioontology.org/ontology/RXNORM/7646", "preferredName": "Omeprazole"}, {"semTypes": ["T121", "T109"], "to": "2130", "fro": "2121", "fullId": "http://purl.bioontology.org/ontology/MSH/D009853", "preferredName": "Omeprazole"}, {"semTypes": ["T999"], "to": "4481", "fro": "4470", "fullId": "http://purl.bioontology.org/ontology/MSH/C413408", "preferredName": "atazanavir"}, {"semTypes": ["T999"], "to": "5614", "fro": "5605", "fullId": "http://purl.bioontology.org/ontology/MSH/D009853", "preferredName": "Omeprazole"}, {"semTypes": ["T999"], "to": "3528", "fro": "3519", "fullId": "http://purl.bioontology.org/ontology/MSH/D009853", "preferredName": "Omeprazole"}, {"semTypes": ["T121", "T109"], "to": "3363", "fro": "3354", "fullId": "http://purl.bioontology.org/ontology/RXNORM/7646", "preferredName": "Omeprazole"}, {"semTypes": ["T999"], "to": "2472", "fro": "2463", "fullId": "http://purl.bioontology.org/ontology/RXNORM/7646", "preferredName": "Omeprazole"}, {"semTypes": ["T121", "T116"], "to": "4743", "fro": "4732", "fullId": "http://purl.bioontology.org/ontology/RXNORM/343047", "preferredName": "Atazanavir"}, {"semTypes": ["T999"], "to": "4525", "fro": "4516", "fullId": "http://purl.bioontology.org/ontology/RXNORM/7646", "preferredName": "Omeprazole"}, {"semTypes": ["T999"], "to": "5205", "fro": "5196", "fullId": "http://purl.bioontology.org/ontology/MSH/D009853", "preferredName": "Omeprazole"}, {"semTypes": ["T999"], "to": "1219", "fro": "1208", "fullId": "http://purl.bioontology.org/ontology/MSH/D019888", "preferredName": "Nelfinavir"}, {"semTypes": ["T999"], "to": "4755", "fro": "4746", "fullId": "http://purl.bioontology.org/ontology/RXNORM/343047", "preferredName": "Atazanavir"}, {"semTypes": ["T121", "T109"], "to": "901", "fro": "892", "fullId": "http://purl.bioontology.org/ontology/MSH/D009853", "preferredName": "Omeprazole"}, {"semTypes": ["T999"], "to": "5680", "fro": "5671", "fullId": "http://purl.bioontology.org/ontology/MSH/C413408", "preferredName": "atazanavir"}, {"semTypes": ["T121", "T109"], "to": "2472", "fro": "2463", "fullId": "http://purl.bioontology.org/ontology/RXNORM/7646", "preferredName": "Omeprazole"}, {"semTypes": ["T121", "T109"], "to": "1754", "fro": "1745", "fullId": "http://purl.bioontology.org/ontology/RXNORM/7646", "preferredName": "Omeprazole"}, {"semTypes": ["T121", "T109"], "to": "2549", "fro": "2540", "fullId": "http://purl.bioontology.org/ontology/MSH/D009853", "preferredName": "Omeprazole"}, {"semTypes": ["T121", "T109"], "to": "3528", "fro": "3519", "fullId": "http://purl.bioontology.org/ontology/RXNORM/7646", "preferredName": "Omeprazole"}, {"semTypes": ["T999"], "to": "901", "fro": "892", "fullId": "http://purl.bioontology.org/ontology/RXNORM/7646", "preferredName": "Omeprazole"}, {"semTypes": ["T999"], "to": "4708", "fro": "4701", "fullId": "http://purl.bioontology.org/ontology/RXNORM/343047", "preferredName": "Atazanavir"}, {"semTypes": ["T999"], "to": "2644", "fro": "2635", "fullId": "http://purl.bioontology.org/ontology/RXNORM/7646", "preferredName": "Omeprazole"}, {"semTypes": ["T999"], "to": "693", "fro": "686", "fullId": "http://purl.bioontology.org/ontology/MSH/C413408", "preferredName": "atazanavir"}, {"semTypes": ["T121", "T109"], "to": "5247", "fro": "5238", "fullId": "http://purl.bioontology.org/ontology/RXNORM/7646", "preferredName": "Omeprazole"}, {"semTypes": ["T999"], "to": "2549", "fro": "2540", "fullId": "http://purl.bioontology.org/ontology/MSH/D009853", "preferredName": "Omeprazole"}, {"semTypes": ["T121", "T109"], "to": "4924", "fro": "4915", "fullId": "http://purl.bioontology.org/ontology/RXNORM/7646", "preferredName": "Omeprazole"}, {"semTypes": ["T121", "T109"], "to": "3335", "fro": "3326", "fullId": "http://purl.bioontology.org/ontology/RXNORM/7646", "preferredName": "Omeprazole"}, {"semTypes": ["T121", "T109", "T123"], "to": "1219", "fro": "1208", "fullId": "http://purl.bioontology.org/ontology/RXNORM/134527", "preferredName": "Nelfinavir"}, {"semTypes": ["T109", "T121"], "to": "717", "fro": "709", "fullId": "http://purl.bioontology.org/ontology/MSH/C413408", "preferredName": "atazanavir"}, {"semTypes": ["T999"], "to": "3005", "fro": "2996", "fullId": "http://purl.bioontology.org/ontology/RXNORM/7646", "preferredName": "Omeprazole"}, {"semTypes": ["T999"], "to": "5602", "fro": "5593", "fullId": "http://purl.bioontology.org/ontology/MSH/D009853", "preferredName": "Omeprazole"}, {"semTypes": ["T121", "T109"], "to": "4755", "fro": "4746", "fullId": "http://purl.bioontology.org/ontology/MSH/C413408", "preferredName": "atazanavir"}, {"semTypes": ["T121", "T109"], "to": "1542", "fro": "1533", "fullId": "http://purl.bioontology.org/ontology/MSH/D009853", "preferredName": "Omeprazole"}, {"semTypes": ["T121", "T109"], "to": "5560", "fro": "5551", "fullId": "http://purl.bioontology.org/ontology/MSH/C413408", "preferredName": "atazanavir"}, {"semTypes": ["T121", "T109"], "to": "3005", "fro": "2996", "fullId": "http://purl.bioontology.org/ontology/MSH/D009853", "preferredName": "Omeprazole"}, {"semTypes": ["T999"], "to": "5377", "fro": "5368", "fullId": "http://purl.bioontology.org/ontology/MSH/D009853", "preferredName": "Omeprazole"}, {"semTypes": ["T999"], "to": "4493", "fro": "4484", "fullId": "http://purl.bioontology.org/ontology/RXNORM/343047", "preferredName": "Atazanavir"}, {"semTypes": ["T999"], "to": "3499", "fro": "3490", "fullId": "http://purl.bioontology.org/ontology/MSH/D009853", "preferredName": "Omeprazole"}, {"semTypes": ["T109", "T121"], "to": "5680", "fro": "5671", "fullId": "http://purl.bioontology.org/ontology/RXNORM/7646", "preferredName": "Omeprazole"}, {"semTypes": ["T121", "T109"], "to": "4481", "fro": "4470", "fullId": "http://purl.bioontology.org/ontology/MSH/C413408", "preferredName": "atazanavir"}, {"semTypes": ["T999"], "to": "3398", "fro": "3389", "fullId": "http://purl.bioontology.org/ontology/MSH/D009853", "preferredName": "Omeprazole"}, {"semTypes": ["T999"], "to": "5163", "fro": "5152", "fullId": "http://purl.bioontology.org/ontology/MSH/C413408", "preferredName": "atazanavir"}, {"semTypes": ["T121", "T109"], "to": "275", "fro": "266", "fullId": "http://purl.bioontology.org/ontology/RXNORM/7646", "preferredName": "Omeprazole"}, {"semTypes": ["T999"], "to": "5441", "fro": "5432", "fullId": "http://purl.bioontology.org/ontology/RXNORM/7646", "preferredName": "Omeprazole"}, {"semTypes": ["T999"], "to": "2393", "fro": "2384", "fullId": "http://purl.bioontology.org/ontology/RXNORM/7646", "preferredName": "Omeprazole"}, {"semTypes": ["T999"], "to": "404", "fro": "393", "fullId": "http://purl.bioontology.org/ontology/RXNORM/343047", "preferredName": "Atazanavir"}, {"semTypes": ["T999"], "to": "2247", "fro": "2238", "fullId": "http://purl.bioontology.org/ontology/MSH/D009853", "preferredName": "Omeprazole"}, {"semTypes": ["T999"], "to": "3139", "fro": "3130", "fullId": "http://purl.bioontology.org/ontology/MSH/D009853", "preferredName": "Omeprazole"}, {"semTypes": ["T109", "T121"], "to": "1934", "fro": "1923", "fullId": "http://purl.bioontology.org/ontology/MSH/C413408", "preferredName": "atazanavir"}, {"semTypes": ["T999"], "to": "5323", "fro": "5314", "fullId": "http://purl.bioontology.org/ontology/MSH/D009853", "preferredName": "Omeprazole"}, {"semTypes": ["T121", "T109"], "to": "2644", "fro": "2635", "fullId": "http://purl.bioontology.org/ontology/MSH/D009853", "preferredName": "Omeprazole"}, {"semTypes": ["T121", "T109"], "to": "3288", "fro": "3279", "fullId": "http://purl.bioontology.org/ontology/MSH/D009853", "preferredName": "Omeprazole"}, {"semTypes": ["T999"], "to": "5365", "fro": "5356", "fullId": "http://purl.bioontology.org/ontology/MSH/D009853", "preferredName": "Omeprazole"}, {"semTypes": ["T121", "T116"], "to": "1373", "fro": "1362", "fullId": "http://purl.bioontology.org/ontology/MSH/D019888", "preferredName": "Nelfinavir"}, {"semTypes": ["T109", "T121"], "to": "5163", "fro": "5152", "fullId": "http://purl.bioontology.org/ontology/RXNORM/343047", "preferredName": "Atazanavir"}, {"semTypes": ["T121", "T109"], "to": "3398", "fro": "3389", "fullId": "http://purl.bioontology.org/ontology/RXNORM/7646", "preferredName": "Omeprazole"}, {"semTypes": ["T999"], "to": "4206", "fro": "4197", "fullId": "http://purl.bioontology.org/ontology/MSH/D009853", "preferredName": "Omeprazole"}, {"semTypes": ["T121", "T109"], "to": "5365", "fro": "5356", "fullId": "http://purl.bioontology.org/ontology/RXNORM/7646", "preferredName": "Omeprazole"}, {"semTypes": ["T109", "T121"], "to": "2278", "fro": "2267", "fullId": "http://purl.bioontology.org/ontology/RXNORM/343047", "preferredName": "Atazanavir"}, {"semTypes": ["T999"], "to": "1234", "fro": "1224", "fullId": "http://purl.bioontology.org/ontology/RXNORM/134527", "preferredName": "Nelfinavir"}, {"semTypes": ["T999"], "to": "3099", "fro": "3090", "fullId": "http://purl.bioontology.org/ontology/RXNORM/7646", "preferredName": "Omeprazole"}, {"semTypes": ["T121", "T109"], "to": "3543", "fro": "3534", "fullId": "http://purl.bioontology.org/ontology/MSH/D009853", "preferredName": "Omeprazole"}, {"semTypes": ["T195", "T109"], "to": "4493", "fro": "4484", "fullId": "http://purl.bioontology.org/ontology/MSH/D019888", "preferredName": "Nelfinavir"}]