[{"semTypes": ["T999"], "to": "14652", "fro": "14645", "fullId": "http://purl.bioontology.org/ontology/RXNORM/32937", "preferredName": "Paroxetine"}, {"semTypes": ["T109", "T121"], "to": "1420", "fro": "1397", "fullId": "http://purl.bioontology.org/ontology/MSH/D017374", "preferredName": "Paroxetine"}, {"semTypes": ["T109", "T121"], "to": "10817", "fro": "10808", "fullId": "http://purl.bioontology.org/ontology/RXNORM/8331", "preferredName": "Pimozide"}, {"semTypes": ["T121", "T109"], "to": "19792", "fro": "19783", "fullId": "http://purl.bioontology.org/ontology/MSH/D017374", "preferredName": "Paroxetine"}, {"semTypes": ["T999"], "to": "11653", "fro": "11644", "fullId": "http://purl.bioontology.org/ontology/MSH/D017374", "preferredName": "Paroxetine"}, {"semTypes": ["T121", "T109"], "to": "5408", "fro": "5399", "fullId": "http://purl.bioontology.org/ontology/RXNORM/235830", "preferredName": "Paroxetine Hydrochloride"}, {"semTypes": ["T999"], "to": "556", "fro": "533", "fullId": "http://purl.bioontology.org/ontology/MSH/D017374", "preferredName": "Paroxetine"}, {"semTypes": ["T109", "T121"], "to": "8941", "fro": "8918", "fullId": "http://purl.bioontology.org/ontology/MSH/D017374", "preferredName": "Paroxetine"}, {"semTypes": ["T999"], "to": "9419", "fro": "9409", "fullId": "http://purl.bioontology.org/ontology/RXNORM/235830", "preferredName": "Paroxetine Hydrochloride"}, {"semTypes": ["T999"], "to": "14082", "fro": "14059", "fullId": "http://purl.bioontology.org/ontology/MSH/D017374", "preferredName": "Paroxetine"}, {"semTypes": ["T109", "T121"], "to": "3874", "fro": "3851", "fullId": "http://purl.bioontology.org/ontology/MSH/D017374", "preferredName": "Paroxetine"}, {"semTypes": ["T999"], "to": "6649", "fro": "6637", "fullId": "http://purl.bioontology.org/ontology/RXNORM/32937", "preferredName": "Paroxetine"}, {"semTypes": ["T999"], "to": "2312", "fro": "2289", "fullId": "http://purl.bioontology.org/ontology/MSH/D017374", "preferredName": "Paroxetine"}, {"semTypes": ["T121", "T109"], "to": "12793", "fro": "12783", "fullId": "http://purl.bioontology.org/ontology/RXNORM/235830", "preferredName": "Paroxetine Hydrochloride"}, {"semTypes": ["T121", "T109"], "to": "2709", "fro": "2701", "fullId": "http://purl.bioontology.org/ontology/MSH/C041930", "preferredName": "atomoxetine"}, {"semTypes": ["T109", "T121"], "to": "2403", "fro": "2380", "fullId": "http://purl.bioontology.org/ontology/MSH/D017374", "preferredName": "Paroxetine"}, {"semTypes": ["T999"], "to": "12348", "fro": "12339", "fullId": "http://purl.bioontology.org/ontology/MSH/D017374", "preferredName": "Paroxetine"}, {"semTypes": ["T200"], "to": "9313", "fro": "9298", "fullId": "http://purl.bioontology.org/ontology/RXNORM/235830", "preferredName": "Paroxetine Hydrochloride"}, {"semTypes": ["T109", "T121"], "to": "9695", "fro": "9685", "fullId": "http://purl.bioontology.org/ontology/RXNORM/32937", "preferredName": "Paroxetine"}, {"semTypes": ["T999"], "to": "12675", "fro": "12664", "fullId": "http://purl.bioontology.org/ontology/MSH/C041930", "preferredName": "atomoxetine"}, {"semTypes": ["T999"], "to": "5501", "fro": "5478", "fullId": "http://purl.bioontology.org/ontology/MSH/D017374", "preferredName": "Paroxetine"}, {"semTypes": ["T999"], "to": "8776", "fro": "8767", "fullId": "http://purl.bioontology.org/ontology/MSH/D017374", "preferredName": "Paroxetine"}, {"semTypes": ["T109", "T121"], "to": "13396", "fro": "13373", "fullId": "http://purl.bioontology.org/ontology/MSH/D017374", "preferredName": "Paroxetine"}, {"semTypes": ["T999"], "to": "10499", "fro": "10476", "fullId": "http://purl.bioontology.org/ontology/MSH/D017374", "preferredName": "Paroxetine"}, {"semTypes": ["T999"], "to": "12793", "fro": "12783", "fullId": "http://purl.bioontology.org/ontology/RXNORM/235830", "preferredName": "Paroxetine Hydrochloride"}, {"semTypes": ["T109", "T121"], "to": "11180", "fro": "11169", "fullId": "http://purl.bioontology.org/ontology/RXNORM/235830", "preferredName": "Paroxetine Hydrochloride"}, {"semTypes": ["T999"], "to": "2677", "fro": "2654", "fullId": "http://purl.bioontology.org/ontology/MSH/D017374", "preferredName": "Paroxetine"}, {"semTypes": ["T999"], "to": "12635", "fro": "12626", "fullId": "http://purl.bioontology.org/ontology/MSH/C041930", "preferredName": "atomoxetine"}, {"semTypes": ["T121", "T109"], "to": "1840", "fro": "1833", "fullId": "http://purl.bioontology.org/ontology/RXNORM/32937", "preferredName": "Paroxetine"}, {"semTypes": ["T999"], "to": "13416", "fro": "13407", "fullId": "http://purl.bioontology.org/ontology/MSH/D017374", "preferredName": "Paroxetine"}, {"semTypes": ["T121", "T109"], "to": "1762", "fro": "1755", "fullId": "http://purl.bioontology.org/ontology/RXNORM/32937", "preferredName": "Paroxetine"}, {"semTypes": ["T109", "T121"], "to": "14082", "fro": "14059", "fullId": "http://purl.bioontology.org/ontology/MSH/D017374", "preferredName": "Paroxetine"}, {"semTypes": ["T999"], "to": "5599", "fro": "5590", "fullId": "http://purl.bioontology.org/ontology/MSH/D017374", "preferredName": "Paroxetine"}, {"semTypes": ["T121", "T109"], "to": "11526", "fro": "11518", "fullId": "http://purl.bioontology.org/ontology/MSH/C041930", "preferredName": "atomoxetine"}, {"semTypes": ["T121", "T109"], "to": "12363", "fro": "12353", "fullId": "http://purl.bioontology.org/ontology/RXNORM/235830", "preferredName": "Paroxetine Hydrochloride"}, {"semTypes": ["T999"], "to": "3874", "fro": "3851", "fullId": "http://purl.bioontology.org/ontology/MSH/D017374", "preferredName": "Paroxetine"}, {"semTypes": ["T999"], "to": "2403", "fro": "2380", "fullId": "http://purl.bioontology.org/ontology/MSH/D017374", "preferredName": "Paroxetine"}, {"semTypes": ["T999"], "to": "10605", "fro": "10582", "fullId": "http://purl.bioontology.org/ontology/MSH/D017374", "preferredName": "Paroxetine"}, {"semTypes": ["T109", "T121"], "to": "9959", "fro": "9949", "fullId": "http://purl.bioontology.org/ontology/RXNORM/32937", "preferredName": "Paroxetine"}, {"semTypes": ["T121", "T109"], "to": "9656", "fro": "9647", "fullId": "http://purl.bioontology.org/ontology/MSH/D017374", "preferredName": "Paroxetine"}, {"semTypes": ["T121", "T109"], "to": "9221", "fro": "9211", "fullId": "http://purl.bioontology.org/ontology/RXNORM/32937", "preferredName": "Paroxetine"}, {"semTypes": ["T999"], "to": "17419", "fro": "17410", "fullId": "http://purl.bioontology.org/ontology/MSH/D017374", "preferredName": "Paroxetine"}, {"semTypes": ["T999"], "to": "3887", "fro": "3880", "fullId": "http://purl.bioontology.org/ontology/RXNORM/32937", "preferredName": "Paroxetine"}, {"semTypes": ["T999"], "to": "6714", "fro": "6691", "fullId": "http://purl.bioontology.org/ontology/MSH/D017374", "preferredName": "Paroxetine"}, {"semTypes": ["T121", "T109"], "to": "5339", "fro": "5330", "fullId": "http://purl.bioontology.org/ontology/RXNORM/235830", "preferredName": "Paroxetine Hydrochloride"}, {"semTypes": ["T109", "T121"], "to": "9888", "fro": "9878", "fullId": "http://purl.bioontology.org/ontology/RXNORM/32937", "preferredName": "Paroxetine"}, {"semTypes": ["T999"], "to": "7400", "fro": "7377", "fullId": "http://purl.bioontology.org/ontology/MSH/D017374", "preferredName": "Paroxetine"}, {"semTypes": ["T999"], "to": "7430", "fro": "7422", "fullId": "http://purl.bioontology.org/ontology/RXNORM/32937", "preferredName": "Paroxetine"}, {"semTypes": ["T131", "T121", "T109"], "to": "3520", "fro": "3513", "fullId": "http://purl.bioontology.org/ontology/RXNORM/32937", "preferredName": "Paroxetine"}, {"semTypes": ["T999"], "to": "14004", "fro": "13995", "fullId": "http://purl.bioontology.org/ontology/MSH/D017374", "preferredName": "Paroxetine"}, {"semTypes": ["T121", "T109"], "to": "7284", "fro": "7276", "fullId": "http://purl.bioontology.org/ontology/RXNORM/32937", "preferredName": "Paroxetine"}, {"semTypes": ["T999"], "to": "19032", "fro": "19021", "fullId": "http://purl.bioontology.org/ontology/RXNORM/235830", "preferredName": "Paroxetine Hydrochloride"}, {"semTypes": ["T999"], "to": "20288", "fro": "20265", "fullId": "http://purl.bioontology.org/ontology/MSH/D017374", "preferredName": "Paroxetine"}, {"semTypes": ["T999"], "to": "14945", "fro": "14937", "fullId": "http://purl.bioontology.org/ontology/MSH/D010868", "preferredName": "Pimozide"}, {"semTypes": ["T999"], "to": "6587", "fro": "6578", "fullId": "http://purl.bioontology.org/ontology/MSH/D017374", "preferredName": "Paroxetine"}, {"semTypes": ["T999"], "to": "17824", "fro": "17815", "fullId": "http://purl.bioontology.org/ontology/MSH/D017374", "preferredName": "Paroxetine"}, {"semTypes": ["T121", "T109"], "to": "15321", "fro": "15312", "fullId": "http://purl.bioontology.org/ontology/MSH/D017374", "preferredName": "Paroxetine"}, {"semTypes": ["T999"], "to": "5924", "fro": "5915", "fullId": "http://purl.bioontology.org/ontology/MSH/D017374", "preferredName": "Paroxetine"}, {"semTypes": ["T109", "T121"], "to": "1869", "fro": "1846", "fullId": "http://purl.bioontology.org/ontology/MSH/D017374", "preferredName": "Paroxetine"}, {"semTypes": ["T121", "T109"], "to": "19622", "fro": "19614", "fullId": "http://purl.bioontology.org/ontology/RXNORM/8331", "preferredName": "Pimozide"}, {"semTypes": ["T999"], "to": "9204", "fro": "9195", "fullId": "http://purl.bioontology.org/ontology/MSH/D017374", "preferredName": "Paroxetine"}, {"semTypes": ["T121", "T109"], "to": "10788", "fro": "10779", "fullId": "http://purl.bioontology.org/ontology/RXNORM/38400", "preferredName": "atomoxetine"}, {"semTypes": ["T999"], "to": "19296", "fro": "19285", "fullId": "http://purl.bioontology.org/ontology/RXNORM/235830", "preferredName": "Paroxetine Hydrochloride"}, {"semTypes": ["T121", "T109"], "to": "12657", "fro": "12649", "fullId": "http://purl.bioontology.org/ontology/MSH/D014364", "preferredName": "Tryptophan"}, {"semTypes": ["T999"], "to": "16256", "fro": "16233", "fullId": "http://purl.bioontology.org/ontology/MSH/D017374", "preferredName": "Paroxetine"}, {"semTypes": ["T999"], "to": "1598", "fro": "1591", "fullId": "http://purl.bioontology.org/ontology/RXNORM/32937", "preferredName": "Paroxetine"}, {"semTypes": ["T999"], "to": "9695", "fro": "9685", "fullId": "http://purl.bioontology.org/ontology/RXNORM/32937", "preferredName": "Paroxetine"}, {"semTypes": ["T999"], "to": "6493", "fro": "6484", "fullId": "http://purl.bioontology.org/ontology/MSH/D017374", "preferredName": "Paroxetine"}, {"semTypes": ["T109", "T121"], "to": "5501", "fro": "5478", "fullId": "http://purl.bioontology.org/ontology/MSH/D017374", "preferredName": "Paroxetine"}, {"semTypes": ["T999"], "to": "7680", "fro": "7672", "fullId": "http://purl.bioontology.org/ontology/RXNORM/235830", "preferredName": "Paroxetine Hydrochloride"}, {"semTypes": ["T999"], "to": "16994", "fro": "16985", "fullId": "http://purl.bioontology.org/ontology/MSH/D017374", "preferredName": "Paroxetine"}, {"semTypes": ["T999"], "to": "17921", "fro": "17910", "fullId": "http://purl.bioontology.org/ontology/RXNORM/235830", "preferredName": "Paroxetine Hydrochloride"}, {"semTypes": ["T999"], "to": "17382", "fro": "17375", "fullId": "http://purl.bioontology.org/ontology/RXNORM/235830", "preferredName": "Paroxetine Hydrochloride"}, {"semTypes": ["T999"], "to": "10834", "fro": "10821", "fullId": "http://purl.bioontology.org/ontology/RXNORM/38400", "preferredName": "atomoxetine"}, {"semTypes": ["T999"], "to": "6913", "fro": "6890", "fullId": "http://purl.bioontology.org/ontology/MSH/D017374", "preferredName": "Paroxetine"}, {"semTypes": ["T999"], "to": "9656", "fro": "9647", "fullId": "http://purl.bioontology.org/ontology/MSH/D017374", "preferredName": "Paroxetine"}, {"semTypes": ["T121", "T109"], "to": "10255", "fro": "10246", "fullId": "http://purl.bioontology.org/ontology/MSH/D017374", "preferredName": "Paroxetine"}, {"semTypes": ["T999"], "to": "3520", "fro": "3513", "fullId": "http://purl.bioontology.org/ontology/RXNORM/32937", "preferredName": "Paroxetine"}, {"semTypes": ["T999"], "to": "12263", "fro": "12254", "fullId": "http://purl.bioontology.org/ontology/MSH/D017374", "preferredName": "Paroxetine"}, {"semTypes": ["T121", "T109"], "to": "10847", "fro": "10837", "fullId": "http://purl.bioontology.org/ontology/RXNORM/32937", "preferredName": "Paroxetine"}, {"semTypes": ["T121", "T109"], "to": "12623", "fro": "12613", "fullId": "http://purl.bioontology.org/ontology/RXNORM/235830", "preferredName": "Paroxetine Hydrochloride"}, {"semTypes": ["T999"], "to": "10906", "fro": "10897", "fullId": "http://purl.bioontology.org/ontology/MSH/D010868", "preferredName": "Pimozide"}, {"semTypes": ["T121", "T109"], "to": "17467", "fro": "17460", "fullId": "http://purl.bioontology.org/ontology/RXNORM/235830", "preferredName": "Paroxetine Hydrochloride"}, {"semTypes": ["T121", "T109"], "to": "6493", "fro": "6484", "fullId": "http://purl.bioontology.org/ontology/MSH/D017374", "preferredName": "Paroxetine"}, {"semTypes": ["T121", "T109"], "to": "1500", "fro": "1493", "fullId": "http://purl.bioontology.org/ontology/RXNORM/32937", "preferredName": "Paroxetine"}, {"semTypes": ["T999"], "to": "11408", "fro": "11399", "fullId": "http://purl.bioontology.org/ontology/MSH/D017374", "preferredName": "Paroxetine"}, {"semTypes": ["T999"], "to": "631", "fro": "622", "fullId": "http://purl.bioontology.org/ontology/RXNORM/32937", "preferredName": "Paroxetine"}, {"semTypes": ["T109", "T121"], "to": "6402", "fro": "6379", "fullId": "http://purl.bioontology.org/ontology/MSH/D017374", "preferredName": "Paroxetine"}, {"semTypes": ["T999"], "to": "7766", "fro": "7758", "fullId": "http://purl.bioontology.org/ontology/RXNORM/235830", "preferredName": "Paroxetine Hydrochloride"}, {"semTypes": ["T999"], "to": "2514", "fro": "2507", "fullId": "http://purl.bioontology.org/ontology/MSH/C041930", "preferredName": "atomoxetine"}, {"semTypes": ["T999"], "to": "17734", "fro": "17723", "fullId": "http://purl.bioontology.org/ontology/RXNORM/235830", "preferredName": "Paroxetine Hydrochloride"}, {"semTypes": ["T999"], "to": "18629", "fro": "18606", "fullId": "http://purl.bioontology.org/ontology/MSH/D017374", "preferredName": "Paroxetine"}, {"semTypes": ["T999"], "to": "10788", "fro": "10779", "fullId": "http://purl.bioontology.org/ontology/MSH/C041930", "preferredName": "atomoxetine"}, {"semTypes": ["T999"], "to": "13597", "fro": "13574", "fullId": "http://purl.bioontology.org/ontology/MSH/D017374", "preferredName": "Paroxetine"}, {"semTypes": ["T118", "T110", "T121"], "to": "16656", "fro": "16650", "fullId": "http://purl.bioontology.org/ontology/RXNORM/235830", "preferredName": "Paroxetine Hydrochloride"}, {"semTypes": ["T121", "T109"], "to": "10801", "fro": "10791", "fullId": "http://purl.bioontology.org/ontology/RXNORM/235830", "preferredName": "Paroxetine Hydrochloride"}, {"semTypes": ["T999"], "to": "9888", "fro": "9878", "fullId": "http://purl.bioontology.org/ontology/RXNORM/32937", "preferredName": "Paroxetine"}, {"semTypes": ["T999"], "to": "5017", "fro": "5008", "fullId": "http://purl.bioontology.org/ontology/MSH/D017374", "preferredName": "Paroxetine"}, {"semTypes": ["T999"], "to": "19622", "fro": "19614", "fullId": "http://purl.bioontology.org/ontology/RXNORM/38400", "preferredName": "atomoxetine"}, {"semTypes": ["T109", "T121"], "to": "17921", "fro": "17910", "fullId": "http://purl.bioontology.org/ontology/RXNORM/235830", "preferredName": "Paroxetine Hydrochloride"}, {"semTypes": ["T999"], "to": "10921", "fro": "10913", "fullId": "http://purl.bioontology.org/ontology/RXNORM/8331", "preferredName": "Pimozide"}, {"semTypes": ["T121", "T109"], "to": "18698", "fro": "18688", "fullId": "http://purl.bioontology.org/ontology/RXNORM/235830", "preferredName": "Paroxetine Hydrochloride"}, {"semTypes": ["T999"], "to": "18712", "fro": "18703", "fullId": "http://purl.bioontology.org/ontology/MSH/D017374", "preferredName": "Paroxetine"}, {"semTypes": ["T121", "T123", "T116"], "to": "2934", "fro": "2925", "fullId": "http://purl.bioontology.org/ontology/RXNORM/32937", "preferredName": "Paroxetine"}, {"semTypes": ["T109", "T121"], "to": "15684", "fro": "15661", "fullId": "http://purl.bioontology.org/ontology/MSH/D017374", "preferredName": "Paroxetine"}, {"semTypes": ["T131", "T121", "T109"], "to": "3771", "fro": "3764", "fullId": "http://purl.bioontology.org/ontology/RXNORM/32937", "preferredName": "Paroxetine"}, {"semTypes": ["T999"], "to": "16278", "fro": "16262", "fullId": "http://purl.bioontology.org/ontology/MSH/D010868", "preferredName": "Pimozide"}, {"semTypes": ["T999"], "to": "11317", "fro": "11309", "fullId": "http://purl.bioontology.org/ontology/MSH/D010868", "preferredName": "Pimozide"}, {"semTypes": ["T999"], "to": "12741", "fro": "12732", "fullId": "http://purl.bioontology.org/ontology/MSH/D017374", "preferredName": "Paroxetine"}, {"semTypes": ["T999"], "to": "17455", "fro": "17446", "fullId": "http://purl.bioontology.org/ontology/MSH/D017374", "preferredName": "Paroxetine"}, {"semTypes": ["T999"], "to": "6222", "fro": "6210", "fullId": "http://purl.bioontology.org/ontology/RXNORM/32937", "preferredName": "Paroxetine"}, {"semTypes": ["T999"], "to": "1869", "fro": "1846", "fullId": "http://purl.bioontology.org/ontology/MSH/D017374", "preferredName": "Paroxetine"}, {"semTypes": ["T121", "T109"], "to": "12635", "fro": "12626", "fullId": "http://purl.bioontology.org/ontology/RXNORM/8331", "preferredName": "Pimozide"}, {"semTypes": ["T999"], "to": "8625", "fro": "8616", "fullId": "http://purl.bioontology.org/ontology/MSH/D017374", "preferredName": "Paroxetine"}, {"semTypes": ["T999"], "to": "7284", "fro": "7276", "fullId": "http://purl.bioontology.org/ontology/RXNORM/32937", "preferredName": "Paroxetine"}, {"semTypes": ["T109", "T121"], "to": "11209", "fro": "11198", "fullId": "http://purl.bioontology.org/ontology/RXNORM/235830", "preferredName": "Paroxetine Hydrochloride"}, {"semTypes": ["T999"], "to": "11526", "fro": "11518", "fullId": "http://purl.bioontology.org/ontology/RXNORM/38400", "preferredName": "atomoxetine"}, {"semTypes": ["T999"], "to": "18005", "fro": "17994", "fullId": "http://purl.bioontology.org/ontology/RXNORM/235830", "preferredName": "Paroxetine Hydrochloride"}, {"semTypes": ["T999"], "to": "10968", "fro": "10960", "fullId": "http://purl.bioontology.org/ontology/RXNORM/38400", "preferredName": "atomoxetine"}, {"semTypes": ["T109", "T121"], "to": "20288", "fro": "20265", "fullId": "http://purl.bioontology.org/ontology/MSH/D017374", "preferredName": "Paroxetine"}, {"semTypes": ["T999"], "to": "19123", "fro": "19112", "fullId": "http://purl.bioontology.org/ontology/RXNORM/235830", "preferredName": "Paroxetine Hydrochloride"}, {"semTypes": ["T999"], "to": "15845", "fro": "15822", "fullId": "http://purl.bioontology.org/ontology/MSH/D017374", "preferredName": "Paroxetine"}, {"semTypes": ["T109", "T121"], "to": "10191", "fro": "10181", "fullId": "http://purl.bioontology.org/ontology/RXNORM/32937", "preferredName": "Paroxetine"}, {"semTypes": ["T109", "T121"], "to": "10921", "fro": "10913", "fullId": "http://purl.bioontology.org/ontology/MSH/D010868", "preferredName": "Pimozide"}, {"semTypes": ["T131", "T121", "T109"], "to": "15267", "fro": "15260", "fullId": "http://purl.bioontology.org/ontology/RXNORM/32937", "preferredName": "Paroxetine"}, {"semTypes": ["T109", "T121"], "to": "2312", "fro": "2289", "fullId": "http://purl.bioontology.org/ontology/MSH/D017374", "preferredName": "Paroxetine"}, {"semTypes": ["T999"], "to": "2533", "fro": "2526", "fullId": "http://purl.bioontology.org/ontology/MSH/D014364", "preferredName": "Tryptophan"}, {"semTypes": ["T999"], "to": "7487", "fro": "7478", "fullId": "http://purl.bioontology.org/ontology/MSH/D017374", "preferredName": "Paroxetine"}, {"semTypes": ["T999"], "to": "6402", "fro": "6379", "fullId": "http://purl.bioontology.org/ontology/MSH/D017374", "preferredName": "Paroxetine"}, {"semTypes": ["T999"], "to": "18560", "fro": "18550", "fullId": "http://purl.bioontology.org/ontology/RXNORM/235830", "preferredName": "Paroxetine Hydrochloride"}, {"semTypes": ["T121", "T109"], "to": "12435", "fro": "12424", "fullId": "http://purl.bioontology.org/ontology/RXNORM/8331", "preferredName": "Pimozide"}, {"semTypes": ["T121", "T109"], "to": "9204", "fro": "9195", "fullId": "http://purl.bioontology.org/ontology/MSH/D017374", "preferredName": "Paroxetine"}, {"semTypes": ["T121", "T123", "T116"], "to": "180", "fro": "171", "fullId": "http://purl.bioontology.org/ontology/RXNORM/32937", "preferredName": "Paroxetine"}, {"semTypes": ["T999"], "to": "6436", "fro": "6424", "fullId": "http://purl.bioontology.org/ontology/RXNORM/32937", "preferredName": "Paroxetine"}, {"semTypes": ["T999"], "to": "19724", "fro": "19716", "fullId": "http://purl.bioontology.org/ontology/MSH/D010868", "preferredName": "Pimozide"}, {"semTypes": ["T999"], "to": "16839", "fro": "16833", "fullId": "http://purl.bioontology.org/ontology/RXNORM/235830", "preferredName": "Paroxetine Hydrochloride"}, {"semTypes": ["T999"], "to": "7830", "fro": "7822", "fullId": "http://purl.bioontology.org/ontology/RXNORM/32937", "preferredName": "Paroxetine"}, {"semTypes": ["T130", "T121", "T109"], "to": "2740", "fro": "2727", "fullId": "http://purl.bioontology.org/ontology/RXNORM/8331", "preferredName": "Pimozide"}, {"semTypes": ["T999"], "to": "6632", "fro": "6623", "fullId": "http://purl.bioontology.org/ontology/MSH/D017374", "preferredName": "Paroxetine"}, {"semTypes": ["T999"], "to": "1500", "fro": "1493", "fullId": "http://purl.bioontology.org/ontology/RXNORM/32937", "preferredName": "Paroxetine"}, {"semTypes": ["T999"], "to": "332", "fro": "323", "fullId": "http://purl.bioontology.org/ontology/RXNORM/32937", "preferredName": "Paroxetine"}, {"semTypes": ["T109", "T121"], "to": "2829", "fro": "2806", "fullId": "http://purl.bioontology.org/ontology/MSH/D017374", "preferredName": "Paroxetine"}, {"semTypes": ["T121", "T109"], "to": "18712", "fro": "18703", "fullId": "http://purl.bioontology.org/ontology/MSH/D017374", "preferredName": "Paroxetine"}, {"semTypes": ["T999"], "to": "5832", "fro": "5809", "fullId": "http://purl.bioontology.org/ontology/MSH/D017374", "preferredName": "Paroxetine"}, {"semTypes": ["T121", "T109"], "to": "16994", "fro": "16985", "fullId": "http://purl.bioontology.org/ontology/MSH/D017374", "preferredName": "Paroxetine"}, {"semTypes": ["T999"], "to": "11180", "fro": "11169", "fullId": "http://purl.bioontology.org/ontology/RXNORM/235830", "preferredName": "Paroxetine Hydrochloride"}, {"semTypes": ["T999"], "to": "10761", "fro": "10749", "fullId": "http://purl.bioontology.org/ontology/MSH/C041930", "preferredName": "atomoxetine"}, {"semTypes": ["T999"], "to": "11485", "fro": "11477", "fullId": "http://purl.bioontology.org/ontology/RXNORM/11289", "preferredName": "Warfarin"}, {"semTypes": ["T109", "T121"], "to": "2533", "fro": "2526", "fullId": "http://purl.bioontology.org/ontology/MSH/C041930", "preferredName": "atomoxetine"}, {"semTypes": ["T999"], "to": "2867", "fro": "2858", "fullId": "http://purl.bioontology.org/ontology/RXNORM/32937", "preferredName": "Paroxetine"}, {"semTypes": ["T121", "T109"], "to": "13416", "fro": "13407", "fullId": "http://purl.bioontology.org/ontology/MSH/D017374", "preferredName": "Paroxetine"}, {"semTypes": ["T109", "T121"], "to": "2677", "fro": "2654", "fullId": "http://purl.bioontology.org/ontology/MSH/D017374", "preferredName": "Paroxetine"}, {"semTypes": ["T999"], "to": "10847", "fro": "10837", "fullId": "http://purl.bioontology.org/ontology/RXNORM/32937", "preferredName": "Paroxetine"}, {"semTypes": ["T999"], "to": "19714", "fro": "19702", "fullId": "http://purl.bioontology.org/ontology/RXNORM/8331", "preferredName": "Pimozide"}, {"semTypes": ["T109", "T121"], "to": "17734", "fro": "17723", "fullId": "http://purl.bioontology.org/ontology/RXNORM/235830", "preferredName": "Paroxetine Hydrochloride"}, {"semTypes": ["T121", "T109"], "to": "14317", "fro": "14308", "fullId": "http://purl.bioontology.org/ontology/MSH/D017374", "preferredName": "Paroxetine"}, {"semTypes": ["T999"], "to": "949", "fro": "922", "fullId": "http://purl.bioontology.org/ontology/RXNORM/8331", "preferredName": "Pimozide"}, {"semTypes": ["T999"], "to": "1643", "fro": "1636", "fullId": "http://purl.bioontology.org/ontology/RXNORM/32937", "preferredName": "Paroxetine"}, {"semTypes": ["T197", "T121"], "to": "16278", "fro": "16262", "fullId": "http://purl.bioontology.org/ontology/MSH/D014364", "preferredName": "Tryptophan"}, {"semTypes": ["T121", "T123", "T116"], "to": "631", "fro": "622", "fullId": "http://purl.bioontology.org/ontology/RXNORM/32937", "preferredName": "Paroxetine"}, {"semTypes": ["T999"], "to": "317", "fro": "308", "fullId": "http://purl.bioontology.org/ontology/MSH/D017374", "preferredName": "Paroxetine"}, {"semTypes": ["T999"], "to": "11192", "fro": "11183", "fullId": "http://purl.bioontology.org/ontology/MSH/D017374", "preferredName": "Paroxetine"}, {"semTypes": ["T121", "T109"], "to": "18444", "fro": "18434", "fullId": "http://purl.bioontology.org/ontology/RXNORM/235830", "preferredName": "Paroxetine Hydrochloride"}, {"semTypes": ["T999"], "to": "615", "fro": "592", "fullId": "http://purl.bioontology.org/ontology/MSH/D017374", "preferredName": "Paroxetine"}, {"semTypes": ["T999"], "to": "5408", "fro": "5399", "fullId": "http://purl.bioontology.org/ontology/RXNORM/235830", "preferredName": "Paroxetine Hydrochloride"}, {"semTypes": ["T109", "T121"], "to": "15845", "fro": "15822", "fullId": "http://purl.bioontology.org/ontology/MSH/D017374", "preferredName": "Paroxetine"}, {"semTypes": ["T121", "T109"], "to": "9580", "fro": "9570", "fullId": "http://purl.bioontology.org/ontology/RXNORM/32937", "preferredName": "Paroxetine"}, {"semTypes": ["T109", "T121"], "to": "19612", "fro": "19600", "fullId": "http://purl.bioontology.org/ontology/RXNORM/8331", "preferredName": "Pimozide"}, {"semTypes": ["T999"], "to": "12279", "fro": "12269", "fullId": "http://purl.bioontology.org/ontology/RXNORM/235830", "preferredName": "Paroxetine Hydrochloride"}, {"semTypes": ["T109", "T121"], "to": "12646", "fro": "12638", "fullId": "http://purl.bioontology.org/ontology/RXNORM/38400", "preferredName": "atomoxetine"}, {"semTypes": ["T999"], "to": "5339", "fro": "5330", "fullId": "http://purl.bioontology.org/ontology/RXNORM/235830", "preferredName": "Paroxetine Hydrochloride"}, {"semTypes": ["T121", "T109"], "to": "11192", "fro": "11183", "fullId": "http://purl.bioontology.org/ontology/MSH/D017374", "preferredName": "Paroxetine"}, {"semTypes": ["T999"], "to": "1762", "fro": "1755", "fullId": "http://purl.bioontology.org/ontology/RXNORM/32937", "preferredName": "Paroxetine"}, {"semTypes": ["T999"], "to": "12623", "fro": "12613", "fullId": "http://purl.bioontology.org/ontology/RXNORM/235830", "preferredName": "Paroxetine Hydrochloride"}, {"semTypes": ["T999"], "to": "8997", "fro": "8974", "fullId": "http://purl.bioontology.org/ontology/MSH/D017374", "preferredName": "Paroxetine"}, {"semTypes": ["T109", "T121"], "to": "19186", "fro": "19163", "fullId": "http://purl.bioontology.org/ontology/MSH/D017374", "preferredName": "Paroxetine"}, {"semTypes": ["T999"], "to": "1713", "fro": "1704", "fullId": "http://purl.bioontology.org/ontology/MSH/D017374", "preferredName": "Paroxetine"}, {"semTypes": ["T121", "T109"], "to": "5924", "fro": "5915", "fullId": "http://purl.bioontology.org/ontology/MSH/D017374", "preferredName": "Paroxetine"}, {"semTypes": ["T121", "T109"], "to": "10906", "fro": "10897", "fullId": "http://purl.bioontology.org/ontology/RXNORM/11289", "preferredName": "Warfarin"}, {"semTypes": ["T999"], "to": "3183", "fro": "3172", "fullId": "http://purl.bioontology.org/ontology/RXNORM/235830", "preferredName": "Paroxetine Hydrochloride"}, {"semTypes": ["T109", "T121"], "to": "6714", "fro": "6691", "fullId": "http://purl.bioontology.org/ontology/MSH/D017374", "preferredName": "Paroxetine"}, {"semTypes": ["T121", "T116"], "to": "12675", "fro": "12664", "fullId": "http://purl.bioontology.org/ontology/MSH/C041930", "preferredName": "atomoxetine"}, {"semTypes": ["T999"], "to": "6976", "fro": "6964", "fullId": "http://purl.bioontology.org/ontology/RXNORM/32937", "preferredName": "Paroxetine"}, {"semTypes": ["T121", "T109"], "to": "317", "fro": "308", "fullId": "http://purl.bioontology.org/ontology/MSH/D017374", "preferredName": "Paroxetine"}, {"semTypes": ["T121", "T109"], "to": "1286", "fro": "1279", "fullId": "http://purl.bioontology.org/ontology/RXNORM/32937", "preferredName": "Paroxetine"}, {"semTypes": ["T109", "T121"], "to": "13597", "fro": "13574", "fullId": "http://purl.bioontology.org/ontology/MSH/D017374", "preferredName": "Paroxetine"}, {"semTypes": ["T121", "T109"], "to": "10776", "fro": "10764", "fullId": "http://purl.bioontology.org/ontology/MSH/D014364", "preferredName": "Tryptophan"}, {"semTypes": ["T121", "T109"], "to": "9419", "fro": "9409", "fullId": "http://purl.bioontology.org/ontology/RXNORM/32937", "preferredName": "Paroxetine"}, {"semTypes": ["T999"], "to": "14639", "fro": "14633", "fullId": "http://purl.bioontology.org/ontology/MSH/D010868", "preferredName": "Pimozide"}, {"semTypes": ["T999"], "to": "16656", "fro": "16650", "fullId": "http://purl.bioontology.org/ontology/RXNORM/235830", "preferredName": "Paroxetine Hydrochloride"}, {"semTypes": ["T121", "T109"], "to": "1713", "fro": "1704", "fullId": "http://purl.bioontology.org/ontology/MSH/D017374", "preferredName": "Paroxetine"}, {"semTypes": ["T121", "T109"], "to": "1598", "fro": "1591", "fullId": "http://purl.bioontology.org/ontology/RXNORM/32937", "preferredName": "Paroxetine"}, {"semTypes": ["T999"], "to": "15684", "fro": "15661", "fullId": "http://purl.bioontology.org/ontology/MSH/D017374", "preferredName": "Paroxetine"}, {"semTypes": ["T109", "T121"], "to": "4457", "fro": "4434", "fullId": "http://purl.bioontology.org/ontology/MSH/D017374", "preferredName": "Paroxetine"}, {"semTypes": ["T121", "T109"], "to": "16762", "fro": "16753", "fullId": "http://purl.bioontology.org/ontology/MSH/D017374", "preferredName": "Paroxetine"}, {"semTypes": ["T999"], "to": "9580", "fro": "9570", "fullId": "http://purl.bioontology.org/ontology/RXNORM/32937", "preferredName": "Paroxetine"}, {"semTypes": ["T121", "T109"], "to": "11408", "fro": "11399", "fullId": "http://purl.bioontology.org/ontology/MSH/D017374", "preferredName": "Paroxetine"}, {"semTypes": ["T999"], "to": "11209", "fro": "11198", "fullId": "http://purl.bioontology.org/ontology/RXNORM/235830", "preferredName": "Paroxetine Hydrochloride"}, {"semTypes": ["T999"], "to": "10135", "fro": "10125", "fullId": "http://purl.bioontology.org/ontology/RXNORM/32937", "preferredName": "Paroxetine"}, {"semTypes": ["T121", "T109"], "to": "12263", "fro": "12254", "fullId": "http://purl.bioontology.org/ontology/MSH/D017374", "preferredName": "Paroxetine"}, {"semTypes": ["T999"], "to": "9959", "fro": "9949", "fullId": "http://purl.bioontology.org/ontology/RXNORM/32937", "preferredName": "Paroxetine"}, {"semTypes": ["T109", "T121"], "to": "615", "fro": "592", "fullId": "http://purl.bioontology.org/ontology/MSH/D017374", "preferredName": "Paroxetine"}, {"semTypes": ["T121", "T109"], "to": "6436", "fro": "6424", "fullId": "http://purl.bioontology.org/ontology/RXNORM/32937", "preferredName": "Paroxetine"}, {"semTypes": ["T121", "T109"], "to": "14639", "fro": "14633", "fullId": "http://purl.bioontology.org/ontology/MSH/C041930", "preferredName": "atomoxetine"}, {"semTypes": ["T999"], "to": "9606", "fro": "9587", "fullId": "http://purl.bioontology.org/ontology/RXNORM/38400", "preferredName": "atomoxetine"}, {"semTypes": ["T121", "T109"], "to": "3758", "fro": "3749", "fullId": "http://purl.bioontology.org/ontology/MSH/D017374", "preferredName": "Paroxetine"}, {"semTypes": ["T999"], "to": "12435", "fro": "12424", "fullId": "http://purl.bioontology.org/ontology/MSH/C041930", "preferredName": "atomoxetine"}, {"semTypes": ["T999"], "to": "10085", "fro": "10075", "fullId": "http://purl.bioontology.org/ontology/RXNORM/32937", "preferredName": "Paroxetine"}, {"semTypes": ["T999"], "to": "8941", "fro": "8918", "fullId": "http://purl.bioontology.org/ontology/MSH/D017374", "preferredName": "Paroxetine"}, {"semTypes": ["T999"], "to": "19792", "fro": "19783", "fullId": "http://purl.bioontology.org/ontology/MSH/D017374", "preferredName": "Paroxetine"}, {"semTypes": ["T121", "T109"], "to": "8776", "fro": "8767", "fullId": "http://purl.bioontology.org/ontology/MSH/D017374", "preferredName": "Paroxetine"}, {"semTypes": ["T109", "T121"], "to": "18629", "fro": "18606", "fullId": "http://purl.bioontology.org/ontology/MSH/D017374", "preferredName": "Paroxetine"}, {"semTypes": ["T999"], "to": "19612", "fro": "19600", "fullId": "http://purl.bioontology.org/ontology/RXNORM/8331", "preferredName": "Pimozide"}, {"semTypes": ["T121", "T109"], "to": "19724", "fro": "19716", "fullId": "http://purl.bioontology.org/ontology/MSH/C041930", "preferredName": "atomoxetine"}, {"semTypes": ["T121", "T109"], "to": "6649", "fro": "6637", "fullId": "http://purl.bioontology.org/ontology/RXNORM/235830", "preferredName": "Paroxetine Hydrochloride"}, {"semTypes": ["T109", "T121"], "to": "7595", "fro": "7572", "fullId": "http://purl.bioontology.org/ontology/MSH/D017374", "preferredName": "Paroxetine"}, {"semTypes": ["T999"], "to": "17467", "fro": "17460", "fullId": "http://purl.bioontology.org/ontology/RXNORM/235830", "preferredName": "Paroxetine Hydrochloride"}, {"semTypes": ["T999"], "to": "18698", "fro": "18688", "fullId": "http://purl.bioontology.org/ontology/RXNORM/235830", "preferredName": "Paroxetine Hydrochloride"}, {"semTypes": ["T121", "T109"], "to": "12741", "fro": "12732", "fullId": "http://purl.bioontology.org/ontology/MSH/D017374", "preferredName": "Paroxetine"}, {"semTypes": ["T999"], "to": "495", "fro": "486", "fullId": "http://purl.bioontology.org/ontology/RXNORM/32937", "preferredName": "Paroxetine"}, {"semTypes": ["T109", "T121"], "to": "6913", "fro": "6890", "fullId": "http://purl.bioontology.org/ontology/MSH/D017374", "preferredName": "Paroxetine"}, {"semTypes": ["T121", "T109"], "to": "7830", "fro": "7822", "fullId": "http://purl.bioontology.org/ontology/RXNORM/235830", "preferredName": "Paroxetine Hydrochloride"}, {"semTypes": ["T999"], "to": "15267", "fro": "15260", "fullId": "http://purl.bioontology.org/ontology/RXNORM/32937", "preferredName": "Paroxetine"}, {"semTypes": ["T121", "T109"], "to": "5599", "fro": "5590", "fullId": "http://purl.bioontology.org/ontology/MSH/D017374", "preferredName": "Paroxetine"}, {"semTypes": ["T999"], "to": "17006", "fro": "17000", "fullId": "http://purl.bioontology.org/ontology/RXNORM/235830", "preferredName": "Paroxetine Hydrochloride"}, {"semTypes": ["T123", "T121", "T109"], "to": "19296", "fro": "19285", "fullId": "http://purl.bioontology.org/ontology/RXNORM/235830", "preferredName": "Paroxetine Hydrochloride"}, {"semTypes": ["T999"], "to": "2709", "fro": "2701", "fullId": "http://purl.bioontology.org/ontology/MSH/D010868", "preferredName": "Pimozide"}, {"semTypes": ["T999"], "to": "7595", "fro": "7572", "fullId": "http://purl.bioontology.org/ontology/MSH/D017374", "preferredName": "Paroxetine"}, {"semTypes": ["T121", "T109"], "to": "12872", "fro": "12863", "fullId": "http://purl.bioontology.org/ontology/MSH/D017374", "preferredName": "Paroxetine"}, {"semTypes": ["T999"], "to": "15238", "fro": "15231", "fullId": "http://purl.bioontology.org/ontology/RXNORM/32937", "preferredName": "Paroxetine"}, {"semTypes": ["T109", "T121"], "to": "8997", "fro": "8974", "fullId": "http://purl.bioontology.org/ontology/MSH/D017374", "preferredName": "Paroxetine"}, {"semTypes": ["T121", "T109"], "to": "5938", "fro": "5929", "fullId": "http://purl.bioontology.org/ontology/RXNORM/235830", "preferredName": "Paroxetine Hydrochloride"}, {"semTypes": ["T109", "T121"], "to": "18005", "fro": "17994", "fullId": "http://purl.bioontology.org/ontology/RXNORM/235830", "preferredName": "Paroxetine Hydrochloride"}, {"semTypes": ["T109", "T121"], "to": "18090", "fro": "18079", "fullId": "http://purl.bioontology.org/ontology/RXNORM/235830", "preferredName": "Paroxetine Hydrochloride"}, {"semTypes": ["T109", "T121"], "to": "10894", "fro": "10884", "fullId": "http://purl.bioontology.org/ontology/MSH/D010868", "preferredName": "Pimozide"}, {"semTypes": ["T121", "T109"], "to": "18560", "fro": "18550", "fullId": "http://purl.bioontology.org/ontology/RXNORM/235830", "preferredName": "Paroxetine Hydrochloride"}, {"semTypes": ["T121", "T109"], "to": "19740", "fro": "19731", "fullId": "http://purl.bioontology.org/ontology/MSH/D017374", "preferredName": "Paroxetine"}, {"semTypes": ["T121", "T109"], "to": "1643", "fro": "1636", "fullId": "http://purl.bioontology.org/ontology/RXNORM/32937", "preferredName": "Paroxetine"}, {"semTypes": ["T131", "T121", "T109"], "to": "15238", "fro": "15231", "fullId": "http://purl.bioontology.org/ontology/RXNORM/32937", "preferredName": "Paroxetine"}, {"semTypes": ["T109", "T121"], "to": "10331", "fro": "10308", "fullId": "http://purl.bioontology.org/ontology/MSH/D017374", "preferredName": "Paroxetine"}, {"semTypes": ["T999"], "to": "9351", "fro": "9341", "fullId": "http://purl.bioontology.org/ontology/RXNORM/235830", "preferredName": "Paroxetine Hydrochloride"}, {"semTypes": ["T121", "T109"], "to": "5017", "fro": "5008", "fullId": "http://purl.bioontology.org/ontology/MSH/D017374", "preferredName": "Paroxetine"}, {"semTypes": ["T999"], "to": "4247", "fro": "4240", "fullId": "http://purl.bioontology.org/ontology/RXNORM/38400", "preferredName": "atomoxetine"}, {"semTypes": ["T999"], "to": "16809", "fro": "16803", "fullId": "http://purl.bioontology.org/ontology/RXNORM/235830", "preferredName": "Paroxetine Hydrochloride"}, {"semTypes": ["T999"], "to": "2543", "fro": "2536", "fullId": "http://purl.bioontology.org/ontology/RXNORM/38400", "preferredName": "atomoxetine"}, {"semTypes": ["T109", "T121"], "to": "10968", "fro": "10960", "fullId": "http://purl.bioontology.org/ontology/RXNORM/11289", "preferredName": "Warfarin"}, {"semTypes": ["T999"], "to": "12528", "fro": "12519", "fullId": "http://purl.bioontology.org/ontology/MSH/D017374", "preferredName": "Paroxetine"}, {"semTypes": ["T999"], "to": "10331", "fro": "10308", "fullId": "http://purl.bioontology.org/ontology/MSH/D017374", "preferredName": "Paroxetine"}, {"semTypes": ["T121", "T109"], "to": "6587", "fro": "6578", "fullId": "http://purl.bioontology.org/ontology/MSH/D017374", "preferredName": "Paroxetine"}, {"semTypes": ["T121", "T123", "T116"], "to": "495", "fro": "486", "fullId": "http://purl.bioontology.org/ontology/RXNORM/32937", "preferredName": "Paroxetine"}, {"semTypes": ["T999"], "to": "180", "fro": "171", "fullId": "http://purl.bioontology.org/ontology/RXNORM/32937", "preferredName": "Paroxetine"}, {"semTypes": ["T121", "T109"], "to": "15067", "fro": "15061", "fullId": "http://purl.bioontology.org/ontology/RXNORM/38400", "preferredName": "atomoxetine"}, {"semTypes": ["T999"], "to": "15067", "fro": "15061", "fullId": "http://purl.bioontology.org/ontology/MSH/D010868", "preferredName": "Pimozide"}, {"semTypes": ["T109", "T121"], "to": "10135", "fro": "10125", "fullId": "http://purl.bioontology.org/ontology/RXNORM/32937", "preferredName": "Paroxetine"}, {"semTypes": ["T121", "T109"], "to": "14004", "fro": "13995", "fullId": "http://purl.bioontology.org/ontology/MSH/D017374", "preferredName": "Paroxetine"}, {"semTypes": ["T999"], "to": "18444", "fro": "18434", "fullId": "http://purl.bioontology.org/ontology/RXNORM/235830", "preferredName": "Paroxetine Hydrochloride"}, {"semTypes": ["T999"], "to": "1547", "fro": "1540", "fullId": "http://purl.bioontology.org/ontology/RXNORM/32937", "preferredName": "Paroxetine"}, {"semTypes": ["T999"], "to": "2934", "fro": "2925", "fullId": "http://purl.bioontology.org/ontology/RXNORM/32937", "preferredName": "Paroxetine"}, {"semTypes": ["T109", "T121"], "to": "7400", "fro": "7377", "fullId": "http://purl.bioontology.org/ontology/MSH/D017374", "preferredName": "Paroxetine"}, {"semTypes": ["T121", "T109"], "to": "6632", "fro": "6623", "fullId": "http://purl.bioontology.org/ontology/MSH/D017374", "preferredName": "Paroxetine"}, {"semTypes": ["T999"], "to": "9221", "fro": "9211", "fullId": "http://purl.bioontology.org/ontology/RXNORM/235830", "preferredName": "Paroxetine Hydrochloride"}, {"semTypes": ["T999"], "to": "10894", "fro": "10884", "fullId": "http://purl.bioontology.org/ontology/RXNORM/38400", "preferredName": "atomoxetine"}, {"semTypes": ["T999"], "to": "9472", "fro": "9453", "fullId": "http://purl.bioontology.org/ontology/MSH/C041930", "preferredName": "atomoxetine"}, {"semTypes": ["T118", "T110", "T121"], "to": "16809", "fro": "16803", "fullId": "http://purl.bioontology.org/ontology/RXNORM/235830", "preferredName": "Paroxetine Hydrochloride"}, {"semTypes": ["T999"], "to": "12872", "fro": "12863", "fullId": "http://purl.bioontology.org/ontology/MSH/D017374", "preferredName": "Paroxetine"}, {"semTypes": ["T999"], "to": "17284", "fro": "17277", "fullId": "http://purl.bioontology.org/ontology/RXNORM/235830", "preferredName": "Paroxetine Hydrochloride"}, {"semTypes": ["T999"], "to": "15321", "fro": "15312", "fullId": "http://purl.bioontology.org/ontology/MSH/D017374", "preferredName": "Paroxetine"}, {"semTypes": ["T121", "T109"], "to": "7711", "fro": "7702", "fullId": "http://purl.bioontology.org/ontology/MSH/D017374", "preferredName": "Paroxetine"}, {"semTypes": ["T121", "T109"], "to": "6976", "fro": "6964", "fullId": "http://purl.bioontology.org/ontology/RXNORM/32937", "preferredName": "Paroxetine"}, {"semTypes": ["T121", "T109"], "to": "7430", "fro": "7422", "fullId": "http://purl.bioontology.org/ontology/RXNORM/32937", "preferredName": "Paroxetine"}, {"semTypes": ["T121", "T109"], "to": "9080", "fro": "9070", "fullId": "http://purl.bioontology.org/ontology/RXNORM/38400", "preferredName": "atomoxetine"}, {"semTypes": ["T999"], "to": "12363", "fro": "12353", "fullId": "http://purl.bioontology.org/ontology/RXNORM/235830", "preferredName": "Paroxetine Hydrochloride"}, {"semTypes": ["T121", "T109"], "to": "17455", "fro": "17446", "fullId": "http://purl.bioontology.org/ontology/MSH/D017374", "preferredName": "Paroxetine"}, {"semTypes": ["T999"], "to": "10817", "fro": "10808", "fullId": "http://purl.bioontology.org/ontology/MSH/D010868", "preferredName": "Pimozide"}, {"semTypes": ["T121", "T109"], "to": "17382", "fro": "17375", "fullId": "http://purl.bioontology.org/ontology/RXNORM/235830", "preferredName": "Paroxetine Hydrochloride"}, {"semTypes": ["T999"], "to": "9080", "fro": "9070", "fullId": "http://purl.bioontology.org/ontology/MSH/D010868", "preferredName": "Pimozide"}, {"semTypes": ["T999"], "to": "1840", "fro": "1833", "fullId": "http://purl.bioontology.org/ontology/RXNORM/32937", "preferredName": "Paroxetine"}, {"semTypes": ["T109", "T121"], "to": "19714", "fro": "19702", "fullId": "http://purl.bioontology.org/ontology/MSH/C041930", "preferredName": "atomoxetine"}, {"semTypes": ["T109", "T121"], "to": "2543", "fro": "2536", "fullId": "http://purl.bioontology.org/ontology/RXNORM/8331", "preferredName": "Pimozide"}, {"semTypes": ["T121", "T109"], "to": "12348", "fro": "12339", "fullId": "http://purl.bioontology.org/ontology/MSH/D017374", "preferredName": "Paroxetine"}, {"semTypes": ["T109", "T121"], "to": "5832", "fro": "5809", "fullId": "http://purl.bioontology.org/ontology/MSH/D017374", "preferredName": "Paroxetine"}, {"semTypes": ["T121", "T109"], "to": "7766", "fro": "7758", "fullId": "http://purl.bioontology.org/ontology/RXNORM/235830", "preferredName": "Paroxetine Hydrochloride"}, {"semTypes": ["T109", "T121"], "to": "16256", "fro": "16233", "fullId": "http://purl.bioontology.org/ontology/MSH/D017374", "preferredName": "Paroxetine"}, {"semTypes": ["T121", "T109"], "to": "10761", "fro": "10749", "fullId": "http://purl.bioontology.org/ontology/MSH/D010868", "preferredName": "Pimozide"}, {"semTypes": ["T999"], "to": "2829", "fro": "2806", "fullId": "http://purl.bioontology.org/ontology/MSH/D017374", "preferredName": "Paroxetine"}, {"semTypes": ["T121", "T109"], "to": "17419", "fro": "17410", "fullId": "http://purl.bioontology.org/ontology/MSH/D017374", "preferredName": "Paroxetine"}, {"semTypes": ["T121", "T109"], "to": "8625", "fro": "8616", "fullId": "http://purl.bioontology.org/ontology/MSH/D017374", "preferredName": "Paroxetine"}, {"semTypes": ["T999"], "to": "12657", "fro": "12649", "fullId": "http://purl.bioontology.org/ontology/RXNORM/8331", "preferredName": "Pimozide"}, {"semTypes": ["T109", "T121"], "to": "3183", "fro": "3172", "fullId": "http://purl.bioontology.org/ontology/RXNORM/235830", "preferredName": "Paroxetine Hydrochloride"}, {"semTypes": ["T121", "T109"], "to": "6294", "fro": "6282", "fullId": "http://purl.bioontology.org/ontology/RXNORM/32937", "preferredName": "Paroxetine"}, {"semTypes": ["T131", "T121", "T109"], "to": "3887", "fro": "3880", "fullId": "http://purl.bioontology.org/ontology/RXNORM/32937", "preferredName": "Paroxetine"}, {"semTypes": ["T999"], "to": "14317", "fro": "14308", "fullId": "http://purl.bioontology.org/ontology/MSH/D017374", "preferredName": "Paroxetine"}, {"semTypes": ["T121", "T109"], "to": "12279", "fro": "12269", "fullId": "http://purl.bioontology.org/ontology/RXNORM/235830", "preferredName": "Paroxetine Hydrochloride"}, {"semTypes": ["T999"], "to": "2740", "fro": "2727", "fullId": "http://purl.bioontology.org/ontology/RXNORM/38400", "preferredName": "atomoxetine"}, {"semTypes": ["T121", "T109"], "to": "7680", "fro": "7672", "fullId": "http://purl.bioontology.org/ontology/RXNORM/32937", "preferredName": "Paroxetine"}, {"semTypes": ["T999"], "to": "10255", "fro": "10246", "fullId": "http://purl.bioontology.org/ontology/MSH/D017374", "preferredName": "Paroxetine"}, {"semTypes": ["T123", "T121", "T109"], "to": "19123", "fro": "19112", "fullId": "http://purl.bioontology.org/ontology/RXNORM/235830", "preferredName": "Paroxetine Hydrochloride"}, {"semTypes": ["T999"], "to": "10020", "fro": "10010", "fullId": "http://purl.bioontology.org/ontology/RXNORM/32937", "preferredName": "Paroxetine"}, {"semTypes": ["T121", "T109"], "to": "7487", "fro": "7478", "fullId": "http://purl.bioontology.org/ontology/MSH/D017374", "preferredName": "Paroxetine"}, {"semTypes": ["T121", "T123", "T116"], "to": "332", "fro": "323", "fullId": "http://purl.bioontology.org/ontology/RXNORM/32937", "preferredName": "Paroxetine"}, {"semTypes": ["T109", "T121"], "to": "556", "fro": "533", "fullId": "http://purl.bioontology.org/ontology/MSH/D017374", "preferredName": "Paroxetine"}, {"semTypes": ["T123", "T121", "T109"], "to": "19032", "fro": "19021", "fullId": "http://purl.bioontology.org/ontology/RXNORM/235830", "preferredName": "Paroxetine Hydrochloride"}, {"semTypes": ["T999"], "to": "3758", "fro": "3749", "fullId": "http://purl.bioontology.org/ontology/MSH/D017374", "preferredName": "Paroxetine"}, {"semTypes": ["T121", "T123", "T116"], "to": "2867", "fro": "2858", "fullId": "http://purl.bioontology.org/ontology/RXNORM/32937", "preferredName": "Paroxetine"}, {"semTypes": ["T121", "T109"], "to": "17824", "fro": "17815", "fullId": "http://purl.bioontology.org/ontology/MSH/D017374", "preferredName": "Paroxetine"}, {"semTypes": ["T999"], "to": "18090", "fro": "18079", "fullId": "http://purl.bioontology.org/ontology/RXNORM/235830", "preferredName": "Paroxetine Hydrochloride"}, {"semTypes": ["T121", "T109"], "to": "6222", "fro": "6210", "fullId": "http://purl.bioontology.org/ontology/RXNORM/32937", "preferredName": "Paroxetine"}, {"semTypes": ["T999"], "to": "12646", "fro": "12638", "fullId": "http://purl.bioontology.org/ontology/RXNORM/11289", "preferredName": "Warfarin"}, {"semTypes": ["T999"], "to": "13396", "fro": "13373", "fullId": "http://purl.bioontology.org/ontology/MSH/D017374", "preferredName": "Paroxetine"}, {"semTypes": ["T999"], "to": "1286", "fro": "1279", "fullId": "http://purl.bioontology.org/ontology/RXNORM/32937", "preferredName": "Paroxetine"}, {"semTypes": ["T200"], "to": "9834", "fro": "9819", "fullId": "http://purl.bioontology.org/ontology/MSH/D010868", "preferredName": "Pimozide"}, {"semTypes": ["T121", "T109"], "to": "9351", "fro": "9341", "fullId": "http://purl.bioontology.org/ontology/RXNORM/32937", "preferredName": "Paroxetine"}, {"semTypes": ["T121", "T109"], "to": "11653", "fro": "11644", "fullId": "http://purl.bioontology.org/ontology/MSH/D017374", "preferredName": "Paroxetine"}, {"semTypes": ["T999"], "to": "10801", "fro": "10791", "fullId": "http://purl.bioontology.org/ontology/RXNORM/8331", "preferredName": "Pimozide"}, {"semTypes": ["T118", "T110", "T121"], "to": "17006", "fro": "17000", "fullId": "http://purl.bioontology.org/ontology/RXNORM/235830", "preferredName": "Paroxetine Hydrochloride"}, {"semTypes": ["T109", "T121"], "to": "16382", "fro": "16359", "fullId": "http://purl.bioontology.org/ontology/MSH/D017374", "preferredName": "Paroxetine"}, {"semTypes": ["T999"], "to": "16762", "fro": "16753", "fullId": "http://purl.bioontology.org/ontology/MSH/D017374", "preferredName": "Paroxetine"}, {"semTypes": ["T999"], "to": "10776", "fro": "10764", "fullId": "http://purl.bioontology.org/ontology/RXNORM/38400", "preferredName": "atomoxetine"}, {"semTypes": ["T109", "T121"], "to": "10020", "fro": "10010", "fullId": "http://purl.bioontology.org/ontology/RXNORM/32937", "preferredName": "Paroxetine"}, {"semTypes": ["T121", "T109"], "to": "12528", "fro": "12519", "fullId": "http://purl.bioontology.org/ontology/MSH/D017374", "preferredName": "Paroxetine"}, {"semTypes": ["T131", "T121", "T109"], "to": "14652", "fro": "14645", "fullId": "http://purl.bioontology.org/ontology/RXNORM/32937", "preferredName": "Paroxetine"}, {"semTypes": ["T109", "T121"], "to": "10499", "fro": "10476", "fullId": "http://purl.bioontology.org/ontology/MSH/D017374", "preferredName": "Paroxetine"}, {"semTypes": ["T999"], "to": "16906", "fro": "16897", "fullId": "http://purl.bioontology.org/ontology/MSH/D017374", "preferredName": "Paroxetine"}, {"semTypes": ["T999"], "to": "16382", "fro": "16359", "fullId": "http://purl.bioontology.org/ontology/MSH/D017374", "preferredName": "Paroxetine"}, {"semTypes": ["T121", "T109"], "to": "16906", "fro": "16897", "fullId": "http://purl.bioontology.org/ontology/MSH/D017374", "preferredName": "Paroxetine"}, {"semTypes": ["T999"], "to": "19186", "fro": "19163", "fullId": "http://purl.bioontology.org/ontology/MSH/D017374", "preferredName": "Paroxetine"}, {"semTypes": ["T999"], "to": "5938", "fro": "5929", "fullId": "http://purl.bioontology.org/ontology/RXNORM/235830", "preferredName": "Paroxetine Hydrochloride"}, {"semTypes": ["T999"], "to": "10191", "fro": "10181", "fullId": "http://purl.bioontology.org/ontology/RXNORM/32937", "preferredName": "Paroxetine"}, {"semTypes": ["T999"], "to": "7711", "fro": "7702", "fullId": "http://purl.bioontology.org/ontology/MSH/D017374", "preferredName": "Paroxetine"}, {"semTypes": ["T999"], "to": "3771", "fro": "3764", "fullId": "http://purl.bioontology.org/ontology/RXNORM/32937", "preferredName": "Paroxetine"}, {"semTypes": ["T109", "T121"], "to": "10605", "fro": "10582", "fullId": "http://purl.bioontology.org/ontology/MSH/D017374", "preferredName": "Paroxetine"}, {"semTypes": ["T999"], "to": "4457", "fro": "4434", "fullId": "http://purl.bioontology.org/ontology/MSH/D017374", "preferredName": "Paroxetine"}, {"semTypes": ["T999"], "to": "6294", "fro": "6282", "fullId": "http://purl.bioontology.org/ontology/RXNORM/32937", "preferredName": "Paroxetine"}, {"semTypes": ["T121", "T109"], "to": "11317", "fro": "11309", "fullId": "http://purl.bioontology.org/ontology/RXNORM/8331", "preferredName": "Pimozide"}, {"semTypes": ["T118", "T110", "T121"], "to": "16839", "fro": "16833", "fullId": "http://purl.bioontology.org/ontology/RXNORM/235830", "preferredName": "Paroxetine Hydrochloride"}, {"semTypes": ["T999"], "to": "19740", "fro": "19731", "fullId": "http://purl.bioontology.org/ontology/MSH/D017374", "preferredName": "Paroxetine"}, {"semTypes": ["T121", "T109"], "to": "17284", "fro": "17277", "fullId": "http://purl.bioontology.org/ontology/RXNORM/235830", "preferredName": "Paroxetine Hydrochloride"}, {"semTypes": ["T999"], "to": "1420", "fro": "1397", "fullId": "http://purl.bioontology.org/ontology/MSH/D017374", "preferredName": "Paroxetine"}, {"semTypes": ["T121", "T109"], "to": "1547", "fro": "1540", "fullId": "http://purl.bioontology.org/ontology/RXNORM/32937", "preferredName": "Paroxetine"}, {"semTypes": ["T109", "T121"], "to": "10085", "fro": "10075", "fullId": "http://purl.bioontology.org/ontology/RXNORM/32937", "preferredName": "Paroxetine"}]