[{"semTypes": ["T999"], "to": "5944", "fro": "5935", "fullId": "http://purl.bioontology.org/ontology/MSH/D015283", "preferredName": "Citalopram"}, {"semTypes": ["T109", "T121"], "to": "5595", "fro": "5585", "fullId": "http://purl.bioontology.org/ontology/MSH/D015283", "preferredName": "Citalopram"}, {"semTypes": ["T999"], "to": "875", "fro": "868", "fullId": "http://purl.bioontology.org/ontology/MSH/D002220", "preferredName": "Carbamazepine"}, {"semTypes": ["T116", "T123", "T121"], "to": "695", "fro": "686", "fullId": "http://purl.bioontology.org/ontology/MSH/D014859", "preferredName": "Warfarin"}, {"semTypes": ["T999"], "to": "8584", "fro": "8575", "fullId": "http://purl.bioontology.org/ontology/MSH/D015283", "preferredName": "Citalopram"}, {"semTypes": ["T999"], "to": "1941", "fro": "1914", "fullId": "http://purl.bioontology.org/ontology/RXNORM/11289", "preferredName": "Warfarin"}, {"semTypes": ["T999"], "to": "2968", "fro": "2959", "fullId": "http://purl.bioontology.org/ontology/MSH/D014859", "preferredName": "Warfarin"}, {"semTypes": ["T999"], "to": "432", "fro": "424", "fullId": "http://purl.bioontology.org/ontology/RXNORM/11289", "preferredName": "Warfarin"}, {"semTypes": ["T121", "T109"], "to": "1063", "fro": "1054", "fullId": "http://purl.bioontology.org/ontology/MSH/D015283", "preferredName": "Citalopram"}, {"semTypes": ["T109", "T121"], "to": "8030", "fro": "8021", "fullId": "http://purl.bioontology.org/ontology/RXNORM/2556", "preferredName": "Citalopram"}, {"semTypes": ["T999"], "to": "232", "fro": "223", "fullId": "http://purl.bioontology.org/ontology/RXNORM/2556", "preferredName": "Citalopram"}, {"semTypes": ["T999"], "to": "5595", "fro": "5585", "fullId": "http://purl.bioontology.org/ontology/RXNORM/2002", "preferredName": "Carbamazepine"}, {"semTypes": ["T999"], "to": "5668", "fro": "5659", "fullId": "http://purl.bioontology.org/ontology/MSH/D002220", "preferredName": "Carbamazepine"}, {"semTypes": ["T999"], "to": "5163", "fro": "5152", "fullId": "http://purl.bioontology.org/ontology/RXNORM/2556", "preferredName": "Citalopram"}, {"semTypes": ["T999"], "to": "3342", "fro": "3333", "fullId": "http://purl.bioontology.org/ontology/RXNORM/2556", "preferredName": "Citalopram"}, {"semTypes": ["T109", "T121", "T123"], "to": "5239", "fro": "5228", "fullId": "http://purl.bioontology.org/ontology/MSH/D015283", "preferredName": "Citalopram"}, {"semTypes": ["T121", "T109"], "to": "2968", "fro": "2959", "fullId": "http://purl.bioontology.org/ontology/MSH/D015283", "preferredName": "Citalopram"}, {"semTypes": ["T121", "T109"], "to": "5705", "fro": "5696", "fullId": "http://purl.bioontology.org/ontology/MSH/D002220", "preferredName": "Carbamazepine"}, {"semTypes": ["T999"], "to": "6409", "fro": "6397", "fullId": "http://purl.bioontology.org/ontology/MSH/D015283", "preferredName": "Citalopram"}, {"semTypes": ["T121", "T131", "T109"], "to": "5856", "fro": "5849", "fullId": "http://purl.bioontology.org/ontology/MSH/D015283", "preferredName": "Citalopram"}, {"semTypes": ["T109", "T121", "T123"], "to": "5014", "fro": "5003", "fullId": "http://purl.bioontology.org/ontology/MSH/D015283", "preferredName": "Citalopram"}, {"semTypes": ["T999"], "to": "7076", "fro": "7065", "fullId": "http://purl.bioontology.org/ontology/MSH/D002220", "preferredName": "Carbamazepine"}, {"semTypes": ["T999"], "to": "5681", "fro": "5671", "fullId": "http://purl.bioontology.org/ontology/MSH/D002220", "preferredName": "Carbamazepine"}, {"semTypes": ["T999"], "to": "421", "fro": "414", "fullId": "http://purl.bioontology.org/ontology/MSH/D002220", "preferredName": "Carbamazepine"}, {"semTypes": ["T999"], "to": "5705", "fro": "5696", "fullId": "http://purl.bioontology.org/ontology/RXNORM/2002", "preferredName": "Carbamazepine"}, {"semTypes": ["T200"], "to": "4649", "fro": "4637", "fullId": "http://purl.bioontology.org/ontology/RXNORM/2002", "preferredName": "Carbamazepine"}, {"semTypes": ["T121", "T109"], "to": "7076", "fro": "7065", "fullId": "http://purl.bioontology.org/ontology/MSH/D015283", "preferredName": "Citalopram"}, {"semTypes": ["T999"], "to": "3129", "fro": "3120", "fullId": "http://purl.bioontology.org/ontology/MSH/D014859", "preferredName": "Warfarin"}, {"semTypes": ["T999"], "to": "2499", "fro": "2491", "fullId": "http://purl.bioontology.org/ontology/RXNORM/2002", "preferredName": "Carbamazepine"}, {"semTypes": ["T121", "T109"], "to": "9204", "fro": "9195", "fullId": "http://purl.bioontology.org/ontology/MSH/D015283", "preferredName": "Citalopram"}, {"semTypes": ["T109", "T121", "T123"], "to": "5163", "fro": "5152", "fullId": "http://purl.bioontology.org/ontology/RXNORM/2556", "preferredName": "Citalopram"}, {"semTypes": ["T999"], "to": "508", "fro": "501", "fullId": "http://purl.bioontology.org/ontology/MSH/D013806", "preferredName": "Theophylline"}, {"semTypes": ["T121", "T109"], "to": "5681", "fro": "5671", "fullId": "http://purl.bioontology.org/ontology/MSH/D014859", "preferredName": "Warfarin"}, {"semTypes": ["T200"], "to": "4687", "fro": "4672", "fullId": "http://purl.bioontology.org/ontology/MSH/D013806", "preferredName": "Theophylline"}, {"semTypes": ["T121", "T109"], "to": "6742", "fro": "6734", "fullId": "http://purl.bioontology.org/ontology/RXNORM/2556", "preferredName": "Citalopram"}, {"semTypes": ["T999"], "to": "6900", "fro": "6892", "fullId": "http://purl.bioontology.org/ontology/MSH/D014859", "preferredName": "Warfarin"}, {"semTypes": ["T999"], "to": "695", "fro": "686", "fullId": "http://purl.bioontology.org/ontology/RXNORM/6918", "preferredName": "Metoprolol"}, {"semTypes": ["T109", "T121"], "to": "6578", "fro": "6566", "fullId": "http://purl.bioontology.org/ontology/RXNORM/2556", "preferredName": "Citalopram"}, {"semTypes": ["T999"], "to": "6829", "fro": "6820", "fullId": "http://purl.bioontology.org/ontology/RXNORM/2556", "preferredName": "Citalopram"}, {"semTypes": ["T109", "T121"], "to": "8052", "fro": "8043", "fullId": "http://purl.bioontology.org/ontology/RXNORM/2556", "preferredName": "Citalopram"}, {"semTypes": ["T109", "T121"], "to": "432", "fro": "424", "fullId": "http://purl.bioontology.org/ontology/RXNORM/6918", "preferredName": "Metoprolol"}, {"semTypes": ["T999"], "to": "4546", "fro": "4539", "fullId": "http://purl.bioontology.org/ontology/RXNORM/2556", "preferredName": "Citalopram"}, {"semTypes": ["T109", "T121"], "to": "2223", "fro": "2217", "fullId": "http://purl.bioontology.org/ontology/RXNORM/11289", "preferredName": "Warfarin"}, {"semTypes": ["T121", "T109"], "to": "7338", "fro": "7329", "fullId": "http://purl.bioontology.org/ontology/RXNORM/2556", "preferredName": "Citalopram"}, {"semTypes": ["T121", "T110", "T118"], "to": "3911", "fro": "3905", "fullId": "http://purl.bioontology.org/ontology/RXNORM/2556", "preferredName": "Citalopram"}, {"semTypes": ["T121", "T109"], "to": "508", "fro": "501", "fullId": "http://purl.bioontology.org/ontology/RXNORM/11289", "preferredName": "Warfarin"}, {"semTypes": ["T999"], "to": "5239", "fro": "5228", "fullId": "http://purl.bioontology.org/ontology/RXNORM/2556", "preferredName": "Citalopram"}, {"semTypes": ["T999"], "to": "7338", "fro": "7329", "fullId": "http://purl.bioontology.org/ontology/RXNORM/2556", "preferredName": "Citalopram"}, {"semTypes": ["T121", "T109"], "to": "657", "fro": "648", "fullId": "http://purl.bioontology.org/ontology/RXNORM/2556", "preferredName": "Citalopram"}, {"semTypes": ["T999"], "to": "2792", "fro": "2785", "fullId": "http://purl.bioontology.org/ontology/RXNORM/2556", "preferredName": "Citalopram"}, {"semTypes": ["T109", "T121"], "to": "8866", "fro": "8856", "fullId": "http://purl.bioontology.org/ontology/MSH/D014859", "preferredName": "Warfarin"}, {"semTypes": ["T999"], "to": "4836", "fro": "4827", "fullId": "http://purl.bioontology.org/ontology/MSH/D015283", "preferredName": "Citalopram"}, {"semTypes": ["T999"], "to": "8167", "fro": "8158", "fullId": "http://purl.bioontology.org/ontology/MSH/D015283", "preferredName": "Citalopram"}, {"semTypes": ["T109", "T121"], "to": "5389", "fro": "5379", "fullId": "http://purl.bioontology.org/ontology/RXNORM/2556", "preferredName": "Citalopram"}, {"semTypes": ["T121", "T109"], "to": "8536", "fro": "8527", "fullId": "http://purl.bioontology.org/ontology/RXNORM/2556", "preferredName": "Citalopram"}, {"semTypes": ["T999"], "to": "7009", "fro": "7001", "fullId": "http://purl.bioontology.org/ontology/RXNORM/2556", "preferredName": "Citalopram"}, {"semTypes": ["T999"], "to": "4053", "fro": "4044", "fullId": "http://purl.bioontology.org/ontology/RXNORM/2556", "preferredName": "Citalopram"}, {"semTypes": ["T109", "T121"], "to": "2621", "fro": "2615", "fullId": "http://purl.bioontology.org/ontology/RXNORM/11289", "preferredName": "Warfarin"}, {"semTypes": ["T109", "T121"], "to": "8702", "fro": "8693", "fullId": "http://purl.bioontology.org/ontology/RXNORM/2556", "preferredName": "Citalopram"}, {"semTypes": ["T999"], "to": "7834", "fro": "7825", "fullId": "http://purl.bioontology.org/ontology/RXNORM/2556", "preferredName": "Citalopram"}, {"semTypes": ["T121", "T131", "T109"], "to": "6004", "fro": "5997", "fullId": "http://purl.bioontology.org/ontology/MSH/D015283", "preferredName": "Citalopram"}, {"semTypes": ["T121", "T131", "T109"], "to": "2821", "fro": "2814", "fullId": "http://purl.bioontology.org/ontology/RXNORM/2556", "preferredName": "Citalopram"}, {"semTypes": ["T999"], "to": "2621", "fro": "2615", "fullId": "http://purl.bioontology.org/ontology/RXNORM/2002", "preferredName": "Carbamazepine"}, {"semTypes": ["T109", "T121", "T123"], "to": "5267", "fro": "5256", "fullId": "http://purl.bioontology.org/ontology/MSH/D015283", "preferredName": "Citalopram"}, {"semTypes": ["T121", "T109"], "to": "6900", "fro": "6892", "fullId": "http://purl.bioontology.org/ontology/RXNORM/2556", "preferredName": "Citalopram"}, {"semTypes": ["T121", "T110", "T118"], "to": "3645", "fro": "3639", "fullId": "http://purl.bioontology.org/ontology/MSH/D002220", "preferredName": "Carbamazepine"}, {"semTypes": ["T109", "T121"], "to": "4546", "fro": "4539", "fullId": "http://purl.bioontology.org/ontology/RXNORM/11289", "preferredName": "Warfarin"}, {"semTypes": ["T121", "T109"], "to": "6829", "fro": "6820", "fullId": "http://purl.bioontology.org/ontology/RXNORM/2556", "preferredName": "Citalopram"}, {"semTypes": ["T999"], "to": "6305", "fro": "6293", "fullId": "http://purl.bioontology.org/ontology/MSH/D015283", "preferredName": "Citalopram"}, {"semTypes": ["T121", "T109"], "to": "3795", "fro": "3786", "fullId": "http://purl.bioontology.org/ontology/RXNORM/2556", "preferredName": "Citalopram"}, {"semTypes": ["T109", "T121"], "to": "4883", "fro": "4876", "fullId": "http://purl.bioontology.org/ontology/RXNORM/2556", "preferredName": "Citalopram"}, {"semTypes": ["T999"], "to": "8866", "fro": "8856", "fullId": "http://purl.bioontology.org/ontology/RXNORM/2002", "preferredName": "Carbamazepine"}, {"semTypes": ["T999"], "to": "8785", "fro": "8775", "fullId": "http://purl.bioontology.org/ontology/RXNORM/2002", "preferredName": "Carbamazepine"}, {"semTypes": ["T999"], "to": "8302", "fro": "8293", "fullId": "http://purl.bioontology.org/ontology/MSH/D015283", "preferredName": "Citalopram"}, {"semTypes": ["T999"], "to": "8716", "fro": "8707", "fullId": "http://purl.bioontology.org/ontology/RXNORM/2556", "preferredName": "Citalopram"}, {"semTypes": ["T999"], "to": "5638", "fro": "5628", "fullId": "http://purl.bioontology.org/ontology/MSH/D014859", "preferredName": "Warfarin"}, {"semTypes": ["T999"], "to": "3795", "fro": "3786", "fullId": "http://purl.bioontology.org/ontology/RXNORM/2556", "preferredName": "Citalopram"}, {"semTypes": ["T999"], "to": "3178", "fro": "3169", "fullId": "http://purl.bioontology.org/ontology/RXNORM/2556", "preferredName": "Citalopram"}, {"semTypes": ["T999"], "to": "1063", "fro": "1054", "fullId": "http://purl.bioontology.org/ontology/RXNORM/2556", "preferredName": "Citalopram"}, {"semTypes": ["T999"], "to": "5267", "fro": "5256", "fullId": "http://purl.bioontology.org/ontology/RXNORM/2556", "preferredName": "Citalopram"}, {"semTypes": ["T121", "T109"], "to": "8968", "fro": "8959", "fullId": "http://purl.bioontology.org/ontology/MSH/D015283", "preferredName": "Citalopram"}, {"semTypes": ["T999"], "to": "1463", "fro": "1454", "fullId": "http://purl.bioontology.org/ontology/RXNORM/2556", "preferredName": "Citalopram"}, {"semTypes": ["T999"], "to": "7188", "fro": "7177", "fullId": "http://purl.bioontology.org/ontology/MSH/D015283", "preferredName": "Citalopram"}, {"semTypes": ["T999"], "to": "5389", "fro": "5379", "fullId": "http://purl.bioontology.org/ontology/MSH/D015283", "preferredName": "Citalopram"}, {"semTypes": ["T999"], "to": "8152", "fro": "8143", "fullId": "http://purl.bioontology.org/ontology/RXNORM/2556", "preferredName": "Citalopram"}, {"semTypes": ["T999"], "to": "4178", "fro": "4169", "fullId": "http://purl.bioontology.org/ontology/MSH/D015283", "preferredName": "Citalopram"}, {"semTypes": ["T999"], "to": "8762", "fro": "8753", "fullId": "http://purl.bioontology.org/ontology/MSH/D015283", "preferredName": "Citalopram"}, {"semTypes": ["T121", "T109"], "to": "4178", "fro": "4169", "fullId": "http://purl.bioontology.org/ontology/MSH/D015283", "preferredName": "Citalopram"}, {"semTypes": ["T121", "T109"], "to": "3342", "fro": "3333", "fullId": "http://purl.bioontology.org/ontology/RXNORM/11289", "preferredName": "Warfarin"}, {"semTypes": ["T121", "T109"], "to": "310", "fro": "301", "fullId": "http://purl.bioontology.org/ontology/MSH/D015283", "preferredName": "Citalopram"}, {"semTypes": ["T999"], "to": "1867", "fro": "1858", "fullId": "http://purl.bioontology.org/ontology/MSH/D015283", "preferredName": "Citalopram"}, {"semTypes": ["T999"], "to": "6621", "fro": "6612", "fullId": "http://purl.bioontology.org/ontology/RXNORM/2556", "preferredName": "Citalopram"}, {"semTypes": ["T999"], "to": "8702", "fro": "8693", "fullId": "http://purl.bioontology.org/ontology/MSH/D015283", "preferredName": "Citalopram"}, {"semTypes": ["T121", "T109"], "to": "4453", "fro": "4444", "fullId": "http://purl.bioontology.org/ontology/RXNORM/2556", "preferredName": "Citalopram"}, {"semTypes": ["T999"], "to": "8030", "fro": "8021", "fullId": "http://purl.bioontology.org/ontology/RXNORM/2556", "preferredName": "Citalopram"}, {"semTypes": ["T121", "T109"], "to": "7240", "fro": "7229", "fullId": "http://purl.bioontology.org/ontology/RXNORM/2002", "preferredName": "Carbamazepine"}, {"semTypes": ["T121", "T109"], "to": "5305", "fro": "5296", "fullId": "http://purl.bioontology.org/ontology/RXNORM/2556", "preferredName": "Citalopram"}, {"semTypes": ["T999"], "to": "5693", "fro": "5684", "fullId": "http://purl.bioontology.org/ontology/MSH/D002220", "preferredName": "Carbamazepine"}, {"semTypes": ["T999"], "to": "4408", "fro": "4399", "fullId": "http://purl.bioontology.org/ontology/MSH/D015283", "preferredName": "Citalopram"}, {"semTypes": ["T999"], "to": "5717", "fro": "5708", "fullId": "http://purl.bioontology.org/ontology/MSH/D015283", "preferredName": "Citalopram"}, {"semTypes": ["T999"], "to": "3645", "fro": "3639", "fullId": "http://purl.bioontology.org/ontology/MSH/D015283", "preferredName": "Citalopram"}, {"semTypes": ["T109", "T121"], "to": "6305", "fro": "6293", "fullId": "http://purl.bioontology.org/ontology/MSH/D015283", "preferredName": "Citalopram"}, {"semTypes": ["T121", "T110", "T118"], "to": "3807", "fro": "3801", "fullId": "http://purl.bioontology.org/ontology/MSH/D014859", "preferredName": "Warfarin"}, {"semTypes": ["T121", "T109"], "to": "4408", "fro": "4399", "fullId": "http://purl.bioontology.org/ontology/MSH/D015283", "preferredName": "Citalopram"}, {"semTypes": ["T999"], "to": "3756", "fro": "3747", "fullId": "http://purl.bioontology.org/ontology/MSH/D015283", "preferredName": "Citalopram"}, {"semTypes": ["T121", "T109"], "to": "232", "fro": "223", "fullId": "http://purl.bioontology.org/ontology/MSH/D015283", "preferredName": "Citalopram"}, {"semTypes": ["T999"], "to": "6996", "fro": "6987", "fullId": "http://purl.bioontology.org/ontology/MSH/D015283", "preferredName": "Citalopram"}, {"semTypes": ["T109", "T121"], "to": "8167", "fro": "8158", "fullId": "http://purl.bioontology.org/ontology/RXNORM/2556", "preferredName": "Citalopram"}, {"semTypes": ["T121", "T109"], "to": "5944", "fro": "5935", "fullId": "http://purl.bioontology.org/ontology/MSH/D015283", "preferredName": "Citalopram"}, {"semTypes": ["T121", "T109"], "to": "5668", "fro": "5659", "fullId": "http://purl.bioontology.org/ontology/RXNORM/2002", "preferredName": "Carbamazepine"}, {"semTypes": ["T999"], "to": "6457", "fro": "6448", "fullId": "http://purl.bioontology.org/ontology/MSH/D015283", "preferredName": "Citalopram"}, {"semTypes": ["T999"], "to": "8463", "fro": "8454", "fullId": "http://purl.bioontology.org/ontology/MSH/D015283", "preferredName": "Citalopram"}, {"semTypes": ["T121", "T109"], "to": "8716", "fro": "8707", "fullId": "http://purl.bioontology.org/ontology/MSH/D015283", "preferredName": "Citalopram"}, {"semTypes": ["T121", "T109"], "to": "8463", "fro": "8454", "fullId": "http://purl.bioontology.org/ontology/RXNORM/2556", "preferredName": "Citalopram"}, {"semTypes": ["T121", "T109"], "to": "7009", "fro": "7001", "fullId": "http://purl.bioontology.org/ontology/MSH/D002220", "preferredName": "Carbamazepine"}, {"semTypes": ["T999"], "to": "7240", "fro": "7229", "fullId": "http://purl.bioontology.org/ontology/MSH/D014859", "preferredName": "Warfarin"}, {"semTypes": ["T999"], "to": "4453", "fro": "4444", "fullId": "http://purl.bioontology.org/ontology/MSH/D015283", "preferredName": "Citalopram"}, {"semTypes": ["T109", "T121"], "to": "6542", "fro": "6530", "fullId": "http://purl.bioontology.org/ontology/RXNORM/2556", "preferredName": "Citalopram"}, {"semTypes": ["T999"], "to": "9204", "fro": "9195", "fullId": "http://purl.bioontology.org/ontology/RXNORM/2556", "preferredName": "Citalopram"}, {"semTypes": ["T109", "T121"], "to": "8584", "fro": "8575", "fullId": "http://purl.bioontology.org/ontology/RXNORM/2556", "preferredName": "Citalopram"}, {"semTypes": ["T121", "T109"], "to": "5717", "fro": "5708", "fullId": "http://purl.bioontology.org/ontology/MSH/D015283", "preferredName": "Citalopram"}, {"semTypes": ["T109", "T121"], "to": "4812", "fro": "4805", "fullId": "http://purl.bioontology.org/ontology/MSH/D015283", "preferredName": "Citalopram"}, {"semTypes": ["T121", "T109"], "to": "5101", "fro": "5092", "fullId": "http://purl.bioontology.org/ontology/MSH/D015283", "preferredName": "Citalopram"}, {"semTypes": ["T109", "T121"], "to": "5638", "fro": "5628", "fullId": "http://purl.bioontology.org/ontology/MSH/D015283", "preferredName": "Citalopram"}, {"semTypes": ["T999"], "to": "8968", "fro": "8959", "fullId": "http://purl.bioontology.org/ontology/MSH/D015283", "preferredName": "Citalopram"}, {"semTypes": ["T200"], "to": "7476", "fro": "7461", "fullId": "http://purl.bioontology.org/ontology/RXNORM/11289", "preferredName": "Warfarin"}, {"semTypes": ["T999"], "to": "8536", "fro": "8527", "fullId": "http://purl.bioontology.org/ontology/MSH/D015283", "preferredName": "Citalopram"}, {"semTypes": ["T109", "T121"], "to": "6409", "fro": "6397", "fullId": "http://purl.bioontology.org/ontology/MSH/D015283", "preferredName": "Citalopram"}, {"semTypes": ["T121", "T109"], "to": "6457", "fro": "6448", "fullId": "http://purl.bioontology.org/ontology/RXNORM/2556", "preferredName": "Citalopram"}, {"semTypes": ["T109", "T121"], "to": "8762", "fro": "8753", "fullId": "http://purl.bioontology.org/ontology/RXNORM/2556", "preferredName": "Citalopram"}, {"semTypes": ["T121", "T109"], "to": "1463", "fro": "1454", "fullId": "http://purl.bioontology.org/ontology/RXNORM/2556", "preferredName": "Citalopram"}, {"semTypes": ["T999"], "to": "1685", "fro": "1676", "fullId": "http://purl.bioontology.org/ontology/RXNORM/2556", "preferredName": "Citalopram"}, {"semTypes": ["T999"], "to": "657", "fro": "648", "fullId": "http://purl.bioontology.org/ontology/MSH/D015283", "preferredName": "Citalopram"}, {"semTypes": ["T999"], "to": "4883", "fro": "4876", "fullId": "http://purl.bioontology.org/ontology/MSH/D015283", "preferredName": "Citalopram"}, {"semTypes": ["T109", "T121"], "to": "5693", "fro": "5684", "fullId": "http://purl.bioontology.org/ontology/RXNORM/11289", "preferredName": "Warfarin"}, {"semTypes": ["T999"], "to": "7163", "fro": "7154", "fullId": "http://purl.bioontology.org/ontology/MSH/D015283", "preferredName": "Citalopram"}, {"semTypes": ["T999"], "to": "6742", "fro": "6734", "fullId": "http://purl.bioontology.org/ontology/RXNORM/2556", "preferredName": "Citalopram"}, {"semTypes": ["T999"], "to": "5101", "fro": "5092", "fullId": "http://purl.bioontology.org/ontology/MSH/D015283", "preferredName": "Citalopram"}, {"semTypes": ["T999"], "to": "6578", "fro": "6566", "fullId": "http://purl.bioontology.org/ontology/RXNORM/2556", "preferredName": "Citalopram"}, {"semTypes": ["T999"], "to": "5014", "fro": "5003", "fullId": "http://purl.bioontology.org/ontology/MSH/D015283", "preferredName": "Citalopram"}, {"semTypes": ["T121", "T109"], "to": "8152", "fro": "8143", "fullId": "http://purl.bioontology.org/ontology/MSH/D015283", "preferredName": "Citalopram"}, {"semTypes": ["T121", "T109"], "to": "4836", "fro": "4827", "fullId": "http://purl.bioontology.org/ontology/RXNORM/2556", "preferredName": "Citalopram"}, {"semTypes": ["T999"], "to": "5856", "fro": "5849", "fullId": "http://purl.bioontology.org/ontology/RXNORM/2556", "preferredName": "Citalopram"}, {"semTypes": ["T999"], "to": "3911", "fro": "3905", "fullId": "http://purl.bioontology.org/ontology/RXNORM/2556", "preferredName": "Citalopram"}, {"semTypes": ["T121", "T109"], "to": "6621", "fro": "6612", "fullId": "http://purl.bioontology.org/ontology/MSH/D015283", "preferredName": "Citalopram"}, {"semTypes": ["T999"], "to": "2223", "fro": "2217", "fullId": "http://purl.bioontology.org/ontology/RXNORM/11289", "preferredName": "Warfarin"}, {"semTypes": ["T109", "T121"], "to": "6176", "fro": "6164", "fullId": "http://purl.bioontology.org/ontology/MSH/D015283", "preferredName": "Citalopram"}, {"semTypes": ["T999"], "to": "3900", "fro": "3891", "fullId": "http://purl.bioontology.org/ontology/RXNORM/2556", "preferredName": "Citalopram"}, {"semTypes": ["T109", "T121"], "to": "8302", "fro": "8293", "fullId": "http://purl.bioontology.org/ontology/RXNORM/2556", "preferredName": "Citalopram"}, {"semTypes": ["T109", "T121"], "to": "7834", "fro": "7825", "fullId": "http://purl.bioontology.org/ontology/RXNORM/2556", "preferredName": "Citalopram"}, {"semTypes": ["T999"], "to": "6004", "fro": "5997", "fullId": "http://purl.bioontology.org/ontology/MSH/D015283", "preferredName": "Citalopram"}, {"semTypes": ["T121", "T109"], "to": "7163", "fro": "7154", "fullId": "http://purl.bioontology.org/ontology/MSH/D015283", "preferredName": "Citalopram"}, {"semTypes": ["T999"], "to": "2233", "fro": "2226", "fullId": "http://purl.bioontology.org/ontology/RXNORM/2556", "preferredName": "Citalopram"}, {"semTypes": ["T999"], "to": "3807", "fro": "3801", "fullId": "http://purl.bioontology.org/ontology/MSH/D015283", "preferredName": "Citalopram"}, {"semTypes": ["T999"], "to": "6542", "fro": "6530", "fullId": "http://purl.bioontology.org/ontology/RXNORM/2556", "preferredName": "Citalopram"}, {"semTypes": ["T121", "T109"], "to": "3900", "fro": "3891", "fullId": "http://purl.bioontology.org/ontology/MSH/D015283", "preferredName": "Citalopram"}, {"semTypes": ["T999"], "to": "5305", "fro": "5296", "fullId": "http://purl.bioontology.org/ontology/MSH/D015283", "preferredName": "Citalopram"}, {"semTypes": ["T121", "T109"], "to": "1867", "fro": "1858", "fullId": "http://purl.bioontology.org/ontology/MSH/D015283", "preferredName": "Citalopram"}, {"semTypes": ["T999"], "to": "2821", "fro": "2814", "fullId": "http://purl.bioontology.org/ontology/RXNORM/2556", "preferredName": "Citalopram"}, {"semTypes": ["T999"], "to": "4812", "fro": "4805", "fullId": "http://purl.bioontology.org/ontology/MSH/D002220", "preferredName": "Carbamazepine"}, {"semTypes": ["T121", "T109"], "to": "6263", "fro": "6254", "fullId": "http://purl.bioontology.org/ontology/RXNORM/2556", "preferredName": "Citalopram"}, {"semTypes": ["T109", "T121"], "to": "8785", "fro": "8775", "fullId": "http://purl.bioontology.org/ontology/MSH/D014859", "preferredName": "Warfarin"}, {"semTypes": ["T121", "T131", "T109"], "to": "2233", "fro": "2226", "fullId": "http://purl.bioontology.org/ontology/RXNORM/2556", "preferredName": "Citalopram"}, {"semTypes": ["T121", "T131", "T109"], "to": "2792", "fro": "2785", "fullId": "http://purl.bioontology.org/ontology/MSH/D015283", "preferredName": "Citalopram"}, {"semTypes": ["T121", "T109"], "to": "3756", "fro": "3747", "fullId": "http://purl.bioontology.org/ontology/MSH/D015283", "preferredName": "Citalopram"}, {"semTypes": ["T121", "T109"], "to": "1685", "fro": "1676", "fullId": "http://purl.bioontology.org/ontology/MSH/D015283", "preferredName": "Citalopram"}, {"semTypes": ["T121", "T109"], "to": "7188", "fro": "7177", "fullId": "http://purl.bioontology.org/ontology/RXNORM/2556", "preferredName": "Citalopram"}, {"semTypes": ["T999"], "to": "310", "fro": "301", "fullId": "http://purl.bioontology.org/ontology/RXNORM/2556", "preferredName": "Citalopram"}, {"semTypes": ["T121", "T109"], "to": "4053", "fro": "4044", "fullId": "http://purl.bioontology.org/ontology/RXNORM/2556", "preferredName": "Citalopram"}, {"semTypes": ["T200"], "to": "3263", "fro": "3248", "fullId": "http://purl.bioontology.org/ontology/RXNORM/2002", "preferredName": "Carbamazepine"}, {"semTypes": ["T121", "T109"], "to": "3178", "fro": "3169", "fullId": "http://purl.bioontology.org/ontology/RXNORM/2556", "preferredName": "Citalopram"}, {"semTypes": ["T121", "T109"], "to": "6996", "fro": "6987", "fullId": "http://purl.bioontology.org/ontology/MSH/D015283", "preferredName": "Citalopram"}, {"semTypes": ["T999"], "to": "8052", "fro": "8043", "fullId": "http://purl.bioontology.org/ontology/MSH/D015283", "preferredName": "Citalopram"}, {"semTypes": ["T121", "T109"], "to": "3129", "fro": "3120", "fullId": "http://purl.bioontology.org/ontology/RXNORM/2556", "preferredName": "Citalopram"}, {"semTypes": ["T999"], "to": "6263", "fro": "6254", "fullId": "http://purl.bioontology.org/ontology/RXNORM/2556", "preferredName": "Citalopram"}, {"semTypes": ["T999"], "to": "6176", "fro": "6164", "fullId": "http://purl.bioontology.org/ontology/MSH/D015283", "preferredName": "Citalopram"}]