[{"semTypes": ["T121", "T109"], "to": "1268", "fro": "1260", "fullId": "http://purl.bioontology.org/ontology/MSH/D016642", "preferredName": "Bupropion"}, {"semTypes": ["T109", "T121"], "to": "1231", "fro": "1222", "fullId": "http://purl.bioontology.org/ontology/RXNORM/42347", "preferredName": "Bupropion"}, {"semTypes": ["T999"], "to": "6666", "fro": "6644", "fullId": "http://purl.bioontology.org/ontology/MSH/D016642", "preferredName": "Bupropion"}, {"semTypes": ["T999"], "to": "6103", "fro": "6081", "fullId": "http://purl.bioontology.org/ontology/MSH/D016642", "preferredName": "Bupropion"}, {"semTypes": ["T999"], "to": "7817", "fro": "7795", "fullId": "http://purl.bioontology.org/ontology/MSH/D016642", "preferredName": "Bupropion"}, {"semTypes": ["T109", "T121"], "to": "955", "fro": "947", "fullId": "http://purl.bioontology.org/ontology/RXNORM/2556", "preferredName": "Citalopram"}, {"semTypes": ["T999"], "to": "1109", "fro": "1101", "fullId": "http://purl.bioontology.org/ontology/MSH/D016642", "preferredName": "Bupropion"}, {"semTypes": ["T999"], "to": "761", "fro": "750", "fullId": "http://purl.bioontology.org/ontology/RXNORM/203204", "preferredName": "Bupropion Hydrochloride"}, {"semTypes": ["T999"], "to": "2198", "fro": "2190", "fullId": "http://purl.bioontology.org/ontology/MSH/D016642", "preferredName": "Bupropion"}, {"semTypes": ["T121", "T109"], "to": "2072", "fro": "2064", "fullId": "http://purl.bioontology.org/ontology/MSH/D016642", "preferredName": "Bupropion"}, {"semTypes": ["T999"], "to": "4164", "fro": "4156", "fullId": "http://purl.bioontology.org/ontology/MSH/D016642", "preferredName": "Bupropion"}, {"semTypes": ["T121", "T109"], "to": "1864", "fro": "1856", "fullId": "http://purl.bioontology.org/ontology/MSH/D003891", "preferredName": "Desipramine"}, {"semTypes": ["T999"], "to": "5127", "fro": "5119", "fullId": "http://purl.bioontology.org/ontology/MSH/D016642", "preferredName": "Bupropion"}, {"semTypes": ["T999"], "to": "3993", "fro": "3985", "fullId": "http://purl.bioontology.org/ontology/MSH/D016642", "preferredName": "Bupropion"}, {"semTypes": ["T999"], "to": "3479", "fro": "3471", "fullId": "http://purl.bioontology.org/ontology/MSH/D016642", "preferredName": "Bupropion"}, {"semTypes": ["T999"], "to": "3527", "fro": "3519", "fullId": "http://purl.bioontology.org/ontology/MSH/D016642", "preferredName": "Bupropion"}, {"semTypes": ["T999"], "to": "4368", "fro": "4358", "fullId": "http://purl.bioontology.org/ontology/RXNORM/3247", "preferredName": "Desipramine"}, {"semTypes": ["T121", "T109"], "to": "259", "fro": "251", "fullId": "http://purl.bioontology.org/ontology/MSH/D016642", "preferredName": "Bupropion"}, {"semTypes": ["T999"], "to": "4271", "fro": "4259", "fullId": "http://purl.bioontology.org/ontology/RXNORM/203204", "preferredName": "Bupropion Hydrochloride"}, {"semTypes": ["T999"], "to": "2072", "fro": "2064", "fullId": "http://purl.bioontology.org/ontology/MSH/D016642", "preferredName": "Bupropion"}, {"semTypes": ["T999"], "to": "5568", "fro": "5559", "fullId": "http://purl.bioontology.org/ontology/MSH/D015283", "preferredName": "Citalopram"}, {"semTypes": ["T999"], "to": "132", "fro": "124", "fullId": "http://purl.bioontology.org/ontology/MSH/D016642", "preferredName": "Bupropion"}, {"semTypes": ["T121", "T109"], "to": "132", "fro": "124", "fullId": "http://purl.bioontology.org/ontology/MSH/D016642", "preferredName": "Bupropion"}, {"semTypes": ["T109", "T121"], "to": "4271", "fro": "4259", "fullId": "http://purl.bioontology.org/ontology/RXNORM/6375", "preferredName": "Levodopa"}, {"semTypes": ["T999"], "to": "1537", "fro": "1522", "fullId": "http://purl.bioontology.org/ontology/RXNORM/42347", "preferredName": "Bupropion"}, {"semTypes": ["T999"], "to": "4996", "fro": "4988", "fullId": "http://purl.bioontology.org/ontology/MSH/D016642", "preferredName": "Bupropion"}, {"semTypes": ["T121", "T109"], "to": "4332", "fro": "4323", "fullId": "http://purl.bioontology.org/ontology/RXNORM/42347", "preferredName": "Bupropion"}, {"semTypes": ["T999"], "to": "631", "fro": "609", "fullId": "http://purl.bioontology.org/ontology/MSH/D016642", "preferredName": "Bupropion"}, {"semTypes": ["T999"], "to": "7921", "fro": "7899", "fullId": "http://purl.bioontology.org/ontology/MSH/D016642", "preferredName": "Bupropion"}, {"semTypes": ["T121", "T109"], "to": "4164", "fro": "4156", "fullId": "http://purl.bioontology.org/ontology/MSH/D016642", "preferredName": "Bupropion"}, {"semTypes": ["T999"], "to": "2409", "fro": "2397", "fullId": "http://purl.bioontology.org/ontology/RXNORM/203204", "preferredName": "Bupropion Hydrochloride"}, {"semTypes": ["T999"], "to": "1413", "fro": "1391", "fullId": "http://purl.bioontology.org/ontology/MSH/D016642", "preferredName": "Bupropion"}, {"semTypes": ["T999"], "to": "1880", "fro": "1874", "fullId": "http://purl.bioontology.org/ontology/RXNORM/620", "preferredName": "Amantadine"}, {"semTypes": ["T999"], "to": "2658", "fro": "2650", "fullId": "http://purl.bioontology.org/ontology/MSH/D016642", "preferredName": "Bupropion"}, {"semTypes": ["T999"], "to": "1268", "fro": "1260", "fullId": "http://purl.bioontology.org/ontology/MSH/D016642", "preferredName": "Bupropion"}, {"semTypes": ["T121", "T109"], "to": "2409", "fro": "2397", "fullId": "http://purl.bioontology.org/ontology/RXNORM/3247", "preferredName": "Desipramine"}, {"semTypes": ["T999"], "to": "3728", "fro": "3720", "fullId": "http://purl.bioontology.org/ontology/MSH/D016642", "preferredName": "Bupropion"}, {"semTypes": ["T121", "T109"], "to": "2420", "fro": "2412", "fullId": "http://purl.bioontology.org/ontology/RXNORM/42347", "preferredName": "Bupropion"}, {"semTypes": ["T121", "T109"], "to": "7921", "fro": "7899", "fullId": "http://purl.bioontology.org/ontology/MSH/D016642", "preferredName": "Bupropion"}, {"semTypes": ["T999"], "to": "994", "fro": "986", "fullId": "http://purl.bioontology.org/ontology/MSH/D016642", "preferredName": "Bupropion"}, {"semTypes": ["T121", "T109"], "to": "631", "fro": "609", "fullId": "http://purl.bioontology.org/ontology/MSH/D016642", "preferredName": "Bupropion"}, {"semTypes": ["T109", "T121"], "to": "4490", "fro": "4481", "fullId": "http://purl.bioontology.org/ontology/MSH/D000547", "preferredName": "Amantadine"}, {"semTypes": ["T121", "T109"], "to": "3527", "fro": "3519", "fullId": "http://purl.bioontology.org/ontology/MSH/D016642", "preferredName": "Bupropion"}, {"semTypes": ["T109", "T121"], "to": "4320", "fro": "4311", "fullId": "http://purl.bioontology.org/ontology/MSH/D000547", "preferredName": "Amantadine"}, {"semTypes": ["T121", "T109"], "to": "6012", "fro": "6004", "fullId": "http://purl.bioontology.org/ontology/MSH/D016642", "preferredName": "Bupropion"}, {"semTypes": ["T121", "T109"], "to": "4023", "fro": "4015", "fullId": "http://purl.bioontology.org/ontology/MSH/D016642", "preferredName": "Bupropion"}, {"semTypes": ["T999"], "to": "2776", "fro": "2768", "fullId": "http://purl.bioontology.org/ontology/MSH/D016642", "preferredName": "Bupropion"}, {"semTypes": ["T109", "T121"], "to": "941", "fro": "932", "fullId": "http://purl.bioontology.org/ontology/MSH/C496215", "preferredName": "hydroxybupropion"}, {"semTypes": ["T121", "T109"], "to": "2776", "fro": "2768", "fullId": "http://purl.bioontology.org/ontology/MSH/D016642", "preferredName": "Bupropion"}, {"semTypes": ["T999"], "to": "4429", "fro": "4420", "fullId": "http://purl.bioontology.org/ontology/RXNORM/42347", "preferredName": "Bupropion"}, {"semTypes": ["T999"], "to": "2373", "fro": "2365", "fullId": "http://purl.bioontology.org/ontology/MSH/D016642", "preferredName": "Bupropion"}, {"semTypes": ["T121", "T109"], "to": "6103", "fro": "6081", "fullId": "http://purl.bioontology.org/ontology/MSH/D016642", "preferredName": "Bupropion"}, {"semTypes": ["T121", "T109"], "to": "4429", "fro": "4420", "fullId": "http://purl.bioontology.org/ontology/RXNORM/620", "preferredName": "Amantadine"}, {"semTypes": ["T109", "T121"], "to": "4283", "fro": "4274", "fullId": "http://purl.bioontology.org/ontology/MSH/D003891", "preferredName": "Desipramine"}, {"semTypes": ["T121", "T109"], "to": "1516", "fro": "1508", "fullId": "http://purl.bioontology.org/ontology/MSH/D016642", "preferredName": "Bupropion"}, {"semTypes": ["T121", "T109"], "to": "1413", "fro": "1391", "fullId": "http://purl.bioontology.org/ontology/MSH/D016642", "preferredName": "Bupropion"}, {"semTypes": ["T999"], "to": "2394", "fro": "2382", "fullId": "http://purl.bioontology.org/ontology/MSH/D003891", "preferredName": "Desipramine"}, {"semTypes": ["T121", "T109"], "to": "994", "fro": "986", "fullId": "http://purl.bioontology.org/ontology/MSH/D016642", "preferredName": "Bupropion"}, {"semTypes": ["T109", "T121"], "to": "1880", "fro": "1874", "fullId": "http://purl.bioontology.org/ontology/RXNORM/42347", "preferredName": "Bupropion"}, {"semTypes": ["T999"], "to": "1927", "fro": "1919", "fullId": "http://purl.bioontology.org/ontology/MSH/D016642", "preferredName": "Bupropion"}, {"semTypes": ["T121", "T109"], "to": "335", "fro": "327", "fullId": "http://purl.bioontology.org/ontology/MSH/D016642", "preferredName": "Bupropion"}, {"semTypes": ["T121", "T109"], "to": "5568", "fro": "5559", "fullId": "http://purl.bioontology.org/ontology/MSH/D015283", "preferredName": "Citalopram"}, {"semTypes": ["T121", "T109"], "to": "3479", "fro": "3471", "fullId": "http://purl.bioontology.org/ontology/MSH/D016642", "preferredName": "Bupropion"}, {"semTypes": ["T121", "T109"], "to": "1927", "fro": "1919", "fullId": "http://purl.bioontology.org/ontology/MSH/D016642", "preferredName": "Bupropion"}, {"semTypes": ["T121", "T109"], "to": "3728", "fro": "3720", "fullId": "http://purl.bioontology.org/ontology/MSH/D016642", "preferredName": "Bupropion"}, {"semTypes": ["T999"], "to": "902", "fro": "890", "fullId": "http://purl.bioontology.org/ontology/RXNORM/3247", "preferredName": "Desipramine"}, {"semTypes": ["T121", "T109"], "to": "3852", "fro": "3842", "fullId": "http://purl.bioontology.org/ontology/RXNORM/42347", "preferredName": "Bupropion"}, {"semTypes": ["T121", "T109"], "to": "4381", "fro": "4371", "fullId": "http://purl.bioontology.org/ontology/RXNORM/42347", "preferredName": "Bupropion"}, {"semTypes": ["T121", "T109"], "to": "2198", "fro": "2190", "fullId": "http://purl.bioontology.org/ontology/MSH/D016642", "preferredName": "Bupropion"}, {"semTypes": ["T999"], "to": "4296", "fro": "4286", "fullId": "http://purl.bioontology.org/ontology/RXNORM/42347", "preferredName": "Bupropion"}, {"semTypes": ["T121", "T109"], "to": "7817", "fro": "7795", "fullId": "http://purl.bioontology.org/ontology/MSH/D016642", "preferredName": "Bupropion"}, {"semTypes": ["T999"], "to": "1516", "fro": "1508", "fullId": "http://purl.bioontology.org/ontology/MSH/D016642", "preferredName": "Bupropion"}, {"semTypes": ["T999"], "to": "6171", "fro": "6164", "fullId": "http://purl.bioontology.org/ontology/RXNORM/42347", "preferredName": "Bupropion"}, {"semTypes": ["T121", "T115"], "to": "789", "fro": "774", "fullId": "http://purl.bioontology.org/ontology/RXNORM/6375", "preferredName": "Levodopa"}, {"semTypes": ["T999"], "to": "941", "fro": "932", "fullId": "http://purl.bioontology.org/ontology/RXNORM/203204", "preferredName": "Bupropion Hydrochloride"}, {"semTypes": ["T121", "T109"], "to": "474", "fro": "466", "fullId": "http://purl.bioontology.org/ontology/MSH/D016642", "preferredName": "Bupropion"}, {"semTypes": ["T121", "T109"], "to": "5524", "fro": "5516", "fullId": "http://purl.bioontology.org/ontology/MSH/D016642", "preferredName": "Bupropion"}, {"semTypes": ["T999"], "to": "4629", "fro": "4621", "fullId": "http://purl.bioontology.org/ontology/MSH/D016642", "preferredName": "Bupropion"}, {"semTypes": ["T121", "T109"], "to": "4296", "fro": "4286", "fullId": "http://purl.bioontology.org/ontology/RXNORM/42347", "preferredName": "Bupropion"}, {"semTypes": ["T121", "T109"], "to": "4996", "fro": "4988", "fullId": "http://purl.bioontology.org/ontology/MSH/D016642", "preferredName": "Bupropion"}, {"semTypes": ["T116", "T124", "T121"], "to": "5835", "fro": "5828", "fullId": "http://purl.bioontology.org/ontology/RXNORM/42347", "preferredName": "Bupropion"}, {"semTypes": ["T999"], "to": "2479", "fro": "2471", "fullId": "http://purl.bioontology.org/ontology/MSH/D016642", "preferredName": "Bupropion"}, {"semTypes": ["T999"], "to": "5835", "fro": "5828", "fullId": "http://purl.bioontology.org/ontology/RXNORM/42347", "preferredName": "Bupropion"}, {"semTypes": ["T999"], "to": "819", "fro": "809", "fullId": "http://purl.bioontology.org/ontology/RXNORM/3247", "preferredName": "Desipramine"}, {"semTypes": ["T999"], "to": "259", "fro": "251", "fullId": "http://purl.bioontology.org/ontology/MSH/D016642", "preferredName": "Bupropion"}, {"semTypes": ["T109", "T121"], "to": "2571", "fro": "2561", "fullId": "http://purl.bioontology.org/ontology/RXNORM/203204", "preferredName": "Bupropion Hydrochloride"}, {"semTypes": ["T999"], "to": "6012", "fro": "6004", "fullId": "http://purl.bioontology.org/ontology/MSH/D016642", "preferredName": "Bupropion"}, {"semTypes": ["T999"], "to": "1864", "fro": "1856", "fullId": "http://purl.bioontology.org/ontology/RXNORM/3247", "preferredName": "Desipramine"}, {"semTypes": ["T999"], "to": "4023", "fro": "4015", "fullId": "http://purl.bioontology.org/ontology/MSH/D016642", "preferredName": "Bupropion"}, {"semTypes": ["T121", "T109"], "to": "3993", "fro": "3985", "fullId": "http://purl.bioontology.org/ontology/MSH/D016642", "preferredName": "Bupropion"}, {"semTypes": ["T121", "T109"], "to": "2658", "fro": "2650", "fullId": "http://purl.bioontology.org/ontology/MSH/D016642", "preferredName": "Bupropion"}, {"semTypes": ["T999"], "to": "5524", "fro": "5516", "fullId": "http://purl.bioontology.org/ontology/MSH/D016642", "preferredName": "Bupropion"}, {"semTypes": ["T999"], "to": "5078", "fro": "5069", "fullId": "http://purl.bioontology.org/ontology/RXNORM/42347", "preferredName": "Bupropion"}, {"semTypes": ["T999"], "to": "4395", "fro": "4384", "fullId": "http://purl.bioontology.org/ontology/MSH/D007980", "preferredName": "Levodopa"}, {"semTypes": ["T121", "T109"], "to": "4478", "fro": "4468", "fullId": "http://purl.bioontology.org/ontology/RXNORM/203204", "preferredName": "Bupropion Hydrochloride"}, {"semTypes": ["T999"], "to": "6185", "fro": "6176", "fullId": "http://purl.bioontology.org/ontology/RXNORM/42347", "preferredName": "Bupropion"}, {"semTypes": ["T999"], "to": "474", "fro": "466", "fullId": "http://purl.bioontology.org/ontology/MSH/D016642", "preferredName": "Bupropion"}, {"semTypes": ["T121", "T109"], "to": "1109", "fro": "1101", "fullId": "http://purl.bioontology.org/ontology/MSH/D016642", "preferredName": "Bupropion"}, {"semTypes": ["T121", "T109"], "to": "6060", "fro": "6051", "fullId": "http://purl.bioontology.org/ontology/RXNORM/42347", "preferredName": "Bupropion"}, {"semTypes": ["T999"], "to": "4933", "fro": "4924", "fullId": "http://purl.bioontology.org/ontology/RXNORM/42347", "preferredName": "Bupropion"}, {"semTypes": ["T121", "T109"], "to": "4395", "fro": "4384", "fullId": "http://purl.bioontology.org/ontology/RXNORM/2556", "preferredName": "Citalopram"}, {"semTypes": ["T999"], "to": "6766", "fro": "6755", "fullId": "http://purl.bioontology.org/ontology/RXNORM/203204", "preferredName": "Bupropion Hydrochloride"}, {"semTypes": ["T121", "T109"], "to": "6185", "fro": "6176", "fullId": "http://purl.bioontology.org/ontology/RXNORM/42347", "preferredName": "Bupropion"}, {"semTypes": ["T999"], "to": "887", "fro": "878", "fullId": "http://purl.bioontology.org/ontology/RXNORM/42347", "preferredName": "Bupropion"}, {"semTypes": ["T999"], "to": "4320", "fro": "4311", "fullId": "http://purl.bioontology.org/ontology/RXNORM/6375", "preferredName": "Levodopa"}, {"semTypes": ["T121", "T109"], "to": "6666", "fro": "6644", "fullId": "http://purl.bioontology.org/ontology/MSH/D016642", "preferredName": "Bupropion"}, {"semTypes": ["T116", "T124", "T121"], "to": "6171", "fro": "6164", "fullId": "http://purl.bioontology.org/ontology/RXNORM/42347", "preferredName": "Bupropion"}, {"semTypes": ["T121", "T109"], "to": "887", "fro": "878", "fullId": "http://purl.bioontology.org/ontology/RXNORM/42347", "preferredName": "Bupropion"}, {"semTypes": ["T999"], "to": "6046", "fro": "6039", "fullId": "http://purl.bioontology.org/ontology/RXNORM/42347", "preferredName": "Bupropion"}, {"semTypes": ["T121", "T109"], "to": "4368", "fro": "4358", "fullId": "http://purl.bioontology.org/ontology/RXNORM/203204", "preferredName": "Bupropion Hydrochloride"}, {"semTypes": ["T999"], "to": "789", "fro": "774", "fullId": "http://purl.bioontology.org/ontology/RXNORM/203204", "preferredName": "Bupropion Hydrochloride"}, {"semTypes": ["T999"], "to": "3548", "fro": "3533", "fullId": "http://purl.bioontology.org/ontology/RXNORM/42347", "preferredName": "Bupropion"}, {"semTypes": ["T121", "T109"], "to": "819", "fro": "809", "fullId": "http://purl.bioontology.org/ontology/RXNORM/620", "preferredName": "Amantadine"}, {"semTypes": ["T121", "T109"], "to": "2151", "fro": "2143", "fullId": "http://purl.bioontology.org/ontology/MSH/D016642", "preferredName": "Bupropion"}, {"semTypes": ["T121", "T109"], "to": "5127", "fro": "5119", "fullId": "http://purl.bioontology.org/ontology/MSH/D016642", "preferredName": "Bupropion"}, {"semTypes": ["T999"], "to": "5850", "fro": "5841", "fullId": "http://purl.bioontology.org/ontology/RXNORM/42347", "preferredName": "Bupropion"}, {"semTypes": ["T121", "T131", "T115"], "to": "771", "fro": "764", "fullId": "http://purl.bioontology.org/ontology/RXNORM/42347", "preferredName": "Bupropion"}, {"semTypes": ["T121", "T109"], "to": "5850", "fro": "5841", "fullId": "http://purl.bioontology.org/ontology/RXNORM/42347", "preferredName": "Bupropion"}, {"semTypes": ["T999"], "to": "955", "fro": "947", "fullId": "http://purl.bioontology.org/ontology/MSH/D015283", "preferredName": "Citalopram"}, {"semTypes": ["T109", "T121"], "to": "5037", "fro": "5028", "fullId": "http://purl.bioontology.org/ontology/RXNORM/42347", "preferredName": "Bupropion"}, {"semTypes": ["T999"], "to": "2571", "fro": "2561", "fullId": "http://purl.bioontology.org/ontology/RXNORM/203204", "preferredName": "Bupropion Hydrochloride"}, {"semTypes": ["T999"], "to": "5398", "fro": "5385", "fullId": "http://purl.bioontology.org/ontology/RXNORM/6375", "preferredName": "Levodopa"}, {"semTypes": ["T999"], "to": "6060", "fro": "6051", "fullId": "http://purl.bioontology.org/ontology/RXNORM/42347", "preferredName": "Bupropion"}, {"semTypes": ["T999"], "to": "3852", "fro": "3842", "fullId": "http://purl.bioontology.org/ontology/RXNORM/42347", "preferredName": "Bupropion"}, {"semTypes": ["T123", "T121", "T109"], "to": "6766", "fro": "6755", "fullId": "http://purl.bioontology.org/ontology/RXNORM/42347", "preferredName": "Bupropion"}, {"semTypes": ["T999"], "to": "5037", "fro": "5028", "fullId": "http://purl.bioontology.org/ontology/RXNORM/42347", "preferredName": "Bupropion"}, {"semTypes": ["T200"], "to": "1849", "fro": "1834", "fullId": "http://purl.bioontology.org/ontology/MSH/D000547", "preferredName": "Amantadine"}, {"semTypes": ["T999"], "to": "519", "fro": "504", "fullId": "http://purl.bioontology.org/ontology/RXNORM/42347", "preferredName": "Bupropion"}, {"semTypes": ["T999"], "to": "4490", "fro": "4481", "fullId": "http://purl.bioontology.org/ontology/MSH/D000547", "preferredName": "Amantadine"}, {"semTypes": ["T999"], "to": "4283", "fro": "4274", "fullId": "http://purl.bioontology.org/ontology/MSH/C496215", "preferredName": "hydroxybupropion"}, {"semTypes": ["T121", "T109"], "to": "2373", "fro": "2365", "fullId": "http://purl.bioontology.org/ontology/MSH/D016642", "preferredName": "Bupropion"}, {"semTypes": ["T109", "T121"], "to": "5078", "fro": "5069", "fullId": "http://purl.bioontology.org/ontology/RXNORM/42347", "preferredName": "Bupropion"}, {"semTypes": ["T109", "T121"], "to": "4933", "fro": "4924", "fullId": "http://purl.bioontology.org/ontology/RXNORM/42347", "preferredName": "Bupropion"}, {"semTypes": ["T109", "T121"], "to": "802", "fro": "792", "fullId": "http://purl.bioontology.org/ontology/MSH/D003891", "preferredName": "Desipramine"}, {"semTypes": ["T999"], "to": "802", "fro": "792", "fullId": "http://purl.bioontology.org/ontology/RXNORM/42347", "preferredName": "Bupropion"}, {"semTypes": ["T999"], "to": "2151", "fro": "2143", "fullId": "http://purl.bioontology.org/ontology/MSH/D016642", "preferredName": "Bupropion"}, {"semTypes": ["T999"], "to": "1679", "fro": "1661", "fullId": "http://purl.bioontology.org/ontology/RXNORM/42347", "preferredName": "Bupropion"}, {"semTypes": ["T121", "T109"], "to": "2394", "fro": "2382", "fullId": "http://purl.bioontology.org/ontology/RXNORM/620", "preferredName": "Amantadine"}, {"semTypes": ["T999"], "to": "1085", "fro": "1067", "fullId": "http://purl.bioontology.org/ontology/RXNORM/42347", "preferredName": "Bupropion"}, {"semTypes": ["T999"], "to": "3803", "fro": "3793", "fullId": "http://purl.bioontology.org/ontology/RXNORM/42347", "preferredName": "Bupropion"}, {"semTypes": ["T999"], "to": "1705", "fro": "1685", "fullId": "http://purl.bioontology.org/ontology/RXNORM/42347", "preferredName": "Bupropion"}, {"semTypes": ["T999"], "to": "771", "fro": "764", "fullId": "http://purl.bioontology.org/ontology/MSH/D007980", "preferredName": "Levodopa"}, {"semTypes": ["T999"], "to": "919", "fro": "909", "fullId": "http://purl.bioontology.org/ontology/RXNORM/42347", "preferredName": "Bupropion"}, {"semTypes": ["T121", "T109"], "to": "4308", "fro": "4299", "fullId": "http://purl.bioontology.org/ontology/RXNORM/42347", "preferredName": "Bupropion"}, {"semTypes": ["T999"], "to": "4332", "fro": "4323", "fullId": "http://purl.bioontology.org/ontology/RXNORM/42347", "preferredName": "Bupropion"}, {"semTypes": ["T999"], "to": "335", "fro": "327", "fullId": "http://purl.bioontology.org/ontology/MSH/D016642", "preferredName": "Bupropion"}, {"semTypes": ["T121", "T109"], "to": "3803", "fro": "3793", "fullId": "http://purl.bioontology.org/ontology/RXNORM/42347", "preferredName": "Bupropion"}, {"semTypes": ["T999"], "to": "1481", "fro": "1472", "fullId": "http://purl.bioontology.org/ontology/RXNORM/42347", "preferredName": "Bupropion"}, {"semTypes": ["T999"], "to": "4381", "fro": "4371", "fullId": "http://purl.bioontology.org/ontology/RXNORM/6375", "preferredName": "Levodopa"}, {"semTypes": ["T999"], "to": "875", "fro": "866", "fullId": "http://purl.bioontology.org/ontology/RXNORM/42347", "preferredName": "Bupropion"}, {"semTypes": ["T121", "T109"], "to": "2113", "fro": "2105", "fullId": "http://purl.bioontology.org/ontology/RXNORM/42347", "preferredName": "Bupropion"}, {"semTypes": ["T116", "T124", "T121"], "to": "6046", "fro": "6039", "fullId": "http://purl.bioontology.org/ontology/RXNORM/42347", "preferredName": "Bupropion"}, {"semTypes": ["T999"], "to": "4308", "fro": "4299", "fullId": "http://purl.bioontology.org/ontology/RXNORM/42347", "preferredName": "Bupropion"}, {"semTypes": ["T999"], "to": "4478", "fro": "4468", "fullId": "http://purl.bioontology.org/ontology/RXNORM/3247", "preferredName": "Desipramine"}, {"semTypes": ["T999"], "to": "1786", "fro": "1778", "fullId": "http://purl.bioontology.org/ontology/RXNORM/42347", "preferredName": "Bupropion"}, {"semTypes": ["T999"], "to": "2420", "fro": "2412", "fullId": "http://purl.bioontology.org/ontology/RXNORM/203204", "preferredName": "Bupropion Hydrochloride"}, {"semTypes": ["T131", "T121", "T109"], "to": "7192", "fro": "7185", "fullId": "http://purl.bioontology.org/ontology/MSH/D007980", "preferredName": "Levodopa"}, {"semTypes": ["T109", "T121"], "to": "1481", "fro": "1472", "fullId": "http://purl.bioontology.org/ontology/RXNORM/42347", "preferredName": "Bupropion"}, {"semTypes": ["T121", "T109"], "to": "875", "fro": "866", "fullId": "http://purl.bioontology.org/ontology/RXNORM/42347", "preferredName": "Bupropion"}, {"semTypes": ["T121", "T109"], "to": "4629", "fro": "4621", "fullId": "http://purl.bioontology.org/ontology/MSH/D016642", "preferredName": "Bupropion"}, {"semTypes": ["T121", "T109"], "to": "2479", "fro": "2471", "fullId": "http://purl.bioontology.org/ontology/MSH/D016642", "preferredName": "Bupropion"}, {"semTypes": ["T999"], "to": "1231", "fro": "1222", "fullId": "http://purl.bioontology.org/ontology/RXNORM/42347", "preferredName": "Bupropion"}, {"semTypes": ["T999"], "to": "7192", "fro": "7185", "fullId": "http://purl.bioontology.org/ontology/MSH/D015283", "preferredName": "Citalopram"}, {"semTypes": ["T109", "T121"], "to": "761", "fro": "750", "fullId": "http://purl.bioontology.org/ontology/MSH/D007980", "preferredName": "Levodopa"}, {"semTypes": ["T121", "T109"], "to": "1786", "fro": "1778", "fullId": "http://purl.bioontology.org/ontology/RXNORM/42347", "preferredName": "Bupropion"}, {"semTypes": ["T109", "T121"], "to": "919", "fro": "909", "fullId": "http://purl.bioontology.org/ontology/RXNORM/203204", "preferredName": "Bupropion Hydrochloride"}, {"semTypes": ["T999"], "to": "2113", "fro": "2105", "fullId": "http://purl.bioontology.org/ontology/RXNORM/42347", "preferredName": "Bupropion"}]