[{"semTypes": ["T999", "T999"], "to": "1361", "fro": "1351", "fullId": "http://purl.bioontology.org/ontology/MSH/C055162", "preferredName": "clopidogrel"}, {"semTypes": ["T999", "T999"], "to": "2938", "fro": "2931", "fullId": "http://purl.bioontology.org/ontology/MSH/D014859", "preferredName": "Warfarin"}, {"semTypes": ["T109", "T109"], "to": "1442", "fro": "1432", "fullId": "http://purl.bioontology.org/ontology/RXNORM/32968", "preferredName": "clopidogrel"}, {"semTypes": ["T999", "T999"], "to": "2979", "fro": "2969", "fullId": "http://purl.bioontology.org/ontology/MSH/C055162", "preferredName": "clopidogrel"}, {"semTypes": ["T109", "T109"], "to": "2993", "fro": "2986", "fullId": "http://purl.bioontology.org/ontology/RXNORM/11289", "preferredName": "Warfarin"}, {"semTypes": ["T109", "T109"], "to": "1690", "fro": "1680", "fullId": "http://purl.bioontology.org/ontology/RXNORM/32968", "preferredName": "clopidogrel"}, {"semTypes": ["T999", "T999"], "to": "1937", "fro": "1927", "fullId": "http://purl.bioontology.org/ontology/MSH/C055162", "preferredName": "clopidogrel"}, {"semTypes": ["T109", "T109"], "to": "294", "fro": "287", "fullId": "http://purl.bioontology.org/ontology/RXNORM/11289", "preferredName": "Warfarin"}, {"semTypes": ["T999", "T999"], "to": "823", "fro": "813", "fullId": "http://purl.bioontology.org/ontology/MSH/C055162", "preferredName": "clopidogrel"}, {"semTypes": ["T999", "T999"], "to": "608", "fro": "598", "fullId": "http://purl.bioontology.org/ontology/MSH/C055162", "preferredName": "clopidogrel"}, {"semTypes": ["T999", "T999"], "to": "1442", "fro": "1432", "fullId": "http://purl.bioontology.org/ontology/MSH/C055162", "preferredName": "clopidogrel"}, {"semTypes": ["T999", "T999"], "to": "2993", "fro": "2986", "fullId": "http://purl.bioontology.org/ontology/MSH/D014859", "preferredName": "Warfarin"}, {"semTypes": ["T109", "T109"], "to": "1235", "fro": "1225", "fullId": "http://purl.bioontology.org/ontology/RXNORM/32968", "preferredName": "clopidogrel"}, {"semTypes": ["T109", "T109"], "to": "1648", "fro": "1637", "fullId": "http://purl.bioontology.org/ontology/RXNORM/283742", "preferredName": "Esomeprazole"}, {"semTypes": ["T109", "T109"], "to": "3149", "fro": "3139", "fullId": "http://purl.bioontology.org/ontology/RXNORM/32968", "preferredName": "clopidogrel"}, {"semTypes": ["T109", "T109"], "to": "2696", "fro": "2689", "fullId": "http://purl.bioontology.org/ontology/RXNORM/11289", "preferredName": "Warfarin"}, {"semTypes": ["T109", "T109"], "to": "2443", "fro": "2433", "fullId": "http://purl.bioontology.org/ontology/RXNORM/32968", "preferredName": "clopidogrel"}, {"semTypes": ["T109", "T109"], "to": "608", "fro": "598", "fullId": "http://purl.bioontology.org/ontology/RXNORM/32968", "preferredName": "clopidogrel"}, {"semTypes": ["T999", "T999"], "to": "1877", "fro": "1866", "fullId": "http://purl.bioontology.org/ontology/MSH/C064276", "preferredName": "pantoprazole"}, {"semTypes": ["T109", "T109"], "to": "1267", "fro": "1256", "fullId": "http://purl.bioontology.org/ontology/RXNORM/283742", "preferredName": "Esomeprazole"}, {"semTypes": ["T999", "T999"], "to": "2443", "fro": "2433", "fullId": "http://purl.bioontology.org/ontology/MSH/C055162", "preferredName": "clopidogrel"}, {"semTypes": ["T109", "T109"], "to": "2979", "fro": "2969", "fullId": "http://purl.bioontology.org/ontology/RXNORM/32968", "preferredName": "clopidogrel"}, {"semTypes": ["T999", "T999"], "to": "1485", "fro": "1476", "fullId": "http://purl.bioontology.org/ontology/MSH/D009853", "preferredName": "Omeprazole"}, {"semTypes": ["T109", "T109"], "to": "1973", "fro": "1962", "fullId": "http://purl.bioontology.org/ontology/RXNORM/283742", "preferredName": "Esomeprazole"}, {"semTypes": ["T999", "T999"], "to": "1251", "fro": "1242", "fullId": "http://purl.bioontology.org/ontology/MSH/D009853", "preferredName": "Omeprazole"}, {"semTypes": ["T999", "T999"], "to": "1267", "fro": "1256", "fullId": "http://purl.bioontology.org/ontology/MSH/D009853", "preferredName": "Omeprazole"}, {"semTypes": ["T109", "T109"], "to": "1811", "fro": "1801", "fullId": "http://purl.bioontology.org/ontology/RXNORM/32968", "preferredName": "clopidogrel"}, {"semTypes": ["T999", "T999"], "to": "1300", "fro": "1291", "fullId": "http://purl.bioontology.org/ontology/MSH/D009853", "preferredName": "Omeprazole"}, {"semTypes": ["T999", "T999"], "to": "1235", "fro": "1225", "fullId": "http://purl.bioontology.org/ontology/MSH/C055162", "preferredName": "clopidogrel"}, {"semTypes": ["T999", "T999"], "to": "1973", "fro": "1962", "fullId": "http://purl.bioontology.org/ontology/MSH/D009853", "preferredName": "Omeprazole"}, {"semTypes": ["T999", "T999"], "to": "1846", "fro": "1832", "fullId": "http://purl.bioontology.org/ontology/MSH/C058687", "preferredName": "lansoprazole"}, {"semTypes": ["T999", "T999"], "to": "1957", "fro": "1948", "fullId": "http://purl.bioontology.org/ontology/MSH/D009853", "preferredName": "Omeprazole"}, {"semTypes": ["T999", "T999"], "to": "1648", "fro": "1637", "fullId": "http://purl.bioontology.org/ontology/MSH/D009853", "preferredName": "Omeprazole"}, {"semTypes": ["T109", "T109"], "to": "1877", "fro": "1866", "fullId": "http://purl.bioontology.org/ontology/RXNORM/40790", "preferredName": "pantoprazole"}, {"semTypes": ["T999", "T999"], "to": "294", "fro": "287", "fullId": "http://purl.bioontology.org/ontology/MSH/D014859", "preferredName": "Warfarin"}, {"semTypes": ["T999", "T999"], "to": "1811", "fro": "1801", "fullId": "http://purl.bioontology.org/ontology/MSH/C055162", "preferredName": "clopidogrel"}, {"semTypes": ["T121", "T121"], "to": "1251", "fro": "1242", "fullId": "http://purl.bioontology.org/ontology/RXNORM/7646", "preferredName": "Omeprazole"}, {"semTypes": ["T200", "T200"], "to": "2811", "fro": "2795", "fullId": "http://purl.bioontology.org/ontology/RXNORM/329449", "preferredName": "clopidogrel 75 MG"}, {"semTypes": ["T109", "T109"], "to": "2938", "fro": "2931", "fullId": "http://purl.bioontology.org/ontology/RXNORM/11289", "preferredName": "Warfarin"}, {"semTypes": ["T109", "T109"], "to": "1937", "fro": "1927", "fullId": "http://purl.bioontology.org/ontology/RXNORM/32968", "preferredName": "clopidogrel"}, {"semTypes": ["T121", "T121"], "to": "1957", "fro": "1948", "fullId": "http://purl.bioontology.org/ontology/RXNORM/7646", "preferredName": "Omeprazole"}, {"semTypes": ["T121", "T121"], "to": "1846", "fro": "1832", "fullId": "http://purl.bioontology.org/ontology/RXNORM/816346", "preferredName": "dexlansoprazole"}, {"semTypes": ["T121", "T121"], "to": "1300", "fro": "1291", "fullId": "http://purl.bioontology.org/ontology/RXNORM/7646", "preferredName": "Omeprazole"}, {"semTypes": ["T109", "T109"], "to": "823", "fro": "813", "fullId": "http://purl.bioontology.org/ontology/RXNORM/32968", "preferredName": "clopidogrel"}, {"semTypes": ["T109", "T109"], "to": "1361", "fro": "1351", "fullId": "http://purl.bioontology.org/ontology/RXNORM/32968", "preferredName": "clopidogrel"}, {"semTypes": ["T999", "T999"], "to": "2696", "fro": "2689", "fullId": "http://purl.bioontology.org/ontology/MSH/D014859", "preferredName": "Warfarin"}, {"semTypes": ["T999", "T999"], "to": "3149", "fro": "3139", "fullId": "http://purl.bioontology.org/ontology/MSH/C055162", "preferredName": "clopidogrel"}, {"semTypes": ["T999", "T999"], "to": "1690", "fro": "1680", "fullId": "http://purl.bioontology.org/ontology/MSH/C055162", "preferredName": "clopidogrel"}, {"semTypes": ["T121", "T121"], "to": "1485", "fro": "1476", "fullId": "http://purl.bioontology.org/ontology/RXNORM/7646", "preferredName": "Omeprazole"}]