[{"semTypes": ["T121", "T109"], "to": "2594", "fro": "2586", "fullId": "http://purl.bioontology.org/ontology/MSH/D003891", "preferredName": "Desipramine"}, {"semTypes": ["T109", "T121"], "to": "335", "fro": "327", "fullId": "http://purl.bioontology.org/ontology/MSH/D016642", "preferredName": "Bupropion"}, {"semTypes": ["T999"], "to": "4668", "fro": "4659", "fullId": "http://purl.bioontology.org/ontology/RXNORM/203204", "preferredName": "Bupropion Hydrochloride"}, {"semTypes": ["T999"], "to": "5458", "fro": "5449", "fullId": "http://purl.bioontology.org/ontology/RXNORM/42347", "preferredName": "Bupropion"}, {"semTypes": ["T999"], "to": "1428", "fro": "1419", "fullId": "http://purl.bioontology.org/ontology/RXNORM/42347", "preferredName": "Bupropion"}, {"semTypes": ["T121", "T109"], "to": "5989", "fro": "5980", "fullId": "http://purl.bioontology.org/ontology/RXNORM/42347", "preferredName": "Bupropion"}, {"semTypes": ["T999"], "to": "6641", "fro": "6634", "fullId": "http://purl.bioontology.org/ontology/RXNORM/42347", "preferredName": "Bupropion"}, {"semTypes": ["T999"], "to": "2594", "fro": "2586", "fullId": "http://purl.bioontology.org/ontology/MSH/D000547", "preferredName": "Amantadine"}, {"semTypes": ["T999"], "to": "6552", "fro": "6543", "fullId": "http://purl.bioontology.org/ontology/RXNORM/42347", "preferredName": "Bupropion"}, {"semTypes": ["T999"], "to": "1463", "fro": "1455", "fullId": "http://purl.bioontology.org/ontology/MSH/D016642", "preferredName": "Bupropion"}, {"semTypes": ["T999"], "to": "2568", "fro": "2556", "fullId": "http://purl.bioontology.org/ontology/RXNORM/620", "preferredName": "Amantadine"}, {"semTypes": ["T109", "T121"], "to": "4573", "fro": "4562", "fullId": "http://purl.bioontology.org/ontology/RXNORM/203204", "preferredName": "Bupropion Hydrochloride"}, {"semTypes": ["T121", "T109"], "to": "4546", "fro": "4536", "fullId": "http://purl.bioontology.org/ontology/RXNORM/203204", "preferredName": "Bupropion Hydrochloride"}, {"semTypes": ["T121", "T116", "T124"], "to": "6327", "fro": "6320", "fullId": "http://purl.bioontology.org/ontology/RXNORM/42347", "preferredName": "Bupropion"}, {"semTypes": ["T121", "T109"], "to": "1827", "fro": "1821", "fullId": "http://purl.bioontology.org/ontology/RXNORM/42347", "preferredName": "Bupropion"}, {"semTypes": ["T121", "T109"], "to": "4474", "fro": "4464", "fullId": "http://purl.bioontology.org/ontology/RXNORM/42347", "preferredName": "Bupropion"}, {"semTypes": ["T999"], "to": "4474", "fro": "4464", "fullId": "http://purl.bioontology.org/ontology/RXNORM/42347", "preferredName": "Bupropion"}, {"semTypes": ["T109", "T121"], "to": "3653", "fro": "3645", "fullId": "http://purl.bioontology.org/ontology/MSH/D016642", "preferredName": "Bupropion"}, {"semTypes": ["T109", "T121"], "to": "4807", "fro": "4799", "fullId": "http://purl.bioontology.org/ontology/MSH/D016642", "preferredName": "Bupropion"}, {"semTypes": ["T999"], "to": "877", "fro": "865", "fullId": "http://purl.bioontology.org/ontology/MSH/D007980", "preferredName": "Levodopa"}, {"semTypes": ["T109", "T121"], "to": "6342", "fro": "6333", "fullId": "http://purl.bioontology.org/ontology/RXNORM/42347", "preferredName": "Bupropion"}, {"semTypes": ["T109", "T121"], "to": "4486", "fro": "4477", "fullId": "http://purl.bioontology.org/ontology/RXNORM/42347", "preferredName": "Bupropion"}, {"semTypes": ["T999"], "to": "6538", "fro": "6531", "fullId": "http://purl.bioontology.org/ontology/RXNORM/42347", "preferredName": "Bupropion"}, {"semTypes": ["T109", "T121"], "to": "894", "fro": "884", "fullId": "http://purl.bioontology.org/ontology/RXNORM/42347", "preferredName": "Bupropion"}, {"semTypes": ["T999"], "to": "1733", "fro": "1725", "fullId": "http://purl.bioontology.org/ontology/RXNORM/42347", "preferredName": "Bupropion"}, {"semTypes": ["T109", "T121"], "to": "5354", "fro": "5345", "fullId": "http://purl.bioontology.org/ontology/RXNORM/42347", "preferredName": "Bupropion"}, {"semTypes": ["T999"], "to": "7142", "fro": "7120", "fullId": "http://purl.bioontology.org/ontology/MSH/D016642", "preferredName": "Bupropion"}, {"semTypes": ["T999"], "to": "4461", "fro": "4452", "fullId": "http://purl.bioontology.org/ontology/RXNORM/2556", "preferredName": "Citalopram"}, {"semTypes": ["T999"], "to": "4030", "fro": "4020", "fullId": "http://purl.bioontology.org/ontology/RXNORM/42347", "preferredName": "Bupropion"}, {"semTypes": ["T109", "T121"], "to": "794", "fro": "784", "fullId": "http://purl.bioontology.org/ontology/RXNORM/203204", "preferredName": "Bupropion Hydrochloride"}, {"semTypes": ["T109", "T121"], "to": "4668", "fro": "4659", "fullId": "http://purl.bioontology.org/ontology/RXNORM/3247", "preferredName": "Desipramine"}, {"semTypes": ["T999"], "to": "9246", "fro": "9235", "fullId": "http://purl.bioontology.org/ontology/RXNORM/42347", "preferredName": "Bupropion"}, {"semTypes": ["T999"], "to": "6342", "fro": "6333", "fullId": "http://purl.bioontology.org/ontology/RXNORM/42347", "preferredName": "Bupropion"}, {"semTypes": ["T999"], "to": "6655", "fro": "6646", "fullId": "http://purl.bioontology.org/ontology/RXNORM/42347", "preferredName": "Bupropion"}, {"semTypes": ["T109", "T121"], "to": "4342", "fro": "4334", "fullId": "http://purl.bioontology.org/ontology/MSH/D016642", "preferredName": "Bupropion"}, {"semTypes": ["T109", "T121"], "to": "2547", "fro": "2539", "fullId": "http://purl.bioontology.org/ontology/MSH/D016642", "preferredName": "Bupropion"}, {"semTypes": ["T999"], "to": "777", "fro": "767", "fullId": "http://purl.bioontology.org/ontology/RXNORM/42347", "preferredName": "Bupropion"}, {"semTypes": ["T109", "T121"], "to": "736", "fro": "725", "fullId": "http://purl.bioontology.org/ontology/MSH/D003891", "preferredName": "Desipramine"}, {"semTypes": ["T999"], "to": "1484", "fro": "1469", "fullId": "http://purl.bioontology.org/ontology/RXNORM/42347", "preferredName": "Bupropion"}, {"semTypes": ["T131", "T109", "T121"], "to": "7723", "fro": "7716", "fullId": "http://purl.bioontology.org/ontology/RXNORM/203204", "preferredName": "Bupropion Hydrochloride"}, {"semTypes": ["T109", "T121"], "to": "850", "fro": "841", "fullId": "http://purl.bioontology.org/ontology/RXNORM/42347", "preferredName": "Bupropion"}, {"semTypes": ["T999"], "to": "3722", "fro": "3707", "fullId": "http://purl.bioontology.org/ontology/RXNORM/42347", "preferredName": "Bupropion"}, {"semTypes": ["T121", "T116", "T124"], "to": "6538", "fro": "6531", "fullId": "http://purl.bioontology.org/ontology/RXNORM/42347", "preferredName": "Bupropion"}, {"semTypes": ["T121", "T109"], "to": "4030", "fro": "4020", "fullId": "http://purl.bioontology.org/ontology/RXNORM/42347", "preferredName": "Bupropion"}, {"semTypes": ["T109", "T121"], "to": "2583", "fro": "2571", "fullId": "http://purl.bioontology.org/ontology/RXNORM/2556", "preferredName": "Citalopram"}, {"semTypes": ["T999"], "to": "4342", "fro": "4334", "fullId": "http://purl.bioontology.org/ontology/MSH/D016642", "preferredName": "Bupropion"}, {"semTypes": ["T109", "T121"], "to": "930", "fro": "922", "fullId": "http://purl.bioontology.org/ontology/RXNORM/42347", "preferredName": "Bupropion"}, {"semTypes": ["T999"], "to": "4498", "fro": "4489", "fullId": "http://purl.bioontology.org/ontology/RXNORM/203204", "preferredName": "Bupropion Hydrochloride"}, {"semTypes": ["T109", "T121"], "to": "6655", "fro": "6646", "fullId": "http://purl.bioontology.org/ontology/RXNORM/42347", "preferredName": "Bupropion"}, {"semTypes": ["T999"], "to": "8715", "fro": "8693", "fullId": "http://purl.bioontology.org/ontology/MSH/D016642", "preferredName": "Bupropion"}, {"semTypes": ["T109", "T121"], "to": "6552", "fro": "6543", "fullId": "http://purl.bioontology.org/ontology/RXNORM/42347", "preferredName": "Bupropion"}, {"semTypes": ["T121", "T109"], "to": "4559", "fro": "4549", "fullId": "http://purl.bioontology.org/ontology/RXNORM/42347", "preferredName": "Bupropion"}, {"semTypes": ["T121", "T109"], "to": "3981", "fro": "3971", "fullId": "http://purl.bioontology.org/ontology/RXNORM/42347", "preferredName": "Bupropion"}, {"semTypes": ["T109", "T121"], "to": "1084", "fro": "1076", "fullId": "http://purl.bioontology.org/ontology/MSH/D016642", "preferredName": "Bupropion"}, {"semTypes": ["T109", "T121"], "to": "2228", "fro": "2220", "fullId": "http://purl.bioontology.org/ontology/MSH/D016642", "preferredName": "Bupropion"}, {"semTypes": ["T109", "T121"], "to": "4510", "fro": "4501", "fullId": "http://purl.bioontology.org/ontology/RXNORM/42347", "preferredName": "Bupropion"}, {"semTypes": ["T121", "T116", "T124"], "to": "6641", "fro": "6634", "fullId": "http://purl.bioontology.org/ontology/RXNORM/42347", "preferredName": "Bupropion"}, {"semTypes": ["T999"], "to": "4449", "fro": "4437", "fullId": "http://purl.bioontology.org/ontology/MSH/D000547", "preferredName": "Amantadine"}, {"semTypes": ["T109", "T123", "T121"], "to": "7220", "fro": "7209", "fullId": "http://purl.bioontology.org/ontology/MSH/D015283", "preferredName": "Citalopram"}, {"semTypes": ["T999"], "to": "3981", "fro": "3971", "fullId": "http://purl.bioontology.org/ontology/RXNORM/42347", "preferredName": "Bupropion"}, {"semTypes": ["T109", "T121"], "to": "862", "fro": "853", "fullId": "http://purl.bioontology.org/ontology/RXNORM/42347", "preferredName": "Bupropion"}, {"semTypes": ["T200"], "to": "1984", "fro": "1969", "fullId": "http://purl.bioontology.org/ontology/RXNORM/6375", "preferredName": "Levodopa"}, {"semTypes": ["T999"], "to": "3906", "fro": "3898", "fullId": "http://purl.bioontology.org/ontology/MSH/D016642", "preferredName": "Bupropion"}, {"semTypes": ["T109", "T121"], "to": "9438", "fro": "9430", "fullId": "http://purl.bioontology.org/ontology/MSH/D016642", "preferredName": "Bupropion"}, {"semTypes": ["T999"], "to": "736", "fro": "725", "fullId": "http://purl.bioontology.org/ontology/MSH/D007980", "preferredName": "Levodopa"}, {"semTypes": ["T999"], "to": "2266", "fro": "2258", "fullId": "http://purl.bioontology.org/ontology/MSH/D016642", "preferredName": "Bupropion"}, {"semTypes": ["T999"], "to": "1206", "fro": "1197", "fullId": "http://purl.bioontology.org/ontology/RXNORM/42347", "preferredName": "Bupropion"}, {"semTypes": ["T999"], "to": "6327", "fro": "6320", "fullId": "http://purl.bioontology.org/ontology/RXNORM/42347", "preferredName": "Bupropion"}, {"semTypes": ["T121", "T109"], "to": "5184", "fro": "5176", "fullId": "http://purl.bioontology.org/ontology/MSH/C496215", "preferredName": "hydroxybupropion"}, {"semTypes": ["T999"], "to": "4559", "fro": "4549", "fullId": "http://purl.bioontology.org/ontology/MSH/D015283", "preferredName": "Citalopram"}, {"semTypes": ["T109", "T121"], "to": "5458", "fro": "5449", "fullId": "http://purl.bioontology.org/ontology/RXNORM/42347", "preferredName": "Bupropion"}, {"semTypes": ["T999"], "to": "1827", "fro": "1821", "fullId": "http://purl.bioontology.org/ontology/RXNORM/42347", "preferredName": "Bupropion"}, {"semTypes": ["T999"], "to": "1874", "fro": "1866", "fullId": "http://purl.bioontology.org/ontology/MSH/D016642", "preferredName": "Bupropion"}, {"semTypes": ["T999"], "to": "1626", "fro": "1608", "fullId": "http://purl.bioontology.org/ontology/RXNORM/42347", "preferredName": "Bupropion"}, {"semTypes": ["T999"], "to": "519", "fro": "504", "fullId": "http://purl.bioontology.org/ontology/RXNORM/42347", "preferredName": "Bupropion"}, {"semTypes": ["T109", "T121"], "to": "1243", "fro": "1235", "fullId": "http://purl.bioontology.org/ontology/MSH/D016642", "preferredName": "Bupropion"}, {"semTypes": ["T121", "T109"], "to": "631", "fro": "609", "fullId": "http://purl.bioontology.org/ontology/MSH/D016642", "preferredName": "Bupropion"}, {"semTypes": ["T999"], "to": "2653", "fro": "2645", "fullId": "http://purl.bioontology.org/ontology/MSH/D016642", "preferredName": "Bupropion"}, {"semTypes": ["T999"], "to": "4510", "fro": "4501", "fullId": "http://purl.bioontology.org/ontology/RXNORM/42347", "preferredName": "Bupropion"}, {"semTypes": ["T999"], "to": "1060", "fro": "1042", "fullId": "http://purl.bioontology.org/ontology/RXNORM/42347", "preferredName": "Bupropion"}, {"semTypes": ["T999"], "to": "2228", "fro": "2220", "fullId": "http://purl.bioontology.org/ontology/MSH/D016642", "preferredName": "Bupropion"}, {"semTypes": ["T999"], "to": "5548", "fro": "5540", "fullId": "http://purl.bioontology.org/ontology/MSH/D016642", "preferredName": "Bupropion"}, {"semTypes": ["T109", "T121"], "to": "4461", "fro": "4452", "fullId": "http://purl.bioontology.org/ontology/MSH/D015283", "preferredName": "Citalopram"}, {"semTypes": ["T999"], "to": "259", "fro": "251", "fullId": "http://purl.bioontology.org/ontology/MSH/D016642", "preferredName": "Bupropion"}, {"semTypes": ["T999"], "to": "1084", "fro": "1076", "fullId": "http://purl.bioontology.org/ontology/MSH/D016642", "preferredName": "Bupropion"}, {"semTypes": ["T999"], "to": "9540", "fro": "9532", "fullId": "http://purl.bioontology.org/ontology/MSH/D016642", "preferredName": "Bupropion"}, {"semTypes": ["T999"], "to": "969", "fro": "961", "fullId": "http://purl.bioontology.org/ontology/MSH/D016642", "preferredName": "Bupropion"}, {"semTypes": ["T999"], "to": "6595", "fro": "6573", "fullId": "http://purl.bioontology.org/ontology/MSH/D016642", "preferredName": "Bupropion"}, {"semTypes": ["T999"], "to": "3701", "fro": "3693", "fullId": "http://purl.bioontology.org/ontology/MSH/D016642", "preferredName": "Bupropion"}, {"semTypes": ["T999"], "to": "7723", "fro": "7716", "fullId": "http://purl.bioontology.org/ontology/MSH/D007980", "preferredName": "Levodopa"}, {"semTypes": ["T999"], "to": "8633", "fro": "8611", "fullId": "http://purl.bioontology.org/ontology/MSH/D016642", "preferredName": "Bupropion"}, {"semTypes": ["T999"], "to": "4200", "fro": "4192", "fullId": "http://purl.bioontology.org/ontology/MSH/D016642", "preferredName": "Bupropion"}, {"semTypes": ["T999"], "to": "132", "fro": "124", "fullId": "http://purl.bioontology.org/ontology/MSH/D016642", "preferredName": "Bupropion"}, {"semTypes": ["T115", "T121"], "to": "764", "fro": "749", "fullId": "http://purl.bioontology.org/ontology/RXNORM/620", "preferredName": "Amantadine"}, {"semTypes": ["T109", "T121"], "to": "2653", "fro": "2645", "fullId": "http://purl.bioontology.org/ontology/MSH/D016642", "preferredName": "Bupropion"}, {"semTypes": ["T999"], "to": "2041", "fro": "2033", "fullId": "http://purl.bioontology.org/ontology/MSH/D016642", "preferredName": "Bupropion"}, {"semTypes": ["T200"], "to": "1796", "fro": "1781", "fullId": "http://purl.bioontology.org/ontology/RXNORM/203204", "preferredName": "Bupropion Hydrochloride"}, {"semTypes": ["T999"], "to": "474", "fro": "466", "fullId": "http://purl.bioontology.org/ontology/MSH/D016642", "preferredName": "Bupropion"}, {"semTypes": ["T999"], "to": "2745", "fro": "2735", "fullId": "http://purl.bioontology.org/ontology/RXNORM/3247", "preferredName": "Desipramine"}, {"semTypes": ["T109", "T121"], "to": "1428", "fro": "1419", "fullId": "http://purl.bioontology.org/ontology/RXNORM/42347", "preferredName": "Bupropion"}, {"semTypes": ["T999"], "to": "5303", "fro": "5295", "fullId": "http://purl.bioontology.org/ontology/MSH/D016642", "preferredName": "Bupropion"}, {"semTypes": ["T999"], "to": "5945", "fro": "5937", "fullId": "http://purl.bioontology.org/ontology/MSH/D016642", "preferredName": "Bupropion"}, {"semTypes": ["T999"], "to": "2832", "fro": "2824", "fullId": "http://purl.bioontology.org/ontology/MSH/D016642", "preferredName": "Bupropion"}, {"semTypes": ["T999"], "to": "2313", "fro": "2305", "fullId": "http://purl.bioontology.org/ontology/MSH/D016642", "preferredName": "Bupropion"}, {"semTypes": ["T109", "T121"], "to": "259", "fro": "251", "fullId": "http://purl.bioontology.org/ontology/MSH/D016642", "preferredName": "Bupropion"}, {"semTypes": ["T999"], "to": "1811", "fro": "1803", "fullId": "http://purl.bioontology.org/ontology/RXNORM/42347", "preferredName": "Bupropion"}, {"semTypes": ["T109", "T121"], "to": "6504", "fro": "6496", "fullId": "http://purl.bioontology.org/ontology/MSH/D016642", "preferredName": "Bupropion"}, {"semTypes": ["T109", "T121"], "to": "1811", "fro": "1803", "fullId": "http://purl.bioontology.org/ontology/RXNORM/203204", "preferredName": "Bupropion Hydrochloride"}, {"semTypes": ["T999"], "to": "3653", "fro": "3645", "fullId": "http://purl.bioontology.org/ontology/MSH/D016642", "preferredName": "Bupropion"}, {"semTypes": ["T999"], "to": "862", "fro": "853", "fullId": "http://purl.bioontology.org/ontology/RXNORM/42347", "preferredName": "Bupropion"}, {"semTypes": ["T999"], "to": "2163", "fro": "2155", "fullId": "http://purl.bioontology.org/ontology/MSH/D016642", "preferredName": "Bupropion"}, {"semTypes": ["T999"], "to": "631", "fro": "609", "fullId": "http://purl.bioontology.org/ontology/MSH/D016642", "preferredName": "Bupropion"}, {"semTypes": ["T999"], "to": "1243", "fro": "1235", "fullId": "http://purl.bioontology.org/ontology/MSH/D016642", "preferredName": "Bupropion"}, {"semTypes": ["T999"], "to": "6504", "fro": "6496", "fullId": "http://purl.bioontology.org/ontology/MSH/D016642", "preferredName": "Bupropion"}, {"semTypes": ["T109", "T121"], "to": "2163", "fro": "2155", "fullId": "http://purl.bioontology.org/ontology/MSH/D016642", "preferredName": "Bupropion"}, {"semTypes": ["T109", "T121"], "to": "1463", "fro": "1455", "fullId": "http://purl.bioontology.org/ontology/MSH/D016642", "preferredName": "Bupropion"}, {"semTypes": ["T109", "T121"], "to": "5945", "fro": "5937", "fullId": "http://purl.bioontology.org/ontology/MSH/D016642", "preferredName": "Bupropion"}, {"semTypes": ["T121", "T109"], "to": "916", "fro": "907", "fullId": "http://purl.bioontology.org/ontology/RXNORM/2556", "preferredName": "Citalopram"}, {"semTypes": ["T999"], "to": "9294", "fro": "9286", "fullId": "http://purl.bioontology.org/ontology/MSH/D016642", "preferredName": "Bupropion"}, {"semTypes": ["T999"], "to": "9438", "fro": "9430", "fullId": "http://purl.bioontology.org/ontology/MSH/D016642", "preferredName": "Bupropion"}, {"semTypes": ["T999"], "to": "850", "fro": "841", "fullId": "http://purl.bioontology.org/ontology/RXNORM/42347", "preferredName": "Bupropion"}, {"semTypes": ["T999"], "to": "335", "fro": "327", "fullId": "http://purl.bioontology.org/ontology/MSH/D016642", "preferredName": "Bupropion"}, {"semTypes": ["T109", "T121"], "to": "1874", "fro": "1866", "fullId": "http://purl.bioontology.org/ontology/MSH/D016642", "preferredName": "Bupropion"}, {"semTypes": ["T999"], "to": "5417", "fro": "5409", "fullId": "http://purl.bioontology.org/ontology/MSH/D016642", "preferredName": "Bupropion"}, {"semTypes": ["T109", "T121"], "to": "5548", "fro": "5540", "fullId": "http://purl.bioontology.org/ontology/MSH/D016642", "preferredName": "Bupropion"}, {"semTypes": ["T109", "T121"], "to": "2266", "fro": "2258", "fullId": "http://purl.bioontology.org/ontology/MSH/D016642", "preferredName": "Bupropion"}, {"semTypes": ["T999"], "to": "5184", "fro": "5176", "fullId": "http://purl.bioontology.org/ontology/MSH/D003891", "preferredName": "Desipramine"}, {"semTypes": ["T999"], "to": "4656", "fro": "4646", "fullId": "http://purl.bioontology.org/ontology/RXNORM/203204", "preferredName": "Bupropion Hydrochloride"}, {"semTypes": ["T999"], "to": "4807", "fro": "4799", "fullId": "http://purl.bioontology.org/ontology/MSH/D016642", "preferredName": "Bupropion"}, {"semTypes": ["T999"], "to": "746", "fro": "739", "fullId": "http://purl.bioontology.org/ontology/RXNORM/203204", "preferredName": "Bupropion Hydrochloride"}, {"semTypes": ["T109", "T121"], "to": "3906", "fro": "3898", "fullId": "http://purl.bioontology.org/ontology/MSH/D016642", "preferredName": "Bupropion"}, {"semTypes": ["T121", "T109"], "to": "2097", "fro": "2091", "fullId": "http://purl.bioontology.org/ontology/RXNORM/42347", "preferredName": "Bupropion"}, {"semTypes": ["T999"], "to": "894", "fro": "884", "fullId": "http://purl.bioontology.org/ontology/MSH/D000547", "preferredName": "Amantadine"}, {"semTypes": ["T999"], "to": "2547", "fro": "2539", "fullId": "http://purl.bioontology.org/ontology/MSH/D016642", "preferredName": "Bupropion"}, {"semTypes": ["T109", "T121"], "to": "777", "fro": "767", "fullId": "http://purl.bioontology.org/ontology/MSH/C496215", "preferredName": "hydroxybupropion"}, {"semTypes": ["T109", "T121"], "to": "9540", "fro": "9532", "fullId": "http://purl.bioontology.org/ontology/MSH/D016642", "preferredName": "Bupropion"}, {"semTypes": ["T999"], "to": "4486", "fro": "4477", "fullId": "http://purl.bioontology.org/ontology/RXNORM/42347", "preferredName": "Bupropion"}, {"semTypes": ["T109", "T121"], "to": "3701", "fro": "3693", "fullId": "http://purl.bioontology.org/ontology/MSH/D016642", "preferredName": "Bupropion"}, {"semTypes": ["T109", "T121"], "to": "5303", "fro": "5295", "fullId": "http://purl.bioontology.org/ontology/MSH/D016642", "preferredName": "Bupropion"}, {"semTypes": ["T131", "T121", "T115"], "to": "746", "fro": "739", "fullId": "http://purl.bioontology.org/ontology/MSH/D000547", "preferredName": "Amantadine"}, {"semTypes": ["T999"], "to": "2950", "fro": "2942", "fullId": "http://purl.bioontology.org/ontology/MSH/D016642", "preferredName": "Bupropion"}, {"semTypes": ["T121", "T109"], "to": "1733", "fro": "1725", "fullId": "http://purl.bioontology.org/ontology/RXNORM/42347", "preferredName": "Bupropion"}, {"semTypes": ["T999"], "to": "4573", "fro": "4562", "fullId": "http://purl.bioontology.org/ontology/RXNORM/42347", "preferredName": "Bupropion"}, {"semTypes": ["T109", "T121"], "to": "2041", "fro": "2033", "fullId": "http://purl.bioontology.org/ontology/MSH/D016642", "preferredName": "Bupropion"}, {"semTypes": ["T999"], "to": "4607", "fro": "4598", "fullId": "http://purl.bioontology.org/ontology/RXNORM/42347", "preferredName": "Bupropion"}, {"semTypes": ["T109", "T121"], "to": "4170", "fro": "4162", "fullId": "http://purl.bioontology.org/ontology/MSH/D016642", "preferredName": "Bupropion"}, {"semTypes": ["T999"], "to": "2112", "fro": "2104", "fullId": "http://purl.bioontology.org/ontology/RXNORM/42347", "preferredName": "Bupropion"}, {"semTypes": ["T109", "T121"], "to": "969", "fro": "961", "fullId": "http://purl.bioontology.org/ontology/MSH/D016642", "preferredName": "Bupropion"}, {"semTypes": ["T999"], "to": "4546", "fro": "4536", "fullId": "http://purl.bioontology.org/ontology/MSH/D000547", "preferredName": "Amantadine"}, {"semTypes": ["T109", "T121"], "to": "9294", "fro": "9286", "fullId": "http://purl.bioontology.org/ontology/MSH/D016642", "preferredName": "Bupropion"}, {"semTypes": ["T999"], "to": "764", "fro": "749", "fullId": "http://purl.bioontology.org/ontology/MSH/D015283", "preferredName": "Citalopram"}, {"semTypes": ["T999"], "to": "5989", "fro": "5980", "fullId": "http://purl.bioontology.org/ontology/MSH/D003891", "preferredName": "Desipramine"}, {"semTypes": ["T999"], "to": "9558", "fro": "9547", "fullId": "http://purl.bioontology.org/ontology/RXNORM/42347", "preferredName": "Bupropion"}, {"semTypes": ["T109", "T121"], "to": "2313", "fro": "2305", "fullId": "http://purl.bioontology.org/ontology/MSH/D016642", "preferredName": "Bupropion"}, {"semTypes": ["T109", "T121"], "to": "4607", "fro": "4598", "fullId": "http://purl.bioontology.org/ontology/MSH/D000547", "preferredName": "Amantadine"}, {"semTypes": ["T109", "T121"], "to": "2568", "fro": "2556", "fullId": "http://purl.bioontology.org/ontology/RXNORM/42347", "preferredName": "Bupropion"}, {"semTypes": ["T999"], "to": "4170", "fro": "4162", "fullId": "http://purl.bioontology.org/ontology/MSH/D016642", "preferredName": "Bupropion"}, {"semTypes": ["T999"], "to": "5499", "fro": "5490", "fullId": "http://purl.bioontology.org/ontology/RXNORM/42347", "preferredName": "Bupropion"}, {"semTypes": ["T109", "T121"], "to": "2950", "fro": "2942", "fullId": "http://purl.bioontology.org/ontology/MSH/D016642", "preferredName": "Bupropion"}, {"semTypes": ["T109", "T121"], "to": "2112", "fro": "2104", "fullId": "http://purl.bioontology.org/ontology/RXNORM/42347", "preferredName": "Bupropion"}, {"semTypes": ["T999"], "to": "7220", "fro": "7209", "fullId": "http://purl.bioontology.org/ontology/MSH/C496215", "preferredName": "hydroxybupropion"}, {"semTypes": ["T121", "T109"], "to": "8633", "fro": "8611", "fullId": "http://purl.bioontology.org/ontology/MSH/D016642", "preferredName": "Bupropion"}, {"semTypes": ["T999"], "to": "2583", "fro": "2571", "fullId": "http://purl.bioontology.org/ontology/MSH/D015283", "preferredName": "Citalopram"}, {"semTypes": ["T999"], "to": "2097", "fro": "2091", "fullId": "http://purl.bioontology.org/ontology/RXNORM/42347", "preferredName": "Bupropion"}, {"semTypes": ["T121", "T109"], "to": "6595", "fro": "6573", "fullId": "http://purl.bioontology.org/ontology/MSH/D016642", "preferredName": "Bupropion"}, {"semTypes": ["T109", "T121"], "to": "2745", "fro": "2735", "fullId": "http://purl.bioontology.org/ontology/RXNORM/6375", "preferredName": "Levodopa"}, {"semTypes": ["T999"], "to": "1652", "fro": "1632", "fullId": "http://purl.bioontology.org/ontology/RXNORM/42347", "preferredName": "Bupropion"}, {"semTypes": ["T109", "T121"], "to": "5417", "fro": "5409", "fullId": "http://purl.bioontology.org/ontology/MSH/D016642", "preferredName": "Bupropion"}, {"semTypes": ["T121", "T109"], "to": "4656", "fro": "4646", "fullId": "http://purl.bioontology.org/ontology/RXNORM/2556", "preferredName": "Citalopram"}, {"semTypes": ["T109", "T121"], "to": "4200", "fro": "4192", "fullId": "http://purl.bioontology.org/ontology/MSH/D016642", "preferredName": "Bupropion"}, {"semTypes": ["T109", "T121"], "to": "1206", "fro": "1197", "fullId": "http://purl.bioontology.org/ontology/RXNORM/42347", "preferredName": "Bupropion"}, {"semTypes": ["T999"], "to": "2088", "fro": "2080", "fullId": "http://purl.bioontology.org/ontology/RXNORM/42347", "preferredName": "Bupropion"}, {"semTypes": ["T999"], "to": "5819", "fro": "5806", "fullId": "http://purl.bioontology.org/ontology/MSH/C496215", "preferredName": "hydroxybupropion"}, {"semTypes": ["T121", "T109"], "to": "8715", "fro": "8693", "fullId": "http://purl.bioontology.org/ontology/MSH/D016642", "preferredName": "Bupropion"}, {"semTypes": ["T999"], "to": "916", "fro": "907", "fullId": "http://purl.bioontology.org/ontology/MSH/D015283", "preferredName": "Citalopram"}, {"semTypes": ["T121", "T109"], "to": "7142", "fro": "7120", "fullId": "http://purl.bioontology.org/ontology/MSH/D016642", "preferredName": "Bupropion"}, {"semTypes": ["T999"], "to": "930", "fro": "922", "fullId": "http://purl.bioontology.org/ontology/RXNORM/42347", "preferredName": "Bupropion"}, {"semTypes": ["T999"], "to": "794", "fro": "784", "fullId": "http://purl.bioontology.org/ontology/RXNORM/42347", "preferredName": "Bupropion"}, {"semTypes": ["T109", "T121"], "to": "132", "fro": "124", "fullId": "http://purl.bioontology.org/ontology/MSH/D016642", "preferredName": "Bupropion"}, {"semTypes": ["T109", "T121"], "to": "474", "fro": "466", "fullId": "http://purl.bioontology.org/ontology/MSH/D016642", "preferredName": "Bupropion"}, {"semTypes": ["T109", "T121"], "to": "5499", "fro": "5490", "fullId": "http://purl.bioontology.org/ontology/RXNORM/42347", "preferredName": "Bupropion"}, {"semTypes": ["T121", "T109"], "to": "2088", "fro": "2080", "fullId": "http://purl.bioontology.org/ontology/RXNORM/42347", "preferredName": "Bupropion"}, {"semTypes": ["T109", "T121"], "to": "2832", "fro": "2824", "fullId": "http://purl.bioontology.org/ontology/MSH/D016642", "preferredName": "Bupropion"}, {"semTypes": ["T121", "T109"], "to": "4449", "fro": "4437", "fullId": "http://purl.bioontology.org/ontology/MSH/D007980", "preferredName": "Levodopa"}, {"semTypes": ["T999"], "to": "5354", "fro": "5345", "fullId": "http://purl.bioontology.org/ontology/RXNORM/42347", "preferredName": "Bupropion"}, {"semTypes": ["T109", "T121"], "to": "4498", "fro": "4489", "fullId": "http://purl.bioontology.org/ontology/RXNORM/42347", "preferredName": "Bupropion"}]