[{"semTypes": ["T109", "T121"], "to": "4416", "fro": "4405", "fullId": "http://purl.bioontology.org/ontology/RXNORM/121243", "preferredName": "voriconazole"}, {"semTypes": ["T999"], "to": "4278", "fro": "4270", "fullId": "http://purl.bioontology.org/ontology/RXNORM/11289", "preferredName": "Warfarin"}, {"semTypes": ["T999"], "to": "3679", "fro": "3670", "fullId": "http://purl.bioontology.org/ontology/RXNORM/8134", "preferredName": "Phenobarbital"}, {"semTypes": ["T109", "T121"], "to": "6373", "fro": "6364", "fullId": "http://purl.bioontology.org/ontology/RXNORM/10450", "preferredName": "Thiabendazole"}, {"semTypes": ["T109", "T121"], "to": "4665", "fro": "4656", "fullId": "http://purl.bioontology.org/ontology/RXNORM/85762", "preferredName": "Ritonavir"}, {"semTypes": ["T999"], "to": "5928", "fro": "5920", "fullId": "http://purl.bioontology.org/ontology/RXNORM/703", "preferredName": "Amiodarone"}, {"semTypes": ["T999"], "to": "6373", "fro": "6364", "fullId": "http://purl.bioontology.org/ontology/RXNORM/8134", "preferredName": "Phenobarbital"}, {"semTypes": ["T999"], "to": "6385", "fro": "6376", "fullId": "http://purl.bioontology.org/ontology/MSH/D008795", "preferredName": "Metronidazole"}, {"semTypes": ["T999"], "to": "3399", "fro": "3387", "fullId": "http://purl.bioontology.org/ontology/RXNORM/9384", "preferredName": "Rifampin"}, {"semTypes": ["T999"], "to": "4112", "fro": "4103", "fullId": "http://purl.bioontology.org/ontology/MSH/C083544", "preferredName": "lepirudin"}, {"semTypes": ["T999"], "to": "4188", "fro": "4179", "fullId": "http://purl.bioontology.org/ontology/RXNORM/405155", "preferredName": "Jantoven"}, {"semTypes": ["T121", "T116"], "to": "5948", "fro": "5940", "fullId": "http://purl.bioontology.org/ontology/MSH/D013988", "preferredName": "Ticlopidine"}, {"semTypes": ["T121", "T109"], "to": "3920", "fro": "3912", "fullId": "http://purl.bioontology.org/ontology/MSH/D019438", "preferredName": "Ritonavir"}, {"semTypes": ["T999"], "to": "4388", "fro": "4380", "fullId": "http://purl.bioontology.org/ontology/RXNORM/2551", "preferredName": "Ciprofloxacin"}, {"semTypes": ["T109", "T121"], "to": "4736", "fro": "4728", "fullId": "http://purl.bioontology.org/ontology/RXNORM/2541", "preferredName": "Cimetidine"}, {"semTypes": ["T109", "T121"], "to": "6146", "fro": "6135", "fullId": "http://purl.bioontology.org/ontology/MSH/D013988", "preferredName": "Ticlopidine"}, {"semTypes": ["T109", "T121"], "to": "221", "fro": "214", "fullId": "http://purl.bioontology.org/ontology/RXNORM/11289", "preferredName": "Warfarin"}, {"semTypes": ["T999"], "to": "4449", "fro": "4440", "fullId": "http://purl.bioontology.org/ontology/MSH/D005473", "preferredName": "Fluoxetine"}, {"semTypes": ["T121", "T109"], "to": "3894", "fro": "3885", "fullId": "http://purl.bioontology.org/ontology/RXNORM/8183", "preferredName": "Phenytoin"}, {"semTypes": ["T999"], "to": "4725", "fro": "4716", "fullId": "http://purl.bioontology.org/ontology/MSH/C114556", "preferredName": "aprepitant"}, {"semTypes": ["T999"], "to": "3409", "fro": "3402", "fullId": "http://purl.bioontology.org/ontology/RXNORM/40575", "preferredName": "zileuton"}, {"semTypes": ["T121", "T109"], "to": "6349", "fro": "6341", "fullId": "http://purl.bioontology.org/ontology/RXNORM/237057", "preferredName": "lepirudin"}, {"semTypes": ["T999"], "to": "4784", "fro": "4775", "fullId": "http://purl.bioontology.org/ontology/MSH/D015283", "preferredName": "Citalopram"}, {"semTypes": ["T109", "T121"], "to": "4772", "fro": "4761", "fullId": "http://purl.bioontology.org/ontology/RXNORM/703", "preferredName": "Amiodarone"}, {"semTypes": ["T109", "T121"], "to": "6132", "fro": "6122", "fullId": "http://purl.bioontology.org/ontology/MSH/D005473", "preferredName": "Fluoxetine"}, {"semTypes": ["T999"], "to": "4581", "fro": "4572", "fullId": "http://purl.bioontology.org/ontology/MSH/D020280", "preferredName": "Sertraline"}, {"semTypes": ["T999"], "to": "4806", "fro": "4797", "fullId": "http://purl.bioontology.org/ontology/MSH/D004176", "preferredName": "Dipyridamole"}, {"semTypes": ["T999"], "to": "4595", "fro": "4584", "fullId": "http://purl.bioontology.org/ontology/RXNORM/40575", "preferredName": "zileuton"}, {"semTypes": ["T121", "T109"], "to": "4112", "fro": "4103", "fullId": "http://purl.bioontology.org/ontology/RXNORM/21107", "preferredName": "cilostazol"}, {"semTypes": ["T999"], "to": "4150", "fro": "4139", "fullId": "http://purl.bioontology.org/ontology/MSH/C095108", "preferredName": "amprenavir"}, {"semTypes": ["T999"], "to": "4136", "fro": "4127", "fullId": "http://purl.bioontology.org/ontology/RXNORM/405155", "preferredName": "Jantoven"}, {"semTypes": ["T999"], "to": "4100", "fro": "4091", "fullId": "http://purl.bioontology.org/ontology/RXNORM/85762", "preferredName": "Ritonavir"}, {"semTypes": ["T999"], "to": "4124", "fro": "4115", "fullId": "http://purl.bioontology.org/ontology/RXNORM/42355", "preferredName": "Fluvoxamine"}, {"semTypes": ["T110", "T121", "T125"], "to": "4784", "fro": "4775", "fullId": "http://purl.bioontology.org/ontology/RXNORM/10594", "preferredName": "Ticlopidine"}, {"semTypes": ["T109", "T121"], "to": "3734", "fro": "3716", "fullId": "http://purl.bioontology.org/ontology/MSH/D004176", "preferredName": "Dipyridamole"}, {"semTypes": ["T999"], "to": "3619", "fro": "3610", "fullId": "http://purl.bioontology.org/ontology/MSH/C095108", "preferredName": "amprenavir"}, {"semTypes": ["T999"], "to": "6170", "fro": "6160", "fullId": "http://purl.bioontology.org/ontology/RXNORM/358255", "preferredName": "aprepitant"}, {"semTypes": ["T999"], "to": "4162", "fro": "4153", "fullId": "http://purl.bioontology.org/ontology/MSH/D013988", "preferredName": "Ticlopidine"}, {"semTypes": ["T121", "T109"], "to": "3882", "fro": "3873", "fullId": "http://purl.bioontology.org/ontology/RXNORM/121243", "preferredName": "voriconazole"}, {"semTypes": ["T109", "T121"], "to": "3272", "fro": "3259", "fullId": "http://purl.bioontology.org/ontology/RXNORM/194000", "preferredName": "capecitabine"}, {"semTypes": ["T999"], "to": "3747", "fro": "3737", "fullId": "http://purl.bioontology.org/ontology/RXNORM/475969", "preferredName": "etravirine"}, {"semTypes": ["T999"], "to": "3166", "fro": "3154", "fullId": "http://purl.bioontology.org/ontology/RXNORM/3355", "preferredName": "Diclofenac"}, {"semTypes": ["T999"], "to": "3232", "fro": "3220", "fullId": "http://purl.bioontology.org/ontology/MSH/C086232", "preferredName": "bosentan"}, {"semTypes": ["T109", "T121"], "to": "3580", "fro": "3573", "fullId": "http://purl.bioontology.org/ontology/MSH/D009643", "preferredName": "Norfloxacin"}, {"semTypes": ["T999"], "to": "4605", "fro": "4598", "fullId": "http://purl.bioontology.org/ontology/MSH/D019438", "preferredName": "Ritonavir"}, {"semTypes": ["T999"], "to": "6459", "fro": "6452", "fullId": "http://purl.bioontology.org/ontology/MSH/C048833", "preferredName": "modafinil"}, {"semTypes": ["T999"], "to": "3570", "fro": "3560", "fullId": "http://purl.bioontology.org/ontology/RXNORM/2541", "preferredName": "Cimetidine"}, {"semTypes": ["T109", "T121"], "to": "1119", "fro": "1112", "fullId": "http://purl.bioontology.org/ontology/RXNORM/11289", "preferredName": "Warfarin"}, {"semTypes": ["T999"], "to": "4257", "fro": "4246", "fullId": "http://purl.bioontology.org/ontology/MSH/D002927", "preferredName": "Cimetidine"}, {"semTypes": ["T999"], "to": "6349", "fro": "6341", "fullId": "http://purl.bioontology.org/ontology/RXNORM/40575", "preferredName": "zileuton"}, {"semTypes": ["T121", "T109"], "to": "6743", "fro": "6733", "fullId": "http://purl.bioontology.org/ontology/MSH/D002939", "preferredName": "Ciprofloxacin"}, {"semTypes": ["T121", "T114"], "to": "3151", "fro": "3140", "fullId": "http://purl.bioontology.org/ontology/MSH/C095108", "preferredName": "amprenavir"}, {"semTypes": ["T121", "T109"], "to": "6780", "fro": "6770", "fullId": "http://purl.bioontology.org/ontology/MSH/D010634", "preferredName": "Phenobarbital"}, {"semTypes": ["T999"], "to": "4687", "fro": "4680", "fullId": "http://purl.bioontology.org/ontology/RXNORM/475969", "preferredName": "etravirine"}, {"semTypes": ["T109", "T195"], "to": "4794", "fro": "4787", "fullId": "http://purl.bioontology.org/ontology/MSH/C045645", "preferredName": "cilostazol"}, {"semTypes": ["T999"], "to": "4377", "fro": "4369", "fullId": "http://purl.bioontology.org/ontology/MSH/D002927", "preferredName": "Cimetidine"}, {"semTypes": ["T999"], "to": "327", "fro": "319", "fullId": "http://purl.bioontology.org/ontology/RXNORM/302285", "preferredName": "conivaptan"}, {"semTypes": ["T109", "T121"], "to": "4243", "fro": "4234", "fullId": "http://purl.bioontology.org/ontology/MSH/C095108", "preferredName": "amprenavir"}, {"semTypes": ["T109", "T121"], "to": "4366", "fro": "4359", "fullId": "http://purl.bioontology.org/ontology/RXNORM/8183", "preferredName": "Phenytoin"}, {"semTypes": ["T999"], "to": "3773", "fro": "3763", "fullId": "http://purl.bioontology.org/ontology/MSH/D000493", "preferredName": "Allopurinol"}, {"semTypes": ["T109", "T121"], "to": "4088", "fro": "4079", "fullId": "http://purl.bioontology.org/ontology/MSH/D008825", "preferredName": "Miconazole"}, {"semTypes": ["T109", "T121"], "to": "4595", "fro": "4584", "fullId": "http://purl.bioontology.org/ontology/RXNORM/85762", "preferredName": "Ritonavir"}, {"semTypes": ["T109", "T121"], "to": "6410", "fro": "6399", "fullId": "http://purl.bioontology.org/ontology/RXNORM/4450", "preferredName": "Fluconazole"}, {"semTypes": ["T109", "T121"], "to": "3359", "fro": "3350", "fullId": "http://purl.bioontology.org/ontology/RXNORM/405155", "preferredName": "Jantoven"}, {"semTypes": ["T999"], "to": "3369", "fro": "3362", "fullId": "http://purl.bioontology.org/ontology/RXNORM/42355", "preferredName": "Fluvoxamine"}, {"semTypes": ["T121", "T109"], "to": "3204", "fro": "3194", "fullId": "http://purl.bioontology.org/ontology/MSH/C086232", "preferredName": "bosentan"}, {"semTypes": ["T999"], "to": "6470", "fro": "6462", "fullId": "http://purl.bioontology.org/ontology/RXNORM/2002", "preferredName": "Carbamazepine"}, {"semTypes": ["T999"], "to": "6767", "fro": "6758", "fullId": "http://purl.bioontology.org/ontology/RXNORM/4450", "preferredName": "Fluconazole"}, {"semTypes": ["T121", "T114"], "to": "3557", "fro": "3549", "fullId": "http://purl.bioontology.org/ontology/RXNORM/83008", "preferredName": "bicalutamide"}, {"semTypes": ["T999"], "to": "7926", "fro": "7921", "fullId": "http://purl.bioontology.org/ontology/MSH/C102790", "preferredName": "voriconazole"}, {"semTypes": ["T121", "T109"], "to": "4725", "fro": "4716", "fullId": "http://purl.bioontology.org/ontology/MSH/D016666", "preferredName": "Fluvoxamine"}, {"semTypes": ["T999"], "to": "6663", "fro": "6654", "fullId": "http://purl.bioontology.org/ontology/MSH/C451734", "preferredName": "etravirine"}, {"semTypes": ["T999"], "to": "4402", "fro": "4391", "fullId": "http://purl.bioontology.org/ontology/RXNORM/5781", "preferredName": "Indomethacin"}, {"semTypes": ["T999"], "to": "4366", "fro": "4359", "fullId": "http://purl.bioontology.org/ontology/MSH/D000638", "preferredName": "Amiodarone"}, {"semTypes": ["T999"], "to": "4531", "fro": "4522", "fullId": "http://purl.bioontology.org/ontology/RXNORM/2002", "preferredName": "Carbamazepine"}, {"semTypes": ["T999"], "to": "4200", "fro": "4191", "fullId": "http://purl.bioontology.org/ontology/MSH/C451734", "preferredName": "etravirine"}, {"semTypes": ["T109", "T121"], "to": "3312", "fro": "3302", "fullId": "http://purl.bioontology.org/ontology/MSH/D012293", "preferredName": "Rifampin"}, {"semTypes": ["T999"], "to": "6396", "fro": "6388", "fullId": "http://purl.bioontology.org/ontology/MSH/C031942", "preferredName": "argatroban"}, {"semTypes": ["T999"], "to": "3272", "fro": "3259", "fullId": "http://purl.bioontology.org/ontology/MSH/C086232", "preferredName": "bosentan"}, {"semTypes": ["T109", "T121"], "to": "3801", "fro": "3791", "fullId": "http://purl.bioontology.org/ontology/MSH/C114556", "preferredName": "aprepitant"}, {"semTypes": ["T109", "T121"], "to": "4150", "fro": "4139", "fullId": "http://purl.bioontology.org/ontology/MSH/C048833", "preferredName": "modafinil"}, {"semTypes": ["T109", "T121"], "to": "3654", "fro": "3644", "fullId": "http://purl.bioontology.org/ontology/RXNORM/11289", "preferredName": "Warfarin"}, {"semTypes": ["T999"], "to": "4747", "fro": "4739", "fullId": "http://purl.bioontology.org/ontology/MSH/D015725", "preferredName": "Fluconazole"}, {"semTypes": ["T999"], "to": "4416", "fro": "4405", "fullId": "http://purl.bioontology.org/ontology/MSH/D002220", "preferredName": "Carbamazepine"}, {"semTypes": ["T116", "T121"], "to": "5928", "fro": "5920", "fullId": "http://purl.bioontology.org/ontology/MSH/D002220", "preferredName": "Carbamazepine"}, {"semTypes": ["T999"], "to": "5132", "fro": "5125", "fullId": "http://purl.bioontology.org/ontology/MSH/D014859", "preferredName": "Warfarin"}, {"semTypes": ["T999"], "to": "6705", "fro": "6694", "fullId": "http://purl.bioontology.org/ontology/MSH/C063449", "preferredName": "zileuton"}, {"semTypes": ["T109", "T195"], "to": "4747", "fro": "4739", "fullId": "http://purl.bioontology.org/ontology/MSH/D002220", "preferredName": "Carbamazepine"}, {"semTypes": ["T121", "T109"], "to": "3641", "fro": "3632", "fullId": "http://purl.bioontology.org/ontology/RXNORM/237057", "preferredName": "lepirudin"}, {"semTypes": ["T109", "T195"], "to": "4569", "fro": "4557", "fullId": "http://purl.bioontology.org/ontology/MSH/D000638", "preferredName": "Amiodarone"}, {"semTypes": ["T999"], "to": "6691", "fro": "6682", "fullId": "http://purl.bioontology.org/ontology/RXNORM/83008", "preferredName": "bicalutamide"}, {"semTypes": ["T109", "T121"], "to": "6361", "fro": "6352", "fullId": "http://purl.bioontology.org/ontology/MSH/D010672", "preferredName": "Phenytoin"}, {"semTypes": ["T121", "T109"], "to": "3178", "fro": "3169", "fullId": "http://purl.bioontology.org/ontology/RXNORM/405155", "preferredName": "Jantoven"}, {"semTypes": ["T121", "T109"], "to": "4702", "fro": "4690", "fullId": "http://purl.bioontology.org/ontology/MSH/D019438", "preferredName": "Ritonavir"}, {"semTypes": ["T109", "T121"], "to": "4542", "fro": "4534", "fullId": "http://purl.bioontology.org/ontology/RXNORM/11289", "preferredName": "Warfarin"}, {"semTypes": ["T121", "T109"], "to": "4162", "fro": "4153", "fullId": "http://purl.bioontology.org/ontology/MSH/D015283", "preferredName": "Citalopram"}, {"semTypes": ["T999"], "to": "4303", "fro": "4292", "fullId": "http://purl.bioontology.org/ontology/RXNORM/3521", "preferredName": "Dipyridamole"}, {"semTypes": ["T121", "T109"], "to": "6396", "fro": "6388", "fullId": "http://purl.bioontology.org/ontology/RXNORM/75207", "preferredName": "bosentan"}, {"semTypes": ["T109", "T121"], "to": "3812", "fro": "3804", "fullId": "http://purl.bioontology.org/ontology/MSH/D010672", "preferredName": "Phenytoin"}, {"semTypes": ["T999"], "to": "3580", "fro": "3573", "fullId": "http://purl.bioontology.org/ontology/RXNORM/28031", "preferredName": "Itraconazole"}, {"semTypes": ["T109", "T121"], "to": "3232", "fro": "3220", "fullId": "http://purl.bioontology.org/ontology/RXNORM/121243", "preferredName": "voriconazole"}, {"semTypes": ["T999"], "to": "6361", "fro": "6352", "fullId": "http://purl.bioontology.org/ontology/MSH/D008795", "preferredName": "Metronidazole"}, {"semTypes": ["T109", "T121"], "to": "4289", "fro": "4281", "fullId": "http://purl.bioontology.org/ontology/MSH/D002939", "preferredName": "Ciprofloxacin"}, {"semTypes": ["T999"], "to": "3243", "fro": "3234", "fullId": "http://purl.bioontology.org/ontology/RXNORM/4493", "preferredName": "Fluoxetine"}, {"semTypes": ["T109", "T121"], "to": "6679", "fro": "6666", "fullId": "http://purl.bioontology.org/ontology/MSH/D014700", "preferredName": "Verapamil"}, {"semTypes": ["T121", "T109", "T123"], "to": "3667", "fro": "3657", "fullId": "http://purl.bioontology.org/ontology/MSH/C045645", "preferredName": "cilostazol"}, {"semTypes": ["T999"], "to": "4461", "fro": "4452", "fullId": "http://purl.bioontology.org/ontology/MSH/C055512", "preferredName": "ranolazine"}, {"semTypes": ["T121", "T109"], "to": "4427", "fro": "4419", "fullId": "http://purl.bioontology.org/ontology/MSH/D013442", "preferredName": "Sulfinpyrazone"}, {"semTypes": ["T109", "T121"], "to": "6433", "fro": "6425", "fullId": "http://purl.bioontology.org/ontology/RXNORM/4450", "preferredName": "Fluconazole"}, {"semTypes": ["T121", "T109"], "to": "6491", "fro": "6484", "fullId": "http://purl.bioontology.org/ontology/RXNORM/460132", "preferredName": "darunavir"}, {"semTypes": ["T999"], "to": "1759", "fro": "1752", "fullId": "http://purl.bioontology.org/ontology/MSH/D014859", "preferredName": "Warfarin"}, {"semTypes": ["T109", "T121"], "to": "6730", "fro": "6720", "fullId": "http://purl.bioontology.org/ontology/RXNORM/11289", "preferredName": "Warfarin"}, {"semTypes": ["T109", "T121"], "to": "3299", "fro": "3288", "fullId": "http://purl.bioontology.org/ontology/RXNORM/358255", "preferredName": "aprepitant"}, {"semTypes": ["T109", "T121"], "to": "6767", "fro": "6758", "fullId": "http://purl.bioontology.org/ontology/MSH/C047426", "preferredName": "venlafaxine"}, {"semTypes": ["T999"], "to": "1278", "fro": "1271", "fullId": "http://purl.bioontology.org/ontology/MSH/D014859", "preferredName": "Warfarin"}, {"semTypes": ["T999"], "to": "3788", "fro": "3776", "fullId": "http://purl.bioontology.org/ontology/MSH/D010634", "preferredName": "Phenobarbital"}, {"semTypes": ["T999"], "to": "6481", "fro": "6473", "fullId": "http://purl.bioontology.org/ontology/RXNORM/10594", "preferredName": "Ticlopidine"}, {"semTypes": ["T999"], "to": "6157", "fro": "6149", "fullId": "http://purl.bioontology.org/ontology/RXNORM/4053", "preferredName": "Erythromycin"}, {"semTypes": ["T121", "T116"], "to": "4257", "fro": "4246", "fullId": "http://purl.bioontology.org/ontology/MSH/C055512", "preferredName": "ranolazine"}, {"semTypes": ["T121", "T109"], "to": "4507", "fro": "4496", "fullId": "http://purl.bioontology.org/ontology/RXNORM/17767", "preferredName": "Amlodipine"}, {"semTypes": ["T121", "T109"], "to": "4531", "fro": "4522", "fullId": "http://purl.bioontology.org/ontology/RXNORM/4493", "preferredName": "Fluoxetine"}, {"semTypes": ["T999"], "to": "4554", "fro": "4545", "fullId": "http://purl.bioontology.org/ontology/RXNORM/10594", "preferredName": "Ticlopidine"}, {"semTypes": ["T999"], "to": "6146", "fro": "6135", "fullId": "http://purl.bioontology.org/ontology/RXNORM/228656", "preferredName": "Amprenavir"}, {"semTypes": ["T999"], "to": "6743", "fro": "6733", "fullId": "http://purl.bioontology.org/ontology/RXNORM/703", "preferredName": "Amiodarone"}, {"semTypes": ["T109", "T121"], "to": "3773", "fro": "3763", "fullId": "http://purl.bioontology.org/ontology/RXNORM/228656", "preferredName": "Amprenavir"}, {"semTypes": ["T999"], "to": "1631", "fro": "1624", "fullId": "http://purl.bioontology.org/ontology/MSH/D014859", "preferredName": "Warfarin"}, {"semTypes": ["T109", "T121"], "to": "4713", "fro": "4705", "fullId": "http://purl.bioontology.org/ontology/MSH/C063449", "preferredName": "zileuton"}, {"semTypes": ["T109", "T121"], "to": "4472", "fro": "4464", "fullId": "http://purl.bioontology.org/ontology/RXNORM/21107", "preferredName": "cilostazol"}, {"semTypes": ["T131", "T121", "T109"], "to": "2529", "fro": "2522", "fullId": "http://purl.bioontology.org/ontology/MSH/D014859", "preferredName": "Warfarin"}, {"semTypes": ["T109", "T121"], "to": "3191", "fro": "3181", "fullId": "http://purl.bioontology.org/ontology/RXNORM/42355", "preferredName": "Fluvoxamine"}, {"semTypes": ["T999"], "to": "5948", "fro": "5940", "fullId": "http://purl.bioontology.org/ontology/RXNORM/2002", "preferredName": "Carbamazepine"}, {"semTypes": ["T999"], "to": "7294", "fro": "7287", "fullId": "http://purl.bioontology.org/ontology/MSH/D014859", "preferredName": "Warfarin"}, {"semTypes": ["T121", "T109"], "to": "4377", "fro": "4369", "fullId": "http://purl.bioontology.org/ontology/RXNORM/21107", "preferredName": "cilostazol"}, {"semTypes": ["T109", "T121"], "to": "4554", "fro": "4545", "fullId": "http://purl.bioontology.org/ontology/MSH/D015283", "preferredName": "Citalopram"}, {"semTypes": ["T999"], "to": "7016", "fro": "7009", "fullId": "http://purl.bioontology.org/ontology/MSH/D014859", "preferredName": "Warfarin"}, {"semTypes": ["T109", "T195"], "to": "3409", "fro": "3402", "fullId": "http://purl.bioontology.org/ontology/RXNORM/405155", "preferredName": "Jantoven"}, {"semTypes": ["T999"], "to": "2529", "fro": "2522", "fullId": "http://purl.bioontology.org/ontology/MSH/D014859", "preferredName": "Warfarin"}, {"semTypes": ["T999"], "to": "4519", "fro": "4510", "fullId": "http://purl.bioontology.org/ontology/MSH/D010672", "preferredName": "Phenytoin"}, {"semTypes": ["T121", "T109"], "to": "3788", "fro": "3776", "fullId": "http://purl.bioontology.org/ontology/MSH/D010634", "preferredName": "Phenobarbital"}, {"semTypes": ["T999"], "to": "1592", "fro": "1585", "fullId": "http://purl.bioontology.org/ontology/MSH/D014859", "preferredName": "Warfarin"}, {"semTypes": ["T121", "T109"], "to": "6663", "fro": "6654", "fullId": "http://purl.bioontology.org/ontology/MSH/D007654", "preferredName": "Ketoconazole"}, {"semTypes": ["T999"], "to": "3592", "fro": "3583", "fullId": "http://purl.bioontology.org/ontology/RXNORM/85762", "preferredName": "Ritonavir"}, {"semTypes": ["T999"], "to": "1350", "fro": "1343", "fullId": "http://purl.bioontology.org/ontology/MSH/D014859", "preferredName": "Warfarin"}, {"semTypes": ["T109", "T121", "T131"], "to": "7594", "fro": "7580", "fullId": "http://purl.bioontology.org/ontology/RXNORM/2551", "preferredName": "Ciprofloxacin"}, {"semTypes": ["T109", "T121"], "to": "3217", "fro": "3207", "fullId": "http://purl.bioontology.org/ontology/RXNORM/11289", "preferredName": "Warfarin"}, {"semTypes": ["T121", "T109"], "to": "3619", "fro": "3610", "fullId": "http://purl.bioontology.org/ontology/MSH/C047426", "preferredName": "venlafaxine"}, {"semTypes": ["T999"], "to": "7594", "fro": "7580", "fullId": "http://purl.bioontology.org/ontology/MSH/D014859", "preferredName": "Warfarin"}, {"semTypes": ["T999"], "to": "6119", "fro": "6110", "fullId": "http://purl.bioontology.org/ontology/RXNORM/358255", "preferredName": "aprepitant"}, {"semTypes": ["T121", "T109"], "to": "3369", "fro": "3362", "fullId": "http://purl.bioontology.org/ontology/RXNORM/9384", "preferredName": "Rifampin"}, {"semTypes": ["T109", "T121"], "to": "6755", "fro": "6746", "fullId": "http://purl.bioontology.org/ontology/MSH/D007538", "preferredName": "Isoniazid"}, {"semTypes": ["T999"], "to": "5196", "fro": "5189", "fullId": "http://purl.bioontology.org/ontology/MSH/D014859", "preferredName": "Warfarin"}, {"semTypes": ["T999"], "to": "3285", "fro": "3275", "fullId": "http://purl.bioontology.org/ontology/MSH/D013988", "preferredName": "Ticlopidine"}, {"semTypes": ["T999"], "to": "4713", "fro": "4705", "fullId": "http://purl.bioontology.org/ontology/MSH/D004221", "preferredName": "Disulfiram"}, {"semTypes": ["T999"], "to": "5904", "fro": "5895", "fullId": "http://purl.bioontology.org/ontology/RXNORM/7233", "preferredName": "Nafcillin"}, {"semTypes": ["T121", "T109"], "to": "4687", "fro": "4680", "fullId": "http://purl.bioontology.org/ontology/RXNORM/405155", "preferredName": "Jantoven"}, {"semTypes": ["T999"], "to": "1798", "fro": "1791", "fullId": "http://purl.bioontology.org/ontology/MSH/D014859", "preferredName": "Warfarin"}, {"semTypes": ["T999"], "to": "3667", "fro": "3657", "fullId": "http://purl.bioontology.org/ontology/RXNORM/9384", "preferredName": "Rifampin"}, {"semTypes": ["T999"], "to": "7172", "fro": "7165", "fullId": "http://purl.bioontology.org/ontology/MSH/D014859", "preferredName": "Warfarin"}, {"semTypes": ["T999"], "to": "6491", "fro": "6484", "fullId": "http://purl.bioontology.org/ontology/RXNORM/32968", "preferredName": "clopidogrel"}, {"semTypes": ["T999"], "to": "3256", "fro": "3246", "fullId": "http://purl.bioontology.org/ontology/MSH/C451734", "preferredName": "etravirine"}, {"semTypes": ["T999"], "to": "8219", "fro": "8213", "fullId": "http://purl.bioontology.org/ontology/RXNORM/7233", "preferredName": "Nafcillin"}, {"semTypes": ["T131", "T121", "T109"], "to": "7016", "fro": "7009", "fullId": "http://purl.bioontology.org/ontology/MSH/D014859", "preferredName": "Warfarin"}, {"semTypes": ["T131", "T121", "T109"], "to": "1278", "fro": "1271", "fullId": "http://purl.bioontology.org/ontology/MSH/D014859", "preferredName": "Warfarin"}, {"semTypes": ["T121", "T109"], "to": "6792", "fro": "6783", "fullId": "http://purl.bioontology.org/ontology/RXNORM/121243", "preferredName": "voriconazole"}, {"semTypes": ["T999"], "to": "4542", "fro": "4534", "fullId": "http://purl.bioontology.org/ontology/RXNORM/11289", "preferredName": "Warfarin"}, {"semTypes": ["T131", "T121", "T109"], "to": "1592", "fro": "1585", "fullId": "http://purl.bioontology.org/ontology/MSH/D014859", "preferredName": "Warfarin"}, {"semTypes": ["T999"], "to": "3641", "fro": "3632", "fullId": "http://purl.bioontology.org/ontology/MSH/D014700", "preferredName": "Verapamil"}, {"semTypes": ["T109", "T121"], "to": "4176", "fro": "4165", "fullId": "http://purl.bioontology.org/ontology/MSH/D015725", "preferredName": "Fluconazole"}, {"semTypes": ["T999"], "to": "3607", "fro": "3595", "fullId": "http://purl.bioontology.org/ontology/RXNORM/85762", "preferredName": "Ritonavir"}, {"semTypes": ["T131", "T121", "T109"], "to": "7172", "fro": "7165", "fullId": "http://purl.bioontology.org/ontology/MSH/D014859", "preferredName": "Warfarin"}, {"semTypes": ["T131", "T121", "T109"], "to": "5132", "fro": "5125", "fullId": "http://purl.bioontology.org/ontology/MSH/D014859", "preferredName": "Warfarin"}, {"semTypes": ["T999"], "to": "3870", "fro": "3860", "fullId": "http://purl.bioontology.org/ontology/MSH/C102790", "preferredName": "voriconazole"}, {"semTypes": ["T999"], "to": "6107", "fro": "6101", "fullId": "http://purl.bioontology.org/ontology/MSH/D008825", "preferredName": "Miconazole"}, {"semTypes": ["T131", "T121", "T109"], "to": "1631", "fro": "1624", "fullId": "http://purl.bioontology.org/ontology/MSH/D014859", "preferredName": "Warfarin"}, {"semTypes": ["T121", "T109"], "to": "3870", "fro": "3860", "fullId": "http://purl.bioontology.org/ontology/MSH/D002927", "preferredName": "Cimetidine"}, {"semTypes": ["T109", "T121"], "to": "3399", "fro": "3387", "fullId": "http://purl.bioontology.org/ontology/MSH/D019438", "preferredName": "Ritonavir"}, {"semTypes": ["T999"], "to": "3812", "fro": "3804", "fullId": "http://purl.bioontology.org/ontology/RXNORM/2551", "preferredName": "Ciprofloxacin"}, {"semTypes": ["T999"], "to": "4243", "fro": "4234", "fullId": "http://purl.bioontology.org/ontology/RXNORM/2541", "preferredName": "Cimetidine"}, {"semTypes": ["T131", "T121", "T109"], "to": "5196", "fro": "5189", "fullId": "http://purl.bioontology.org/ontology/MSH/D014859", "preferredName": "Warfarin"}, {"semTypes": ["T999"], "to": "3217", "fro": "3207", "fullId": "http://purl.bioontology.org/ontology/RXNORM/11289", "preferredName": "Warfarin"}, {"semTypes": ["T109", "T121"], "to": "4328", "fro": "4319", "fullId": "http://purl.bioontology.org/ontology/RXNORM/75207", "preferredName": "bosentan"}, {"semTypes": ["T109", "T121"], "to": "4605", "fro": "4598", "fullId": "http://purl.bioontology.org/ontology/RXNORM/405155", "preferredName": "Jantoven"}, {"semTypes": ["T999"], "to": "4569", "fro": "4557", "fullId": "http://purl.bioontology.org/ontology/RXNORM/8134", "preferredName": "Phenobarbital"}, {"semTypes": ["T999"], "to": "4472", "fro": "4464", "fullId": "http://purl.bioontology.org/ontology/RXNORM/3355", "preferredName": "Diclofenac"}, {"semTypes": ["T999"], "to": "5917", "fro": "5907", "fullId": "http://purl.bioontology.org/ontology/RXNORM/8183", "preferredName": "Phenytoin"}, {"semTypes": ["T131", "T121", "T109"], "to": "1759", "fro": "1752", "fullId": "http://purl.bioontology.org/ontology/MSH/D014859", "preferredName": "Warfarin"}, {"semTypes": ["T109", "T121"], "to": "3592", "fro": "3583", "fullId": "http://purl.bioontology.org/ontology/MSH/C114556", "preferredName": "aprepitant"}, {"semTypes": ["T999"], "to": "3882", "fro": "3873", "fullId": "http://purl.bioontology.org/ontology/MSH/D061466", "preferredName": "Lopinavir"}, {"semTypes": ["T109", "T121"], "to": "4653", "fro": "4643", "fullId": "http://purl.bioontology.org/ontology/MSH/D000493", "preferredName": "Allopurinol"}, {"semTypes": ["T999"], "to": "4794", "fro": "4787", "fullId": "http://purl.bioontology.org/ontology/MSH/C114556", "preferredName": "aprepitant"}, {"semTypes": ["T999"], "to": "4507", "fro": "4496", "fullId": "http://purl.bioontology.org/ontology/MSH/D010672", "preferredName": "Phenytoin"}, {"semTypes": ["T999"], "to": "5892", "fro": "5883", "fullId": "http://purl.bioontology.org/ontology/RXNORM/2541", "preferredName": "Cimetidine"}, {"semTypes": ["T131", "T121", "T109"], "to": "1350", "fro": "1343", "fullId": "http://purl.bioontology.org/ontology/MSH/D014859", "preferredName": "Warfarin"}, {"semTypes": ["T999"], "to": "3204", "fro": "3194", "fullId": "http://purl.bioontology.org/ontology/RXNORM/17767", "preferredName": "Amlodipine"}, {"semTypes": ["T999"], "to": "3137", "fro": "3128", "fullId": "http://purl.bioontology.org/ontology/MSH/C114556", "preferredName": "aprepitant"}, {"semTypes": ["T109", "T121"], "to": "4316", "fro": "4306", "fullId": "http://purl.bioontology.org/ontology/MSH/D019438", "preferredName": "Ritonavir"}, {"semTypes": ["T999"], "to": "3692", "fro": "3682", "fullId": "http://purl.bioontology.org/ontology/RXNORM/21107", "preferredName": "cilostazol"}, {"semTypes": ["T109", "T121"], "to": "7443", "fro": "7436", "fullId": "http://purl.bioontology.org/ontology/MSH/D014859", "preferredName": "Warfarin"}, {"semTypes": ["T131", "T121", "T109"], "to": "1798", "fro": "1791", "fullId": "http://purl.bioontology.org/ontology/MSH/D014859", "preferredName": "Warfarin"}, {"semTypes": ["T109", "T121"], "to": "4136", "fro": "4127", "fullId": "http://purl.bioontology.org/ontology/RXNORM/11289", "preferredName": "Warfarin"}, {"semTypes": ["T999"], "to": "3178", "fro": "3169", "fullId": "http://purl.bioontology.org/ontology/RXNORM/405155", "preferredName": "Jantoven"}, {"semTypes": ["T109", "T121"], "to": "3570", "fro": "3560", "fullId": "http://purl.bioontology.org/ontology/RXNORM/10594", "preferredName": "Ticlopidine"}, {"semTypes": ["T109", "T121"], "to": "8274", "fro": "8267", "fullId": "http://purl.bioontology.org/ontology/RXNORM/11289", "preferredName": "Warfarin"}, {"semTypes": ["T999"], "to": "3299", "fro": "3288", "fullId": "http://purl.bioontology.org/ontology/RXNORM/358255", "preferredName": "aprepitant"}, {"semTypes": ["T999"], "to": "4758", "fro": "4750", "fullId": "http://purl.bioontology.org/ontology/MSH/C045645", "preferredName": "cilostazol"}, {"semTypes": ["T109", "T121"], "to": "8173", "fro": "8166", "fullId": "http://purl.bioontology.org/ontology/RXNORM/11289", "preferredName": "Warfarin"}, {"semTypes": ["T999"], "to": "4268", "fro": "4260", "fullId": "http://purl.bioontology.org/ontology/MSH/D002927", "preferredName": "Cimetidine"}, {"semTypes": ["T999"], "to": "6433", "fro": "6425", "fullId": "http://purl.bioontology.org/ontology/RXNORM/194000", "preferredName": "capecitabine"}, {"semTypes": ["T109", "T121"], "to": "489", "fro": "482", "fullId": "http://purl.bioontology.org/ontology/RXNORM/11289", "preferredName": "Warfarin"}, {"semTypes": ["T999"], "to": "4772", "fro": "4761", "fullId": "http://purl.bioontology.org/ontology/RXNORM/8183", "preferredName": "Phenytoin"}, {"semTypes": ["T125", "T121", "T110"], "to": "3256", "fro": "3246", "fullId": "http://purl.bioontology.org/ontology/MSH/D009643", "preferredName": "Norfloxacin"}, {"semTypes": ["T109", "T121"], "to": "6717", "fro": "6708", "fullId": "http://purl.bioontology.org/ontology/RXNORM/405155", "preferredName": "Jantoven"}, {"semTypes": ["T121", "T109"], "to": "4215", "fro": "4203", "fullId": "http://purl.bioontology.org/ontology/RXNORM/85762", "preferredName": "Ritonavir"}, {"semTypes": ["T999"], "to": "6410", "fro": "6399", "fullId": "http://purl.bioontology.org/ontology/MSH/C048833", "preferredName": "modafinil"}, {"semTypes": ["T109", "T121"], "to": "103", "fro": "96", "fullId": "http://purl.bioontology.org/ontology/RXNORM/11289", "preferredName": "Warfarin"}, {"semTypes": ["T109", "T121"], "to": "6459", "fro": "6452", "fullId": "http://purl.bioontology.org/ontology/MSH/C086232", "preferredName": "bosentan"}, {"semTypes": ["T109", "T121"], "to": "4200", "fro": "4191", "fullId": "http://purl.bioontology.org/ontology/MSH/D016666", "preferredName": "Fluvoxamine"}, {"semTypes": ["T109", "T121"], "to": "4124", "fro": "4115", "fullId": "http://purl.bioontology.org/ontology/RXNORM/405155", "preferredName": "Jantoven"}, {"semTypes": ["T118", "T121", "T123"], "to": "5937", "fro": "5931", "fullId": "http://purl.bioontology.org/ontology/RXNORM/40575", "preferredName": "zileuton"}, {"semTypes": ["T999"], "to": "4341", "fro": "4331", "fullId": "http://purl.bioontology.org/ontology/RXNORM/11289", "preferredName": "Warfarin"}, {"semTypes": ["T121", "T109"], "to": "3679", "fro": "3670", "fullId": "http://purl.bioontology.org/ontology/MSH/C102790", "preferredName": "voriconazole"}, {"semTypes": ["T999"], "to": "3909", "fro": "3897", "fullId": "http://purl.bioontology.org/ontology/RXNORM/405155", "preferredName": "Jantoven"}, {"semTypes": ["T999"], "to": "3760", "fro": "3750", "fullId": "http://purl.bioontology.org/ontology/MSH/D000638", "preferredName": "Amiodarone"}, {"semTypes": ["T121", "T127", "T119"], "to": "327", "fro": "319", "fullId": "http://purl.bioontology.org/ontology/RXNORM/302285", "preferredName": "conivaptan"}, {"semTypes": ["T121", "T109"], "to": "4461", "fro": "4452", "fullId": "http://purl.bioontology.org/ontology/MSH/D012293", "preferredName": "Rifampin"}, {"semTypes": ["T999"], "to": "4316", "fro": "4306", "fullId": "http://purl.bioontology.org/ontology/RXNORM/405155", "preferredName": "Jantoven"}, {"semTypes": ["T195", "T109"], "to": "4231", "fro": "4218", "fullId": "http://purl.bioontology.org/ontology/MSH/C102790", "preferredName": "voriconazole"}, {"semTypes": ["T999"], "to": "4328", "fro": "4319", "fullId": "http://purl.bioontology.org/ontology/MSH/C114556", "preferredName": "aprepitant"}, {"semTypes": ["T109", "T121"], "to": "6691", "fro": "6682", "fullId": "http://purl.bioontology.org/ontology/MSH/D015283", "preferredName": "Citalopram"}, {"semTypes": ["T131", "T121", "T109"], "to": "7294", "fro": "7287", "fullId": "http://purl.bioontology.org/ontology/MSH/D014859", "preferredName": "Warfarin"}, {"semTypes": ["T109", "T121"], "to": "4278", "fro": "4270", "fullId": "http://purl.bioontology.org/ontology/RXNORM/11289", "preferredName": "Warfarin"}, {"semTypes": ["T121", "T109"], "to": "3607", "fro": "3595", "fullId": "http://purl.bioontology.org/ontology/RXNORM/405155", "preferredName": "Jantoven"}, {"semTypes": ["T121", "T109"], "to": "6385", "fro": "6376", "fullId": "http://purl.bioontology.org/ontology/RXNORM/460132", "preferredName": "darunavir"}, {"semTypes": ["T999"], "to": "5937", "fro": "5931", "fullId": "http://purl.bioontology.org/ontology/RXNORM/2002", "preferredName": "Carbamazepine"}, {"semTypes": ["T109", "T121"], "to": "4449", "fro": "4440", "fullId": "http://purl.bioontology.org/ontology/MSH/C065179", "preferredName": "atorvastatin"}, {"semTypes": ["T109", "T121"], "to": "6119", "fro": "6110", "fullId": "http://purl.bioontology.org/ontology/RXNORM/405155", "preferredName": "Jantoven"}, {"semTypes": ["T999"], "to": "4736", "fro": "4728", "fullId": "http://purl.bioontology.org/ontology/MSH/C063449", "preferredName": "zileuton"}, {"semTypes": ["T121", "T109"], "to": "6481", "fro": "6473", "fullId": "http://purl.bioontology.org/ontology/RXNORM/8134", "preferredName": "Phenobarbital"}, {"semTypes": ["T999"], "to": "3151", "fro": "3140", "fullId": "http://purl.bioontology.org/ontology/RXNORM/475969", "preferredName": "etravirine"}, {"semTypes": ["T121", "T109"], "to": "3692", "fro": "3682", "fullId": "http://purl.bioontology.org/ontology/RXNORM/5781", "preferredName": "Indomethacin"}, {"semTypes": ["T999"], "to": "6755", "fro": "6746", "fullId": "http://purl.bioontology.org/ontology/MSH/D012293", "preferredName": "Rifampin"}, {"semTypes": ["T999"], "to": "6730", "fro": "6720", "fullId": "http://purl.bioontology.org/ontology/RXNORM/11289", "preferredName": "Warfarin"}, {"semTypes": ["T121", "T109"], "to": "3747", "fro": "3737", "fullId": "http://purl.bioontology.org/ontology/MSH/C031942", "preferredName": "argatroban"}, {"semTypes": ["T999"], "to": "8357", "fro": "8348", "fullId": "http://purl.bioontology.org/ontology/MSH/D007654", "preferredName": "Ketoconazole"}, {"semTypes": ["T999"], "to": "4231", "fro": "4218", "fullId": "http://purl.bioontology.org/ontology/MSH/D012293", "preferredName": "Rifampin"}, {"semTypes": ["T109", "T121"], "to": "3822", "fro": "3815", "fullId": "http://purl.bioontology.org/ontology/MSH/D019438", "preferredName": "Ritonavir"}, {"semTypes": ["T999"], "to": "6792", "fro": "6783", "fullId": "http://purl.bioontology.org/ontology/MSH/C048833", "preferredName": "modafinil"}, {"semTypes": ["T109", "T121"], "to": "4341", "fro": "4331", "fullId": "http://purl.bioontology.org/ontology/RXNORM/11289", "preferredName": "Warfarin"}, {"semTypes": ["T109", "T121"], "to": "4402", "fro": "4391", "fullId": "http://purl.bioontology.org/ontology/RXNORM/703", "preferredName": "Amiodarone"}, {"semTypes": ["T121", "T109"], "to": "4100", "fro": "4091", "fullId": "http://purl.bioontology.org/ontology/MSH/D016666", "preferredName": "Fluvoxamine"}, {"semTypes": ["T121", "T109"], "to": "4519", "fro": "4510", "fullId": "http://purl.bioontology.org/ontology/MSH/D061466", "preferredName": "Lopinavir"}, {"semTypes": ["T999"], "to": "3312", "fro": "3302", "fullId": "http://purl.bioontology.org/ontology/MSH/D015725", "preferredName": "Fluconazole"}, {"semTypes": ["T121", "T109"], "to": "4581", "fro": "4572", "fullId": "http://purl.bioontology.org/ontology/MSH/C060225", "preferredName": "desirudin"}, {"semTypes": ["T999"], "to": "4176", "fro": "4165", "fullId": "http://purl.bioontology.org/ontology/MSH/D002220", "preferredName": "Carbamazepine"}, {"semTypes": ["T999"], "to": "4427", "fro": "4419", "fullId": "http://purl.bioontology.org/ontology/MSH/D005473", "preferredName": "Fluoxetine"}, {"semTypes": ["T121", "T109"], "to": "4806", "fro": "4797", "fullId": "http://purl.bioontology.org/ontology/RXNORM/3521", "preferredName": "Dipyridamole"}, {"semTypes": ["T999"], "to": "3654", "fro": "3644", "fullId": "http://purl.bioontology.org/ontology/RXNORM/11289", "preferredName": "Warfarin"}, {"semTypes": ["T121", "T109"], "to": "3629", "fro": "3622", "fullId": "http://purl.bioontology.org/ontology/MSH/D002939", "preferredName": "Ciprofloxacin"}, {"semTypes": ["T999"], "to": "4653", "fro": "4643", "fullId": "http://purl.bioontology.org/ontology/RXNORM/4493", "preferredName": "Fluoxetine"}, {"semTypes": ["T999"], "to": "4088", "fro": "4079", "fullId": "http://purl.bioontology.org/ontology/MSH/C045645", "preferredName": "cilostazol"}, {"semTypes": ["T121", "T109"], "to": "6157", "fro": "6149", "fullId": "http://purl.bioontology.org/ontology/MSH/D020280", "preferredName": "Sertraline"}, {"semTypes": ["T999"], "to": "6717", "fro": "6708", "fullId": "http://purl.bioontology.org/ontology/RXNORM/42355", "preferredName": "Fluvoxamine"}, {"semTypes": ["T999"], "to": "3557", "fro": "3549", "fullId": "http://purl.bioontology.org/ontology/RXNORM/4450", "preferredName": "Fluconazole"}, {"semTypes": ["T109", "T195"], "to": "3285", "fro": "3275", "fullId": "http://purl.bioontology.org/ontology/RXNORM/28031", "preferredName": "Itraconazole"}, {"semTypes": ["T109", "T121"], "to": "8107", "fro": "8100", "fullId": "http://purl.bioontology.org/ontology/RXNORM/11289", "preferredName": "Warfarin"}, {"semTypes": ["T999"], "to": "4702", "fro": "4690", "fullId": "http://purl.bioontology.org/ontology/RXNORM/358255", "preferredName": "aprepitant"}, {"semTypes": ["T109", "T121"], "to": "4677", "fro": "4668", "fullId": "http://purl.bioontology.org/ontology/RXNORM/11289", "preferredName": "Warfarin"}, {"semTypes": ["T999"], "to": "3359", "fro": "3350", "fullId": "http://purl.bioontology.org/ontology/RXNORM/11289", "preferredName": "Warfarin"}, {"semTypes": ["T999"], "to": "6132", "fro": "6122", "fullId": "http://purl.bioontology.org/ontology/RXNORM/75207", "preferredName": "bosentan"}, {"semTypes": ["T999"], "to": "3894", "fro": "3885", "fullId": "http://purl.bioontology.org/ontology/MSH/D000638", "preferredName": "Amiodarone"}, {"semTypes": ["T121", "T116"], "to": "5892", "fro": "5883", "fullId": "http://purl.bioontology.org/ontology/RXNORM/4053", "preferredName": "Erythromycin"}, {"semTypes": ["T999"], "to": "4437", "fro": "4429", "fullId": "http://purl.bioontology.org/ontology/RXNORM/11289", "preferredName": "Warfarin"}, {"semTypes": ["T999"], "to": "6449", "fro": "6436", "fullId": "http://purl.bioontology.org/ontology/RXNORM/4493", "preferredName": "Fluoxetine"}, {"semTypes": ["T999"], "to": "6780", "fro": "6770", "fullId": "http://purl.bioontology.org/ontology/RXNORM/228656", "preferredName": "Amprenavir"}, {"semTypes": ["T121", "T109"], "to": "4356", "fro": "4344", "fullId": "http://purl.bioontology.org/ontology/RXNORM/228656", "preferredName": "Amprenavir"}, {"semTypes": ["T121", "T109"], "to": "6705", "fro": "6694", "fullId": "http://purl.bioontology.org/ontology/RXNORM/32968", "preferredName": "clopidogrel"}, {"semTypes": ["T999"], "to": "4665", "fro": "4656", "fullId": "http://purl.bioontology.org/ontology/RXNORM/42355", "preferredName": "Fluvoxamine"}, {"semTypes": ["T121", "T109"], "to": "3243", "fro": "3234", "fullId": "http://purl.bioontology.org/ontology/MSH/C063449", "preferredName": "zileuton"}, {"semTypes": ["T109", "T121"], "to": "6422", "fro": "6413", "fullId": "http://purl.bioontology.org/ontology/MSH/D005473", "preferredName": "Fluoxetine"}, {"semTypes": ["T109", "T121"], "to": "4388", "fro": "4380", "fullId": "http://purl.bioontology.org/ontology/MSH/C060225", "preferredName": "desirudin"}, {"semTypes": ["T999"], "to": "3801", "fro": "3791", "fullId": "http://purl.bioontology.org/ontology/RXNORM/42355", "preferredName": "Fluvoxamine"}, {"semTypes": ["T999"], "to": "4677", "fro": "4668", "fullId": "http://purl.bioontology.org/ontology/RXNORM/11289", "preferredName": "Warfarin"}, {"semTypes": ["T999"], "to": "4356", "fro": "4344", "fullId": "http://purl.bioontology.org/ontology/MSH/C065179", "preferredName": "atorvastatin"}, {"semTypes": ["T121", "T109"], "to": "3384", "fro": "3372", "fullId": "http://purl.bioontology.org/ontology/MSH/D016666", "preferredName": "Fluvoxamine"}, {"semTypes": ["T109", "T121"], "to": "4188", "fro": "4179", "fullId": "http://purl.bioontology.org/ontology/RXNORM/42355", "preferredName": "Fluvoxamine"}, {"semTypes": ["T121", "T109"], "to": "4268", "fro": "4260", "fullId": "http://purl.bioontology.org/ontology/MSH/D010634", "preferredName": "Phenobarbital"}, {"semTypes": ["T999"], "to": "3384", "fro": "3372", "fullId": "http://purl.bioontology.org/ontology/MSH/D016666", "preferredName": "Fluvoxamine"}, {"semTypes": ["T999"], "to": "6422", "fro": "6413", "fullId": "http://purl.bioontology.org/ontology/MSH/C083544", "preferredName": "lepirudin"}, {"semTypes": ["T999"], "to": "4289", "fro": "4281", "fullId": "http://purl.bioontology.org/ontology/RXNORM/2551", "preferredName": "Ciprofloxacin"}, {"semTypes": ["T999"], "to": "4215", "fro": "4203", "fullId": "http://purl.bioontology.org/ontology/RXNORM/75207", "preferredName": "bosentan"}, {"semTypes": ["T999"], "to": "3822", "fro": "3815", "fullId": "http://purl.bioontology.org/ontology/RXNORM/405155", "preferredName": "Jantoven"}, {"semTypes": ["T109", "T121"], "to": "4437", "fro": "4429", "fullId": "http://purl.bioontology.org/ontology/RXNORM/405155", "preferredName": "Jantoven"}, {"semTypes": ["T999"], "to": "3920", "fro": "3912", "fullId": "http://purl.bioontology.org/ontology/MSH/D016666", "preferredName": "Fluvoxamine"}, {"semTypes": ["T109", "T121"], "to": "3909", "fro": "3897", "fullId": "http://purl.bioontology.org/ontology/RXNORM/358255", "preferredName": "aprepitant"}, {"semTypes": ["T999"], "to": "3191", "fro": "3181", "fullId": "http://purl.bioontology.org/ontology/RXNORM/475969", "preferredName": "etravirine"}, {"semTypes": ["T121", "T109"], "to": "6449", "fro": "6436", "fullId": "http://purl.bioontology.org/ontology/MSH/D004221", "preferredName": "Disulfiram"}, {"semTypes": ["T109", "T121"], "to": "6107", "fro": "6101", "fullId": "http://purl.bioontology.org/ontology/RXNORM/10450", "preferredName": "Thiabendazole"}, {"semTypes": ["T121", "T109"], "to": "4758", "fro": "4750", "fullId": "http://purl.bioontology.org/ontology/MSH/D016666", "preferredName": "Fluvoxamine"}, {"semTypes": ["T109", "T121"], "to": "3760", "fro": "3750", "fullId": "http://purl.bioontology.org/ontology/MSH/D007538", "preferredName": "Isoniazid"}, {"semTypes": ["T109", "T121"], "to": "6470", "fro": "6462", "fullId": "http://purl.bioontology.org/ontology/MSH/D002939", "preferredName": "Ciprofloxacin"}, {"semTypes": ["T121", "T109"], "to": "3137", "fro": "3128", "fullId": "http://purl.bioontology.org/ontology/MSH/D016666", "preferredName": "Fluvoxamine"}, {"semTypes": ["T116", "T121"], "to": "5917", "fro": "5907", "fullId": "http://purl.bioontology.org/ontology/RXNORM/9384", "preferredName": "Rifampin"}, {"semTypes": ["T195", "T109"], "to": "4303", "fro": "4292", "fullId": "http://purl.bioontology.org/ontology/MSH/D015725", "preferredName": "Fluconazole"}, {"semTypes": ["T109", "T121"], "to": "6170", "fro": "6160", "fullId": "http://purl.bioontology.org/ontology/RXNORM/42355", "preferredName": "Fluvoxamine"}, {"semTypes": ["T999"], "to": "3629", "fro": "3622", "fullId": "http://purl.bioontology.org/ontology/MSH/C451734", "preferredName": "etravirine"}, {"semTypes": ["T999"], "to": "3734", "fro": "3716", "fullId": "http://purl.bioontology.org/ontology/MSH/D013442", "preferredName": "Sulfinpyrazone"}]