[{"semTypes": ["T121", "T109"], "to": "6781", "fro": "6770", "fullId": "http://purl.bioontology.org/ontology/MSH/D009853", "preferredName": "Omeprazole"}, {"semTypes": ["T999"], "to": "1151", "fro": "1146", "fullId": "http://purl.bioontology.org/ontology/MSH/C055162", "preferredName": "clopidogrel"}, {"semTypes": ["T999"], "to": "1700", "fro": "1691", "fullId": "http://purl.bioontology.org/ontology/MSH/C055162", "preferredName": "clopidogrel"}, {"semTypes": ["T999"], "to": "1481", "fro": "1471", "fullId": "http://purl.bioontology.org/ontology/MSH/C055162", "preferredName": "clopidogrel"}, {"semTypes": ["T999"], "to": "2121", "fro": "2116", "fullId": "http://purl.bioontology.org/ontology/MSH/C055162", "preferredName": "clopidogrel"}, {"semTypes": ["T121", "T109"], "to": "2029", "fro": "2019", "fullId": "http://purl.bioontology.org/ontology/RXNORM/174742", "preferredName": "Plavix"}, {"semTypes": ["T999"], "to": "1251", "fro": "1242", "fullId": "http://purl.bioontology.org/ontology/RXNORM/174742", "preferredName": "Plavix"}, {"semTypes": ["T999"], "to": "8225", "fro": "8220", "fullId": "http://purl.bioontology.org/ontology/MSH/C055162", "preferredName": "clopidogrel"}, {"semTypes": ["T999"], "to": "1727", "fro": "1722", "fullId": "http://purl.bioontology.org/ontology/MSH/C055162", "preferredName": "clopidogrel"}, {"semTypes": ["T999"], "to": "1549", "fro": "1544", "fullId": "http://purl.bioontology.org/ontology/MSH/C055162", "preferredName": "clopidogrel"}, {"semTypes": ["T999"], "to": "6781", "fro": "6770", "fullId": "http://purl.bioontology.org/ontology/MSH/D009853", "preferredName": "Omeprazole"}, {"semTypes": ["T121", "T109"], "to": "1983", "fro": "1974", "fullId": "http://purl.bioontology.org/ontology/RXNORM/174742", "preferredName": "Plavix"}, {"semTypes": ["T999"], "to": "2257", "fro": "2252", "fullId": "http://purl.bioontology.org/ontology/MSH/C055162", "preferredName": "clopidogrel"}, {"semTypes": ["T131", "T121", "T109"], "to": "8239", "fro": "8232", "fullId": "http://purl.bioontology.org/ontology/RXNORM/174742", "preferredName": "Plavix"}, {"semTypes": ["T999"], "to": "1774", "fro": "1769", "fullId": "http://purl.bioontology.org/ontology/MSH/C055162", "preferredName": "clopidogrel"}, {"semTypes": ["T121", "T109"], "to": "1564", "fro": "1555", "fullId": "http://purl.bioontology.org/ontology/RXNORM/174742", "preferredName": "Plavix"}, {"semTypes": ["T121", "T109"], "to": "815", "fro": "805", "fullId": "http://purl.bioontology.org/ontology/RXNORM/174742", "preferredName": "Plavix"}, {"semTypes": ["T999"], "to": "4064", "fro": "4059", "fullId": "http://purl.bioontology.org/ontology/MSH/C055162", "preferredName": "clopidogrel"}, {"semTypes": ["T999"], "to": "1922", "fro": "1911", "fullId": "http://purl.bioontology.org/ontology/MSH/D009853", "preferredName": "Omeprazole"}, {"semTypes": ["T109", "T121"], "to": "1727", "fro": "1722", "fullId": "http://purl.bioontology.org/ontology/MSH/C055162", "preferredName": "clopidogrel"}, {"semTypes": ["T999"], "to": "1564", "fro": "1555", "fullId": "http://purl.bioontology.org/ontology/RXNORM/174742", "preferredName": "Plavix"}, {"semTypes": ["T109", "T121"], "to": "1774", "fro": "1769", "fullId": "http://purl.bioontology.org/ontology/MSH/C055162", "preferredName": "clopidogrel"}, {"semTypes": ["T131", "T121", "T109"], "to": "8189", "fro": "8182", "fullId": "http://purl.bioontology.org/ontology/RXNORM/7646", "preferredName": "Omeprazole"}, {"semTypes": ["T999"], "to": "294", "fro": "287", "fullId": "http://purl.bioontology.org/ontology/RXNORM/174742", "preferredName": "Plavix"}, {"semTypes": ["T109", "T121"], "to": "2257", "fro": "2252", "fullId": "http://purl.bioontology.org/ontology/MSH/C055162", "preferredName": "clopidogrel"}, {"semTypes": ["T121", "T109"], "to": "1361", "fro": "1351", "fullId": "http://purl.bioontology.org/ontology/RXNORM/174742", "preferredName": "Plavix"}, {"semTypes": ["T999"], "to": "2660", "fro": "2651", "fullId": "http://purl.bioontology.org/ontology/RXNORM/174742", "preferredName": "Plavix"}, {"semTypes": ["T109", "T121"], "to": "1151", "fro": "1146", "fullId": "http://purl.bioontology.org/ontology/MSH/C055162", "preferredName": "clopidogrel"}, {"semTypes": ["T121", "T109"], "to": "8394", "fro": "8384", "fullId": "http://purl.bioontology.org/ontology/RXNORM/174742", "preferredName": "Plavix"}, {"semTypes": ["T200"], "to": "8062", "fro": "8046", "fullId": "http://purl.bioontology.org/ontology/MSH/D009853", "preferredName": "Omeprazole"}, {"semTypes": ["T109", "T121"], "to": "1834", "fro": "1829", "fullId": "http://purl.bioontology.org/ontology/MSH/C055162", "preferredName": "clopidogrel"}, {"semTypes": ["T999"], "to": "1361", "fro": "1351", "fullId": "http://purl.bioontology.org/ontology/MSH/C055162", "preferredName": "clopidogrel"}, {"semTypes": ["T109", "T121"], "to": "4064", "fro": "4059", "fullId": "http://purl.bioontology.org/ontology/MSH/C055162", "preferredName": "clopidogrel"}, {"semTypes": ["T999"], "to": "5888", "fro": "5883", "fullId": "http://purl.bioontology.org/ontology/MSH/C055162", "preferredName": "clopidogrel"}, {"semTypes": ["T109", "T121"], "to": "7694", "fro": "7689", "fullId": "http://purl.bioontology.org/ontology/MSH/C055162", "preferredName": "clopidogrel"}, {"semTypes": ["T999"], "to": "8189", "fro": "8182", "fullId": "http://purl.bioontology.org/ontology/RXNORM/174742", "preferredName": "Plavix"}, {"semTypes": ["T999"], "to": "1317", "fro": "1308", "fullId": "http://purl.bioontology.org/ontology/RXNORM/174742", "preferredName": "Plavix"}, {"semTypes": ["T109", "T121"], "to": "2121", "fro": "2116", "fullId": "http://purl.bioontology.org/ontology/MSH/C055162", "preferredName": "clopidogrel"}, {"semTypes": ["T109", "T121"], "to": "3820", "fro": "3815", "fullId": "http://purl.bioontology.org/ontology/MSH/C055162", "preferredName": "clopidogrel"}, {"semTypes": ["T121", "T109"], "to": "5903", "fro": "5894", "fullId": "http://purl.bioontology.org/ontology/RXNORM/174742", "preferredName": "Plavix"}, {"semTypes": ["T121", "T109"], "to": "1922", "fro": "1911", "fullId": "http://purl.bioontology.org/ontology/RXNORM/7646", "preferredName": "Omeprazole"}, {"semTypes": ["T109", "T121"], "to": "1549", "fro": "1544", "fullId": "http://purl.bioontology.org/ontology/MSH/C055162", "preferredName": "clopidogrel"}, {"semTypes": ["T999"], "to": "7946", "fro": "7939", "fullId": "http://purl.bioontology.org/ontology/RXNORM/174742", "preferredName": "Plavix"}, {"semTypes": ["T999"], "to": "1834", "fro": "1829", "fullId": "http://purl.bioontology.org/ontology/MSH/C055162", "preferredName": "clopidogrel"}, {"semTypes": ["T109", "T121"], "to": "5888", "fro": "5883", "fullId": "http://purl.bioontology.org/ontology/MSH/C055162", "preferredName": "clopidogrel"}, {"semTypes": ["T999"], "to": "2174", "fro": "2165", "fullId": "http://purl.bioontology.org/ontology/RXNORM/174742", "preferredName": "Plavix"}, {"semTypes": ["T121", "T109"], "to": "2557", "fro": "2547", "fullId": "http://purl.bioontology.org/ontology/RXNORM/174742", "preferredName": "Plavix"}, {"semTypes": ["T109", "T121"], "to": "8225", "fro": "8220", "fullId": "http://purl.bioontology.org/ontology/MSH/C055162", "preferredName": "clopidogrel"}, {"semTypes": ["T999"], "to": "2557", "fro": "2547", "fullId": "http://purl.bioontology.org/ontology/MSH/C055162", "preferredName": "clopidogrel"}, {"semTypes": ["T121", "T109"], "to": "2677", "fro": "2666", "fullId": "http://purl.bioontology.org/ontology/MSH/D009853", "preferredName": "Omeprazole"}, {"semTypes": ["T121", "T109"], "to": "1251", "fro": "1242", "fullId": "http://purl.bioontology.org/ontology/MSH/C055162", "preferredName": "clopidogrel"}, {"semTypes": ["T121", "T109"], "to": "2174", "fro": "2165", "fullId": "http://purl.bioontology.org/ontology/RXNORM/174742", "preferredName": "Plavix"}, {"semTypes": ["T999"], "to": "1983", "fro": "1974", "fullId": "http://purl.bioontology.org/ontology/MSH/C055162", "preferredName": "clopidogrel"}, {"semTypes": ["T999"], "to": "608", "fro": "598", "fullId": "http://purl.bioontology.org/ontology/MSH/C055162", "preferredName": "clopidogrel"}, {"semTypes": ["T999"], "to": "8239", "fro": "8232", "fullId": "http://purl.bioontology.org/ontology/RXNORM/174742", "preferredName": "Plavix"}, {"semTypes": ["T121", "T109"], "to": "5801", "fro": "5792", "fullId": "http://purl.bioontology.org/ontology/MSH/C055162", "preferredName": "clopidogrel"}, {"semTypes": ["T121", "T109"], "to": "608", "fro": "598", "fullId": "http://purl.bioontology.org/ontology/RXNORM/174742", "preferredName": "Plavix"}, {"semTypes": ["T999"], "to": "7694", "fro": "7689", "fullId": "http://purl.bioontology.org/ontology/MSH/C055162", "preferredName": "clopidogrel"}, {"semTypes": ["T999"], "to": "5801", "fro": "5792", "fullId": "http://purl.bioontology.org/ontology/MSH/C055162", "preferredName": "clopidogrel"}, {"semTypes": ["T121", "T109"], "to": "1481", "fro": "1471", "fullId": "http://purl.bioontology.org/ontology/RXNORM/174742", "preferredName": "Plavix"}, {"semTypes": ["T999"], "to": "815", "fro": "805", "fullId": "http://purl.bioontology.org/ontology/MSH/C055162", "preferredName": "clopidogrel"}, {"semTypes": ["T121", "T109"], "to": "2660", "fro": "2651", "fullId": "http://purl.bioontology.org/ontology/RXNORM/174742", "preferredName": "Plavix"}, {"semTypes": ["T999"], "to": "2029", "fro": "2019", "fullId": "http://purl.bioontology.org/ontology/MSH/C055162", "preferredName": "clopidogrel"}, {"semTypes": ["T999"], "to": "5903", "fro": "5894", "fullId": "http://purl.bioontology.org/ontology/MSH/C055162", "preferredName": "clopidogrel"}, {"semTypes": ["T131", "T121", "T109"], "to": "7946", "fro": "7939", "fullId": "http://purl.bioontology.org/ontology/RXNORM/7646", "preferredName": "Omeprazole"}, {"semTypes": ["T999"], "to": "8394", "fro": "8384", "fullId": "http://purl.bioontology.org/ontology/MSH/C055162", "preferredName": "clopidogrel"}, {"semTypes": ["T999"], "to": "2677", "fro": "2666", "fullId": "http://purl.bioontology.org/ontology/RXNORM/7646", "preferredName": "Omeprazole"}, {"semTypes": ["T131", "T121", "T109"], "to": "294", "fro": "287", "fullId": "http://purl.bioontology.org/ontology/RXNORM/174742", "preferredName": "Plavix"}, {"semTypes": ["T999"], "to": "3820", "fro": "3815", "fullId": "http://purl.bioontology.org/ontology/MSH/C055162", "preferredName": "clopidogrel"}, {"semTypes": ["T121", "T109"], "to": "1700", "fro": "1691", "fullId": "http://purl.bioontology.org/ontology/RXNORM/174742", "preferredName": "Plavix"}, {"semTypes": ["T121", "T109"], "to": "1317", "fro": "1308", "fullId": "http://purl.bioontology.org/ontology/MSH/C055162", "preferredName": "clopidogrel"}]