[{"semTypes": ["T999", "T999"], "to": "1240", "fro": "1230", "fullId": "http://purl.bioontology.org/ontology/MSH/C055162", "preferredName": "clopidogrel"}, {"semTypes": ["T121", "T121"], "to": "3348", "fro": "3341", "fullId": "http://purl.bioontology.org/ontology/RXNORM/11289", "preferredName": "Warfarin"}, {"semTypes": ["T999", "T999"], "to": "1055", "fro": "1044", "fullId": "http://purl.bioontology.org/ontology/MSH/D009853", "preferredName": "Omeprazole"}, {"semTypes": ["T999", "T999"], "to": "1791", "fro": "1780", "fullId": "http://purl.bioontology.org/ontology/MSH/D009853", "preferredName": "Omeprazole"}, {"semTypes": ["T999", "T999"], "to": "362", "fro": "355", "fullId": "http://purl.bioontology.org/ontology/MSH/D014859", "preferredName": "Warfarin"}, {"semTypes": ["T999", "T999"], "to": "1446", "fro": "1435", "fullId": "http://purl.bioontology.org/ontology/MSH/D009853", "preferredName": "Omeprazole"}, {"semTypes": ["T999", "T999"], "to": "1775", "fro": "1766", "fullId": "http://purl.bioontology.org/ontology/MSH/D009853", "preferredName": "Omeprazole"}, {"semTypes": ["T121", "T121"], "to": "362", "fro": "355", "fullId": "http://purl.bioontology.org/ontology/RXNORM/11289", "preferredName": "Warfarin"}, {"semTypes": ["T999", "T999"], "to": "1039", "fro": "1030", "fullId": "http://purl.bioontology.org/ontology/MSH/D009853", "preferredName": "Omeprazole"}, {"semTypes": ["T999", "T999"], "to": "1023", "fro": "1003", "fullId": "http://purl.bioontology.org/ontology/MSH/C055162", "preferredName": "clopidogrel"}, {"semTypes": ["T999", "T999"], "to": "1088", "fro": "1079", "fullId": "http://purl.bioontology.org/ontology/MSH/D009853", "preferredName": "Omeprazole"}, {"semTypes": ["T999", "T999"], "to": "3131", "fro": "3124", "fullId": "http://purl.bioontology.org/ontology/MSH/D014859", "preferredName": "Warfarin"}, {"semTypes": ["T999", "T999"], "to": "1283", "fro": "1274", "fullId": "http://purl.bioontology.org/ontology/MSH/D009853", "preferredName": "Omeprazole"}, {"semTypes": ["T109", "T109"], "to": "1446", "fro": "1435", "fullId": "http://purl.bioontology.org/ontology/RXNORM/283742", "preferredName": "Esomeprazole"}, {"semTypes": ["T109", "T109"], "to": "1159", "fro": "1139", "fullId": "http://purl.bioontology.org/ontology/RXNORM/236991", "preferredName": "Clopidogrel bisulfate"}, {"semTypes": ["T121", "T121"], "to": "1088", "fro": "1079", "fullId": "http://purl.bioontology.org/ontology/RXNORM/7646", "preferredName": "Omeprazole"}, {"semTypes": ["T109", "T109"], "to": "1023", "fro": "1003", "fullId": "http://purl.bioontology.org/ontology/RXNORM/236991", "preferredName": "Clopidogrel bisulfate"}, {"semTypes": ["T109", "T109"], "to": "2844", "fro": "2824", "fullId": "http://purl.bioontology.org/ontology/RXNORM/236991", "preferredName": "Clopidogrel bisulfate"}, {"semTypes": ["T999", "T999"], "to": "1685", "fro": "1674", "fullId": "http://purl.bioontology.org/ontology/MSH/C064276", "preferredName": "pantoprazole"}, {"semTypes": ["T109", "T109"], "to": "1055", "fro": "1044", "fullId": "http://purl.bioontology.org/ontology/RXNORM/283742", "preferredName": "Esomeprazole"}, {"semTypes": ["T109", "T109"], "to": "1755", "fro": "1735", "fullId": "http://purl.bioontology.org/ontology/RXNORM/236991", "preferredName": "Clopidogrel bisulfate"}, {"semTypes": ["T999", "T999"], "to": "3539", "fro": "3529", "fullId": "http://purl.bioontology.org/ontology/MSH/C055162", "preferredName": "clopidogrel"}, {"semTypes": ["T109", "T109"], "to": "3399", "fro": "3379", "fullId": "http://purl.bioontology.org/ontology/RXNORM/236991", "preferredName": "Clopidogrel bisulfate"}, {"semTypes": ["T109", "T109"], "to": "1791", "fro": "1780", "fullId": "http://purl.bioontology.org/ontology/RXNORM/283742", "preferredName": "Esomeprazole"}, {"semTypes": ["T109", "T109"], "to": "1498", "fro": "1478", "fullId": "http://purl.bioontology.org/ontology/RXNORM/236991", "preferredName": "Clopidogrel bisulfate"}, {"semTypes": ["T109", "T109"], "to": "3539", "fro": "3529", "fullId": "http://purl.bioontology.org/ontology/RXNORM/32968", "preferredName": "clopidogrel"}, {"semTypes": ["T999", "T999"], "to": "1498", "fro": "1478", "fullId": "http://purl.bioontology.org/ontology/MSH/C055162", "preferredName": "clopidogrel"}, {"semTypes": ["T109", "T109"], "to": "1240", "fro": "1230", "fullId": "http://purl.bioontology.org/ontology/RXNORM/32968", "preferredName": "clopidogrel"}, {"semTypes": ["T999", "T999"], "to": "1619", "fro": "1609", "fullId": "http://purl.bioontology.org/ontology/MSH/C055162", "preferredName": "clopidogrel"}, {"semTypes": ["T109", "T109"], "to": "720", "fro": "710", "fullId": "http://purl.bioontology.org/ontology/RXNORM/32968", "preferredName": "clopidogrel"}, {"semTypes": ["T999", "T999"], "to": "1654", "fro": "1640", "fullId": "http://purl.bioontology.org/ontology/MSH/C058687", "preferredName": "lansoprazole"}, {"semTypes": ["T109", "T109"], "to": "1619", "fro": "1609", "fullId": "http://purl.bioontology.org/ontology/RXNORM/32968", "preferredName": "clopidogrel"}, {"semTypes": ["T109", "T109"], "to": "935", "fro": "925", "fullId": "http://purl.bioontology.org/ontology/RXNORM/32968", "preferredName": "clopidogrel"}, {"semTypes": ["T200", "T200"], "to": "3221", "fro": "3205", "fullId": "http://purl.bioontology.org/ontology/RXNORM/329449", "preferredName": "clopidogrel 75 MG"}, {"semTypes": ["T999", "T999"], "to": "3348", "fro": "3341", "fullId": "http://purl.bioontology.org/ontology/MSH/D014859", "preferredName": "Warfarin"}, {"semTypes": ["T999", "T999"], "to": "720", "fro": "710", "fullId": "http://purl.bioontology.org/ontology/MSH/C055162", "preferredName": "clopidogrel"}, {"semTypes": ["T999", "T999"], "to": "3413", "fro": "3406", "fullId": "http://purl.bioontology.org/ontology/MSH/D014859", "preferredName": "Warfarin"}, {"semTypes": ["T109", "T109"], "to": "1654", "fro": "1640", "fullId": "http://purl.bioontology.org/ontology/RXNORM/816346", "preferredName": "dexlansoprazole"}, {"semTypes": ["T121", "T121"], "to": "3131", "fro": "3124", "fullId": "http://purl.bioontology.org/ontology/RXNORM/11289", "preferredName": "Warfarin"}, {"semTypes": ["T999", "T999"], "to": "3399", "fro": "3379", "fullId": "http://purl.bioontology.org/ontology/MSH/C055162", "preferredName": "clopidogrel"}, {"semTypes": ["T121", "T121"], "to": "3413", "fro": "3406", "fullId": "http://purl.bioontology.org/ontology/RXNORM/11289", "preferredName": "Warfarin"}, {"semTypes": ["T109", "T109"], "to": "1685", "fro": "1674", "fullId": "http://purl.bioontology.org/ontology/RXNORM/40790", "preferredName": "pantoprazole"}, {"semTypes": ["T121", "T121"], "to": "1039", "fro": "1030", "fullId": "http://purl.bioontology.org/ontology/RXNORM/7646", "preferredName": "Omeprazole"}, {"semTypes": ["T999", "T999"], "to": "1755", "fro": "1735", "fullId": "http://purl.bioontology.org/ontology/MSH/C055162", "preferredName": "clopidogrel"}, {"semTypes": ["T999", "T999"], "to": "935", "fro": "925", "fullId": "http://purl.bioontology.org/ontology/MSH/C055162", "preferredName": "clopidogrel"}, {"semTypes": ["T121", "T121"], "to": "1283", "fro": "1274", "fullId": "http://purl.bioontology.org/ontology/RXNORM/7646", "preferredName": "Omeprazole"}, {"semTypes": ["T999", "T999"], "to": "1159", "fro": "1139", "fullId": "http://purl.bioontology.org/ontology/MSH/C055162", "preferredName": "clopidogrel"}, {"semTypes": ["T999", "T999"], "to": "2844", "fro": "2824", "fullId": "http://purl.bioontology.org/ontology/MSH/C055162", "preferredName": "clopidogrel"}, {"semTypes": ["T121", "T121"], "to": "1775", "fro": "1766", "fullId": "http://purl.bioontology.org/ontology/RXNORM/7646", "preferredName": "Omeprazole"}]