[{"semTypes": ["T121", "T121"], "to": "2483", "fro": "2473", "fullId": "http://purl.bioontology.org/ontology/RXNORM/32968", "preferredName": "clopidogrel"}, {"semTypes": ["T121", "T121"], "to": "295", "fro": "288", "fullId": "http://purl.bioontology.org/ontology/RXNORM/11289", "preferredName": "Warfarin"}, {"semTypes": ["T999", "T999"], "to": "1741", "fro": "1731", "fullId": "http://purl.bioontology.org/ontology/MSH/C055162", "preferredName": "clopidogrel"}, {"semTypes": ["T999", "T999"], "to": "873", "fro": "863", "fullId": "http://purl.bioontology.org/ontology/MSH/C055162", "preferredName": "clopidogrel"}, {"semTypes": ["T121", "T121"], "to": "1302", "fro": "1293", "fullId": "http://purl.bioontology.org/ontology/RXNORM/7646", "preferredName": "Omeprazole"}, {"semTypes": ["T999", "T999"], "to": "3238", "fro": "3228", "fullId": "http://purl.bioontology.org/ontology/MSH/C055162", "preferredName": "clopidogrel"}, {"semTypes": ["T121", "T121"], "to": "3067", "fro": "3057", "fullId": "http://purl.bioontology.org/ontology/RXNORM/32968", "preferredName": "clopidogrel"}, {"semTypes": ["T121", "T121"], "to": "2008", "fro": "1999", "fullId": "http://purl.bioontology.org/ontology/RXNORM/7646", "preferredName": "Omeprazole"}, {"semTypes": ["T121", "T121"], "to": "1741", "fro": "1731", "fullId": "http://purl.bioontology.org/ontology/RXNORM/32968", "preferredName": "clopidogrel"}, {"semTypes": ["T121", "T121"], "to": "3238", "fro": "3228", "fullId": "http://purl.bioontology.org/ontology/RXNORM/32968", "preferredName": "clopidogrel"}, {"semTypes": ["T121", "T121"], "to": "1862", "fro": "1852", "fullId": "http://purl.bioontology.org/ontology/RXNORM/32968", "preferredName": "clopidogrel"}, {"semTypes": ["T999", "T999"], "to": "3081", "fro": "3074", "fullId": "http://purl.bioontology.org/ontology/MSH/D014859", "preferredName": "Warfarin"}, {"semTypes": ["T999", "T999"], "to": "1286", "fro": "1276", "fullId": "http://purl.bioontology.org/ontology/MSH/C055162", "preferredName": "clopidogrel"}, {"semTypes": ["T109", "T109"], "to": "2024", "fro": "2013", "fullId": "http://purl.bioontology.org/ontology/RXNORM/283742", "preferredName": "Esomeprazole"}, {"semTypes": ["T121", "T121"], "to": "873", "fro": "863", "fullId": "http://purl.bioontology.org/ontology/RXNORM/32968", "preferredName": "clopidogrel"}, {"semTypes": ["T121", "T121"], "to": "1351", "fro": "1342", "fullId": "http://purl.bioontology.org/ontology/RXNORM/7646", "preferredName": "Omeprazole"}, {"semTypes": ["T999", "T999"], "to": "658", "fro": "648", "fullId": "http://purl.bioontology.org/ontology/MSH/C055162", "preferredName": "clopidogrel"}, {"semTypes": ["T999", "T999"], "to": "2483", "fro": "2473", "fullId": "http://purl.bioontology.org/ontology/MSH/C055162", "preferredName": "clopidogrel"}, {"semTypes": ["T109", "T109"], "to": "1928", "fro": "1917", "fullId": "http://purl.bioontology.org/ontology/RXNORM/40790", "preferredName": "pantoprazole"}, {"semTypes": ["T109", "T109"], "to": "1318", "fro": "1307", "fullId": "http://purl.bioontology.org/ontology/RXNORM/283742", "preferredName": "Esomeprazole"}, {"semTypes": ["T121", "T121"], "to": "1988", "fro": "1978", "fullId": "http://purl.bioontology.org/ontology/RXNORM/32968", "preferredName": "clopidogrel"}, {"semTypes": ["T121", "T121"], "to": "658", "fro": "648", "fullId": "http://purl.bioontology.org/ontology/RXNORM/32968", "preferredName": "clopidogrel"}, {"semTypes": ["T999", "T999"], "to": "1302", "fro": "1293", "fullId": "http://purl.bioontology.org/ontology/MSH/D009853", "preferredName": "Omeprazole"}, {"semTypes": ["T109", "T109"], "to": "1699", "fro": "1688", "fullId": "http://purl.bioontology.org/ontology/RXNORM/283742", "preferredName": "Esomeprazole"}, {"semTypes": ["T999", "T999"], "to": "1536", "fro": "1527", "fullId": "http://purl.bioontology.org/ontology/MSH/D009853", "preferredName": "Omeprazole"}, {"semTypes": ["T999", "T999"], "to": "2024", "fro": "2013", "fullId": "http://purl.bioontology.org/ontology/MSH/D009853", "preferredName": "Omeprazole"}, {"semTypes": ["T999", "T999"], "to": "1493", "fro": "1483", "fullId": "http://purl.bioontology.org/ontology/MSH/C055162", "preferredName": "clopidogrel"}, {"semTypes": ["T999", "T999"], "to": "1699", "fro": "1688", "fullId": "http://purl.bioontology.org/ontology/MSH/D009853", "preferredName": "Omeprazole"}, {"semTypes": ["T999", "T999"], "to": "1412", "fro": "1402", "fullId": "http://purl.bioontology.org/ontology/MSH/C055162", "preferredName": "clopidogrel"}, {"semTypes": ["T999", "T999"], "to": "2008", "fro": "1999", "fullId": "http://purl.bioontology.org/ontology/MSH/D009853", "preferredName": "Omeprazole"}, {"semTypes": ["T999", "T999"], "to": "1897", "fro": "1883", "fullId": "http://purl.bioontology.org/ontology/MSH/C058687", "preferredName": "lansoprazole"}, {"semTypes": ["T999", "T999"], "to": "1351", "fro": "1342", "fullId": "http://purl.bioontology.org/ontology/MSH/D009853", "preferredName": "Omeprazole"}, {"semTypes": ["T999", "T999"], "to": "1318", "fro": "1307", "fullId": "http://purl.bioontology.org/ontology/MSH/D009853", "preferredName": "Omeprazole"}, {"semTypes": ["T999", "T999"], "to": "1928", "fro": "1917", "fullId": "http://purl.bioontology.org/ontology/MSH/C064276", "preferredName": "pantoprazole"}, {"semTypes": ["T121", "T121"], "to": "2761", "fro": "2754", "fullId": "http://purl.bioontology.org/ontology/RXNORM/11289", "preferredName": "Warfarin"}, {"semTypes": ["T121", "T121"], "to": "1286", "fro": "1276", "fullId": "http://purl.bioontology.org/ontology/RXNORM/32968", "preferredName": "clopidogrel"}, {"semTypes": ["T121", "T121"], "to": "1536", "fro": "1527", "fullId": "http://purl.bioontology.org/ontology/RXNORM/7646", "preferredName": "Omeprazole"}, {"semTypes": ["T200", "T200"], "to": "2899", "fro": "2883", "fullId": "http://purl.bioontology.org/ontology/RXNORM/329449", "preferredName": "clopidogrel 75 MG"}, {"semTypes": ["T999", "T999"], "to": "2761", "fro": "2754", "fullId": "http://purl.bioontology.org/ontology/MSH/D014859", "preferredName": "Warfarin"}, {"semTypes": ["T121", "T121"], "to": "1493", "fro": "1483", "fullId": "http://purl.bioontology.org/ontology/RXNORM/32968", "preferredName": "clopidogrel"}, {"semTypes": ["T121", "T121"], "to": "3026", "fro": "3019", "fullId": "http://purl.bioontology.org/ontology/RXNORM/11289", "preferredName": "Warfarin"}, {"semTypes": ["T109", "T109"], "to": "1897", "fro": "1883", "fullId": "http://purl.bioontology.org/ontology/RXNORM/816346", "preferredName": "dexlansoprazole"}, {"semTypes": ["T999", "T999"], "to": "295", "fro": "288", "fullId": "http://purl.bioontology.org/ontology/MSH/D014859", "preferredName": "Warfarin"}, {"semTypes": ["T999", "T999"], "to": "3067", "fro": "3057", "fullId": "http://purl.bioontology.org/ontology/MSH/C055162", "preferredName": "clopidogrel"}, {"semTypes": ["T999", "T999"], "to": "1862", "fro": "1852", "fullId": "http://purl.bioontology.org/ontology/MSH/C055162", "preferredName": "clopidogrel"}, {"semTypes": ["T121", "T121"], "to": "3081", "fro": "3074", "fullId": "http://purl.bioontology.org/ontology/RXNORM/11289", "preferredName": "Warfarin"}, {"semTypes": ["T121", "T121"], "to": "1412", "fro": "1402", "fullId": "http://purl.bioontology.org/ontology/RXNORM/32968", "preferredName": "clopidogrel"}, {"semTypes": ["T999", "T999"], "to": "1988", "fro": "1978", "fullId": "http://purl.bioontology.org/ontology/MSH/C055162", "preferredName": "clopidogrel"}, {"semTypes": ["T999", "T999"], "to": "3026", "fro": "3019", "fullId": "http://purl.bioontology.org/ontology/MSH/D014859", "preferredName": "Warfarin"}]