[{"semTypes": ["T999", "T999"], "to": "1326", "fro": "1321", "fullId": "http://purl.bioontology.org/ontology/MSH/C055162", "preferredName": "clopidogrel"}, {"semTypes": ["T999", "T999"], "to": "255", "fro": "248", "fullId": "http://purl.bioontology.org/ontology/MSH/D014859", "preferredName": "Warfarin"}, {"semTypes": ["T999", "T999"], "to": "1604", "fro": "1593", "fullId": "http://purl.bioontology.org/ontology/MSH/D009853", "preferredName": "Omeprazole"}, {"semTypes": ["T999", "T999"], "to": "913", "fro": "902", "fullId": "http://purl.bioontology.org/ontology/MSH/D009853", "preferredName": "Omeprazole"}, {"semTypes": ["T999", "T999"], "to": "2146", "fro": "2139", "fullId": "http://purl.bioontology.org/ontology/MSH/D014859", "preferredName": "Warfarin"}, {"semTypes": ["T999", "T999"], "to": "1588", "fro": "1579", "fullId": "http://purl.bioontology.org/ontology/MSH/D009853", "preferredName": "Omeprazole"}, {"semTypes": ["T999", "T999"], "to": "1126", "fro": "1117", "fullId": "http://purl.bioontology.org/ontology/MSH/D009853", "preferredName": "Omeprazole"}, {"semTypes": ["T131", "T131"], "to": "2196", "fro": "2189", "fullId": "http://purl.bioontology.org/ontology/RXNORM/11289", "preferredName": "Warfarin"}, {"semTypes": ["T999", "T999"], "to": "897", "fro": "888", "fullId": "http://purl.bioontology.org/ontology/MSH/D009853", "preferredName": "Omeprazole"}, {"semTypes": ["T999", "T999"], "to": "2182", "fro": "2177", "fullId": "http://purl.bioontology.org/ontology/MSH/C055162", "preferredName": "clopidogrel"}, {"semTypes": ["T999", "T999"], "to": "1289", "fro": "1278", "fullId": "http://purl.bioontology.org/ontology/MSH/D009853", "preferredName": "Omeprazole"}, {"semTypes": ["T121", "T121"], "to": "913", "fro": "902", "fullId": "http://purl.bioontology.org/ontology/RXNORM/283742", "preferredName": "Esomeprazole"}, {"semTypes": ["T999", "T999"], "to": "946", "fro": "937", "fullId": "http://purl.bioontology.org/ontology/MSH/D009853", "preferredName": "Omeprazole"}, {"semTypes": ["T200", "T200"], "to": "2019", "fro": "2003", "fullId": "http://purl.bioontology.org/ontology/RXNORM/329449", "preferredName": "clopidogrel 75 MG"}, {"semTypes": ["T121", "T121"], "to": "2182", "fro": "2177", "fullId": "http://purl.bioontology.org/ontology/RXNORM/174742", "preferredName": "Plavix"}, {"semTypes": ["T131", "T131"], "to": "2146", "fro": "2139", "fullId": "http://purl.bioontology.org/ontology/RXNORM/11289", "preferredName": "Warfarin"}, {"semTypes": ["T121", "T121"], "to": "881", "fro": "876", "fullId": "http://purl.bioontology.org/ontology/RXNORM/174742", "preferredName": "Plavix"}, {"semTypes": ["T121", "T121"], "to": "1832", "fro": "1827", "fullId": "http://purl.bioontology.org/ontology/RXNORM/174742", "preferredName": "Plavix"}, {"semTypes": ["T999", "T999"], "to": "2196", "fro": "2189", "fullId": "http://purl.bioontology.org/ontology/MSH/D014859", "preferredName": "Warfarin"}, {"semTypes": ["T121", "T121"], "to": "1002", "fro": "997", "fullId": "http://purl.bioontology.org/ontology/RXNORM/174742", "preferredName": "Plavix"}, {"semTypes": ["T999", "T999"], "to": "881", "fro": "876", "fullId": "http://purl.bioontology.org/ontology/MSH/C055162", "preferredName": "clopidogrel"}, {"semTypes": ["T121", "T121"], "to": "1326", "fro": "1321", "fullId": "http://purl.bioontology.org/ontology/RXNORM/174742", "preferredName": "Plavix"}, {"semTypes": ["T999", "T999"], "to": "1482", "fro": "1468", "fullId": "http://purl.bioontology.org/ontology/MSH/C058687", "preferredName": "lansoprazole"}, {"semTypes": ["T121", "T121"], "to": "1568", "fro": "1563", "fullId": "http://purl.bioontology.org/ontology/RXNORM/174742", "preferredName": "Plavix"}, {"semTypes": ["T109", "T109"], "to": "1083", "fro": "1073", "fullId": "http://purl.bioontology.org/ontology/RXNORM/32968", "preferredName": "clopidogrel"}, {"semTypes": ["T999", "T999"], "to": "1447", "fro": "1437", "fullId": "http://purl.bioontology.org/ontology/MSH/C055162", "preferredName": "clopidogrel"}, {"semTypes": ["T109", "T109"], "to": "1447", "fro": "1437", "fullId": "http://purl.bioontology.org/ontology/RXNORM/32968", "preferredName": "clopidogrel"}, {"semTypes": ["T999", "T999"], "to": "1083", "fro": "1073", "fullId": "http://purl.bioontology.org/ontology/MSH/C055162", "preferredName": "clopidogrel"}, {"semTypes": ["T109", "T109"], "to": "415", "fro": "405", "fullId": "http://purl.bioontology.org/ontology/RXNORM/32968", "preferredName": "clopidogrel"}, {"semTypes": ["T109", "T109"], "to": "1513", "fro": "1502", "fullId": "http://purl.bioontology.org/ontology/RXNORM/40790", "preferredName": "pantoprazole"}, {"semTypes": ["T109", "T109"], "to": "630", "fro": "620", "fullId": "http://purl.bioontology.org/ontology/RXNORM/32968", "preferredName": "clopidogrel"}, {"semTypes": ["T109", "T109"], "to": "2345", "fro": "2335", "fullId": "http://purl.bioontology.org/ontology/RXNORM/32968", "preferredName": "clopidogrel"}, {"semTypes": ["T109", "T109"], "to": "1482", "fro": "1468", "fullId": "http://purl.bioontology.org/ontology/RXNORM/816346", "preferredName": "dexlansoprazole"}, {"semTypes": ["T109", "T109"], "to": "1588", "fro": "1579", "fullId": "http://purl.bioontology.org/ontology/RXNORM/7646", "preferredName": "Omeprazole"}, {"semTypes": ["T999", "T999"], "to": "1832", "fro": "1827", "fullId": "http://purl.bioontology.org/ontology/MSH/C055162", "preferredName": "clopidogrel"}, {"semTypes": ["T109", "T109"], "to": "946", "fro": "937", "fullId": "http://purl.bioontology.org/ontology/RXNORM/7646", "preferredName": "Omeprazole"}, {"semTypes": ["T999", "T999"], "to": "1513", "fro": "1502", "fullId": "http://purl.bioontology.org/ontology/MSH/C064276", "preferredName": "pantoprazole"}, {"semTypes": ["T109", "T109"], "to": "1126", "fro": "1117", "fullId": "http://purl.bioontology.org/ontology/RXNORM/7646", "preferredName": "Omeprazole"}, {"semTypes": ["T999", "T999"], "to": "1002", "fro": "997", "fullId": "http://purl.bioontology.org/ontology/MSH/C055162", "preferredName": "clopidogrel"}, {"semTypes": ["T109", "T109"], "to": "897", "fro": "888", "fullId": "http://purl.bioontology.org/ontology/RXNORM/7646", "preferredName": "Omeprazole"}, {"semTypes": ["T131", "T131"], "to": "255", "fro": "248", "fullId": "http://purl.bioontology.org/ontology/RXNORM/11289", "preferredName": "Warfarin"}, {"semTypes": ["T999", "T999"], "to": "630", "fro": "620", "fullId": "http://purl.bioontology.org/ontology/MSH/C055162", "preferredName": "clopidogrel"}, {"semTypes": ["T999", "T999"], "to": "1568", "fro": "1563", "fullId": "http://purl.bioontology.org/ontology/MSH/C055162", "preferredName": "clopidogrel"}, {"semTypes": ["T121", "T121"], "to": "1604", "fro": "1593", "fullId": "http://purl.bioontology.org/ontology/RXNORM/283742", "preferredName": "Esomeprazole"}, {"semTypes": ["T999", "T999"], "to": "415", "fro": "405", "fullId": "http://purl.bioontology.org/ontology/MSH/C055162", "preferredName": "clopidogrel"}, {"semTypes": ["T999", "T999"], "to": "2345", "fro": "2335", "fullId": "http://purl.bioontology.org/ontology/MSH/C055162", "preferredName": "clopidogrel"}, {"semTypes": ["T121", "T121"], "to": "1289", "fro": "1278", "fullId": "http://purl.bioontology.org/ontology/RXNORM/283742", "preferredName": "Esomeprazole"}]