[{"semTypes": ["T109", "T121"], "to": "3882", "fro": "3873", "fullId": "http://purl.bioontology.org/ontology/RXNORM/7646", "preferredName": "Omeprazole"}, {"semTypes": ["T121", "T109"], "to": "1848", "fro": "1839", "fullId": "http://purl.bioontology.org/ontology/RXNORM/7646", "preferredName": "Omeprazole"}, {"semTypes": ["T121", "T109"], "to": "2841", "fro": "2832", "fullId": "http://purl.bioontology.org/ontology/RXNORM/7646", "preferredName": "Omeprazole"}, {"semTypes": ["T121", "T109"], "to": "3894", "fro": "3885", "fullId": "http://purl.bioontology.org/ontology/RXNORM/7646", "preferredName": "Omeprazole"}, {"semTypes": ["T999"], "to": "2841", "fro": "2832", "fullId": "http://purl.bioontology.org/ontology/MSH/D009853", "preferredName": "Omeprazole"}, {"semTypes": ["T121", "T109"], "to": "551", "fro": "542", "fullId": "http://purl.bioontology.org/ontology/MSH/D009853", "preferredName": "Omeprazole"}, {"semTypes": ["T121", "T109"], "to": "708", "fro": "699", "fullId": "http://purl.bioontology.org/ontology/MSH/D009853", "preferredName": "Omeprazole"}, {"semTypes": ["T999"], "to": "1697", "fro": "1688", "fullId": "http://purl.bioontology.org/ontology/RXNORM/7646", "preferredName": "Omeprazole"}, {"semTypes": ["T121", "T109"], "to": "3160", "fro": "3151", "fullId": "http://purl.bioontology.org/ontology/MSH/D009853", "preferredName": "Omeprazole"}, {"semTypes": ["T121", "T109"], "to": "956", "fro": "947", "fullId": "http://purl.bioontology.org/ontology/MSH/D009853", "preferredName": "Omeprazole"}, {"semTypes": ["T999"], "to": "3894", "fro": "3885", "fullId": "http://purl.bioontology.org/ontology/MSH/D009853", "preferredName": "Omeprazole"}, {"semTypes": ["T999"], "to": "1127", "fro": "1120", "fullId": "http://purl.bioontology.org/ontology/RXNORM/7646", "preferredName": "Omeprazole"}, {"semTypes": ["T999"], "to": "2028", "fro": "2017", "fullId": "http://purl.bioontology.org/ontology/MSH/D009853", "preferredName": "Omeprazole"}, {"semTypes": ["T999"], "to": "1599", "fro": "1590", "fullId": "http://purl.bioontology.org/ontology/MSH/D009853", "preferredName": "Omeprazole"}, {"semTypes": ["T121", "T109"], "to": "3420", "fro": "3411", "fullId": "http://purl.bioontology.org/ontology/RXNORM/7646", "preferredName": "Omeprazole"}, {"semTypes": ["T999"], "to": "4077", "fro": "4068", "fullId": "http://purl.bioontology.org/ontology/MSH/D009853", "preferredName": "Omeprazole"}, {"semTypes": ["T121", "T109"], "to": "2028", "fro": "2017", "fullId": "http://purl.bioontology.org/ontology/MSH/D009853", "preferredName": "Omeprazole"}, {"semTypes": ["T121", "T109"], "to": "3840", "fro": "3831", "fullId": "http://purl.bioontology.org/ontology/RXNORM/7646", "preferredName": "Omeprazole"}, {"semTypes": ["T999"], "to": "708", "fro": "699", "fullId": "http://purl.bioontology.org/ontology/RXNORM/7646", "preferredName": "Omeprazole"}, {"semTypes": ["T999"], "to": "1848", "fro": "1839", "fullId": "http://purl.bioontology.org/ontology/RXNORM/7646", "preferredName": "Omeprazole"}, {"semTypes": ["T121", "T131", "T109"], "to": "3353", "fro": "3346", "fullId": "http://purl.bioontology.org/ontology/RXNORM/7646", "preferredName": "Omeprazole"}, {"semTypes": ["T121", "T109"], "to": "2223", "fro": "2214", "fullId": "http://purl.bioontology.org/ontology/RXNORM/7646", "preferredName": "Omeprazole"}, {"semTypes": ["T121", "T109"], "to": "1610", "fro": "1601", "fullId": "http://purl.bioontology.org/ontology/MSH/D009853", "preferredName": "Omeprazole"}, {"semTypes": ["T109", "T121"], "to": "1291", "fro": "1281", "fullId": "http://purl.bioontology.org/ontology/RXNORM/11289", "preferredName": "Warfarin"}, {"semTypes": ["T999"], "to": "2340", "fro": "2331", "fullId": "http://purl.bioontology.org/ontology/RXNORM/7646", "preferredName": "Omeprazole"}, {"semTypes": ["T121", "T109"], "to": "2340", "fro": "2331", "fullId": "http://purl.bioontology.org/ontology/MSH/D009853", "preferredName": "Omeprazole"}, {"semTypes": ["T999"], "to": "2763", "fro": "2754", "fullId": "http://purl.bioontology.org/ontology/MSH/D009853", "preferredName": "Omeprazole"}, {"semTypes": ["T121", "T109"], "to": "1599", "fro": "1590", "fullId": "http://purl.bioontology.org/ontology/RXNORM/7646", "preferredName": "Omeprazole"}, {"semTypes": ["T121", "T109"], "to": "2763", "fro": "2754", "fullId": "http://purl.bioontology.org/ontology/MSH/D009853", "preferredName": "Omeprazole"}, {"semTypes": ["T999"], "to": "3160", "fro": "3151", "fullId": "http://purl.bioontology.org/ontology/RXNORM/7646", "preferredName": "Omeprazole"}, {"semTypes": ["T999"], "to": "3559", "fro": "3550", "fullId": "http://purl.bioontology.org/ontology/RXNORM/7646", "preferredName": "Omeprazole"}, {"semTypes": ["T121", "T131", "T109"], "to": "970", "fro": "963", "fullId": "http://purl.bioontology.org/ontology/MSH/D009853", "preferredName": "Omeprazole"}, {"semTypes": ["T999"], "to": "1610", "fro": "1601", "fullId": "http://purl.bioontology.org/ontology/MSH/D009853", "preferredName": "Omeprazole"}, {"semTypes": ["T999"], "to": "3353", "fro": "3346", "fullId": "http://purl.bioontology.org/ontology/RXNORM/7646", "preferredName": "Omeprazole"}, {"semTypes": ["T999"], "to": "970", "fro": "963", "fullId": "http://purl.bioontology.org/ontology/MSH/D009853", "preferredName": "Omeprazole"}, {"semTypes": ["T999"], "to": "551", "fro": "542", "fullId": "http://purl.bioontology.org/ontology/RXNORM/7646", "preferredName": "Omeprazole"}, {"semTypes": ["T121", "T131", "T109"], "to": "758", "fro": "751", "fullId": "http://purl.bioontology.org/ontology/RXNORM/7646", "preferredName": "Omeprazole"}, {"semTypes": ["T999"], "to": "4000", "fro": "3991", "fullId": "http://purl.bioontology.org/ontology/MSH/D009853", "preferredName": "Omeprazole"}, {"semTypes": ["T121", "T109"], "to": "1808", "fro": "1799", "fullId": "http://purl.bioontology.org/ontology/RXNORM/7646", "preferredName": "Omeprazole"}, {"semTypes": ["T109", "T121"], "to": "2570", "fro": "2561", "fullId": "http://purl.bioontology.org/ontology/MSH/D009853", "preferredName": "Omeprazole"}, {"semTypes": ["T109", "T121"], "to": "3958", "fro": "3949", "fullId": "http://purl.bioontology.org/ontology/RXNORM/7646", "preferredName": "Omeprazole"}, {"semTypes": ["T121", "T109"], "to": "2900", "fro": "2891", "fullId": "http://purl.bioontology.org/ontology/MSH/D009853", "preferredName": "Omeprazole"}, {"semTypes": ["T999"], "to": "2424", "fro": "2415", "fullId": "http://purl.bioontology.org/ontology/RXNORM/7646", "preferredName": "Omeprazole"}, {"semTypes": ["T999"], "to": "3673", "fro": "3666", "fullId": "http://purl.bioontology.org/ontology/MSH/D009853", "preferredName": "Omeprazole"}, {"semTypes": ["T999"], "to": "3958", "fro": "3949", "fullId": "http://purl.bioontology.org/ontology/MSH/D009853", "preferredName": "Omeprazole"}, {"semTypes": ["T109", "T121"], "to": "2424", "fro": "2415", "fullId": "http://purl.bioontology.org/ontology/MSH/D009853", "preferredName": "Omeprazole"}, {"semTypes": ["T999"], "to": "4012", "fro": "4003", "fullId": "http://purl.bioontology.org/ontology/RXNORM/7646", "preferredName": "Omeprazole"}, {"semTypes": ["T121", "T109"], "to": "290", "fro": "281", "fullId": "http://purl.bioontology.org/ontology/MSH/D009853", "preferredName": "Omeprazole"}, {"semTypes": ["T999"], "to": "2371", "fro": "2360", "fullId": "http://purl.bioontology.org/ontology/RXNORM/7646", "preferredName": "Omeprazole"}, {"semTypes": ["T999"], "to": "2491", "fro": "2482", "fullId": "http://purl.bioontology.org/ontology/RXNORM/7646", "preferredName": "Omeprazole"}, {"semTypes": ["T999"], "to": "3420", "fro": "3411", "fullId": "http://purl.bioontology.org/ontology/RXNORM/7646", "preferredName": "Omeprazole"}, {"semTypes": ["T109", "T121"], "to": "2491", "fro": "2482", "fullId": "http://purl.bioontology.org/ontology/RXNORM/7646", "preferredName": "Omeprazole"}, {"semTypes": ["T121", "T131", "T109"], "to": "1127", "fro": "1120", "fullId": "http://purl.bioontology.org/ontology/RXNORM/7646", "preferredName": "Omeprazole"}, {"semTypes": ["T999"], "to": "1714", "fro": "1703", "fullId": "http://purl.bioontology.org/ontology/RXNORM/7646", "preferredName": "Omeprazole"}, {"semTypes": ["T999"], "to": "3840", "fro": "3831", "fullId": "http://purl.bioontology.org/ontology/MSH/D009853", "preferredName": "Omeprazole"}, {"semTypes": ["T999"], "to": "3798", "fro": "3787", "fullId": "http://purl.bioontology.org/ontology/MSH/D009853", "preferredName": "Omeprazole"}, {"semTypes": ["T121", "T109"], "to": "2098", "fro": "2089", "fullId": "http://purl.bioontology.org/ontology/MSH/D009853", "preferredName": "Omeprazole"}, {"semTypes": ["T121", "T109"], "to": "1714", "fro": "1703", "fullId": "http://purl.bioontology.org/ontology/RXNORM/343047", "preferredName": "Atazanavir"}, {"semTypes": ["T999"], "to": "956", "fro": "947", "fullId": "http://purl.bioontology.org/ontology/MSH/D009853", "preferredName": "Omeprazole"}, {"semTypes": ["T999"], "to": "3882", "fro": "3873", "fullId": "http://purl.bioontology.org/ontology/MSH/D009853", "preferredName": "Omeprazole"}, {"semTypes": ["T121", "T109"], "to": "4012", "fro": "4003", "fullId": "http://purl.bioontology.org/ontology/RXNORM/7646", "preferredName": "Omeprazole"}, {"semTypes": ["T999"], "to": "1808", "fro": "1799", "fullId": "http://purl.bioontology.org/ontology/RXNORM/7646", "preferredName": "Omeprazole"}, {"semTypes": ["T999"], "to": "748", "fro": "741", "fullId": "http://purl.bioontology.org/ontology/RXNORM/343047", "preferredName": "Atazanavir"}, {"semTypes": ["T999"], "to": "2223", "fro": "2214", "fullId": "http://purl.bioontology.org/ontology/RXNORM/7646", "preferredName": "Omeprazole"}, {"semTypes": ["T195", "T109"], "to": "3128", "fro": "3119", "fullId": "http://purl.bioontology.org/ontology/RXNORM/343047", "preferredName": "Atazanavir"}, {"semTypes": ["T121", "T109"], "to": "3559", "fro": "3550", "fullId": "http://purl.bioontology.org/ontology/MSH/D009853", "preferredName": "Omeprazole"}, {"semTypes": ["T121", "T109"], "to": "3798", "fro": "3787", "fullId": "http://purl.bioontology.org/ontology/MSH/D009853", "preferredName": "Omeprazole"}, {"semTypes": ["T109", "T121"], "to": "3390", "fro": "3381", "fullId": "http://purl.bioontology.org/ontology/RXNORM/343047", "preferredName": "Atazanavir"}, {"semTypes": ["T109", "T121"], "to": "1442", "fro": "1433", "fullId": "http://purl.bioontology.org/ontology/RXNORM/343047", "preferredName": "Atazanavir"}, {"semTypes": ["T121", "T109"], "to": "3116", "fro": "3105", "fullId": "http://purl.bioontology.org/ontology/RXNORM/343047", "preferredName": "Atazanavir"}, {"semTypes": ["T999"], "to": "2900", "fro": "2891", "fullId": "http://purl.bioontology.org/ontology/MSH/D009853", "preferredName": "Omeprazole"}, {"semTypes": ["T109", "T121"], "to": "748", "fro": "741", "fullId": "http://purl.bioontology.org/ontology/RXNORM/343047", "preferredName": "Atazanavir"}, {"semTypes": ["T999"], "to": "3364", "fro": "3356", "fullId": "http://purl.bioontology.org/ontology/MSH/C413408", "preferredName": "atazanavir"}, {"semTypes": ["T999"], "to": "3343", "fro": "3336", "fullId": "http://purl.bioontology.org/ontology/MSH/C413408", "preferredName": "atazanavir"}, {"semTypes": ["T999"], "to": "1291", "fro": "1281", "fullId": "http://purl.bioontology.org/ontology/RXNORM/42316", "preferredName": "Tacrolimus"}, {"semTypes": ["T999"], "to": "758", "fro": "751", "fullId": "http://purl.bioontology.org/ontology/RXNORM/7646", "preferredName": "Omeprazole"}, {"semTypes": ["T999"], "to": "2570", "fro": "2561", "fullId": "http://purl.bioontology.org/ontology/RXNORM/7646", "preferredName": "Omeprazole"}, {"semTypes": ["T999"], "to": "3135", "fro": "3130", "fullId": "http://purl.bioontology.org/ontology/RXNORM/343047", "preferredName": "Atazanavir"}, {"semTypes": ["T121", "T109"], "to": "772", "fro": "764", "fullId": "http://purl.bioontology.org/ontology/RXNORM/343047", "preferredName": "Atazanavir"}, {"semTypes": ["T999"], "to": "2647", "fro": "2638", "fullId": "http://purl.bioontology.org/ontology/MSH/D009853", "preferredName": "Omeprazole"}, {"semTypes": ["T999"], "to": "1459", "fro": "1445", "fullId": "http://purl.bioontology.org/ontology/MSH/C413408", "preferredName": "atazanavir"}, {"semTypes": ["T999"], "to": "1276", "fro": "1265", "fullId": "http://purl.bioontology.org/ontology/RXNORM/11289", "preferredName": "Warfarin"}, {"semTypes": ["T109", "T121"], "to": "2647", "fro": "2638", "fullId": "http://purl.bioontology.org/ontology/MSH/D009853", "preferredName": "Omeprazole"}, {"semTypes": ["T121", "T116"], "to": "3378", "fro": "3367", "fullId": "http://purl.bioontology.org/ontology/MSH/C413408", "preferredName": "atazanavir"}, {"semTypes": ["T999"], "to": "3390", "fro": "3381", "fullId": "http://purl.bioontology.org/ontology/MSH/C413408", "preferredName": "atazanavir"}, {"semTypes": ["T999"], "to": "1442", "fro": "1433", "fullId": "http://purl.bioontology.org/ontology/MSH/C413408", "preferredName": "atazanavir"}, {"semTypes": ["T121", "T109"], "to": "4077", "fro": "4068", "fullId": "http://purl.bioontology.org/ontology/RXNORM/7646", "preferredName": "Omeprazole"}, {"semTypes": ["T121", "T109"], "to": "1697", "fro": "1688", "fullId": "http://purl.bioontology.org/ontology/MSH/D009853", "preferredName": "Omeprazole"}, {"semTypes": ["T999"], "to": "772", "fro": "764", "fullId": "http://purl.bioontology.org/ontology/RXNORM/343047", "preferredName": "Atazanavir"}, {"semTypes": ["T195", "T109"], "to": "431", "fro": "422", "fullId": "http://purl.bioontology.org/ontology/RXNORM/343047", "preferredName": "Atazanavir"}, {"semTypes": ["T999"], "to": "438", "fro": "433", "fullId": "http://purl.bioontology.org/ontology/MSH/C413408", "preferredName": "atazanavir"}, {"semTypes": ["T121", "T109"], "to": "4000", "fro": "3991", "fullId": "http://purl.bioontology.org/ontology/MSH/D009853", "preferredName": "Omeprazole"}, {"semTypes": ["T999"], "to": "431", "fro": "422", "fullId": "http://purl.bioontology.org/ontology/MSH/C413408", "preferredName": "atazanavir"}, {"semTypes": ["T999"], "to": "3116", "fro": "3105", "fullId": "http://purl.bioontology.org/ontology/MSH/C413408", "preferredName": "atazanavir"}, {"semTypes": ["T121", "T116"], "to": "1430", "fro": "1419", "fullId": "http://purl.bioontology.org/ontology/MSH/C413408", "preferredName": "atazanavir"}, {"semTypes": ["T999"], "to": "290", "fro": "281", "fullId": "http://purl.bioontology.org/ontology/RXNORM/7646", "preferredName": "Omeprazole"}, {"semTypes": ["T121", "T109"], "to": "2371", "fro": "2360", "fullId": "http://purl.bioontology.org/ontology/RXNORM/343047", "preferredName": "Atazanavir"}, {"semTypes": ["T999"], "to": "3378", "fro": "3367", "fullId": "http://purl.bioontology.org/ontology/MSH/C413408", "preferredName": "atazanavir"}, {"semTypes": ["T121", "T109"], "to": "419", "fro": "408", "fullId": "http://purl.bioontology.org/ontology/MSH/C413408", "preferredName": "atazanavir"}, {"semTypes": ["T121", "T109"], "to": "3364", "fro": "3356", "fullId": "http://purl.bioontology.org/ontology/MSH/D016559", "preferredName": "Tacrolimus"}, {"semTypes": ["T121", "T131", "T109"], "to": "3673", "fro": "3666", "fullId": "http://purl.bioontology.org/ontology/MSH/D009853", "preferredName": "Omeprazole"}, {"semTypes": ["T109", "T121"], "to": "3343", "fro": "3336", "fullId": "http://purl.bioontology.org/ontology/MSH/D016559", "preferredName": "Tacrolimus"}, {"semTypes": ["T999"], "to": "3407", "fro": "3393", "fullId": "http://purl.bioontology.org/ontology/MSH/D016559", "preferredName": "Tacrolimus"}, {"semTypes": ["T999"], "to": "3128", "fro": "3119", "fullId": "http://purl.bioontology.org/ontology/MSH/D016559", "preferredName": "Tacrolimus"}, {"semTypes": ["T121", "T109"], "to": "2856", "fro": "2847", "fullId": "http://purl.bioontology.org/ontology/RXNORM/7646", "preferredName": "Omeprazole"}, {"semTypes": ["T999"], "to": "2856", "fro": "2847", "fullId": "http://purl.bioontology.org/ontology/MSH/D009853", "preferredName": "Omeprazole"}, {"semTypes": ["T999"], "to": "419", "fro": "408", "fullId": "http://purl.bioontology.org/ontology/RXNORM/11289", "preferredName": "Warfarin"}, {"semTypes": ["T999"], "to": "1430", "fro": "1419", "fullId": "http://purl.bioontology.org/ontology/RXNORM/11289", "preferredName": "Warfarin"}, {"semTypes": ["T999"], "to": "2098", "fro": "2089", "fullId": "http://purl.bioontology.org/ontology/RXNORM/7646", "preferredName": "Omeprazole"}, {"semTypes": ["T121", "T123", "T109"], "to": "1276", "fro": "1265", "fullId": "http://purl.bioontology.org/ontology/RXNORM/42316", "preferredName": "Tacrolimus"}]