[{"semTypes": ["T109", "T121"], "to": "5587", "fro": "5578", "fullId": "http://purl.bioontology.org/ontology/RXNORM/10438", "preferredName": "Theophylline"}, {"semTypes": ["T999"], "to": "5334", "fro": "5318", "fullId": "http://purl.bioontology.org/ontology/MSH/D016559", "preferredName": "Tacrolimus"}, {"semTypes": ["T109", "T121"], "to": "2728", "fro": "2719", "fullId": "http://purl.bioontology.org/ontology/MSH/D017291", "preferredName": "Clarithromycin"}, {"semTypes": ["T999"], "to": "2017", "fro": "2003", "fullId": "http://purl.bioontology.org/ontology/RXNORM/21107", "preferredName": "cilostazol"}, {"semTypes": ["T121", "T109"], "to": "5608", "fro": "5592", "fullId": "http://purl.bioontology.org/ontology/RXNORM/21107", "preferredName": "cilostazol"}, {"semTypes": ["T999"], "to": "4512", "fro": "4503", "fullId": "http://purl.bioontology.org/ontology/RXNORM/7646", "preferredName": "Omeprazole"}, {"semTypes": ["T109", "T121", "T123"], "to": "1294", "fro": "1283", "fullId": "http://purl.bioontology.org/ontology/RXNORM/7646", "preferredName": "Omeprazole"}, {"semTypes": ["T999"], "to": "13840", "fro": "13813", "fullId": "http://purl.bioontology.org/ontology/RXNORM/42316", "preferredName": "Tacrolimus"}, {"semTypes": ["T999"], "to": "1776", "fro": "1749", "fullId": "http://purl.bioontology.org/ontology/RXNORM/42316", "preferredName": "Tacrolimus"}, {"semTypes": ["T999"], "to": "13737", "fro": "13710", "fullId": "http://purl.bioontology.org/ontology/MSH/C045645", "preferredName": "cilostazol"}, {"semTypes": ["T121", "T109"], "to": "1673", "fro": "1664", "fullId": "http://purl.bioontology.org/ontology/MSH/D009853", "preferredName": "Omeprazole"}, {"semTypes": ["T999"], "to": "6927", "fro": "6920", "fullId": "http://purl.bioontology.org/ontology/RXNORM/7646", "preferredName": "Omeprazole"}, {"semTypes": ["T999"], "to": "1855", "fro": "1828", "fullId": "http://purl.bioontology.org/ontology/MSH/C045645", "preferredName": "cilostazol"}, {"semTypes": ["T999"], "to": "12796", "fro": "12783", "fullId": "http://purl.bioontology.org/ontology/RXNORM/21212", "preferredName": "Clarithromycin"}, {"semTypes": ["T121", "T116"], "to": "4042", "fro": "4031", "fullId": "http://purl.bioontology.org/ontology/MSH/D016559", "preferredName": "Tacrolimus"}, {"semTypes": ["T121", "T116"], "to": "3183", "fro": "3172", "fullId": "http://purl.bioontology.org/ontology/MSH/D016559", "preferredName": "Tacrolimus"}, {"semTypes": ["T109", "T121"], "to": "2269", "fro": "2260", "fullId": "http://purl.bioontology.org/ontology/RXNORM/21212", "preferredName": "Clarithromycin"}, {"semTypes": ["T999"], "to": "3183", "fro": "3172", "fullId": "http://purl.bioontology.org/ontology/MSH/D016559", "preferredName": "Tacrolimus"}, {"semTypes": ["T121", "T116"], "to": "1988", "fro": "1977", "fullId": "http://purl.bioontology.org/ontology/MSH/D016559", "preferredName": "Tacrolimus"}, {"semTypes": ["T121", "T119"], "to": "4317", "fro": "4309", "fullId": "http://purl.bioontology.org/ontology/RXNORM/21107", "preferredName": "cilostazol"}, {"semTypes": ["T195", "T109"], "to": "12796", "fro": "12783", "fullId": "http://purl.bioontology.org/ontology/MSH/D017291", "preferredName": "Clarithromycin"}, {"semTypes": ["T999"], "to": "4042", "fro": "4031", "fullId": "http://purl.bioontology.org/ontology/RXNORM/42316", "preferredName": "Tacrolimus"}, {"semTypes": ["T999"], "to": "4639", "fro": "4630", "fullId": "http://purl.bioontology.org/ontology/MSH/D002220", "preferredName": "Carbamazepine"}, {"semTypes": ["T999"], "to": "1001", "fro": "992", "fullId": "http://purl.bioontology.org/ontology/RXNORM/7646", "preferredName": "Omeprazole"}, {"semTypes": ["T999"], "to": "1988", "fro": "1977", "fullId": "http://purl.bioontology.org/ontology/RXNORM/42316", "preferredName": "Tacrolimus"}, {"semTypes": ["T999"], "to": "4302", "fro": "4294", "fullId": "http://purl.bioontology.org/ontology/MSH/D016559", "preferredName": "Tacrolimus"}, {"semTypes": ["T195", "T109"], "to": "4002", "fro": "3991", "fullId": "http://purl.bioontology.org/ontology/MSH/D016559", "preferredName": "Tacrolimus"}, {"semTypes": ["T109", "T121"], "to": "2030", "fro": "2021", "fullId": "http://purl.bioontology.org/ontology/RXNORM/21212", "preferredName": "Clarithromycin"}, {"semTypes": ["T999"], "to": "14901", "fro": "14893", "fullId": "http://purl.bioontology.org/ontology/RXNORM/42316", "preferredName": "Tacrolimus"}, {"semTypes": ["T999"], "to": "7550", "fro": "7539", "fullId": "http://purl.bioontology.org/ontology/RXNORM/42316", "preferredName": "Tacrolimus"}, {"semTypes": ["T999"], "to": "14095", "fro": "14086", "fullId": "http://purl.bioontology.org/ontology/RXNORM/136411", "preferredName": "sildenafil"}, {"semTypes": ["T999"], "to": "4198", "fro": "4187", "fullId": "http://purl.bioontology.org/ontology/MSH/C045645", "preferredName": "cilostazol"}, {"semTypes": ["T999"], "to": "902", "fro": "893", "fullId": "http://purl.bioontology.org/ontology/MSH/D002220", "preferredName": "Carbamazepine"}, {"semTypes": ["T999"], "to": "1247", "fro": "1238", "fullId": "http://purl.bioontology.org/ontology/MSH/D009853", "preferredName": "Omeprazole"}, {"semTypes": ["T999"], "to": "2390", "fro": "2385", "fullId": "http://purl.bioontology.org/ontology/MSH/C045645", "preferredName": "cilostazol"}, {"semTypes": ["T110", "T121", "T125"], "to": "16712", "fro": "16704", "fullId": "http://purl.bioontology.org/ontology/RXNORM/42316", "preferredName": "Tacrolimus"}, {"semTypes": ["T999"], "to": "7534", "fro": "7526", "fullId": "http://purl.bioontology.org/ontology/RXNORM/42316", "preferredName": "Tacrolimus"}, {"semTypes": ["T121", "T109"], "to": "4993", "fro": "4984", "fullId": "http://purl.bioontology.org/ontology/RXNORM/7646", "preferredName": "Omeprazole"}, {"semTypes": ["T109", "T121"], "to": "1974", "fro": "1966", "fullId": "http://purl.bioontology.org/ontology/MSH/C045645", "preferredName": "cilostazol"}, {"semTypes": ["T999"], "to": "2000", "fro": "1991", "fullId": "http://purl.bioontology.org/ontology/MSH/C045645", "preferredName": "cilostazol"}, {"semTypes": ["T999"], "to": "262", "fro": "254", "fullId": "http://purl.bioontology.org/ontology/RXNORM/21107", "preferredName": "cilostazol"}, {"semTypes": ["T999"], "to": "780", "fro": "771", "fullId": "http://purl.bioontology.org/ontology/MSH/D002220", "preferredName": "Carbamazepine"}, {"semTypes": ["T999"], "to": "11231", "fro": "11222", "fullId": "http://purl.bioontology.org/ontology/MSH/D009853", "preferredName": "Omeprazole"}, {"semTypes": ["T999"], "to": "1310", "fro": "1297", "fullId": "http://purl.bioontology.org/ontology/MSH/D017291", "preferredName": "Clarithromycin"}, {"semTypes": ["T195", "T109"], "to": "4198", "fro": "4187", "fullId": "http://purl.bioontology.org/ontology/RXNORM/21107", "preferredName": "cilostazol"}, {"semTypes": ["T121", "T109"], "to": "262", "fro": "254", "fullId": "http://purl.bioontology.org/ontology/MSH/D016559", "preferredName": "Tacrolimus"}, {"semTypes": ["T999"], "to": "15818", "fro": "15813", "fullId": "http://purl.bioontology.org/ontology/MSH/D016559", "preferredName": "Tacrolimus"}, {"semTypes": ["T109", "T121"], "to": "9818", "fro": "9809", "fullId": "http://purl.bioontology.org/ontology/RXNORM/7646", "preferredName": "Omeprazole"}, {"semTypes": ["T121", "T109"], "to": "15799", "fro": "15788", "fullId": "http://purl.bioontology.org/ontology/MSH/C045645", "preferredName": "cilostazol"}, {"semTypes": ["T999"], "to": "6418", "fro": "6405", "fullId": "http://purl.bioontology.org/ontology/MSH/D017291", "preferredName": "Clarithromycin"}, {"semTypes": ["T109", "T121"], "to": "10220", "fro": "10211", "fullId": "http://purl.bioontology.org/ontology/MSH/D017291", "preferredName": "Clarithromycin"}, {"semTypes": ["T999"], "to": "6809", "fro": "6796", "fullId": "http://purl.bioontology.org/ontology/RXNORM/21212", "preferredName": "Clarithromycin"}, {"semTypes": ["T121", "T109"], "to": "4639", "fro": "4630", "fullId": "http://purl.bioontology.org/ontology/MSH/D002220", "preferredName": "Carbamazepine"}, {"semTypes": ["T999"], "to": "5409", "fro": "5393", "fullId": "http://purl.bioontology.org/ontology/RXNORM/10438", "preferredName": "Theophylline"}, {"semTypes": ["T999"], "to": "1131", "fro": "1122", "fullId": "http://purl.bioontology.org/ontology/MSH/D017291", "preferredName": "Clarithromycin"}, {"semTypes": ["T999"], "to": "450", "fro": "437", "fullId": "http://purl.bioontology.org/ontology/RXNORM/21212", "preferredName": "Clarithromycin"}, {"semTypes": ["T999"], "to": "8779", "fro": "8770", "fullId": "http://purl.bioontology.org/ontology/MSH/D017291", "preferredName": "Clarithromycin"}, {"semTypes": ["T110", "T125", "T121"], "to": "4097", "fro": "4080", "fullId": "http://purl.bioontology.org/ontology/RXNORM/21107", "preferredName": "cilostazol"}, {"semTypes": ["T999"], "to": "14887", "fro": "14874", "fullId": "http://purl.bioontology.org/ontology/MSH/D017291", "preferredName": "Clarithromycin"}, {"semTypes": ["T121", "T109"], "to": "1074", "fro": "1065", "fullId": "http://purl.bioontology.org/ontology/RXNORM/7646", "preferredName": "Omeprazole"}, {"semTypes": ["T195", "T109"], "to": "248", "fro": "235", "fullId": "http://purl.bioontology.org/ontology/MSH/D017291", "preferredName": "Clarithromycin"}, {"semTypes": ["T999"], "to": "9744", "fro": "9735", "fullId": "http://purl.bioontology.org/ontology/RXNORM/21212", "preferredName": "Clarithromycin"}, {"semTypes": ["T999"], "to": "2668", "fro": "2659", "fullId": "http://purl.bioontology.org/ontology/MSH/D017291", "preferredName": "Clarithromycin"}, {"semTypes": ["T999"], "to": "14725", "fro": "14712", "fullId": "http://purl.bioontology.org/ontology/MSH/D017291", "preferredName": "Clarithromycin"}, {"semTypes": ["T999"], "to": "9818", "fro": "9809", "fullId": "http://purl.bioontology.org/ontology/RXNORM/7646", "preferredName": "Omeprazole"}, {"semTypes": ["T195", "T109"], "to": "4024", "fro": "4011", "fullId": "http://purl.bioontology.org/ontology/MSH/D017291", "preferredName": "Clarithromycin"}, {"semTypes": ["T195", "T109"], "to": "450", "fro": "437", "fullId": "http://purl.bioontology.org/ontology/RXNORM/21212", "preferredName": "Clarithromycin"}, {"semTypes": ["T195", "T109"], "to": "14725", "fro": "14712", "fullId": "http://purl.bioontology.org/ontology/RXNORM/21212", "preferredName": "Clarithromycin"}, {"semTypes": ["T999"], "to": "9728", "fro": "9719", "fullId": "http://purl.bioontology.org/ontology/MSH/D010868", "preferredName": "Pimozide"}, {"semTypes": ["T999"], "to": "5851", "fro": "5835", "fullId": "http://purl.bioontology.org/ontology/RXNORM/10438", "preferredName": "Theophylline"}, {"semTypes": ["T121", "T109"], "to": "13493", "fro": "13484", "fullId": "http://purl.bioontology.org/ontology/RXNORM/7646", "preferredName": "Omeprazole"}, {"semTypes": ["T999"], "to": "1802", "fro": "1789", "fullId": "http://purl.bioontology.org/ontology/MSH/D017291", "preferredName": "Clarithromycin"}, {"semTypes": ["T195", "T109"], "to": "1467", "fro": "1454", "fullId": "http://purl.bioontology.org/ontology/RXNORM/21212", "preferredName": "Clarithromycin"}, {"semTypes": ["T999"], "to": "613", "fro": "604", "fullId": "http://purl.bioontology.org/ontology/RXNORM/7646", "preferredName": "Omeprazole"}, {"semTypes": ["T999"], "to": "4850", "fro": "4837", "fullId": "http://purl.bioontology.org/ontology/RXNORM/21212", "preferredName": "Clarithromycin"}, {"semTypes": ["T999"], "to": "9490", "fro": "9481", "fullId": "http://purl.bioontology.org/ontology/RXNORM/21212", "preferredName": "Clarithromycin"}, {"semTypes": ["T195", "T109"], "to": "1310", "fro": "1297", "fullId": "http://purl.bioontology.org/ontology/MSH/D017291", "preferredName": "Clarithromycin"}, {"semTypes": ["T999"], "to": "13203", "fro": "13194", "fullId": "http://purl.bioontology.org/ontology/MSH/D009853", "preferredName": "Omeprazole"}, {"semTypes": ["T999"], "to": "13470", "fro": "13461", "fullId": "http://purl.bioontology.org/ontology/RXNORM/7646", "preferredName": "Omeprazole"}, {"semTypes": ["T195", "T109"], "to": "12029", "fro": "12016", "fullId": "http://purl.bioontology.org/ontology/MSH/D017291", "preferredName": "Clarithromycin"}, {"semTypes": ["T121", "T109"], "to": "10204", "fro": "10195", "fullId": "http://purl.bioontology.org/ontology/RXNORM/7646", "preferredName": "Omeprazole"}, {"semTypes": ["T109", "T121"], "to": "15905", "fro": "15896", "fullId": "http://purl.bioontology.org/ontology/RXNORM/21212", "preferredName": "Clarithromycin"}, {"semTypes": ["T109", "T121"], "to": "3052", "fro": "3042", "fullId": "http://purl.bioontology.org/ontology/RXNORM/21107", "preferredName": "cilostazol"}, {"semTypes": ["T195", "T109"], "to": "12704", "fro": "12691", "fullId": "http://purl.bioontology.org/ontology/MSH/D017291", "preferredName": "Clarithromycin"}, {"semTypes": ["T109", "T121"], "to": "9982", "fro": "9973", "fullId": "http://purl.bioontology.org/ontology/MSH/D010868", "preferredName": "Pimozide"}, {"semTypes": ["T109", "T121", "T123"], "to": "3037", "fro": "3026", "fullId": "http://purl.bioontology.org/ontology/MSH/D009853", "preferredName": "Omeprazole"}, {"semTypes": ["T999"], "to": "2871", "fro": "2862", "fullId": "http://purl.bioontology.org/ontology/RXNORM/21212", "preferredName": "Clarithromycin"}, {"semTypes": ["T109", "T121"], "to": "5316", "fro": "5307", "fullId": "http://purl.bioontology.org/ontology/MSH/D002220", "preferredName": "Carbamazepine"}, {"semTypes": ["T121", "T109"], "to": "902", "fro": "893", "fullId": "http://purl.bioontology.org/ontology/RXNORM/7646", "preferredName": "Omeprazole"}, {"semTypes": ["T999"], "to": "6432", "fro": "6425", "fullId": "http://purl.bioontology.org/ontology/MSH/D009853", "preferredName": "Omeprazole"}, {"semTypes": ["T999"], "to": "3365", "fro": "3356", "fullId": "http://purl.bioontology.org/ontology/MSH/D017291", "preferredName": "Clarithromycin"}, {"semTypes": ["T195", "T109"], "to": "4850", "fro": "4837", "fullId": "http://purl.bioontology.org/ontology/RXNORM/21212", "preferredName": "Clarithromycin"}, {"semTypes": ["T109", "T121"], "to": "9744", "fro": "9735", "fullId": "http://purl.bioontology.org/ontology/MSH/D017291", "preferredName": "Clarithromycin"}, {"semTypes": ["T999"], "to": "13493", "fro": "13484", "fullId": "http://purl.bioontology.org/ontology/MSH/D009853", "preferredName": "Omeprazole"}, {"semTypes": ["T999"], "to": "947", "fro": "938", "fullId": "http://purl.bioontology.org/ontology/RXNORM/7646", "preferredName": "Omeprazole"}, {"semTypes": ["T999"], "to": "11391", "fro": "11382", "fullId": "http://purl.bioontology.org/ontology/MSH/D009853", "preferredName": "Omeprazole"}, {"semTypes": ["T121", "T109"], "to": "4512", "fro": "4503", "fullId": "http://purl.bioontology.org/ontology/RXNORM/7646", "preferredName": "Omeprazole"}, {"semTypes": ["T109", "T121"], "to": "8779", "fro": "8770", "fullId": "http://purl.bioontology.org/ontology/MSH/D017291", "preferredName": "Clarithromycin"}, {"semTypes": ["T999"], "to": "838", "fro": "829", "fullId": "http://purl.bioontology.org/ontology/MSH/D013806", "preferredName": "Theophylline"}, {"semTypes": ["T121", "T109"], "to": "5409", "fro": "5393", "fullId": "http://purl.bioontology.org/ontology/RXNORM/2002", "preferredName": "Carbamazepine"}, {"semTypes": ["T109", "T121"], "to": "1119", "fro": "1110", "fullId": "http://purl.bioontology.org/ontology/MSH/D009853", "preferredName": "Omeprazole"}, {"semTypes": ["T109", "T121"], "to": "8463", "fro": "8454", "fullId": "http://purl.bioontology.org/ontology/RXNORM/21212", "preferredName": "Clarithromycin"}, {"semTypes": ["T999"], "to": "4941", "fro": "4928", "fullId": "http://purl.bioontology.org/ontology/MSH/D017291", "preferredName": "Clarithromycin"}, {"semTypes": ["T195", "T109"], "to": "4216", "fro": "4203", "fullId": "http://purl.bioontology.org/ontology/RXNORM/21212", "preferredName": "Clarithromycin"}, {"semTypes": ["T109", "T121"], "to": "699", "fro": "690", "fullId": "http://purl.bioontology.org/ontology/MSH/D009853", "preferredName": "Omeprazole"}, {"semTypes": ["T999"], "to": "1628", "fro": "1615", "fullId": "http://purl.bioontology.org/ontology/MSH/D017291", "preferredName": "Clarithromycin"}, {"semTypes": ["T121", "T109"], "to": "1612", "fro": "1603", "fullId": "http://purl.bioontology.org/ontology/MSH/D009853", "preferredName": "Omeprazole"}, {"semTypes": ["T195", "T109"], "to": "8482", "fro": "8469", "fullId": "http://purl.bioontology.org/ontology/RXNORM/21212", "preferredName": "Clarithromycin"}, {"semTypes": ["T109", "T121"], "to": "432", "fro": "423", "fullId": "http://purl.bioontology.org/ontology/MSH/D017291", "preferredName": "Clarithromycin"}, {"semTypes": ["T999"], "to": "7520", "fro": "7507", "fullId": "http://purl.bioontology.org/ontology/RXNORM/21212", "preferredName": "Clarithromycin"}, {"semTypes": ["T999"], "to": "1712", "fro": "1703", "fullId": "http://purl.bioontology.org/ontology/MSH/D009853", "preferredName": "Omeprazole"}, {"semTypes": ["T121", "T109"], "to": "5047", "fro": "5038", "fullId": "http://purl.bioontology.org/ontology/MSH/D009853", "preferredName": "Omeprazole"}, {"semTypes": ["T999"], "to": "4765", "fro": "4752", "fullId": "http://purl.bioontology.org/ontology/RXNORM/21212", "preferredName": "Clarithromycin"}, {"semTypes": ["T999"], "to": "12704", "fro": "12691", "fullId": "http://purl.bioontology.org/ontology/MSH/D017291", "preferredName": "Clarithromycin"}, {"semTypes": ["T999"], "to": "11968", "fro": "11957", "fullId": "http://purl.bioontology.org/ontology/MSH/D009853", "preferredName": "Omeprazole"}, {"semTypes": ["T109", "T121"], "to": "9891", "fro": "9882", "fullId": "http://purl.bioontology.org/ontology/RXNORM/7646", "preferredName": "Omeprazole"}, {"semTypes": ["T999"], "to": "6730", "fro": "6717", "fullId": "http://purl.bioontology.org/ontology/MSH/D017291", "preferredName": "Clarithromycin"}, {"semTypes": ["T195", "T109"], "to": "5571", "fro": "5558", "fullId": "http://purl.bioontology.org/ontology/MSH/D017291", "preferredName": "Clarithromycin"}, {"semTypes": ["T121", "T109"], "to": "13285", "fro": "13276", "fullId": "http://purl.bioontology.org/ontology/RXNORM/7646", "preferredName": "Omeprazole"}, {"semTypes": ["T131", "T121", "T109"], "to": "1963", "fro": "1956", "fullId": "http://purl.bioontology.org/ontology/RXNORM/10438", "preferredName": "Theophylline"}, {"semTypes": ["T999"], "to": "14021", "fro": "14008", "fullId": "http://purl.bioontology.org/ontology/RXNORM/21212", "preferredName": "Clarithromycin"}, {"semTypes": ["T999"], "to": "792", "fro": "783", "fullId": "http://purl.bioontology.org/ontology/MSH/D017291", "preferredName": "Clarithromycin"}, {"semTypes": ["T999"], "to": "12658", "fro": "12646", "fullId": "http://purl.bioontology.org/ontology/MSH/D009853", "preferredName": "Omeprazole"}, {"semTypes": ["T999"], "to": "5047", "fro": "5038", "fullId": "http://purl.bioontology.org/ontology/RXNORM/7646", "preferredName": "Omeprazole"}, {"semTypes": ["T999"], "to": "7568", "fro": "7562", "fullId": "http://purl.bioontology.org/ontology/MSH/D002220", "preferredName": "Carbamazepine"}, {"semTypes": ["T118", "T121", "T110"], "to": "7638", "fro": "7632", "fullId": "http://purl.bioontology.org/ontology/MSH/D010868", "preferredName": "Pimozide"}, {"semTypes": ["T999"], "to": "7638", "fro": "7632", "fullId": "http://purl.bioontology.org/ontology/MSH/D010868", "preferredName": "Pimozide"}, {"semTypes": ["T109", "T121"], "to": "9728", "fro": "9719", "fullId": "http://purl.bioontology.org/ontology/RXNORM/8331", "preferredName": "Pimozide"}, {"semTypes": ["T121", "T109"], "to": "2170", "fro": "2161", "fullId": "http://purl.bioontology.org/ontology/MSH/D010868", "preferredName": "Pimozide"}, {"semTypes": ["T999"], "to": "15097", "fro": "15088", "fullId": "http://purl.bioontology.org/ontology/MSH/D010868", "preferredName": "Pimozide"}, {"semTypes": ["T999"], "to": "16828", "fro": "16818", "fullId": "http://purl.bioontology.org/ontology/MSH/D010868", "preferredName": "Pimozide"}, {"semTypes": ["T121", "T109"], "to": "2000", "fro": "1991", "fullId": "http://purl.bioontology.org/ontology/MSH/C045645", "preferredName": "cilostazol"}, {"semTypes": ["T999"], "to": "13285", "fro": "13276", "fullId": "http://purl.bioontology.org/ontology/MSH/D009853", "preferredName": "Omeprazole"}, {"semTypes": ["T999"], "to": "16441", "fro": "16431", "fullId": "http://purl.bioontology.org/ontology/MSH/D010868", "preferredName": "Pimozide"}, {"semTypes": ["T999"], "to": "2223", "fro": "2213", "fullId": "http://purl.bioontology.org/ontology/RXNORM/2002", "preferredName": "Carbamazepine"}, {"semTypes": ["T999"], "to": "2158", "fro": "2149", "fullId": "http://purl.bioontology.org/ontology/RXNORM/2002", "preferredName": "Carbamazepine"}, {"semTypes": ["T195", "T109"], "to": "9023", "fro": "9010", "fullId": "http://purl.bioontology.org/ontology/RXNORM/21212", "preferredName": "Clarithromycin"}, {"semTypes": ["T999"], "to": "15336", "fro": "15326", "fullId": "http://purl.bioontology.org/ontology/MSH/D013806", "preferredName": "Theophylline"}, {"semTypes": ["T999"], "to": "13903", "fro": "13897", "fullId": "http://purl.bioontology.org/ontology/RXNORM/2683", "preferredName": "Colchicine"}, {"semTypes": ["T195", "T109"], "to": "5814", "fro": "5801", "fullId": "http://purl.bioontology.org/ontology/RXNORM/21212", "preferredName": "Clarithromycin"}, {"semTypes": ["T121", "T109"], "to": "15258", "fro": "15249", "fullId": "http://purl.bioontology.org/ontology/MSH/D013806", "preferredName": "Theophylline"}, {"semTypes": ["T109", "T195"], "to": "16441", "fro": "16431", "fullId": "http://purl.bioontology.org/ontology/MSH/D002220", "preferredName": "Carbamazepine"}, {"semTypes": ["T110", "T121", "T125"], "to": "16768", "fro": "16760", "fullId": "http://purl.bioontology.org/ontology/RXNORM/42316", "preferredName": "Tacrolimus"}, {"semTypes": ["T999"], "to": "9982", "fro": "9973", "fullId": "http://purl.bioontology.org/ontology/MSH/D009853", "preferredName": "Omeprazole"}, {"semTypes": ["T109", "T195"], "to": "15207", "fro": "15197", "fullId": "http://purl.bioontology.org/ontology/MSH/D002220", "preferredName": "Carbamazepine"}, {"semTypes": ["T109", "T195"], "to": "16828", "fro": "16818", "fullId": "http://purl.bioontology.org/ontology/RXNORM/2002", "preferredName": "Carbamazepine"}, {"semTypes": ["T195", "T109"], "to": "4941", "fro": "4928", "fullId": "http://purl.bioontology.org/ontology/MSH/D017291", "preferredName": "Clarithromycin"}, {"semTypes": ["T110", "T125", "T121"], "to": "16753", "fro": "16747", "fullId": "http://purl.bioontology.org/ontology/RXNORM/21107", "preferredName": "cilostazol"}, {"semTypes": ["T999"], "to": "2170", "fro": "2161", "fullId": "http://purl.bioontology.org/ontology/RXNORM/2002", "preferredName": "Carbamazepine"}, {"semTypes": ["T999"], "to": "4666", "fro": "4657", "fullId": "http://purl.bioontology.org/ontology/MSH/D013806", "preferredName": "Theophylline"}, {"semTypes": ["T121", "T109"], "to": "15154", "fro": "15145", "fullId": "http://purl.bioontology.org/ontology/RXNORM/8331", "preferredName": "Pimozide"}, {"semTypes": ["T109", "T195"], "to": "2223", "fro": "2213", "fullId": "http://purl.bioontology.org/ontology/RXNORM/8331", "preferredName": "Pimozide"}, {"semTypes": ["T999"], "to": "15258", "fro": "15249", "fullId": "http://purl.bioontology.org/ontology/RXNORM/8331", "preferredName": "Pimozide"}, {"semTypes": ["T109", "T121"], "to": "14901", "fro": "14893", "fullId": "http://purl.bioontology.org/ontology/RXNORM/42316", "preferredName": "Tacrolimus"}, {"semTypes": ["T109", "T121"], "to": "2871", "fro": "2862", "fullId": "http://purl.bioontology.org/ontology/RXNORM/21212", "preferredName": "Clarithromycin"}, {"semTypes": ["T109", "T195"], "to": "15336", "fro": "15326", "fullId": "http://purl.bioontology.org/ontology/RXNORM/8331", "preferredName": "Pimozide"}, {"semTypes": ["T121", "T109"], "to": "15097", "fro": "15088", "fullId": "http://purl.bioontology.org/ontology/MSH/D013806", "preferredName": "Theophylline"}, {"semTypes": ["T999"], "to": "15154", "fro": "15145", "fullId": "http://purl.bioontology.org/ontology/MSH/D013806", "preferredName": "Theophylline"}, {"semTypes": ["T999"], "to": "7626", "fro": "7613", "fullId": "http://purl.bioontology.org/ontology/RXNORM/21212", "preferredName": "Clarithromycin"}, {"semTypes": ["T999"], "to": "15207", "fro": "15197", "fullId": "http://purl.bioontology.org/ontology/MSH/D002220", "preferredName": "Carbamazepine"}, {"semTypes": ["T121", "T109"], "to": "2158", "fro": "2149", "fullId": "http://purl.bioontology.org/ontology/MSH/D002220", "preferredName": "Carbamazepine"}, {"semTypes": ["T131", "T121", "T109"], "to": "503", "fro": "496", "fullId": "http://purl.bioontology.org/ontology/RXNORM/2002", "preferredName": "Carbamazepine"}, {"semTypes": ["T121", "T109"], "to": "7534", "fro": "7526", "fullId": "http://purl.bioontology.org/ontology/RXNORM/21107", "preferredName": "cilostazol"}, {"semTypes": ["T109", "T121"], "to": "11433", "fro": "11424", "fullId": "http://purl.bioontology.org/ontology/RXNORM/21212", "preferredName": "Clarithromycin"}, {"semTypes": ["T999"], "to": "16618", "fro": "16609", "fullId": "http://purl.bioontology.org/ontology/RXNORM/2002", "preferredName": "Carbamazepine"}, {"semTypes": ["T999"], "to": "5830", "fro": "5821", "fullId": "http://purl.bioontology.org/ontology/MSH/D002220", "preferredName": "Carbamazepine"}, {"semTypes": ["T999"], "to": "14610", "fro": "14596", "fullId": "http://purl.bioontology.org/ontology/MSH/D002220", "preferredName": "Carbamazepine"}, {"semTypes": ["T121", "T109"], "to": "4865", "fro": "4856", "fullId": "http://purl.bioontology.org/ontology/RXNORM/8331", "preferredName": "Pimozide"}, {"semTypes": ["T999"], "to": "4077", "fro": "4069", "fullId": "http://purl.bioontology.org/ontology/MSH/C413408", "preferredName": "atazanavir"}, {"semTypes": ["T999"], "to": "5608", "fro": "5592", "fullId": "http://purl.bioontology.org/ontology/MSH/D010868", "preferredName": "Pimozide"}, {"semTypes": ["T999"], "to": "959", "fro": "950", "fullId": "http://purl.bioontology.org/ontology/MSH/D017291", "preferredName": "Clarithromycin"}, {"semTypes": ["T109", "T121"], "to": "1519", "fro": "1507", "fullId": "http://purl.bioontology.org/ontology/MSH/D009853", "preferredName": "Omeprazole"}, {"semTypes": ["T109", "T121"], "to": "276", "fro": "265", "fullId": "http://purl.bioontology.org/ontology/RXNORM/21107", "preferredName": "cilostazol"}, {"semTypes": ["T195", "T109"], "to": "4765", "fro": "4752", "fullId": "http://purl.bioontology.org/ontology/RXNORM/21212", "preferredName": "Clarithromycin"}, {"semTypes": ["T109", "T121"], "to": "2668", "fro": "2659", "fullId": "http://purl.bioontology.org/ontology/RXNORM/21212", "preferredName": "Clarithromycin"}, {"semTypes": ["T999"], "to": "10818", "fro": "10809", "fullId": "http://purl.bioontology.org/ontology/RXNORM/21212", "preferredName": "Clarithromycin"}, {"semTypes": ["T999"], "to": "3687", "fro": "3674", "fullId": "http://purl.bioontology.org/ontology/MSH/D017291", "preferredName": "Clarithromycin"}, {"semTypes": ["T999"], "to": "12504", "fro": "12492", "fullId": "http://purl.bioontology.org/ontology/RXNORM/21212", "preferredName": "Clarithromycin"}, {"semTypes": ["T195", "T109"], "to": "6809", "fro": "6796", "fullId": "http://purl.bioontology.org/ontology/RXNORM/21212", "preferredName": "Clarithromycin"}, {"semTypes": ["T999"], "to": "12932", "fro": "12920", "fullId": "http://purl.bioontology.org/ontology/RXNORM/21212", "preferredName": "Clarithromycin"}, {"semTypes": ["T999"], "to": "6247", "fro": "6240", "fullId": "http://purl.bioontology.org/ontology/RXNORM/21212", "preferredName": "Clarithromycin"}, {"semTypes": ["T109", "T121"], "to": "10818", "fro": "10809", "fullId": "http://purl.bioontology.org/ontology/RXNORM/21212", "preferredName": "Clarithromycin"}, {"semTypes": ["T999"], "to": "11911", "fro": "11900", "fullId": "http://purl.bioontology.org/ontology/RXNORM/21212", "preferredName": "Clarithromycin"}, {"semTypes": ["T999"], "to": "1974", "fro": "1966", "fullId": "http://purl.bioontology.org/ontology/MSH/C045645", "preferredName": "cilostazol"}, {"semTypes": ["T999"], "to": "11433", "fro": "11424", "fullId": "http://purl.bioontology.org/ontology/MSH/D017291", "preferredName": "Clarithromycin"}, {"semTypes": ["T109", "T121"], "to": "6200", "fro": "6193", "fullId": "http://purl.bioontology.org/ontology/MSH/D017291", "preferredName": "Clarithromycin"}, {"semTypes": ["T999"], "to": "12093", "fro": "12082", "fullId": "http://purl.bioontology.org/ontology/MSH/D017291", "preferredName": "Clarithromycin"}, {"semTypes": ["T109", "T121"], "to": "14498", "fro": "14490", "fullId": "http://purl.bioontology.org/ontology/RXNORM/136411", "preferredName": "sildenafil"}, {"semTypes": ["T109", "T121"], "to": "6659", "fro": "6652", "fullId": "http://purl.bioontology.org/ontology/RXNORM/21212", "preferredName": "Clarithromycin"}, {"semTypes": ["T999"], "to": "699", "fro": "690", "fullId": "http://purl.bioontology.org/ontology/RXNORM/2002", "preferredName": "Carbamazepine"}, {"semTypes": ["T109", "T121"], "to": "12504", "fro": "12492", "fullId": "http://purl.bioontology.org/ontology/RXNORM/21212", "preferredName": "Clarithromycin"}, {"semTypes": ["T109", "T121", "T123"], "to": "12179", "fro": "12168", "fullId": "http://purl.bioontology.org/ontology/MSH/D017291", "preferredName": "Clarithromycin"}, {"semTypes": ["T999"], "to": "1388", "fro": "1377", "fullId": "http://purl.bioontology.org/ontology/MSH/D017291", "preferredName": "Clarithromycin"}, {"semTypes": ["T999"], "to": "16712", "fro": "16704", "fullId": "http://purl.bioontology.org/ontology/MSH/C045645", "preferredName": "cilostazol"}, {"semTypes": ["T109", "T121"], "to": "1131", "fro": "1122", "fullId": "http://purl.bioontology.org/ontology/RXNORM/21212", "preferredName": "Clarithromycin"}, {"semTypes": ["T999"], "to": "12814", "fro": "12802", "fullId": "http://purl.bioontology.org/ontology/MSH/D017291", "preferredName": "Clarithromycin"}, {"semTypes": ["T999"], "to": "6677", "fro": "6670", "fullId": "http://purl.bioontology.org/ontology/MSH/D017291", "preferredName": "Clarithromycin"}, {"semTypes": ["T999"], "to": "1467", "fro": "1454", "fullId": "http://purl.bioontology.org/ontology/RXNORM/21212", "preferredName": "Clarithromycin"}, {"semTypes": ["T109", "T121"], "to": "6121", "fro": "6114", "fullId": "http://purl.bioontology.org/ontology/RXNORM/21212", "preferredName": "Clarithromycin"}, {"semTypes": ["T999"], "to": "4128", "fro": "4116", "fullId": "http://purl.bioontology.org/ontology/MSH/D019888", "preferredName": "Nelfinavir"}, {"semTypes": ["T195", "T109"], "to": "3769", "fro": "3756", "fullId": "http://purl.bioontology.org/ontology/MSH/D017291", "preferredName": "Clarithromycin"}, {"semTypes": ["T195", "T109"], "to": "7626", "fro": "7613", "fullId": "http://purl.bioontology.org/ontology/RXNORM/21212", "preferredName": "Clarithromycin"}, {"semTypes": ["T109", "T121"], "to": "12599", "fro": "12587", "fullId": "http://purl.bioontology.org/ontology/RXNORM/21212", "preferredName": "Clarithromycin"}, {"semTypes": ["T131", "T121", "T109"], "to": "8793", "fro": "8786", "fullId": "http://purl.bioontology.org/ontology/RXNORM/8331", "preferredName": "Pimozide"}, {"semTypes": ["T999"], "to": "1360", "fro": "1349", "fullId": "http://purl.bioontology.org/ontology/MSH/D017291", "preferredName": "Clarithromycin"}, {"semTypes": ["T999"], "to": "12179", "fro": "12168", "fullId": "http://purl.bioontology.org/ontology/RXNORM/7646", "preferredName": "Omeprazole"}, {"semTypes": ["T109", "T121"], "to": "6859", "fro": "6852", "fullId": "http://purl.bioontology.org/ontology/MSH/D017291", "preferredName": "Clarithromycin"}, {"semTypes": ["T109", "T121"], "to": "14437", "fro": "14429", "fullId": "http://purl.bioontology.org/ontology/MSH/C045645", "preferredName": "cilostazol"}, {"semTypes": ["T999"], "to": "2728", "fro": "2719", "fullId": "http://purl.bioontology.org/ontology/RXNORM/21212", "preferredName": "Clarithromycin"}, {"semTypes": ["T109", "T121"], "to": "12932", "fro": "12920", "fullId": "http://purl.bioontology.org/ontology/MSH/D017291", "preferredName": "Clarithromycin"}, {"semTypes": ["T121", "T109"], "to": "10731", "fro": "10722", "fullId": "http://purl.bioontology.org/ontology/RXNORM/7646", "preferredName": "Omeprazole"}, {"semTypes": ["T109", "T121", "T123"], "to": "11801", "fro": "11790", "fullId": "http://purl.bioontology.org/ontology/MSH/D017291", "preferredName": "Clarithromycin"}, {"semTypes": ["T109", "T121"], "to": "12658", "fro": "12646", "fullId": "http://purl.bioontology.org/ontology/MSH/D017291", "preferredName": "Clarithromycin"}, {"semTypes": ["T195", "T109"], "to": "6629", "fro": "6616", "fullId": "http://purl.bioontology.org/ontology/RXNORM/21212", "preferredName": "Clarithromycin"}, {"semTypes": ["T999"], "to": "4587", "fro": "4578", "fullId": "http://purl.bioontology.org/ontology/RXNORM/10438", "preferredName": "Theophylline"}, {"semTypes": ["T109", "T121", "T123"], "to": "11911", "fro": "11900", "fullId": "http://purl.bioontology.org/ontology/MSH/D017291", "preferredName": "Clarithromycin"}, {"semTypes": ["T999"], "to": "1519", "fro": "1507", "fullId": "http://purl.bioontology.org/ontology/RXNORM/21212", "preferredName": "Clarithromycin"}, {"semTypes": ["T109", "T121"], "to": "12891", "fro": "12879", "fullId": "http://purl.bioontology.org/ontology/RXNORM/21212", "preferredName": "Clarithromycin"}, {"semTypes": ["T999"], "to": "3195", "fro": "3186", "fullId": "http://purl.bioontology.org/ontology/MSH/C045645", "preferredName": "cilostazol"}, {"semTypes": ["T121", "T109"], "to": "10272", "fro": "10263", "fullId": "http://purl.bioontology.org/ontology/MSH/D009853", "preferredName": "Omeprazole"}, {"semTypes": ["T109", "T121"], "to": "6927", "fro": "6920", "fullId": "http://purl.bioontology.org/ontology/MSH/D017291", "preferredName": "Clarithromycin"}, {"semTypes": ["T999"], "to": "3037", "fro": "3026", "fullId": "http://purl.bioontology.org/ontology/MSH/D017291", "preferredName": "Clarithromycin"}, {"semTypes": ["T999"], "to": "1294", "fro": "1283", "fullId": "http://purl.bioontology.org/ontology/RXNORM/21212", "preferredName": "Clarithromycin"}, {"semTypes": ["T999"], "to": "9905", "fro": "9896", "fullId": "http://purl.bioontology.org/ontology/RXNORM/10438", "preferredName": "Theophylline"}, {"semTypes": ["T121", "T109"], "to": "14095", "fro": "14086", "fullId": "http://purl.bioontology.org/ontology/MSH/D003078", "preferredName": "Colchicine"}, {"semTypes": ["T195", "T109"], "to": "6730", "fro": "6717", "fullId": "http://purl.bioontology.org/ontology/MSH/D017291", "preferredName": "Clarithromycin"}, {"semTypes": ["T999"], "to": "5571", "fro": "5558", "fullId": "http://purl.bioontology.org/ontology/RXNORM/21212", "preferredName": "Clarithromycin"}, {"semTypes": ["T195", "T109"], "to": "3623", "fro": "3610", "fullId": "http://purl.bioontology.org/ontology/RXNORM/21212", "preferredName": "Clarithromycin"}, {"semTypes": ["T121", "T109"], "to": "5334", "fro": "5318", "fullId": "http://purl.bioontology.org/ontology/MSH/D010868", "preferredName": "Pimozide"}, {"semTypes": ["T999"], "to": "7379", "fro": "7366", "fullId": "http://purl.bioontology.org/ontology/RXNORM/21212", "preferredName": "Clarithromycin"}, {"semTypes": ["T999"], "to": "2359", "fro": "2348", "fullId": "http://purl.bioontology.org/ontology/MSH/D016559", "preferredName": "Tacrolimus"}, {"semTypes": ["T195", "T109"], "to": "13949", "fro": "13936", "fullId": "http://purl.bioontology.org/ontology/MSH/D017291", "preferredName": "Clarithromycin"}, {"semTypes": ["T195", "T109"], "to": "3687", "fro": "3674", "fullId": "http://purl.bioontology.org/ontology/MSH/D017291", "preferredName": "Clarithromycin"}, {"semTypes": ["T195", "T109"], "to": "6315", "fro": "6302", "fullId": "http://purl.bioontology.org/ontology/RXNORM/21212", "preferredName": "Clarithromycin"}, {"semTypes": ["T109", "T121"], "to": "6743", "fro": "6736", "fullId": "http://purl.bioontology.org/ontology/RXNORM/21212", "preferredName": "Clarithromycin"}, {"semTypes": ["T109", "T121"], "to": "9905", "fro": "9896", "fullId": "http://purl.bioontology.org/ontology/MSH/D013806", "preferredName": "Theophylline"}, {"semTypes": ["T999"], "to": "13949", "fro": "13936", "fullId": "http://purl.bioontology.org/ontology/RXNORM/21212", "preferredName": "Clarithromycin"}, {"semTypes": ["T195", "T109"], "to": "1802", "fro": "1789", "fullId": "http://purl.bioontology.org/ontology/MSH/D017291", "preferredName": "Clarithromycin"}, {"semTypes": ["T999"], "to": "628", "fro": "619", "fullId": "http://purl.bioontology.org/ontology/MSH/D013806", "preferredName": "Theophylline"}, {"semTypes": ["T121", "T109"], "to": "2359", "fro": "2348", "fullId": "http://purl.bioontology.org/ontology/MSH/D016559", "preferredName": "Tacrolimus"}, {"semTypes": ["T999"], "to": "3623", "fro": "3610", "fullId": "http://purl.bioontology.org/ontology/RXNORM/21212", "preferredName": "Clarithromycin"}, {"semTypes": ["T109", "T121"], "to": "684", "fro": "675", "fullId": "http://purl.bioontology.org/ontology/RXNORM/8331", "preferredName": "Pimozide"}, {"semTypes": ["T999"], "to": "9023", "fro": "9010", "fullId": "http://purl.bioontology.org/ontology/RXNORM/21212", "preferredName": "Clarithromycin"}, {"semTypes": ["T109", "T121", "T123"], "to": "11968", "fro": "11957", "fullId": "http://purl.bioontology.org/ontology/MSH/D017291", "preferredName": "Clarithromycin"}, {"semTypes": ["T999"], "to": "9631", "fro": "9622", "fullId": "http://purl.bioontology.org/ontology/MSH/D013806", "preferredName": "Theophylline"}, {"semTypes": ["T121", "T109"], "to": "13203", "fro": "13194", "fullId": "http://purl.bioontology.org/ontology/MSH/D013806", "preferredName": "Theophylline"}, {"semTypes": ["T999"], "to": "6629", "fro": "6616", "fullId": "http://purl.bioontology.org/ontology/RXNORM/21212", "preferredName": "Clarithromycin"}, {"semTypes": ["T131", "T121", "T109"], "to": "8391", "fro": "8384", "fullId": "http://purl.bioontology.org/ontology/MSH/D016559", "preferredName": "Tacrolimus"}, {"semTypes": ["T109", "T121"], "to": "9643", "fro": "9634", "fullId": "http://purl.bioontology.org/ontology/RXNORM/8331", "preferredName": "Pimozide"}, {"semTypes": ["T999"], "to": "276", "fro": "265", "fullId": "http://purl.bioontology.org/ontology/MSH/D016559", "preferredName": "Tacrolimus"}, {"semTypes": ["T999"], "to": "6315", "fro": "6302", "fullId": "http://purl.bioontology.org/ontology/RXNORM/21212", "preferredName": "Clarithromycin"}, {"semTypes": ["T121", "T109"], "to": "13470", "fro": "13461", "fullId": "http://purl.bioontology.org/ontology/RXNORM/2002", "preferredName": "Carbamazepine"}, {"semTypes": ["T999"], "to": "5814", "fro": "5801", "fullId": "http://purl.bioontology.org/ontology/MSH/D017291", "preferredName": "Clarithromycin"}, {"semTypes": ["T999"], "to": "16753", "fro": "16747", "fullId": "http://purl.bioontology.org/ontology/MSH/D019888", "preferredName": "Nelfinavir"}, {"semTypes": ["T999"], "to": "8482", "fro": "8469", "fullId": "http://purl.bioontology.org/ontology/RXNORM/21212", "preferredName": "Clarithromycin"}, {"semTypes": ["T109", "T195"], "to": "16240", "fro": "16231", "fullId": "http://purl.bioontology.org/ontology/RXNORM/2002", "preferredName": "Carbamazepine"}, {"semTypes": ["T195", "T109"], "to": "14887", "fro": "14874", "fullId": "http://purl.bioontology.org/ontology/MSH/D017291", "preferredName": "Clarithromycin"}, {"semTypes": ["T121", "T109"], "to": "1712", "fro": "1703", "fullId": "http://purl.bioontology.org/ontology/MSH/D002220", "preferredName": "Carbamazepine"}, {"semTypes": ["T999"], "to": "13404", "fro": "13391", "fullId": "http://purl.bioontology.org/ontology/RXNORM/21212", "preferredName": "Clarithromycin"}, {"semTypes": ["T999"], "to": "14481", "fro": "14467", "fullId": "http://purl.bioontology.org/ontology/RXNORM/8331", "preferredName": "Pimozide"}, {"semTypes": ["T999"], "to": "640", "fro": "631", "fullId": "http://purl.bioontology.org/ontology/RXNORM/21212", "preferredName": "Clarithromycin"}, {"semTypes": ["T109", "T121"], "to": "9490", "fro": "9481", "fullId": "http://purl.bioontology.org/ontology/RXNORM/21212", "preferredName": "Clarithromycin"}, {"semTypes": ["T109", "T121"], "to": "4302", "fro": "4294", "fullId": "http://purl.bioontology.org/ontology/MSH/D016559", "preferredName": "Tacrolimus"}, {"semTypes": ["T999"], "to": "10220", "fro": "10211", "fullId": "http://purl.bioontology.org/ontology/RXNORM/21212", "preferredName": "Clarithromycin"}, {"semTypes": ["T999"], "to": "15905", "fro": "15896", "fullId": "http://purl.bioontology.org/ontology/RXNORM/21212", "preferredName": "Clarithromycin"}, {"semTypes": ["T109", "T121"], "to": "628", "fro": "619", "fullId": "http://purl.bioontology.org/ontology/MSH/D010868", "preferredName": "Pimozide"}, {"semTypes": ["T999"], "to": "8793", "fro": "8786", "fullId": "http://purl.bioontology.org/ontology/RXNORM/10438", "preferredName": "Theophylline"}, {"semTypes": ["T109", "T121"], "to": "613", "fro": "604", "fullId": "http://purl.bioontology.org/ontology/MSH/D002220", "preferredName": "Carbamazepine"}, {"semTypes": ["T109", "T121"], "to": "640", "fro": "631", "fullId": "http://purl.bioontology.org/ontology/RXNORM/21212", "preferredName": "Clarithromycin"}, {"semTypes": ["T109", "T121"], "to": "9804", "fro": "9795", "fullId": "http://purl.bioontology.org/ontology/RXNORM/8331", "preferredName": "Pimozide"}, {"semTypes": ["T109", "T121"], "to": "959", "fro": "950", "fullId": "http://purl.bioontology.org/ontology/MSH/D017291", "preferredName": "Clarithromycin"}, {"semTypes": ["T121", "T109"], "to": "3195", "fro": "3186", "fullId": "http://purl.bioontology.org/ontology/RXNORM/42316", "preferredName": "Tacrolimus"}, {"semTypes": ["T999"], "to": "4865", "fro": "4856", "fullId": "http://purl.bioontology.org/ontology/RXNORM/2002", "preferredName": "Carbamazepine"}, {"semTypes": ["T999"], "to": "6659", "fro": "6652", "fullId": "http://purl.bioontology.org/ontology/MSH/D017291", "preferredName": "Clarithromycin"}, {"semTypes": ["T999"], "to": "8463", "fro": "8454", "fullId": "http://purl.bioontology.org/ontology/RXNORM/21212", "preferredName": "Clarithromycin"}, {"semTypes": ["T999"], "to": "16345", "fro": "16337", "fullId": "http://purl.bioontology.org/ontology/MSH/D003078", "preferredName": "Colchicine"}, {"semTypes": ["T195", "T109"], "to": "1628", "fro": "1615", "fullId": "http://purl.bioontology.org/ontology/MSH/D017291", "preferredName": "Clarithromycin"}, {"semTypes": ["T999"], "to": "6200", "fro": "6193", "fullId": "http://purl.bioontology.org/ontology/RXNORM/7646", "preferredName": "Omeprazole"}, {"semTypes": ["T999"], "to": "4002", "fro": "3991", "fullId": "http://purl.bioontology.org/ontology/RXNORM/42316", "preferredName": "Tacrolimus"}, {"semTypes": ["T195", "T109"], "to": "7379", "fro": "7366", "fullId": "http://purl.bioontology.org/ontology/RXNORM/21212", "preferredName": "Clarithromycin"}, {"semTypes": ["T999"], "to": "2383", "fro": "2374", "fullId": "http://purl.bioontology.org/ontology/MSH/D010868", "preferredName": "Pimozide"}, {"semTypes": ["T121", "T109"], "to": "780", "fro": "771", "fullId": "http://purl.bioontology.org/ontology/MSH/D010868", "preferredName": "Pimozide"}, {"semTypes": ["T999"], "to": "16768", "fro": "16760", "fullId": "http://purl.bioontology.org/ontology/RXNORM/21107", "preferredName": "cilostazol"}, {"semTypes": ["T109", "T121"], "to": "1566", "fro": "1554", "fullId": "http://purl.bioontology.org/ontology/MSH/D009853", "preferredName": "Omeprazole"}, {"semTypes": ["T999"], "to": "2269", "fro": "2260", "fullId": "http://purl.bioontology.org/ontology/MSH/D017291", "preferredName": "Clarithromycin"}, {"semTypes": ["T999"], "to": "2030", "fro": "2021", "fullId": "http://purl.bioontology.org/ontology/MSH/D017291", "preferredName": "Clarithromycin"}, {"semTypes": ["T109", "T121", "T123"], "to": "12093", "fro": "12082", "fullId": "http://purl.bioontology.org/ontology/MSH/D009853", "preferredName": "Omeprazole"}, {"semTypes": ["T999"], "to": "4066", "fro": "4057", "fullId": "http://purl.bioontology.org/ontology/RXNORM/83395", "preferredName": "Saquinavir"}, {"semTypes": ["T109", "T121"], "to": "7550", "fro": "7539", "fullId": "http://purl.bioontology.org/ontology/RXNORM/21107", "preferredName": "cilostazol"}, {"semTypes": ["T109", "T121", "T123"], "to": "1360", "fro": "1349", "fullId": "http://purl.bioontology.org/ontology/RXNORM/7646", "preferredName": "Omeprazole"}, {"semTypes": ["T109", "T121"], "to": "4066", "fro": "4057", "fullId": "http://purl.bioontology.org/ontology/RXNORM/83395", "preferredName": "Saquinavir"}, {"semTypes": ["T999"], "to": "5316", "fro": "5307", "fullId": "http://purl.bioontology.org/ontology/RXNORM/10438", "preferredName": "Theophylline"}, {"semTypes": ["T999"], "to": "12029", "fro": "12016", "fullId": "http://purl.bioontology.org/ontology/RXNORM/21212", "preferredName": "Clarithromycin"}, {"semTypes": ["T999"], "to": "9714", "fro": "9705", "fullId": "http://purl.bioontology.org/ontology/RXNORM/8331", "preferredName": "Pimozide"}, {"semTypes": ["T999"], "to": "14437", "fro": "14429", "fullId": "http://purl.bioontology.org/ontology/RXNORM/42316", "preferredName": "Tacrolimus"}, {"semTypes": ["T121", "T109"], "to": "1001", "fro": "992", "fullId": "http://purl.bioontology.org/ontology/RXNORM/7646", "preferredName": "Omeprazole"}, {"semTypes": ["T999"], "to": "11339", "fro": "11330", "fullId": "http://purl.bioontology.org/ontology/RXNORM/7646", "preferredName": "Omeprazole"}, {"semTypes": ["T195", "T109"], "to": "13404", "fro": "13391", "fullId": "http://purl.bioontology.org/ontology/MSH/D017291", "preferredName": "Clarithromycin"}, {"semTypes": ["T109", "T121"], "to": "11231", "fro": "11222", "fullId": "http://purl.bioontology.org/ontology/MSH/D009853", "preferredName": "Omeprazole"}, {"semTypes": ["T109", "T121"], "to": "14111", "fro": "14101", "fullId": "http://purl.bioontology.org/ontology/MSH/C413408", "preferredName": "atazanavir"}, {"semTypes": ["T999"], "to": "12891", "fro": "12879", "fullId": "http://purl.bioontology.org/ontology/RXNORM/7646", "preferredName": "Omeprazole"}, {"semTypes": ["T109", "T121"], "to": "3365", "fro": "3356", "fullId": "http://purl.bioontology.org/ontology/MSH/D017291", "preferredName": "Clarithromycin"}, {"semTypes": ["T999"], "to": "15799", "fro": "15788", "fullId": "http://purl.bioontology.org/ontology/RXNORM/42316", "preferredName": "Tacrolimus"}, {"semTypes": ["T999"], "to": "503", "fro": "496", "fullId": "http://purl.bioontology.org/ontology/MSH/D010868", "preferredName": "Pimozide"}, {"semTypes": ["T121", "T109"], "to": "10623", "fro": "10614", "fullId": "http://purl.bioontology.org/ontology/MSH/D009853", "preferredName": "Omeprazole"}, {"semTypes": ["T999"], "to": "1451", "fro": "1439", "fullId": "http://purl.bioontology.org/ontology/MSH/D017291", "preferredName": "Clarithromycin"}, {"semTypes": ["T109", "T121"], "to": "1451", "fro": "1439", "fullId": "http://purl.bioontology.org/ontology/MSH/D009853", "preferredName": "Omeprazole"}, {"semTypes": ["T999"], "to": "4097", "fro": "4080", "fullId": "http://purl.bioontology.org/ontology/MSH/C101426", "preferredName": "sildenafil"}, {"semTypes": ["T121", "T109"], "to": "947", "fro": "938", "fullId": "http://purl.bioontology.org/ontology/MSH/D009853", "preferredName": "Omeprazole"}, {"semTypes": ["T999"], "to": "8391", "fro": "8384", "fullId": "http://purl.bioontology.org/ontology/RXNORM/10438", "preferredName": "Theophylline"}, {"semTypes": ["T999"], "to": "15811", "fro": "15802", "fullId": "http://purl.bioontology.org/ontology/MSH/D013806", "preferredName": "Theophylline"}, {"semTypes": ["T999"], "to": "10731", "fro": "10722", "fullId": "http://purl.bioontology.org/ontology/RXNORM/7646", "preferredName": "Omeprazole"}, {"semTypes": ["T195", "T109"], "to": "9508", "fro": "9495", "fullId": "http://purl.bioontology.org/ontology/RXNORM/21212", "preferredName": "Clarithromycin"}, {"semTypes": ["T999"], "to": "14111", "fro": "14101", "fullId": "http://purl.bioontology.org/ontology/RXNORM/42316", "preferredName": "Tacrolimus"}, {"semTypes": ["T999"], "to": "1963", "fro": "1956", "fullId": "http://purl.bioontology.org/ontology/MSH/D010868", "preferredName": "Pimozide"}, {"semTypes": ["T999"], "to": "1119", "fro": "1110", "fullId": "http://purl.bioontology.org/ontology/MSH/D009853", "preferredName": "Omeprazole"}, {"semTypes": ["T999"], "to": "14452", "fro": "14443", "fullId": "http://purl.bioontology.org/ontology/RXNORM/21107", "preferredName": "cilostazol"}, {"semTypes": ["T109", "T195"], "to": "15811", "fro": "15802", "fullId": "http://purl.bioontology.org/ontology/RXNORM/10438", "preferredName": "Theophylline"}, {"semTypes": ["T121", "T109"], "to": "5851", "fro": "5835", "fullId": "http://purl.bioontology.org/ontology/MSH/D002220", "preferredName": "Carbamazepine"}, {"semTypes": ["T999"], "to": "4054", "fro": "4045", "fullId": "http://purl.bioontology.org/ontology/MSH/D009853", "preferredName": "Omeprazole"}, {"semTypes": ["T109", "T121"], "to": "11535", "fro": "11526", "fullId": "http://purl.bioontology.org/ontology/MSH/D009853", "preferredName": "Omeprazole"}, {"semTypes": ["T109", "T121"], "to": "6247", "fro": "6240", "fullId": "http://purl.bioontology.org/ontology/MSH/D009853", "preferredName": "Omeprazole"}, {"semTypes": ["T999"], "to": "4109", "fro": "4100", "fullId": "http://purl.bioontology.org/ontology/RXNORM/7646", "preferredName": "Omeprazole"}, {"semTypes": ["T999"], "to": "14498", "fro": "14490", "fullId": "http://purl.bioontology.org/ontology/RXNORM/42316", "preferredName": "Tacrolimus"}, {"semTypes": ["T109", "T121"], "to": "4054", "fro": "4045", "fullId": "http://purl.bioontology.org/ontology/RXNORM/7646", "preferredName": "Omeprazole"}, {"semTypes": ["T999"], "to": "16240", "fro": "16231", "fullId": "http://purl.bioontology.org/ontology/MSH/D010868", "preferredName": "Pimozide"}, {"semTypes": ["T121", "T109"], "to": "10776", "fro": "10767", "fullId": "http://purl.bioontology.org/ontology/MSH/D009853", "preferredName": "Omeprazole"}, {"semTypes": ["T999"], "to": "10891", "fro": "10882", "fullId": "http://purl.bioontology.org/ontology/RXNORM/7646", "preferredName": "Omeprazole"}, {"semTypes": ["T109", "T121"], "to": "9551", "fro": "9542", "fullId": "http://purl.bioontology.org/ontology/MSH/D017291", "preferredName": "Clarithromycin"}, {"semTypes": ["T999"], "to": "1566", "fro": "1554", "fullId": "http://purl.bioontology.org/ontology/RXNORM/7646", "preferredName": "Omeprazole"}, {"semTypes": ["T999"], "to": "10776", "fro": "10767", "fullId": "http://purl.bioontology.org/ontology/RXNORM/7646", "preferredName": "Omeprazole"}, {"semTypes": ["T109", "T121"], "to": "12814", "fro": "12802", "fullId": "http://purl.bioontology.org/ontology/MSH/D009853", "preferredName": "Omeprazole"}, {"semTypes": ["T999"], "to": "3769", "fro": "3756", "fullId": "http://purl.bioontology.org/ontology/MSH/D017291", "preferredName": "Clarithromycin"}, {"semTypes": ["T109", "T121"], "to": "14452", "fro": "14443", "fullId": "http://purl.bioontology.org/ontology/MSH/D016559", "preferredName": "Tacrolimus"}, {"semTypes": ["T999"], "to": "4317", "fro": "4309", "fullId": "http://purl.bioontology.org/ontology/RXNORM/83395", "preferredName": "Saquinavir"}, {"semTypes": ["T121", "T109"], "to": "4109", "fro": "4100", "fullId": "http://purl.bioontology.org/ontology/RXNORM/7646", "preferredName": "Omeprazole"}, {"semTypes": ["T999"], "to": "1074", "fro": "1065", "fullId": "http://purl.bioontology.org/ontology/RXNORM/7646", "preferredName": "Omeprazole"}, {"semTypes": ["T109", "T195"], "to": "16618", "fro": "16609", "fullId": "http://purl.bioontology.org/ontology/MSH/D010868", "preferredName": "Pimozide"}, {"semTypes": ["T195", "T109"], "to": "4077", "fro": "4069", "fullId": "http://purl.bioontology.org/ontology/RXNORM/83395", "preferredName": "Saquinavir"}, {"semTypes": ["T999"], "to": "11801", "fro": "11790", "fullId": "http://purl.bioontology.org/ontology/MSH/D009853", "preferredName": "Omeprazole"}, {"semTypes": ["T999"], "to": "4024", "fro": "4011", "fullId": "http://purl.bioontology.org/ontology/RXNORM/21212", "preferredName": "Clarithromycin"}, {"semTypes": ["T999"], "to": "12599", "fro": "12587", "fullId": "http://purl.bioontology.org/ontology/RXNORM/7646", "preferredName": "Omeprazole"}, {"semTypes": ["T109", "T121"], "to": "6432", "fro": "6425", "fullId": "http://purl.bioontology.org/ontology/RXNORM/7646", "preferredName": "Omeprazole"}, {"semTypes": ["T109", "T121"], "to": "6677", "fro": "6670", "fullId": "http://purl.bioontology.org/ontology/MSH/D009853", "preferredName": "Omeprazole"}, {"semTypes": ["T999"], "to": "6743", "fro": "6736", "fullId": "http://purl.bioontology.org/ontology/RXNORM/7646", "preferredName": "Omeprazole"}, {"semTypes": ["T999"], "to": "9508", "fro": "9495", "fullId": "http://purl.bioontology.org/ontology/MSH/D017291", "preferredName": "Clarithromycin"}, {"semTypes": ["T999"], "to": "4291", "fro": "4280", "fullId": "http://purl.bioontology.org/ontology/MSH/D016559", "preferredName": "Tacrolimus"}, {"semTypes": ["T121", "T109"], "to": "10891", "fro": "10882", "fullId": "http://purl.bioontology.org/ontology/MSH/D009853", "preferredName": "Omeprazole"}, {"semTypes": ["T999"], "to": "5587", "fro": "5578", "fullId": "http://purl.bioontology.org/ontology/RXNORM/21107", "preferredName": "cilostazol"}, {"semTypes": ["T109", "T121"], "to": "5391", "fro": "5382", "fullId": "http://purl.bioontology.org/ontology/RXNORM/21107", "preferredName": "cilostazol"}, {"semTypes": ["T999"], "to": "10623", "fro": "10614", "fullId": "http://purl.bioontology.org/ontology/MSH/D009853", "preferredName": "Omeprazole"}, {"semTypes": ["T999"], "to": "1179", "fro": "1170", "fullId": "http://purl.bioontology.org/ontology/RXNORM/7646", "preferredName": "Omeprazole"}, {"semTypes": ["T109", "T121"], "to": "1179", "fro": "1170", "fullId": "http://purl.bioontology.org/ontology/MSH/D009853", "preferredName": "Omeprazole"}, {"semTypes": ["T109", "T121"], "to": "9631", "fro": "9622", "fullId": "http://purl.bioontology.org/ontology/RXNORM/2002", "preferredName": "Carbamazepine"}, {"semTypes": ["T999"], "to": "248", "fro": "235", "fullId": "http://purl.bioontology.org/ontology/MSH/D017291", "preferredName": "Clarithromycin"}, {"semTypes": ["T121", "T109"], "to": "4128", "fro": "4116", "fullId": "http://purl.bioontology.org/ontology/MSH/C045645", "preferredName": "cilostazol"}, {"semTypes": ["T999"], "to": "9891", "fro": "9882", "fullId": "http://purl.bioontology.org/ontology/MSH/D013806", "preferredName": "Theophylline"}, {"semTypes": ["T999"], "to": "684", "fro": "675", "fullId": "http://purl.bioontology.org/ontology/MSH/D013806", "preferredName": "Theophylline"}, {"semTypes": ["T999"], "to": "10302", "fro": "10293", "fullId": "http://purl.bioontology.org/ontology/RXNORM/8331", "preferredName": "Pimozide"}, {"semTypes": ["T109", "T121"], "to": "5830", "fro": "5821", "fullId": "http://purl.bioontology.org/ontology/MSH/D010868", "preferredName": "Pimozide"}, {"semTypes": ["T999"], "to": "10204", "fro": "10195", "fullId": "http://purl.bioontology.org/ontology/RXNORM/8331", "preferredName": "Pimozide"}, {"semTypes": ["T121", "T109"], "to": "4291", "fro": "4280", "fullId": "http://purl.bioontology.org/ontology/MSH/C101426", "preferredName": "sildenafil"}, {"semTypes": ["T999"], "to": "4216", "fro": "4203", "fullId": "http://purl.bioontology.org/ontology/RXNORM/21212", "preferredName": "Clarithromycin"}, {"semTypes": ["T999"], "to": "9643", "fro": "9634", "fullId": "http://purl.bioontology.org/ontology/RXNORM/2002", "preferredName": "Carbamazepine"}, {"semTypes": ["T999"], "to": "5391", "fro": "5382", "fullId": "http://purl.bioontology.org/ontology/MSH/D013806", "preferredName": "Theophylline"}, {"semTypes": ["T999"], "to": "9996", "fro": "9987", "fullId": "http://purl.bioontology.org/ontology/RXNORM/2002", "preferredName": "Carbamazepine"}, {"semTypes": ["T109", "T121"], "to": "792", "fro": "783", "fullId": "http://purl.bioontology.org/ontology/MSH/D017291", "preferredName": "Clarithromycin"}, {"semTypes": ["T999"], "to": "14005", "fro": "13996", "fullId": "http://purl.bioontology.org/ontology/MSH/C045645", "preferredName": "cilostazol"}, {"semTypes": ["T121", "T109"], "to": "10302", "fro": "10293", "fullId": "http://purl.bioontology.org/ontology/RXNORM/10438", "preferredName": "Theophylline"}, {"semTypes": ["T109", "T121"], "to": "9996", "fro": "9987", "fullId": "http://purl.bioontology.org/ontology/RXNORM/10438", "preferredName": "Theophylline"}, {"semTypes": ["T999"], "to": "1673", "fro": "1664", "fullId": "http://purl.bioontology.org/ontology/RXNORM/2002", "preferredName": "Carbamazepine"}, {"semTypes": ["T195", "T109"], "to": "7520", "fro": "7507", "fullId": "http://purl.bioontology.org/ontology/MSH/D017291", "preferredName": "Clarithromycin"}, {"semTypes": ["T999"], "to": "11535", "fro": "11526", "fullId": "http://purl.bioontology.org/ontology/RXNORM/7646", "preferredName": "Omeprazole"}, {"semTypes": ["T999"], "to": "1612", "fro": "1603", "fullId": "http://purl.bioontology.org/ontology/RXNORM/2002", "preferredName": "Carbamazepine"}, {"semTypes": ["T109", "T121"], "to": "9714", "fro": "9705", "fullId": "http://purl.bioontology.org/ontology/RXNORM/10438", "preferredName": "Theophylline"}, {"semTypes": ["T999"], "to": "6859", "fro": "6852", "fullId": "http://purl.bioontology.org/ontology/MSH/D017291", "preferredName": "Clarithromycin"}, {"semTypes": ["T121", "T109"], "to": "9659", "fro": "9650", "fullId": "http://purl.bioontology.org/ontology/RXNORM/10438", "preferredName": "Theophylline"}, {"semTypes": ["T999"], "to": "9551", "fro": "9542", "fullId": "http://purl.bioontology.org/ontology/MSH/D017291", "preferredName": "Clarithromycin"}, {"semTypes": ["T999"], "to": "1953", "fro": "1946", "fullId": "http://purl.bioontology.org/ontology/MSH/C045645", "preferredName": "cilostazol"}, {"semTypes": ["T999"], "to": "4993", "fro": "4984", "fullId": "http://purl.bioontology.org/ontology/MSH/D002220", "preferredName": "Carbamazepine"}, {"semTypes": ["T109", "T121", "T123"], "to": "1388", "fro": "1377", "fullId": "http://purl.bioontology.org/ontology/MSH/D009853", "preferredName": "Omeprazole"}, {"semTypes": ["T121", "T109"], "to": "4666", "fro": "4657", "fullId": "http://purl.bioontology.org/ontology/MSH/D002220", "preferredName": "Carbamazepine"}, {"semTypes": ["T999"], "to": "9804", "fro": "9795", "fullId": "http://purl.bioontology.org/ontology/RXNORM/2002", "preferredName": "Carbamazepine"}, {"semTypes": ["T109", "T195"], "to": "2383", "fro": "2374", "fullId": "http://purl.bioontology.org/ontology/RXNORM/10438", "preferredName": "Theophylline"}, {"semTypes": ["T999"], "to": "9659", "fro": "9650", "fullId": "http://purl.bioontology.org/ontology/RXNORM/2002", "preferredName": "Carbamazepine"}, {"semTypes": ["T999"], "to": "432", "fro": "423", "fullId": "http://purl.bioontology.org/ontology/MSH/D017291", "preferredName": "Clarithromycin"}, {"semTypes": ["T999"], "to": "10272", "fro": "10263", "fullId": "http://purl.bioontology.org/ontology/RXNORM/8331", "preferredName": "Pimozide"}, {"semTypes": ["T121", "T109"], "to": "4587", "fro": "4578", "fullId": "http://purl.bioontology.org/ontology/RXNORM/8331", "preferredName": "Pimozide"}, {"semTypes": ["T195", "T109"], "to": "6418", "fro": "6405", "fullId": "http://purl.bioontology.org/ontology/MSH/D017291", "preferredName": "Clarithromycin"}, {"semTypes": ["T999"], "to": "3052", "fro": "3042", "fullId": "http://purl.bioontology.org/ontology/MSH/C045645", "preferredName": "cilostazol"}, {"semTypes": ["T118", "T121", "T110"], "to": "7568", "fro": "7562", "fullId": "http://purl.bioontology.org/ontology/MSH/D013806", "preferredName": "Theophylline"}, {"semTypes": ["T999"], "to": "6121", "fro": "6114", "fullId": "http://purl.bioontology.org/ontology/MSH/D009853", "preferredName": "Omeprazole"}, {"semTypes": ["T999"], "to": "2403", "fro": "2397", "fullId": "http://purl.bioontology.org/ontology/MSH/D013806", "preferredName": "Theophylline"}, {"semTypes": ["T118", "T121", "T110"], "to": "321", "fro": "315", "fullId": "http://purl.bioontology.org/ontology/MSH/D013806", "preferredName": "Theophylline"}, {"semTypes": ["T109", "T121"], "to": "11391", "fro": "11382", "fullId": "http://purl.bioontology.org/ontology/MSH/D009853", "preferredName": "Omeprazole"}, {"semTypes": ["T109", "T121"], "to": "11339", "fro": "11330", "fullId": "http://purl.bioontology.org/ontology/RXNORM/7646", "preferredName": "Omeprazole"}, {"semTypes": ["T999"], "to": "289", "fro": "283", "fullId": "http://purl.bioontology.org/ontology/MSH/D013806", "preferredName": "Theophylline"}, {"semTypes": ["T118", "T121", "T110"], "to": "8001", "fro": "7995", "fullId": "http://purl.bioontology.org/ontology/RXNORM/8331", "preferredName": "Pimozide"}, {"semTypes": ["T999"], "to": "3212", "fro": "3198", "fullId": "http://purl.bioontology.org/ontology/RXNORM/10438", "preferredName": "Theophylline"}, {"semTypes": ["T999"], "to": "8001", "fro": "7995", "fullId": "http://purl.bioontology.org/ontology/RXNORM/8331", "preferredName": "Pimozide"}, {"semTypes": ["T195", "T109"], "to": "14021", "fro": "14008", "fullId": "http://purl.bioontology.org/ontology/RXNORM/21212", "preferredName": "Clarithromycin"}, {"semTypes": ["T109", "T121"], "to": "1953", "fro": "1946", "fullId": "http://purl.bioontology.org/ontology/RXNORM/21107", "preferredName": "cilostazol"}, {"semTypes": ["T118", "T121", "T110"], "to": "289", "fro": "283", "fullId": "http://purl.bioontology.org/ontology/RXNORM/10438", "preferredName": "Theophylline"}, {"semTypes": ["T121", "T109"], "to": "838", "fro": "829", "fullId": "http://purl.bioontology.org/ontology/RXNORM/7646", "preferredName": "Omeprazole"}, {"semTypes": ["T118", "T121", "T110"], "to": "2403", "fro": "2397", "fullId": "http://purl.bioontology.org/ontology/RXNORM/10438", "preferredName": "Theophylline"}, {"semTypes": ["T109", "T121"], "to": "1247", "fro": "1238", "fullId": "http://purl.bioontology.org/ontology/MSH/D009853", "preferredName": "Omeprazole"}, {"semTypes": ["T999"], "to": "321", "fro": "315", "fullId": "http://purl.bioontology.org/ontology/MSH/D002220", "preferredName": "Carbamazepine"}]