[{"semTypes": ["T121", "T109"], "to": "5406", "fro": "5398", "fullId": "http://purl.bioontology.org/ontology/RXNORM/5691", "preferredName": "Imipramine"}, {"semTypes": ["T109", "T121"], "to": "6206", "fro": "6197", "fullId": "http://purl.bioontology.org/ontology/MSH/D015283", "preferredName": "Citalopram"}, {"semTypes": ["T121", "T109"], "to": "7528", "fro": "7519", "fullId": "http://purl.bioontology.org/ontology/MSH/D015283", "preferredName": "Citalopram"}, {"semTypes": ["T999"], "to": "6953", "fro": "6944", "fullId": "http://purl.bioontology.org/ontology/RXNORM/221078", "preferredName": "Citalopram hydrobromide"}, {"semTypes": ["T121", "T109"], "to": "5166", "fro": "5154", "fullId": "http://purl.bioontology.org/ontology/RXNORM/221078", "preferredName": "Citalopram hydrobromide"}, {"semTypes": ["T999"], "to": "4419", "fro": "4410", "fullId": "http://purl.bioontology.org/ontology/MSH/D007654", "preferredName": "Ketoconazole"}, {"semTypes": ["T121", "T109"], "to": "4419", "fro": "4410", "fullId": "http://purl.bioontology.org/ontology/RXNORM/6135", "preferredName": "Ketoconazole"}, {"semTypes": ["T999"], "to": "7588", "fro": "7579", "fullId": "http://purl.bioontology.org/ontology/MSH/D015283", "preferredName": "Citalopram"}, {"semTypes": ["T121", "T109"], "to": "3661", "fro": "3654", "fullId": "http://purl.bioontology.org/ontology/RXNORM/221078", "preferredName": "Citalopram hydrobromide"}, {"semTypes": ["T121", "T131", "T109"], "to": "4673", "fro": "4666", "fullId": "http://purl.bioontology.org/ontology/RXNORM/221078", "preferredName": "Citalopram hydrobromide"}, {"semTypes": ["T999"], "to": "3444", "fro": "3437", "fullId": "http://purl.bioontology.org/ontology/RXNORM/221078", "preferredName": "Citalopram hydrobromide"}, {"semTypes": ["T121", "T109"], "to": "7611", "fro": "7601", "fullId": "http://purl.bioontology.org/ontology/RXNORM/221078", "preferredName": "Citalopram hydrobromide"}, {"semTypes": ["T109", "T121"], "to": "5209", "fro": "5200", "fullId": "http://purl.bioontology.org/ontology/MSH/D015283", "preferredName": "Citalopram"}, {"semTypes": ["T999"], "to": "5790", "fro": "5779", "fullId": "http://purl.bioontology.org/ontology/RXNORM/2556", "preferredName": "Citalopram"}, {"semTypes": ["T121", "T109"], "to": "4800", "fro": "4788", "fullId": "http://purl.bioontology.org/ontology/MSH/D015283", "preferredName": "Citalopram"}, {"semTypes": ["T999"], "to": "8183", "fro": "8173", "fullId": "http://purl.bioontology.org/ontology/RXNORM/221078", "preferredName": "Citalopram hydrobromide"}, {"semTypes": ["T109", "T121"], "to": "4456", "fro": "4447", "fullId": "http://purl.bioontology.org/ontology/RXNORM/6135", "preferredName": "Ketoconazole"}, {"semTypes": ["T999"], "to": "6794", "fro": "6785", "fullId": "http://purl.bioontology.org/ontology/RXNORM/221078", "preferredName": "Citalopram hydrobromide"}, {"semTypes": ["T999"], "to": "1990", "fro": "1984", "fullId": "http://purl.bioontology.org/ontology/RXNORM/5691", "preferredName": "Imipramine"}, {"semTypes": ["T121", "T131", "T109"], "to": "2190", "fro": "2183", "fullId": "http://purl.bioontology.org/ontology/RXNORM/221078", "preferredName": "Citalopram hydrobromide"}, {"semTypes": ["T999"], "to": "4010", "fro": "3999", "fullId": "http://purl.bioontology.org/ontology/RXNORM/221078", "preferredName": "Citalopram hydrobromide"}, {"semTypes": ["T109", "T121"], "to": "5762", "fro": "5753", "fullId": "http://purl.bioontology.org/ontology/MSH/D015283", "preferredName": "Citalopram"}, {"semTypes": ["T121", "T109"], "to": "4613", "fro": "4591", "fullId": "http://purl.bioontology.org/ontology/MSH/D015283", "preferredName": "Citalopram"}, {"semTypes": ["T999"], "to": "5612", "fro": "5601", "fullId": "http://purl.bioontology.org/ontology/MSH/D015283", "preferredName": "Citalopram"}, {"semTypes": ["T121", "T109"], "to": "4190", "fro": "4180", "fullId": "http://purl.bioontology.org/ontology/RXNORM/5691", "preferredName": "Imipramine"}, {"semTypes": ["T121", "T109"], "to": "3444", "fro": "3437", "fullId": "http://purl.bioontology.org/ontology/RXNORM/221078", "preferredName": "Citalopram hydrobromide"}, {"semTypes": ["T121", "T109"], "to": "4432", "fro": "4422", "fullId": "http://purl.bioontology.org/ontology/MSH/D007654", "preferredName": "Ketoconazole"}, {"semTypes": ["T121", "T123", "T109"], "to": "4114", "fro": "4103", "fullId": "http://purl.bioontology.org/ontology/RXNORM/221078", "preferredName": "Citalopram hydrobromide"}, {"semTypes": ["T121", "T109"], "to": "5612", "fro": "5601", "fullId": "http://purl.bioontology.org/ontology/MSH/D015283", "preferredName": "Citalopram"}, {"semTypes": ["T999"], "to": "8160", "fro": "8151", "fullId": "http://purl.bioontology.org/ontology/RXNORM/2556", "preferredName": "Citalopram"}, {"semTypes": ["T121", "T109"], "to": "4997", "fro": "4985", "fullId": "http://purl.bioontology.org/ontology/RXNORM/221078", "preferredName": "Citalopram hydrobromide"}, {"semTypes": ["T121", "T109"], "to": "8264", "fro": "8254", "fullId": "http://purl.bioontology.org/ontology/RXNORM/221078", "preferredName": "Citalopram hydrobromide"}, {"semTypes": ["T999"], "to": "6632", "fro": "6623", "fullId": "http://purl.bioontology.org/ontology/MSH/D015283", "preferredName": "Citalopram"}, {"semTypes": ["T121", "T109"], "to": "1990", "fro": "1984", "fullId": "http://purl.bioontology.org/ontology/MSH/D007099", "preferredName": "Imipramine"}, {"semTypes": ["T121", "T109"], "to": "5284", "fro": "5276", "fullId": "http://purl.bioontology.org/ontology/MSH/D007099", "preferredName": "Imipramine"}, {"semTypes": ["T999"], "to": "7692", "fro": "7682", "fullId": "http://purl.bioontology.org/ontology/RXNORM/221078", "preferredName": "Citalopram hydrobromide"}, {"semTypes": ["T121", "T109"], "to": "6102", "fro": "6091", "fullId": "http://purl.bioontology.org/ontology/MSH/D015283", "preferredName": "Citalopram"}, {"semTypes": ["T999"], "to": "4997", "fro": "4985", "fullId": "http://purl.bioontology.org/ontology/RXNORM/2556", "preferredName": "Citalopram"}, {"semTypes": ["T121", "T123", "T109"], "to": "4010", "fro": "3999", "fullId": "http://purl.bioontology.org/ontology/RXNORM/221078", "preferredName": "Citalopram hydrobromide"}, {"semTypes": ["T121", "T109"], "to": "7410", "fro": "7401", "fullId": "http://purl.bioontology.org/ontology/RXNORM/2556", "preferredName": "Citalopram"}, {"semTypes": ["T999"], "to": "3661", "fro": "3654", "fullId": "http://purl.bioontology.org/ontology/RXNORM/221078", "preferredName": "Citalopram hydrobromide"}, {"semTypes": ["T999"], "to": "4086", "fro": "4075", "fullId": "http://purl.bioontology.org/ontology/RXNORM/221078", "preferredName": "Citalopram hydrobromide"}, {"semTypes": ["T109", "T121"], "to": "6339", "fro": "6330", "fullId": "http://purl.bioontology.org/ontology/RXNORM/2556", "preferredName": "Citalopram"}, {"semTypes": ["T121", "T109"], "to": "2983", "fro": "2961", "fullId": "http://purl.bioontology.org/ontology/MSH/D015283", "preferredName": "Citalopram"}, {"semTypes": ["T121", "T109"], "to": "1617", "fro": "1611", "fullId": "http://purl.bioontology.org/ontology/MSH/D007099", "preferredName": "Imipramine"}, {"semTypes": ["T121", "T109"], "to": "8183", "fro": "8173", "fullId": "http://purl.bioontology.org/ontology/RXNORM/221078", "preferredName": "Citalopram hydrobromide"}, {"semTypes": ["T121", "T109"], "to": "6528", "fro": "6517", "fullId": "http://purl.bioontology.org/ontology/RXNORM/2556", "preferredName": "Citalopram"}, {"semTypes": ["T999"], "to": "3897", "fro": "3886", "fullId": "http://purl.bioontology.org/ontology/RXNORM/221078", "preferredName": "Citalopram hydrobromide"}, {"semTypes": ["T121", "T109"], "to": "2257", "fro": "2235", "fullId": "http://purl.bioontology.org/ontology/RXNORM/2556", "preferredName": "Citalopram"}, {"semTypes": ["T999"], "to": "3732", "fro": "3725", "fullId": "http://purl.bioontology.org/ontology/RXNORM/221078", "preferredName": "Citalopram hydrobromide"}, {"semTypes": ["T121", "T109"], "to": "8160", "fro": "8151", "fullId": "http://purl.bioontology.org/ontology/RXNORM/2556", "preferredName": "Citalopram"}, {"semTypes": ["T121", "T109"], "to": "6975", "fro": "6966", "fullId": "http://purl.bioontology.org/ontology/RXNORM/221078", "preferredName": "Citalopram hydrobromide"}, {"semTypes": ["T121", "T109"], "to": "7103", "fro": "7094", "fullId": "http://purl.bioontology.org/ontology/RXNORM/221078", "preferredName": "Citalopram hydrobromide"}, {"semTypes": ["T109", "T121"], "to": "6765", "fro": "6756", "fullId": "http://purl.bioontology.org/ontology/RXNORM/2556", "preferredName": "Citalopram"}, {"semTypes": ["T109", "T121"], "to": "2305", "fro": "2296", "fullId": "http://purl.bioontology.org/ontology/MSH/D007099", "preferredName": "Imipramine"}, {"semTypes": ["T999"], "to": "7103", "fro": "7094", "fullId": "http://purl.bioontology.org/ontology/RXNORM/221078", "preferredName": "Citalopram hydrobromide"}, {"semTypes": ["T999"], "to": "6528", "fro": "6517", "fullId": "http://purl.bioontology.org/ontology/RXNORM/2556", "preferredName": "Citalopram"}, {"semTypes": ["T109", "T121"], "to": "6503", "fro": "6494", "fullId": "http://purl.bioontology.org/ontology/RXNORM/2556", "preferredName": "Citalopram"}, {"semTypes": ["T999"], "to": "5515", "fro": "5507", "fullId": "http://purl.bioontology.org/ontology/RXNORM/5691", "preferredName": "Imipramine"}, {"semTypes": ["T121", "T109"], "to": "7692", "fro": "7682", "fullId": "http://purl.bioontology.org/ontology/RXNORM/221078", "preferredName": "Citalopram hydrobromide"}, {"semTypes": ["T999"], "to": "2819", "fro": "2813", "fullId": "http://purl.bioontology.org/ontology/RXNORM/5691", "preferredName": "Imipramine"}, {"semTypes": ["T121", "T123", "T109"], "to": "3897", "fro": "3886", "fullId": "http://purl.bioontology.org/ontology/RXNORM/221078", "preferredName": "Citalopram hydrobromide"}, {"semTypes": ["T109", "T121"], "to": "5502", "fro": "5493", "fullId": "http://purl.bioontology.org/ontology/MSH/D015283", "preferredName": "Citalopram"}, {"semTypes": ["T999"], "to": "8264", "fro": "8254", "fullId": "http://purl.bioontology.org/ontology/RXNORM/221078", "preferredName": "Citalopram hydrobromide"}, {"semTypes": ["T999"], "to": "6339", "fro": "6330", "fullId": "http://purl.bioontology.org/ontology/MSH/D015283", "preferredName": "Citalopram"}, {"semTypes": ["T121", "T109"], "to": "3732", "fro": "3725", "fullId": "http://purl.bioontology.org/ontology/RXNORM/221078", "preferredName": "Citalopram hydrobromide"}, {"semTypes": ["T109", "T121"], "to": "4444", "fro": "4435", "fullId": "http://purl.bioontology.org/ontology/MSH/D007654", "preferredName": "Ketoconazole"}, {"semTypes": ["T999"], "to": "6102", "fro": "6091", "fullId": "http://purl.bioontology.org/ontology/RXNORM/2556", "preferredName": "Citalopram"}, {"semTypes": ["T999"], "to": "4673", "fro": "4666", "fullId": "http://purl.bioontology.org/ontology/MSH/D015283", "preferredName": "Citalopram"}, {"semTypes": ["T999"], "to": "4190", "fro": "4180", "fullId": "http://purl.bioontology.org/ontology/MSH/D007099", "preferredName": "Imipramine"}, {"semTypes": ["T109", "T121"], "to": "2478", "fro": "2469", "fullId": "http://purl.bioontology.org/ontology/MSH/D015283", "preferredName": "Citalopram"}, {"semTypes": ["T121", "T109"], "to": "7588", "fro": "7579", "fullId": "http://purl.bioontology.org/ontology/MSH/D015283", "preferredName": "Citalopram"}, {"semTypes": ["T999"], "to": "5045", "fro": "5036", "fullId": "http://purl.bioontology.org/ontology/RXNORM/2556", "preferredName": "Citalopram"}, {"semTypes": ["T121", "T109"], "to": "6794", "fro": "6785", "fullId": "http://purl.bioontology.org/ontology/RXNORM/221078", "preferredName": "Citalopram hydrobromide"}, {"semTypes": ["T109", "T121"], "to": "6036", "fro": "6027", "fullId": "http://purl.bioontology.org/ontology/RXNORM/2556", "preferredName": "Citalopram"}, {"semTypes": ["T999"], "to": "6975", "fro": "6966", "fullId": "http://purl.bioontology.org/ontology/RXNORM/221078", "preferredName": "Citalopram hydrobromide"}, {"semTypes": ["T999"], "to": "683", "fro": "676", "fullId": "http://purl.bioontology.org/ontology/RXNORM/5691", "preferredName": "Imipramine"}, {"semTypes": ["T121", "T109"], "to": "6953", "fro": "6944", "fullId": "http://purl.bioontology.org/ontology/RXNORM/221078", "preferredName": "Citalopram hydrobromide"}, {"semTypes": ["T121", "T109"], "to": "4893", "fro": "4881", "fullId": "http://purl.bioontology.org/ontology/RXNORM/2556", "preferredName": "Citalopram"}, {"semTypes": ["T121", "T109"], "to": "5130", "fro": "5118", "fullId": "http://purl.bioontology.org/ontology/RXNORM/221078", "preferredName": "Citalopram hydrobromide"}, {"semTypes": ["T121", "T109"], "to": "4346", "fro": "4336", "fullId": "http://purl.bioontology.org/ontology/RXNORM/221078", "preferredName": "Citalopram hydrobromide"}, {"semTypes": ["T999"], "to": "4444", "fro": "4435", "fullId": "http://purl.bioontology.org/ontology/RXNORM/6135", "preferredName": "Ketoconazole"}, {"semTypes": ["T999"], "to": "6226", "fro": "6217", "fullId": "http://purl.bioontology.org/ontology/RXNORM/2556", "preferredName": "Citalopram"}, {"semTypes": ["T999"], "to": "2923", "fro": "2917", "fullId": "http://purl.bioontology.org/ontology/RXNORM/5691", "preferredName": "Imipramine"}, {"semTypes": ["T999"], "to": "3812", "fro": "3805", "fullId": "http://purl.bioontology.org/ontology/RXNORM/221078", "preferredName": "Citalopram hydrobromide"}, {"semTypes": ["T118", "T110", "T121"], "to": "2681", "fro": "2675", "fullId": "http://purl.bioontology.org/ontology/MSH/D007099", "preferredName": "Imipramine"}, {"semTypes": ["T999"], "to": "5888", "fro": "5879", "fullId": "http://purl.bioontology.org/ontology/RXNORM/2556", "preferredName": "Citalopram"}, {"semTypes": ["T121", "T109"], "to": "7934", "fro": "7912", "fullId": "http://purl.bioontology.org/ontology/RXNORM/2556", "preferredName": "Citalopram"}, {"semTypes": ["T999"], "to": "6503", "fro": "6494", "fullId": "http://purl.bioontology.org/ontology/MSH/D015283", "preferredName": "Citalopram"}, {"semTypes": ["T999"], "to": "5284", "fro": "5276", "fullId": "http://purl.bioontology.org/ontology/MSH/D007099", "preferredName": "Imipramine"}, {"semTypes": ["T121", "T109"], "to": "416", "fro": "409", "fullId": "http://purl.bioontology.org/ontology/RXNORM/6135", "preferredName": "Ketoconazole"}, {"semTypes": ["T200"], "to": "3498", "fro": "3486", "fullId": "http://purl.bioontology.org/ontology/RXNORM/6135", "preferredName": "Ketoconazole"}, {"semTypes": ["T999"], "to": "4152", "fro": "4143", "fullId": "http://purl.bioontology.org/ontology/RXNORM/2556", "preferredName": "Citalopram"}, {"semTypes": ["T109", "T121"], "to": "7848", "fro": "7839", "fullId": "http://purl.bioontology.org/ontology/MSH/D015283", "preferredName": "Citalopram"}, {"semTypes": ["T121", "T131", "T109"], "to": "2161", "fro": "2154", "fullId": "http://purl.bioontology.org/ontology/RXNORM/221078", "preferredName": "Citalopram hydrobromide"}, {"semTypes": ["T109", "T121"], "to": "8114", "fro": "8105", "fullId": "http://purl.bioontology.org/ontology/MSH/D015283", "preferredName": "Citalopram"}, {"semTypes": ["T121", "T109"], "to": "5515", "fro": "5507", "fullId": "http://purl.bioontology.org/ontology/RXNORM/5691", "preferredName": "Imipramine"}, {"semTypes": ["T999"], "to": "8114", "fro": "8105", "fullId": "http://purl.bioontology.org/ontology/RXNORM/2556", "preferredName": "Citalopram"}, {"semTypes": ["T109", "T121"], "to": "4468", "fro": "4459", "fullId": "http://purl.bioontology.org/ontology/MSH/D015283", "preferredName": "Citalopram"}, {"semTypes": ["T999"], "to": "7410", "fro": "7401", "fullId": "http://purl.bioontology.org/ontology/RXNORM/2556", "preferredName": "Citalopram"}, {"semTypes": ["T999"], "to": "3108", "fro": "3099", "fullId": "http://purl.bioontology.org/ontology/RXNORM/2556", "preferredName": "Citalopram"}, {"semTypes": ["T999"], "to": "7542", "fro": "7533", "fullId": "http://purl.bioontology.org/ontology/MSH/D015283", "preferredName": "Citalopram"}, {"semTypes": ["T999"], "to": "556", "fro": "547", "fullId": "http://purl.bioontology.org/ontology/MSH/D007654", "preferredName": "Ketoconazole"}, {"semTypes": ["T999"], "to": "7276", "fro": "7267", "fullId": "http://purl.bioontology.org/ontology/MSH/D015283", "preferredName": "Citalopram"}, {"semTypes": ["T999"], "to": "4893", "fro": "4881", "fullId": "http://purl.bioontology.org/ontology/RXNORM/221078", "preferredName": "Citalopram hydrobromide"}, {"semTypes": ["T999"], "to": "5502", "fro": "5493", "fullId": "http://purl.bioontology.org/ontology/RXNORM/2556", "preferredName": "Citalopram"}, {"semTypes": ["T109", "T121"], "to": "2912", "fro": "2903", "fullId": "http://purl.bioontology.org/ontology/RXNORM/2556", "preferredName": "Citalopram"}, {"semTypes": ["T999"], "to": "6652", "fro": "6643", "fullId": "http://purl.bioontology.org/ontology/MSH/D015283", "preferredName": "Citalopram"}, {"semTypes": ["T999"], "to": "2912", "fro": "2903", "fullId": "http://purl.bioontology.org/ontology/RXNORM/2556", "preferredName": "Citalopram"}, {"semTypes": ["T121", "T109"], "to": "7192", "fro": "7183", "fullId": "http://purl.bioontology.org/ontology/RXNORM/2556", "preferredName": "Citalopram"}, {"semTypes": ["T999"], "to": "4346", "fro": "4336", "fullId": "http://purl.bioontology.org/ontology/RXNORM/5691", "preferredName": "Imipramine"}, {"semTypes": ["T121", "T109"], "to": "5790", "fro": "5779", "fullId": "http://purl.bioontology.org/ontology/MSH/D015283", "preferredName": "Citalopram"}, {"semTypes": ["T999"], "to": "6077", "fro": "6068", "fullId": "http://purl.bioontology.org/ontology/RXNORM/2556", "preferredName": "Citalopram"}, {"semTypes": ["T999"], "to": "5209", "fro": "5200", "fullId": "http://purl.bioontology.org/ontology/MSH/D015283", "preferredName": "Citalopram"}, {"semTypes": ["T121", "T123", "T116"], "to": "556", "fro": "547", "fullId": "http://purl.bioontology.org/ontology/MSH/D007654", "preferredName": "Ketoconazole"}, {"semTypes": ["T999"], "to": "1868", "fro": "1860", "fullId": "http://purl.bioontology.org/ontology/RXNORM/6135", "preferredName": "Ketoconazole"}, {"semTypes": ["T109", "T121"], "to": "7542", "fro": "7533", "fullId": "http://purl.bioontology.org/ontology/MSH/D015283", "preferredName": "Citalopram"}, {"semTypes": ["T999"], "to": "6036", "fro": "6027", "fullId": "http://purl.bioontology.org/ontology/MSH/D015283", "preferredName": "Citalopram"}, {"semTypes": ["T999"], "to": "2478", "fro": "2469", "fullId": "http://purl.bioontology.org/ontology/MSH/D015283", "preferredName": "Citalopram"}, {"semTypes": ["T121", "T109"], "to": "2379", "fro": "2357", "fullId": "http://purl.bioontology.org/ontology/MSH/D015283", "preferredName": "Citalopram"}, {"semTypes": ["T999"], "to": "1113", "fro": "1104", "fullId": "http://purl.bioontology.org/ontology/RXNORM/2556", "preferredName": "Citalopram"}, {"semTypes": ["T999"], "to": "5664", "fro": "5653", "fullId": "http://purl.bioontology.org/ontology/RXNORM/2556", "preferredName": "Citalopram"}, {"semTypes": ["T109", "T121"], "to": "4152", "fro": "4143", "fullId": "http://purl.bioontology.org/ontology/MSH/D015283", "preferredName": "Citalopram"}, {"semTypes": ["T121", "T109"], "to": "7982", "fro": "7973", "fullId": "http://purl.bioontology.org/ontology/RXNORM/2556", "preferredName": "Citalopram"}, {"semTypes": ["T109", "T121"], "to": "5888", "fro": "5879", "fullId": "http://purl.bioontology.org/ontology/MSH/D015283", "preferredName": "Citalopram"}, {"semTypes": ["T109", "T121"], "to": "3108", "fro": "3099", "fullId": "http://purl.bioontology.org/ontology/MSH/D015283", "preferredName": "Citalopram"}, {"semTypes": ["T121", "T109"], "to": "8100", "fro": "8091", "fullId": "http://purl.bioontology.org/ontology/RXNORM/2556", "preferredName": "Citalopram"}, {"semTypes": ["T999"], "to": "4800", "fro": "4788", "fullId": "http://purl.bioontology.org/ontology/RXNORM/221078", "preferredName": "Citalopram hydrobromide"}, {"semTypes": ["T999"], "to": "4468", "fro": "4459", "fullId": "http://purl.bioontology.org/ontology/MSH/D015283", "preferredName": "Citalopram"}, {"semTypes": ["T999"], "to": "6765", "fro": "6756", "fullId": "http://purl.bioontology.org/ontology/MSH/D015283", "preferredName": "Citalopram"}, {"semTypes": ["T109", "T121"], "to": "6077", "fro": "6068", "fullId": "http://purl.bioontology.org/ontology/RXNORM/2556", "preferredName": "Citalopram"}, {"semTypes": ["T121", "T109"], "to": "518", "fro": "496", "fullId": "http://purl.bioontology.org/ontology/MSH/D015283", "preferredName": "Citalopram"}, {"semTypes": ["T999"], "to": "5406", "fro": "5398", "fullId": "http://purl.bioontology.org/ontology/RXNORM/5691", "preferredName": "Imipramine"}, {"semTypes": ["T109", "T121"], "to": "7276", "fro": "7267", "fullId": "http://purl.bioontology.org/ontology/RXNORM/2556", "preferredName": "Citalopram"}, {"semTypes": ["T121", "T109"], "to": "4389", "fro": "4379", "fullId": "http://purl.bioontology.org/ontology/RXNORM/5691", "preferredName": "Imipramine"}, {"semTypes": ["T109", "T121"], "to": "6632", "fro": "6623", "fullId": "http://purl.bioontology.org/ontology/RXNORM/2556", "preferredName": "Citalopram"}, {"semTypes": ["T999"], "to": "7848", "fro": "7839", "fullId": "http://purl.bioontology.org/ontology/RXNORM/2556", "preferredName": "Citalopram"}, {"semTypes": ["T999"], "to": "8100", "fro": "8091", "fullId": "http://purl.bioontology.org/ontology/RXNORM/2556", "preferredName": "Citalopram"}, {"semTypes": ["T121", "T109"], "to": "5335", "fro": "5313", "fullId": "http://purl.bioontology.org/ontology/RXNORM/2556", "preferredName": "Citalopram"}, {"semTypes": ["T999"], "to": "4114", "fro": "4103", "fullId": "http://purl.bioontology.org/ontology/RXNORM/221078", "preferredName": "Citalopram hydrobromide"}, {"semTypes": ["T109", "T121"], "to": "5045", "fro": "5036", "fullId": "http://purl.bioontology.org/ontology/MSH/D015283", "preferredName": "Citalopram"}, {"semTypes": ["T109", "T121"], "to": "1239", "fro": "1230", "fullId": "http://purl.bioontology.org/ontology/MSH/D015283", "preferredName": "Citalopram"}, {"semTypes": ["T121", "T109"], "to": "127", "fro": "105", "fullId": "http://purl.bioontology.org/ontology/RXNORM/2556", "preferredName": "Citalopram"}, {"semTypes": ["T999"], "to": "2429", "fro": "2420", "fullId": "http://purl.bioontology.org/ontology/MSH/D007099", "preferredName": "Imipramine"}, {"semTypes": ["T109", "T121"], "to": "3685", "fro": "3676", "fullId": "http://purl.bioontology.org/ontology/MSH/D015283", "preferredName": "Citalopram"}, {"semTypes": ["T121", "T109"], "to": "5536", "fro": "5525", "fullId": "http://purl.bioontology.org/ontology/MSH/D015283", "preferredName": "Citalopram"}, {"semTypes": ["T999"], "to": "2161", "fro": "2154", "fullId": "http://purl.bioontology.org/ontology/MSH/D015283", "preferredName": "Citalopram"}, {"semTypes": ["T200"], "to": "3536", "fro": "3521", "fullId": "http://purl.bioontology.org/ontology/RXNORM/6135", "preferredName": "Ketoconazole"}, {"semTypes": ["T121", "T109"], "to": "2755", "fro": "2733", "fullId": "http://purl.bioontology.org/ontology/RXNORM/2556", "preferredName": "Citalopram"}, {"semTypes": ["T121", "T131", "T109"], "to": "4561", "fro": "4554", "fullId": "http://purl.bioontology.org/ontology/MSH/D015283", "preferredName": "Citalopram"}, {"semTypes": ["T121", "T109"], "to": "2807", "fro": "2785", "fullId": "http://purl.bioontology.org/ontology/RXNORM/2556", "preferredName": "Citalopram"}, {"semTypes": ["T121", "T109"], "to": "3948", "fro": "3926", "fullId": "http://purl.bioontology.org/ontology/RXNORM/2556", "preferredName": "Citalopram"}, {"semTypes": ["T999"], "to": "7192", "fro": "7183", "fullId": "http://purl.bioontology.org/ontology/RXNORM/2556", "preferredName": "Citalopram"}, {"semTypes": ["T999"], "to": "7611", "fro": "7601", "fullId": "http://purl.bioontology.org/ontology/RXNORM/221078", "preferredName": "Citalopram hydrobromide"}, {"semTypes": ["T999"], "to": "3338", "fro": "3329", "fullId": "http://purl.bioontology.org/ontology/MSH/D015283", "preferredName": "Citalopram"}, {"semTypes": ["T999"], "to": "6206", "fro": "6197", "fullId": "http://purl.bioontology.org/ontology/MSH/D015283", "preferredName": "Citalopram"}, {"semTypes": ["T121", "T109"], "to": "1434", "fro": "1412", "fullId": "http://purl.bioontology.org/ontology/MSH/D015283", "preferredName": "Citalopram"}, {"semTypes": ["T999"], "to": "2190", "fro": "2183", "fullId": "http://purl.bioontology.org/ontology/RXNORM/221078", "preferredName": "Citalopram hydrobromide"}, {"semTypes": ["T999"], "to": "2305", "fro": "2296", "fullId": "http://purl.bioontology.org/ontology/MSH/D007099", "preferredName": "Imipramine"}, {"semTypes": ["T999"], "to": "5536", "fro": "5525", "fullId": "http://purl.bioontology.org/ontology/RXNORM/2556", "preferredName": "Citalopram"}, {"semTypes": ["T999"], "to": "5762", "fro": "5753", "fullId": "http://purl.bioontology.org/ontology/MSH/D015283", "preferredName": "Citalopram"}, {"semTypes": ["T999"], "to": "4456", "fro": "4447", "fullId": "http://purl.bioontology.org/ontology/RXNORM/6135", "preferredName": "Ketoconazole"}, {"semTypes": ["T121", "T109"], "to": "7088", "fro": "7066", "fullId": "http://purl.bioontology.org/ontology/RXNORM/2556", "preferredName": "Citalopram"}, {"semTypes": ["T121", "T123", "T109"], "to": "4086", "fro": "4075", "fullId": "http://purl.bioontology.org/ontology/RXNORM/221078", "preferredName": "Citalopram hydrobromide"}, {"semTypes": ["T121", "T109"], "to": "3812", "fro": "3805", "fullId": "http://purl.bioontology.org/ontology/RXNORM/221078", "preferredName": "Citalopram hydrobromide"}, {"semTypes": ["T121", "T109"], "to": "7362", "fro": "7340", "fullId": "http://purl.bioontology.org/ontology/RXNORM/2556", "preferredName": "Citalopram"}, {"semTypes": ["T109", "T121"], "to": "3338", "fro": "3329", "fullId": "http://purl.bioontology.org/ontology/MSH/D015283", "preferredName": "Citalopram"}, {"semTypes": ["T109", "T121"], "to": "2429", "fro": "2420", "fullId": "http://purl.bioontology.org/ontology/MSH/D007099", "preferredName": "Imipramine"}, {"semTypes": ["T121", "T109"], "to": "3396", "fro": "3374", "fullId": "http://purl.bioontology.org/ontology/RXNORM/2556", "preferredName": "Citalopram"}, {"semTypes": ["T121", "T109"], "to": "5664", "fro": "5653", "fullId": "http://purl.bioontology.org/ontology/RXNORM/2556", "preferredName": "Citalopram"}, {"semTypes": ["T999"], "to": "2681", "fro": "2675", "fullId": "http://purl.bioontology.org/ontology/MSH/D007099", "preferredName": "Imipramine"}, {"semTypes": ["T118", "T110", "T121"], "to": "2923", "fro": "2917", "fullId": "http://purl.bioontology.org/ontology/MSH/D007099", "preferredName": "Imipramine"}, {"semTypes": ["T121", "T109"], "to": "4851", "fro": "4829", "fullId": "http://purl.bioontology.org/ontology/RXNORM/2556", "preferredName": "Citalopram"}, {"semTypes": ["T999"], "to": "7982", "fro": "7973", "fullId": "http://purl.bioontology.org/ontology/MSH/D015283", "preferredName": "Citalopram"}, {"semTypes": ["T999"], "to": "6462", "fro": "6453", "fullId": "http://purl.bioontology.org/ontology/RXNORM/2556", "preferredName": "Citalopram"}, {"semTypes": ["T121", "T109"], "to": "218", "fro": "196", "fullId": "http://purl.bioontology.org/ontology/RXNORM/2556", "preferredName": "Citalopram"}, {"semTypes": ["T109", "T121"], "to": "6462", "fro": "6453", "fullId": "http://purl.bioontology.org/ontology/RXNORM/2556", "preferredName": "Citalopram"}, {"semTypes": ["T999"], "to": "1490", "fro": "1463", "fullId": "http://purl.bioontology.org/ontology/MSH/D007654", "preferredName": "Ketoconazole"}, {"semTypes": ["T999"], "to": "329", "fro": "322", "fullId": "http://purl.bioontology.org/ontology/MSH/D007099", "preferredName": "Imipramine"}, {"semTypes": ["T999"], "to": "416", "fro": "409", "fullId": "http://purl.bioontology.org/ontology/MSH/D007654", "preferredName": "Ketoconazole"}, {"semTypes": ["T999"], "to": "1239", "fro": "1230", "fullId": "http://purl.bioontology.org/ontology/RXNORM/2556", "preferredName": "Citalopram"}, {"semTypes": ["T121", "T131", "T109"], "to": "1627", "fro": "1620", "fullId": "http://purl.bioontology.org/ontology/RXNORM/2556", "preferredName": "Citalopram"}, {"semTypes": ["T999"], "to": "5166", "fro": "5154", "fullId": "http://purl.bioontology.org/ontology/RXNORM/221078", "preferredName": "Citalopram hydrobromide"}, {"semTypes": ["T121", "T109"], "to": "8532", "fro": "8510", "fullId": "http://purl.bioontology.org/ontology/RXNORM/2556", "preferredName": "Citalopram"}, {"semTypes": ["T999"], "to": "4389", "fro": "4379", "fullId": "http://purl.bioontology.org/ontology/RXNORM/5691", "preferredName": "Imipramine"}, {"semTypes": ["T999"], "to": "7528", "fro": "7519", "fullId": "http://purl.bioontology.org/ontology/MSH/D015283", "preferredName": "Citalopram"}, {"semTypes": ["T109", "T121"], "to": "1113", "fro": "1104", "fullId": "http://purl.bioontology.org/ontology/MSH/D015283", "preferredName": "Citalopram"}, {"semTypes": ["T109", "T121"], "to": "6652", "fro": "6643", "fullId": "http://purl.bioontology.org/ontology/MSH/D015283", "preferredName": "Citalopram"}, {"semTypes": ["T999"], "to": "340", "fro": "332", "fullId": "http://purl.bioontology.org/ontology/RXNORM/5691", "preferredName": "Imipramine"}, {"semTypes": ["T999"], "to": "4432", "fro": "4422", "fullId": "http://purl.bioontology.org/ontology/RXNORM/6135", "preferredName": "Ketoconazole"}, {"semTypes": ["T121", "T109"], "to": "6846", "fro": "6824", "fullId": "http://purl.bioontology.org/ontology/MSH/D015283", "preferredName": "Citalopram"}, {"semTypes": ["T999"], "to": "1627", "fro": "1620", "fullId": "http://purl.bioontology.org/ontology/RXNORM/221078", "preferredName": "Citalopram hydrobromide"}, {"semTypes": ["T121", "T109"], "to": "835", "fro": "813", "fullId": "http://purl.bioontology.org/ontology/MSH/D015283", "preferredName": "Citalopram"}, {"semTypes": ["T118", "T110", "T121"], "to": "2819", "fro": "2813", "fullId": "http://purl.bioontology.org/ontology/RXNORM/5691", "preferredName": "Imipramine"}, {"semTypes": ["T121", "T109"], "to": "5587", "fro": "5565", "fullId": "http://purl.bioontology.org/ontology/MSH/D015283", "preferredName": "Citalopram"}, {"semTypes": ["T109", "T121"], "to": "6226", "fro": "6217", "fullId": "http://purl.bioontology.org/ontology/MSH/D015283", "preferredName": "Citalopram"}, {"semTypes": ["T121", "T109"], "to": "7807", "fro": "7785", "fullId": "http://purl.bioontology.org/ontology/RXNORM/2556", "preferredName": "Citalopram"}, {"semTypes": ["T999"], "to": "3685", "fro": "3676", "fullId": "http://purl.bioontology.org/ontology/MSH/D015283", "preferredName": "Citalopram"}, {"semTypes": ["T109", "T121"], "to": "340", "fro": "332", "fullId": "http://purl.bioontology.org/ontology/RXNORM/6135", "preferredName": "Ketoconazole"}, {"semTypes": ["T999"], "to": "5130", "fro": "5118", "fullId": "http://purl.bioontology.org/ontology/RXNORM/221078", "preferredName": "Citalopram hydrobromide"}, {"semTypes": ["T999"], "to": "4561", "fro": "4554", "fullId": "http://purl.bioontology.org/ontology/RXNORM/221078", "preferredName": "Citalopram hydrobromide"}, {"semTypes": ["T121", "T109"], "to": "8379", "fro": "8357", "fullId": "http://purl.bioontology.org/ontology/RXNORM/2556", "preferredName": "Citalopram"}, {"semTypes": ["T999"], "to": "1617", "fro": "1611", "fullId": "http://purl.bioontology.org/ontology/MSH/D007099", "preferredName": "Imipramine"}]