[{"semTypes": ["T999"], "to": "3140", "fro": "3131", "fullId": "http://purl.bioontology.org/ontology/RXNORM/1191", "preferredName": "Aspirin"}, {"semTypes": ["T121", "T118", "T110"], "to": "3215", "fro": "3209", "fullId": "http://purl.bioontology.org/ontology/RXNORM/5224", "preferredName": "Heparin"}, {"semTypes": ["T121", "T109", "T131"], "to": "3511", "fro": "3504", "fullId": "http://purl.bioontology.org/ontology/MSH/C055162", "preferredName": "clopidogrel"}, {"semTypes": ["T999"], "to": "3152", "fro": "3145", "fullId": "http://purl.bioontology.org/ontology/RXNORM/5224", "preferredName": "Heparin"}, {"semTypes": ["T109", "T121"], "to": "1766", "fro": "1759", "fullId": "http://purl.bioontology.org/ontology/RXNORM/5224", "preferredName": "Heparin"}, {"semTypes": ["T121", "T109"], "to": "2949", "fro": "2942", "fullId": "http://purl.bioontology.org/ontology/MSH/C055162", "preferredName": "clopidogrel"}, {"semTypes": ["T109", "T121"], "to": "2994", "fro": "2985", "fullId": "http://purl.bioontology.org/ontology/MSH/C055162", "preferredName": "clopidogrel"}, {"semTypes": ["T999"], "to": "3511", "fro": "3504", "fullId": "http://purl.bioontology.org/ontology/MSH/C055162", "preferredName": "clopidogrel"}, {"semTypes": ["T109", "T121"], "to": "3535", "fro": "3525", "fullId": "http://purl.bioontology.org/ontology/MSH/D006493", "preferredName": "Heparin"}, {"semTypes": ["T999"], "to": "2994", "fro": "2985", "fullId": "http://purl.bioontology.org/ontology/MSH/C055162", "preferredName": "clopidogrel"}, {"semTypes": ["T999"], "to": "2979", "fro": "2972", "fullId": "http://purl.bioontology.org/ontology/MSH/C055162", "preferredName": "clopidogrel"}, {"semTypes": ["T999"], "to": "4239", "fro": "4236", "fullId": "http://purl.bioontology.org/ontology/RXNORM/5224", "preferredName": "Heparin"}, {"semTypes": ["T121", "T109"], "to": "2979", "fro": "2972", "fullId": "http://purl.bioontology.org/ontology/MSH/D001241", "preferredName": "Aspirin"}, {"semTypes": ["T121", "T109"], "to": "4500", "fro": "4490", "fullId": "http://purl.bioontology.org/ontology/MSH/D001241", "preferredName": "Aspirin"}, {"semTypes": ["T109", "T121"], "to": "2961", "fro": "2952", "fullId": "http://purl.bioontology.org/ontology/MSH/D001241", "preferredName": "Aspirin"}, {"semTypes": ["T121", "T109", "T131"], "to": "2343", "fro": "2336", "fullId": "http://purl.bioontology.org/ontology/MSH/C055162", "preferredName": "clopidogrel"}, {"semTypes": ["T109", "T121"], "to": "1387", "fro": "1367", "fullId": "http://purl.bioontology.org/ontology/RXNORM/236991", "preferredName": "Clopidogrel bisulfate"}, {"semTypes": ["T999"], "to": "2961", "fro": "2952", "fullId": "http://purl.bioontology.org/ontology/MSH/D001241", "preferredName": "Aspirin"}, {"semTypes": ["T109", "T121"], "to": "3477", "fro": "3469", "fullId": "http://purl.bioontology.org/ontology/RXNORM/1191", "preferredName": "Aspirin"}, {"semTypes": ["T999"], "to": "3522", "fro": "3514", "fullId": "http://purl.bioontology.org/ontology/RXNORM/1191", "preferredName": "Aspirin"}, {"semTypes": ["T999"], "to": "1766", "fro": "1759", "fullId": "http://purl.bioontology.org/ontology/MSH/D001241", "preferredName": "Aspirin"}, {"semTypes": ["T999"], "to": "3231", "fro": "3220", "fullId": "http://purl.bioontology.org/ontology/MSH/D001241", "preferredName": "Aspirin"}, {"semTypes": ["T121", "T125", "T116"], "to": "4152", "fro": "4146", "fullId": "http://purl.bioontology.org/ontology/RXNORM/1191", "preferredName": "Aspirin"}, {"semTypes": ["T999"], "to": "3501", "fro": "3491", "fullId": "http://purl.bioontology.org/ontology/RXNORM/5224", "preferredName": "Heparin"}, {"semTypes": ["T121", "T109"], "to": "3488", "fro": "3480", "fullId": "http://purl.bioontology.org/ontology/RXNORM/1191", "preferredName": "Aspirin"}, {"semTypes": ["T999"], "to": "3215", "fro": "3209", "fullId": "http://purl.bioontology.org/ontology/RXNORM/1191", "preferredName": "Aspirin"}, {"semTypes": ["T123", "T110"], "to": "4073", "fro": "4063", "fullId": "http://purl.bioontology.org/ontology/RXNORM/1191", "preferredName": "Aspirin"}, {"semTypes": ["T999"], "to": "3535", "fro": "3525", "fullId": "http://purl.bioontology.org/ontology/MSH/D001241", "preferredName": "Aspirin"}, {"semTypes": ["T999"], "to": "3477", "fro": "3469", "fullId": "http://purl.bioontology.org/ontology/MSH/D001241", "preferredName": "Aspirin"}, {"semTypes": ["T121", "T109"], "to": "3140", "fro": "3131", "fullId": "http://purl.bioontology.org/ontology/RXNORM/1191", "preferredName": "Aspirin"}, {"semTypes": ["T121", "T109"], "to": "3374", "fro": "3364", "fullId": "http://purl.bioontology.org/ontology/MSH/C055162", "preferredName": "clopidogrel"}, {"semTypes": ["T999"], "to": "3488", "fro": "3480", "fullId": "http://purl.bioontology.org/ontology/RXNORM/1191", "preferredName": "Aspirin"}, {"semTypes": ["T121", "T109"], "to": "3501", "fro": "3491", "fullId": "http://purl.bioontology.org/ontology/MSH/D001241", "preferredName": "Aspirin"}, {"semTypes": ["T999"], "to": "4073", "fro": "4063", "fullId": "http://purl.bioontology.org/ontology/MSH/D001241", "preferredName": "Aspirin"}, {"semTypes": ["T121", "T109", "T123"], "to": "3231", "fro": "3220", "fullId": "http://purl.bioontology.org/ontology/RXNORM/1191", "preferredName": "Aspirin"}, {"semTypes": ["T109", "T121"], "to": "3049", "fro": "3029", "fullId": "http://purl.bioontology.org/ontology/RXNORM/236991", "preferredName": "Clopidogrel bisulfate"}, {"semTypes": ["T109", "T121"], "to": "1174", "fro": "1154", "fullId": "http://purl.bioontology.org/ontology/RXNORM/236991", "preferredName": "Clopidogrel bisulfate"}, {"semTypes": ["T109", "T121"], "to": "1918", "fro": "1898", "fullId": "http://purl.bioontology.org/ontology/RXNORM/236991", "preferredName": "Clopidogrel bisulfate"}, {"semTypes": ["T999"], "to": "4152", "fro": "4146", "fullId": "http://purl.bioontology.org/ontology/RXNORM/5224", "preferredName": "Heparin"}, {"semTypes": ["T999"], "to": "3430", "fro": "3410", "fullId": "http://purl.bioontology.org/ontology/RXNORM/236991", "preferredName": "Clopidogrel bisulfate"}, {"semTypes": ["T999"], "to": "634", "fro": "614", "fullId": "http://purl.bioontology.org/ontology/RXNORM/236991", "preferredName": "Clopidogrel bisulfate"}, {"semTypes": ["T999"], "to": "3374", "fro": "3364", "fullId": "http://purl.bioontology.org/ontology/RXNORM/236991", "preferredName": "Clopidogrel bisulfate"}, {"semTypes": ["T999"], "to": "2916", "fro": "2896", "fullId": "http://purl.bioontology.org/ontology/RXNORM/236991", "preferredName": "Clopidogrel bisulfate"}, {"semTypes": ["T999"], "to": "3049", "fro": "3029", "fullId": "http://purl.bioontology.org/ontology/RXNORM/236991", "preferredName": "Clopidogrel bisulfate"}, {"semTypes": ["T999"], "to": "755", "fro": "735", "fullId": "http://purl.bioontology.org/ontology/RXNORM/236991", "preferredName": "Clopidogrel bisulfate"}, {"semTypes": ["T999"], "to": "1387", "fro": "1367", "fullId": "http://purl.bioontology.org/ontology/RXNORM/236991", "preferredName": "Clopidogrel bisulfate"}, {"semTypes": ["T999"], "to": "3758", "fro": "3738", "fullId": "http://purl.bioontology.org/ontology/RXNORM/236991", "preferredName": "Clopidogrel bisulfate"}, {"semTypes": ["T999"], "to": "1918", "fro": "1898", "fullId": "http://purl.bioontology.org/ontology/RXNORM/236991", "preferredName": "Clopidogrel bisulfate"}, {"semTypes": ["T999"], "to": "657", "fro": "637", "fullId": "http://purl.bioontology.org/ontology/RXNORM/236991", "preferredName": "Clopidogrel bisulfate"}, {"semTypes": ["T999"], "to": "1174", "fro": "1154", "fullId": "http://purl.bioontology.org/ontology/RXNORM/236991", "preferredName": "Clopidogrel bisulfate"}, {"semTypes": ["T999"], "to": "1819", "fro": "1799", "fullId": "http://purl.bioontology.org/ontology/RXNORM/236991", "preferredName": "Clopidogrel bisulfate"}, {"semTypes": ["T999"], "to": "3128", "fro": "3116", "fullId": "http://purl.bioontology.org/ontology/MSH/D006493", "preferredName": "Heparin"}, {"semTypes": ["T999"], "to": "3298", "fro": "3278", "fullId": "http://purl.bioontology.org/ontology/RXNORM/236991", "preferredName": "Clopidogrel bisulfate"}, {"semTypes": ["T999"], "to": "3909", "fro": "3889", "fullId": "http://purl.bioontology.org/ontology/RXNORM/236991", "preferredName": "Clopidogrel bisulfate"}, {"semTypes": ["T999"], "to": "4500", "fro": "4490", "fullId": "http://purl.bioontology.org/ontology/MSH/C055162", "preferredName": "clopidogrel"}, {"semTypes": ["T999"], "to": "2370", "fro": "2350", "fullId": "http://purl.bioontology.org/ontology/MSH/C055162", "preferredName": "clopidogrel"}, {"semTypes": ["T999"], "to": "378", "fro": "372", "fullId": "http://purl.bioontology.org/ontology/MSH/C055162", "preferredName": "clopidogrel"}, {"semTypes": ["T999"], "to": "767", "fro": "761", "fullId": "http://purl.bioontology.org/ontology/MSH/C055162", "preferredName": "clopidogrel"}, {"semTypes": ["T109", "T121"], "to": "514", "fro": "508", "fullId": "http://purl.bioontology.org/ontology/MSH/C055162", "preferredName": "clopidogrel"}, {"semTypes": ["T999"], "to": "514", "fro": "508", "fullId": "http://purl.bioontology.org/ontology/MSH/C055162", "preferredName": "clopidogrel"}, {"semTypes": ["T109", "T121"], "to": "378", "fro": "372", "fullId": "http://purl.bioontology.org/ontology/MSH/C055162", "preferredName": "clopidogrel"}, {"semTypes": ["T109", "T121"], "to": "767", "fro": "761", "fullId": "http://purl.bioontology.org/ontology/MSH/C055162", "preferredName": "clopidogrel"}, {"semTypes": ["T999"], "to": "2949", "fro": "2942", "fullId": "http://purl.bioontology.org/ontology/MSH/C055162", "preferredName": "clopidogrel"}, {"semTypes": ["T121", "T109", "T131"], "to": "2199", "fro": "2192", "fullId": "http://purl.bioontology.org/ontology/MSH/C055162", "preferredName": "clopidogrel"}, {"semTypes": ["T999"], "to": "312", "fro": "306", "fullId": "http://purl.bioontology.org/ontology/MSH/C055162", "preferredName": "clopidogrel"}, {"semTypes": ["T109", "T121"], "to": "312", "fro": "306", "fullId": "http://purl.bioontology.org/ontology/MSH/C055162", "preferredName": "clopidogrel"}, {"semTypes": ["T999"], "to": "691", "fro": "685", "fullId": "http://purl.bioontology.org/ontology/MSH/C055162", "preferredName": "clopidogrel"}, {"semTypes": ["T109", "T121"], "to": "634", "fro": "614", "fullId": "http://purl.bioontology.org/ontology/RXNORM/236991", "preferredName": "Clopidogrel bisulfate"}, {"semTypes": ["T109", "T121"], "to": "691", "fro": "685", "fullId": "http://purl.bioontology.org/ontology/MSH/C055162", "preferredName": "clopidogrel"}, {"semTypes": ["T123", "T121", "T118"], "to": "1222", "fro": "1216", "fullId": "http://purl.bioontology.org/ontology/MSH/C055162", "preferredName": "clopidogrel"}, {"semTypes": ["T123", "T121", "T118"], "to": "1258", "fro": "1252", "fullId": "http://purl.bioontology.org/ontology/MSH/C055162", "preferredName": "clopidogrel"}, {"semTypes": ["T109", "T121"], "to": "3522", "fro": "3514", "fullId": "http://purl.bioontology.org/ontology/MSH/D006493", "preferredName": "Heparin"}, {"semTypes": ["T109", "T121"], "to": "3298", "fro": "3278", "fullId": "http://purl.bioontology.org/ontology/RXNORM/236991", "preferredName": "Clopidogrel bisulfate"}, {"semTypes": ["T999"], "to": "1222", "fro": "1216", "fullId": "http://purl.bioontology.org/ontology/MSH/C055162", "preferredName": "clopidogrel"}, {"semTypes": ["T999"], "to": "1060", "fro": "1054", "fullId": "http://purl.bioontology.org/ontology/MSH/C055162", "preferredName": "clopidogrel"}, {"semTypes": ["T109", "T121"], "to": "755", "fro": "735", "fullId": "http://purl.bioontology.org/ontology/RXNORM/236991", "preferredName": "Clopidogrel bisulfate"}, {"semTypes": ["T123", "T121", "T118"], "to": "1060", "fro": "1054", "fullId": "http://purl.bioontology.org/ontology/MSH/C055162", "preferredName": "clopidogrel"}, {"semTypes": ["T999"], "to": "1258", "fro": "1252", "fullId": "http://purl.bioontology.org/ontology/MSH/C055162", "preferredName": "clopidogrel"}, {"semTypes": ["T109", "T121"], "to": "1819", "fro": "1799", "fullId": "http://purl.bioontology.org/ontology/RXNORM/236991", "preferredName": "Clopidogrel bisulfate"}, {"semTypes": ["T123", "T121", "T118"], "to": "1302", "fro": "1296", "fullId": "http://purl.bioontology.org/ontology/MSH/C055162", "preferredName": "clopidogrel"}, {"semTypes": ["T109", "T121"], "to": "2916", "fro": "2896", "fullId": "http://purl.bioontology.org/ontology/RXNORM/236991", "preferredName": "Clopidogrel bisulfate"}, {"semTypes": ["T999"], "to": "1302", "fro": "1296", "fullId": "http://purl.bioontology.org/ontology/MSH/C055162", "preferredName": "clopidogrel"}, {"semTypes": ["T109", "T121"], "to": "657", "fro": "637", "fullId": "http://purl.bioontology.org/ontology/RXNORM/236991", "preferredName": "Clopidogrel bisulfate"}, {"semTypes": ["T109", "T121"], "to": "3128", "fro": "3116", "fullId": "http://purl.bioontology.org/ontology/MSH/D006493", "preferredName": "Heparin"}, {"semTypes": ["T109", "T121"], "to": "2370", "fro": "2350", "fullId": "http://purl.bioontology.org/ontology/RXNORM/236991", "preferredName": "Clopidogrel bisulfate"}, {"semTypes": ["T109", "T121"], "to": "3430", "fro": "3410", "fullId": "http://purl.bioontology.org/ontology/RXNORM/236991", "preferredName": "Clopidogrel bisulfate"}, {"semTypes": ["T109", "T121"], "to": "3758", "fro": "3738", "fullId": "http://purl.bioontology.org/ontology/RXNORM/236991", "preferredName": "Clopidogrel bisulfate"}, {"semTypes": ["T999"], "to": "2199", "fro": "2192", "fullId": "http://purl.bioontology.org/ontology/MSH/C055162", "preferredName": "clopidogrel"}, {"semTypes": ["T109", "T121"], "to": "3909", "fro": "3889", "fullId": "http://purl.bioontology.org/ontology/RXNORM/236991", "preferredName": "Clopidogrel bisulfate"}, {"semTypes": ["T999"], "to": "2343", "fro": "2336", "fullId": "http://purl.bioontology.org/ontology/MSH/C055162", "preferredName": "clopidogrel"}]