[{"semTypes": ["T999"], "to": "2569", "fro": "2558", "fullId": "http://purl.bioontology.org/ontology/RXNORM/7646", "preferredName": "Omeprazole"}, {"semTypes": ["T999"], "to": "3561", "fro": "3556", "fullId": "http://purl.bioontology.org/ontology/MSH/C055162", "preferredName": "clopidogrel"}, {"semTypes": ["T999"], "to": "1643", "fro": "1634", "fullId": "http://purl.bioontology.org/ontology/MSH/C055162", "preferredName": "clopidogrel"}, {"semTypes": ["T999"], "to": "5032", "fro": "5027", "fullId": "http://purl.bioontology.org/ontology/MSH/C055162", "preferredName": "clopidogrel"}, {"semTypes": ["T109", "T121"], "to": "2569", "fro": "2558", "fullId": "http://purl.bioontology.org/ontology/MSH/D009853", "preferredName": "Omeprazole"}, {"semTypes": ["T999"], "to": "1304", "fro": "1294", "fullId": "http://purl.bioontology.org/ontology/MSH/C055162", "preferredName": "clopidogrel"}, {"semTypes": ["T121", "T109"], "to": "1424", "fro": "1414", "fullId": "http://purl.bioontology.org/ontology/RXNORM/174742", "preferredName": "Plavix"}, {"semTypes": ["T999"], "to": "4990", "fro": "4981", "fullId": "http://purl.bioontology.org/ontology/RXNORM/174742", "preferredName": "Plavix"}, {"semTypes": ["T999"], "to": "610", "fro": "600", "fullId": "http://purl.bioontology.org/ontology/MSH/C055162", "preferredName": "clopidogrel"}, {"semTypes": ["T121", "T109", "T131"], "to": "6783", "fro": "6776", "fullId": "http://purl.bioontology.org/ontology/RXNORM/7646", "preferredName": "Omeprazole"}, {"semTypes": ["T999"], "to": "1670", "fro": "1665", "fullId": "http://purl.bioontology.org/ontology/MSH/C055162", "preferredName": "clopidogrel"}, {"semTypes": ["T999"], "to": "2064", "fro": "2059", "fullId": "http://purl.bioontology.org/ontology/MSH/C055162", "preferredName": "clopidogrel"}, {"semTypes": ["T109", "T121"], "to": "1865", "fro": "1854", "fullId": "http://purl.bioontology.org/ontology/MSH/D009853", "preferredName": "Omeprazole"}, {"semTypes": ["T999"], "to": "2117", "fro": "2108", "fullId": "http://purl.bioontology.org/ontology/RXNORM/174742", "preferredName": "Plavix"}, {"semTypes": ["T999"], "to": "817", "fro": "807", "fullId": "http://purl.bioontology.org/ontology/MSH/C055162", "preferredName": "clopidogrel"}, {"semTypes": ["T999"], "to": "294", "fro": "287", "fullId": "http://purl.bioontology.org/ontology/RXNORM/174742", "preferredName": "Plavix"}, {"semTypes": ["T999"], "to": "5674", "fro": "5663", "fullId": "http://purl.bioontology.org/ontology/MSH/D009853", "preferredName": "Omeprazole"}, {"semTypes": ["T999"], "to": "1717", "fro": "1712", "fullId": "http://purl.bioontology.org/ontology/MSH/C055162", "preferredName": "clopidogrel"}, {"semTypes": ["T999"], "to": "1260", "fro": "1251", "fullId": "http://purl.bioontology.org/ontology/RXNORM/174742", "preferredName": "Plavix"}, {"semTypes": ["T121", "T109"], "to": "1972", "fro": "1962", "fullId": "http://purl.bioontology.org/ontology/RXNORM/174742", "preferredName": "Plavix"}, {"semTypes": ["T999"], "to": "2449", "fro": "2439", "fullId": "http://purl.bioontology.org/ontology/MSH/C055162", "preferredName": "clopidogrel"}, {"semTypes": ["T999"], "to": "1865", "fro": "1854", "fullId": "http://purl.bioontology.org/ontology/RXNORM/7646", "preferredName": "Omeprazole"}, {"semTypes": ["T121", "T109"], "to": "2200", "fro": "2195", "fullId": "http://purl.bioontology.org/ontology/MSH/C055162", "preferredName": "clopidogrel"}, {"semTypes": ["T109", "T121"], "to": "5674", "fro": "5663", "fullId": "http://purl.bioontology.org/ontology/MSH/D009853", "preferredName": "Omeprazole"}, {"semTypes": ["T109", "T121"], "to": "1260", "fro": "1251", "fullId": "http://purl.bioontology.org/ontology/RXNORM/174742", "preferredName": "Plavix"}, {"semTypes": ["T121", "T109"], "to": "7062", "fro": "7057", "fullId": "http://purl.bioontology.org/ontology/MSH/C055162", "preferredName": "clopidogrel"}, {"semTypes": ["T121", "T109", "T131"], "to": "294", "fro": "287", "fullId": "http://purl.bioontology.org/ontology/RXNORM/174742", "preferredName": "Plavix"}, {"semTypes": ["T121", "T109"], "to": "6529", "fro": "6524", "fullId": "http://purl.bioontology.org/ontology/MSH/C055162", "preferredName": "clopidogrel"}, {"semTypes": ["T121", "T109"], "to": "7231", "fro": "7221", "fullId": "http://purl.bioontology.org/ontology/RXNORM/174742", "preferredName": "Plavix"}, {"semTypes": ["T109", "T121"], "to": "1926", "fro": "1917", "fullId": "http://purl.bioontology.org/ontology/RXNORM/174742", "preferredName": "Plavix"}, {"semTypes": ["T121", "T109"], "to": "2064", "fro": "2059", "fullId": "http://purl.bioontology.org/ontology/MSH/C055162", "preferredName": "clopidogrel"}, {"semTypes": ["T121", "T109"], "to": "1304", "fro": "1294", "fullId": "http://purl.bioontology.org/ontology/RXNORM/174742", "preferredName": "Plavix"}, {"semTypes": ["T109", "T121"], "to": "1643", "fro": "1634", "fullId": "http://purl.bioontology.org/ontology/RXNORM/174742", "preferredName": "Plavix"}, {"semTypes": ["T121", "T109"], "to": "1717", "fro": "1712", "fullId": "http://purl.bioontology.org/ontology/MSH/C055162", "preferredName": "clopidogrel"}, {"semTypes": ["T999"], "to": "1492", "fro": "1487", "fullId": "http://purl.bioontology.org/ontology/MSH/C055162", "preferredName": "clopidogrel"}, {"semTypes": ["T121", "T109"], "to": "1777", "fro": "1772", "fullId": "http://purl.bioontology.org/ontology/MSH/C055162", "preferredName": "clopidogrel"}, {"semTypes": ["T999"], "to": "3740", "fro": "3735", "fullId": "http://purl.bioontology.org/ontology/MSH/C055162", "preferredName": "clopidogrel"}, {"semTypes": ["T200"], "to": "6899", "fro": "6883", "fullId": "http://purl.bioontology.org/ontology/MSH/D009853", "preferredName": "Omeprazole"}, {"semTypes": ["T121", "T109"], "to": "3740", "fro": "3735", "fullId": "http://purl.bioontology.org/ontology/MSH/C055162", "preferredName": "clopidogrel"}, {"semTypes": ["T999"], "to": "6783", "fro": "6776", "fullId": "http://purl.bioontology.org/ontology/RXNORM/174742", "preferredName": "Plavix"}, {"semTypes": ["T109", "T121"], "to": "1507", "fro": "1498", "fullId": "http://purl.bioontology.org/ontology/RXNORM/174742", "preferredName": "Plavix"}, {"semTypes": ["T121", "T109"], "to": "1670", "fro": "1665", "fullId": "http://purl.bioontology.org/ontology/MSH/C055162", "preferredName": "clopidogrel"}, {"semTypes": ["T121", "T109"], "to": "1094", "fro": "1089", "fullId": "http://purl.bioontology.org/ontology/MSH/C055162", "preferredName": "clopidogrel"}, {"semTypes": ["T999"], "to": "5047", "fro": "5038", "fullId": "http://purl.bioontology.org/ontology/RXNORM/174742", "preferredName": "Plavix"}, {"semTypes": ["T121", "T109"], "to": "1492", "fro": "1487", "fullId": "http://purl.bioontology.org/ontology/MSH/C055162", "preferredName": "clopidogrel"}, {"semTypes": ["T999"], "to": "7076", "fro": "7069", "fullId": "http://purl.bioontology.org/ontology/RXNORM/174742", "preferredName": "Plavix"}, {"semTypes": ["T999"], "to": "2200", "fro": "2195", "fullId": "http://purl.bioontology.org/ontology/MSH/C055162", "preferredName": "clopidogrel"}, {"semTypes": ["T121", "T109", "T131"], "to": "7076", "fro": "7069", "fullId": "http://purl.bioontology.org/ontology/RXNORM/7646", "preferredName": "Omeprazole"}, {"semTypes": ["T121", "T109"], "to": "5032", "fro": "5027", "fullId": "http://purl.bioontology.org/ontology/MSH/C055162", "preferredName": "clopidogrel"}, {"semTypes": ["T999"], "to": "1926", "fro": "1917", "fullId": "http://purl.bioontology.org/ontology/RXNORM/174742", "preferredName": "Plavix"}, {"semTypes": ["T121", "T109"], "to": "610", "fro": "600", "fullId": "http://purl.bioontology.org/ontology/RXNORM/174742", "preferredName": "Plavix"}, {"semTypes": ["T121", "T109"], "to": "3561", "fro": "3556", "fullId": "http://purl.bioontology.org/ontology/MSH/C055162", "preferredName": "clopidogrel"}, {"semTypes": ["T999"], "to": "7062", "fro": "7057", "fullId": "http://purl.bioontology.org/ontology/MSH/C055162", "preferredName": "clopidogrel"}, {"semTypes": ["T109", "T121"], "to": "5047", "fro": "5038", "fullId": "http://purl.bioontology.org/ontology/MSH/C055162", "preferredName": "clopidogrel"}, {"semTypes": ["T109", "T121"], "to": "1194", "fro": "1185", "fullId": "http://purl.bioontology.org/ontology/RXNORM/174742", "preferredName": "Plavix"}, {"semTypes": ["T999"], "to": "1507", "fro": "1498", "fullId": "http://purl.bioontology.org/ontology/MSH/C055162", "preferredName": "clopidogrel"}, {"semTypes": ["T999"], "to": "7231", "fro": "7221", "fullId": "http://purl.bioontology.org/ontology/MSH/C055162", "preferredName": "clopidogrel"}, {"semTypes": ["T121", "T109", "T131"], "to": "7026", "fro": "7019", "fullId": "http://purl.bioontology.org/ontology/RXNORM/174742", "preferredName": "Plavix"}, {"semTypes": ["T999"], "to": "1194", "fro": "1185", "fullId": "http://purl.bioontology.org/ontology/MSH/C055162", "preferredName": "clopidogrel"}, {"semTypes": ["T121", "T109"], "to": "2449", "fro": "2439", "fullId": "http://purl.bioontology.org/ontology/RXNORM/174742", "preferredName": "Plavix"}, {"semTypes": ["T999"], "to": "1094", "fro": "1089", "fullId": "http://purl.bioontology.org/ontology/MSH/C055162", "preferredName": "clopidogrel"}, {"semTypes": ["T109", "T121"], "to": "2117", "fro": "2108", "fullId": "http://purl.bioontology.org/ontology/MSH/C055162", "preferredName": "clopidogrel"}, {"semTypes": ["T121", "T109"], "to": "817", "fro": "807", "fullId": "http://purl.bioontology.org/ontology/RXNORM/174742", "preferredName": "Plavix"}, {"semTypes": ["T999"], "to": "6529", "fro": "6524", "fullId": "http://purl.bioontology.org/ontology/MSH/C055162", "preferredName": "clopidogrel"}, {"semTypes": ["T999"], "to": "1777", "fro": "1772", "fullId": "http://purl.bioontology.org/ontology/MSH/C055162", "preferredName": "clopidogrel"}, {"semTypes": ["T999"], "to": "2552", "fro": "2543", "fullId": "http://purl.bioontology.org/ontology/MSH/C055162", "preferredName": "clopidogrel"}, {"semTypes": ["T999"], "to": "1424", "fro": "1414", "fullId": "http://purl.bioontology.org/ontology/MSH/C055162", "preferredName": "clopidogrel"}, {"semTypes": ["T999"], "to": "7026", "fro": "7019", "fullId": "http://purl.bioontology.org/ontology/RXNORM/174742", "preferredName": "Plavix"}, {"semTypes": ["T999"], "to": "1972", "fro": "1962", "fullId": "http://purl.bioontology.org/ontology/MSH/C055162", "preferredName": "clopidogrel"}, {"semTypes": ["T109", "T121"], "to": "4990", "fro": "4981", "fullId": "http://purl.bioontology.org/ontology/RXNORM/174742", "preferredName": "Plavix"}, {"semTypes": ["T109", "T121"], "to": "2552", "fro": "2543", "fullId": "http://purl.bioontology.org/ontology/MSH/C055162", "preferredName": "clopidogrel"}]