[{"semTypes": ["T109", "T121"], "to": "2066", "fro": "2058", "fullId": "http://purl.bioontology.org/ontology/MSH/D016642", "preferredName": "Bupropion"}, {"semTypes": ["T999"], "to": "2019", "fro": "2011", "fullId": "http://purl.bioontology.org/ontology/MSH/D016642", "preferredName": "Bupropion"}, {"semTypes": ["T109", "T121"], "to": "4900", "fro": "4891", "fullId": "http://purl.bioontology.org/ontology/MSH/D015283", "preferredName": "Citalopram"}, {"semTypes": ["T999"], "to": "2453", "fro": "2445", "fullId": "http://purl.bioontology.org/ontology/MSH/D016642", "preferredName": "Bupropion"}, {"semTypes": ["T999"], "to": "739", "fro": "729", "fullId": "http://purl.bioontology.org/ontology/MSH/C496215", "preferredName": "hydroxybupropion"}, {"semTypes": ["T999"], "to": "3759", "fro": "3751", "fullId": "http://purl.bioontology.org/ontology/MSH/D016642", "preferredName": "Bupropion"}, {"semTypes": ["T999"], "to": "280", "fro": "272", "fullId": "http://purl.bioontology.org/ontology/MSH/D016642", "preferredName": "Bupropion"}, {"semTypes": ["T999"], "to": "681", "fro": "670", "fullId": "http://purl.bioontology.org/ontology/MSH/D003891", "preferredName": "Desipramine"}, {"semTypes": ["T999"], "to": "576", "fro": "554", "fullId": "http://purl.bioontology.org/ontology/MSH/D016642", "preferredName": "Bupropion"}, {"semTypes": ["T121", "T109", "T123"], "to": "5593", "fro": "5582", "fullId": "http://purl.bioontology.org/ontology/RXNORM/42347", "preferredName": "Bupropion"}, {"semTypes": ["T999"], "to": "3100", "fro": "3092", "fullId": "http://purl.bioontology.org/ontology/MSH/D016642", "preferredName": "Bupropion"}, {"semTypes": ["T999"], "to": "4224", "fro": "4216", "fullId": "http://purl.bioontology.org/ontology/MSH/D016642", "preferredName": "Bupropion"}, {"semTypes": ["T999"], "to": "2066", "fro": "2058", "fullId": "http://purl.bioontology.org/ontology/MSH/D016642", "preferredName": "Bupropion"}, {"semTypes": ["T121", "T109"], "to": "2263", "fro": "2255", "fullId": "http://purl.bioontology.org/ontology/MSH/D015283", "preferredName": "Citalopram"}, {"semTypes": ["T999"], "to": "4561", "fro": "4553", "fullId": "http://purl.bioontology.org/ontology/MSH/D016642", "preferredName": "Bupropion"}, {"semTypes": ["T999"], "to": "3617", "fro": "3609", "fullId": "http://purl.bioontology.org/ontology/MSH/D016642", "preferredName": "Bupropion"}, {"semTypes": ["T109", "T121"], "to": "1408", "fro": "1400", "fullId": "http://purl.bioontology.org/ontology/MSH/D016642", "preferredName": "Bupropion"}, {"semTypes": ["T999"], "to": "4085", "fro": "4076", "fullId": "http://purl.bioontology.org/ontology/RXNORM/3247", "preferredName": "Desipramine"}, {"semTypes": ["T999"], "to": "6264", "fro": "6242", "fullId": "http://purl.bioontology.org/ontology/MSH/D016642", "preferredName": "Bupropion"}, {"semTypes": ["T999"], "to": "3647", "fro": "3639", "fullId": "http://purl.bioontology.org/ontology/MSH/D016642", "preferredName": "Bupropion"}, {"semTypes": ["T109", "T121"], "to": "914", "fro": "906", "fullId": "http://purl.bioontology.org/ontology/MSH/D016642", "preferredName": "Bupropion"}, {"semTypes": ["T109", "T121"], "to": "3477", "fro": "3467", "fullId": "http://purl.bioontology.org/ontology/RXNORM/42347", "preferredName": "Bupropion"}, {"semTypes": ["T999"], "to": "2298", "fro": "2290", "fullId": "http://purl.bioontology.org/ontology/MSH/D016642", "preferredName": "Bupropion"}, {"semTypes": ["T999"], "to": "5110", "fro": "5102", "fullId": "http://purl.bioontology.org/ontology/MSH/D016642", "preferredName": "Bupropion"}, {"semTypes": ["T109", "T121"], "to": "681", "fro": "670", "fullId": "http://purl.bioontology.org/ontology/MSH/C496215", "preferredName": "hydroxybupropion"}, {"semTypes": ["T999"], "to": "101", "fro": "93", "fullId": "http://purl.bioontology.org/ontology/MSH/D016642", "preferredName": "Bupropion"}, {"semTypes": ["T121", "T109"], "to": "2252", "fro": "2240", "fullId": "http://purl.bioontology.org/ontology/RXNORM/3247", "preferredName": "Desipramine"}, {"semTypes": ["T109", "T121"], "to": "1940", "fro": "1932", "fullId": "http://purl.bioontology.org/ontology/MSH/D016642", "preferredName": "Bupropion"}, {"semTypes": ["T999"], "to": "419", "fro": "411", "fullId": "http://purl.bioontology.org/ontology/MSH/D016642", "preferredName": "Bupropion"}, {"semTypes": ["T999"], "to": "709", "fro": "694", "fullId": "http://purl.bioontology.org/ontology/RXNORM/2556", "preferredName": "Citalopram"}, {"semTypes": ["T999"], "to": "1188", "fro": "1180", "fullId": "http://purl.bioontology.org/ontology/MSH/D016642", "preferredName": "Bupropion"}, {"semTypes": ["T109", "T121"], "to": "3617", "fro": "3609", "fullId": "http://purl.bioontology.org/ontology/MSH/D016642", "preferredName": "Bupropion"}, {"semTypes": ["T999"], "to": "1795", "fro": "1787", "fullId": "http://purl.bioontology.org/ontology/MSH/D016642", "preferredName": "Bupropion"}, {"semTypes": ["T121", "T109"], "to": "6182", "fro": "6160", "fullId": "http://purl.bioontology.org/ontology/MSH/D016642", "preferredName": "Bupropion"}, {"semTypes": ["T999"], "to": "839", "fro": "829", "fullId": "http://purl.bioontology.org/ontology/MSH/D000547", "preferredName": "Amantadine"}, {"semTypes": ["T999"], "to": "3976", "fro": "3966", "fullId": "http://purl.bioontology.org/ontology/RXNORM/203204", "preferredName": "Bupropion Hydrochloride"}, {"semTypes": ["T999"], "to": "3353", "fro": "3345", "fullId": "http://purl.bioontology.org/ontology/MSH/D016642", "preferredName": "Bupropion"}, {"semTypes": ["T121", "T109"], "to": "6264", "fro": "6242", "fullId": "http://purl.bioontology.org/ontology/MSH/D016642", "preferredName": "Bupropion"}, {"semTypes": ["T109", "T121"], "to": "2453", "fro": "2445", "fullId": "http://purl.bioontology.org/ontology/MSH/D016642", "preferredName": "Bupropion"}, {"semTypes": ["T115", "T121"], "to": "709", "fro": "694", "fullId": "http://purl.bioontology.org/ontology/RXNORM/6375", "preferredName": "Levodopa"}, {"semTypes": ["T121", "T109"], "to": "5201", "fro": "5179", "fullId": "http://purl.bioontology.org/ontology/MSH/D016642", "preferredName": "Bupropion"}, {"semTypes": ["T109", "T121"], "to": "1188", "fro": "1180", "fullId": "http://purl.bioontology.org/ontology/MSH/D016642", "preferredName": "Bupropion"}, {"semTypes": ["T999"], "to": "914", "fro": "906", "fullId": "http://purl.bioontology.org/ontology/MSH/D016642", "preferredName": "Bupropion"}, {"semTypes": ["T121", "T109"], "to": "5515", "fro": "5493", "fullId": "http://purl.bioontology.org/ontology/MSH/D016642", "preferredName": "Bupropion"}, {"semTypes": ["T999"], "to": "4972", "fro": "4965", "fullId": "http://purl.bioontology.org/ontology/RXNORM/42347", "preferredName": "Bupropion"}, {"semTypes": ["T109", "T121"], "to": "4856", "fro": "4848", "fullId": "http://purl.bioontology.org/ontology/MSH/D016642", "preferredName": "Bupropion"}, {"semTypes": ["T109", "T121"], "to": "3759", "fro": "3751", "fullId": "http://purl.bioontology.org/ontology/MSH/D016642", "preferredName": "Bupropion"}, {"semTypes": ["T121", "T109"], "to": "1748", "fro": "1742", "fullId": "http://purl.bioontology.org/ontology/RXNORM/203204", "preferredName": "Bupropion Hydrochloride"}, {"semTypes": ["T109", "T121"], "to": "3148", "fro": "3140", "fullId": "http://purl.bioontology.org/ontology/MSH/D016642", "preferredName": "Bupropion"}, {"semTypes": ["T999"], "to": "228", "fro": "220", "fullId": "http://purl.bioontology.org/ontology/MSH/D016642", "preferredName": "Bupropion"}, {"semTypes": ["T109", "T121"], "to": "280", "fro": "272", "fullId": "http://purl.bioontology.org/ontology/MSH/D016642", "preferredName": "Bupropion"}, {"semTypes": ["T131", "T121", "T109"], "to": "5830", "fro": "5823", "fullId": "http://purl.bioontology.org/ontology/MSH/C496215", "preferredName": "hydroxybupropion"}, {"semTypes": ["T109", "T121"], "to": "4692", "fro": "4684", "fullId": "http://purl.bioontology.org/ontology/MSH/D016642", "preferredName": "Bupropion"}, {"semTypes": ["T109", "T121"], "to": "4224", "fro": "4216", "fullId": "http://purl.bioontology.org/ontology/MSH/D016642", "preferredName": "Bupropion"}, {"semTypes": ["T109", "T121"], "to": "4073", "fro": "4063", "fullId": "http://purl.bioontology.org/ontology/RXNORM/3247", "preferredName": "Desipramine"}, {"semTypes": ["T109", "T121"], "to": "3647", "fro": "3639", "fullId": "http://purl.bioontology.org/ontology/MSH/D016642", "preferredName": "Bupropion"}, {"semTypes": ["T109", "T121"], "to": "875", "fro": "867", "fullId": "http://purl.bioontology.org/ontology/RXNORM/203204", "preferredName": "Bupropion Hydrochloride"}, {"semTypes": ["T999"], "to": "3891", "fro": "3881", "fullId": "http://purl.bioontology.org/ontology/RXNORM/42347", "preferredName": "Bupropion"}, {"semTypes": ["T109", "T121"], "to": "4602", "fro": "4593", "fullId": "http://purl.bioontology.org/ontology/RXNORM/42347", "preferredName": "Bupropion"}, {"semTypes": ["T109", "T121"], "to": "2216", "fro": "2208", "fullId": "http://purl.bioontology.org/ontology/MSH/D016642", "preferredName": "Bupropion"}, {"semTypes": ["T200"], "to": "1717", "fro": "1702", "fullId": "http://purl.bioontology.org/ontology/RXNORM/42347", "preferredName": "Bupropion"}, {"semTypes": ["T999"], "to": "875", "fro": "867", "fullId": "http://purl.bioontology.org/ontology/RXNORM/203204", "preferredName": "Bupropion Hydrochloride"}, {"semTypes": ["T109", "T121"], "to": "1795", "fro": "1787", "fullId": "http://purl.bioontology.org/ontology/MSH/D016642", "preferredName": "Bupropion"}, {"semTypes": ["T109", "T121"], "to": "1029", "fro": "1021", "fullId": "http://purl.bioontology.org/ontology/MSH/D016642", "preferredName": "Bupropion"}, {"semTypes": ["T109", "T121"], "to": "4024", "fro": "4015", "fullId": "http://purl.bioontology.org/ontology/MSH/D015283", "preferredName": "Citalopram"}, {"semTypes": ["T999"], "to": "5515", "fro": "5493", "fullId": "http://purl.bioontology.org/ontology/MSH/D016642", "preferredName": "Bupropion"}, {"semTypes": ["T999"], "to": "2237", "fro": "2225", "fullId": "http://purl.bioontology.org/ontology/RXNORM/203204", "preferredName": "Bupropion Hydrochloride"}, {"semTypes": ["T999"], "to": "1029", "fro": "1021", "fullId": "http://purl.bioontology.org/ontology/MSH/D016642", "preferredName": "Bupropion"}, {"semTypes": ["T116", "T121", "T124"], "to": "5247", "fro": "5240", "fullId": "http://purl.bioontology.org/ontology/RXNORM/42347", "preferredName": "Bupropion"}, {"semTypes": ["T999"], "to": "2263", "fro": "2255", "fullId": "http://purl.bioontology.org/ontology/RXNORM/42347", "preferredName": "Bupropion"}, {"semTypes": ["T109", "T121"], "to": "228", "fro": "220", "fullId": "http://purl.bioontology.org/ontology/MSH/D016642", "preferredName": "Bupropion"}, {"semTypes": ["T109", "T121"], "to": "1981", "fro": "1973", "fullId": "http://purl.bioontology.org/ontology/RXNORM/42347", "preferredName": "Bupropion"}, {"semTypes": ["T999"], "to": "3148", "fro": "3140", "fullId": "http://purl.bioontology.org/ontology/MSH/D016642", "preferredName": "Bupropion"}, {"semTypes": ["T109", "T121"], "to": "3891", "fro": "3881", "fullId": "http://purl.bioontology.org/ontology/RXNORM/42347", "preferredName": "Bupropion"}, {"semTypes": ["T109", "T121"], "to": "3353", "fro": "3345", "fullId": "http://purl.bioontology.org/ontology/MSH/D016642", "preferredName": "Bupropion"}, {"semTypes": ["T999"], "to": "5261", "fro": "5252", "fullId": "http://purl.bioontology.org/ontology/RXNORM/42347", "preferredName": "Bupropion"}, {"semTypes": ["T999"], "to": "2571", "fro": "2563", "fullId": "http://purl.bioontology.org/ontology/MSH/D016642", "preferredName": "Bupropion"}, {"semTypes": ["T109", "T121"], "to": "2571", "fro": "2563", "fullId": "http://purl.bioontology.org/ontology/MSH/D016642", "preferredName": "Bupropion"}, {"semTypes": ["T999"], "to": "6182", "fro": "6160", "fullId": "http://purl.bioontology.org/ontology/MSH/D016642", "preferredName": "Bupropion"}, {"semTypes": ["T999"], "to": "4856", "fro": "4848", "fullId": "http://purl.bioontology.org/ontology/MSH/D016642", "preferredName": "Bupropion"}, {"semTypes": ["T999"], "to": "1940", "fro": "1932", "fullId": "http://purl.bioontology.org/ontology/MSH/D016642", "preferredName": "Bupropion"}, {"semTypes": ["T116", "T121", "T124"], "to": "4972", "fro": "4965", "fullId": "http://purl.bioontology.org/ontology/RXNORM/42347", "preferredName": "Bupropion"}, {"semTypes": ["T109", "T121"], "to": "101", "fro": "93", "fullId": "http://purl.bioontology.org/ontology/MSH/D016642", "preferredName": "Bupropion"}, {"semTypes": ["T999"], "to": "1408", "fro": "1400", "fullId": "http://purl.bioontology.org/ontology/MSH/D016642", "preferredName": "Bupropion"}, {"semTypes": ["T109", "T121"], "to": "3976", "fro": "3966", "fullId": "http://purl.bioontology.org/ontology/RXNORM/6375", "preferredName": "Levodopa"}, {"semTypes": ["T999"], "to": "4643", "fro": "4634", "fullId": "http://purl.bioontology.org/ontology/RXNORM/42347", "preferredName": "Bupropion"}, {"semTypes": ["T109", "T121"], "to": "2390", "fro": "2380", "fullId": "http://purl.bioontology.org/ontology/MSH/D007980", "preferredName": "Levodopa"}, {"semTypes": ["T999"], "to": "4769", "fro": "4756", "fullId": "http://purl.bioontology.org/ontology/MSH/D000547", "preferredName": "Amantadine"}, {"semTypes": ["T109", "T121"], "to": "861", "fro": "852", "fullId": "http://purl.bioontology.org/ontology/MSH/D003891", "preferredName": "Desipramine"}, {"semTypes": ["T116", "T121", "T124"], "to": "5144", "fro": "5137", "fullId": "http://purl.bioontology.org/ontology/RXNORM/42347", "preferredName": "Bupropion"}, {"semTypes": ["T999"], "to": "1748", "fro": "1742", "fullId": "http://purl.bioontology.org/ontology/MSH/D007980", "preferredName": "Levodopa"}, {"semTypes": ["T999"], "to": "4900", "fro": "4891", "fullId": "http://purl.bioontology.org/ontology/RXNORM/42347", "preferredName": "Bupropion"}, {"semTypes": ["T999"], "to": "2216", "fro": "2208", "fullId": "http://purl.bioontology.org/ontology/MSH/D016642", "preferredName": "Bupropion"}, {"semTypes": ["T109", "T121"], "to": "4561", "fro": "4553", "fullId": "http://purl.bioontology.org/ontology/MSH/D016642", "preferredName": "Bupropion"}, {"semTypes": ["T999"], "to": "3169", "fro": "3154", "fullId": "http://purl.bioontology.org/ontology/RXNORM/42347", "preferredName": "Bupropion"}, {"semTypes": ["T109", "T121"], "to": "839", "fro": "829", "fullId": "http://purl.bioontology.org/ontology/MSH/D015283", "preferredName": "Citalopram"}, {"semTypes": ["T999"], "to": "5158", "fro": "5149", "fullId": "http://purl.bioontology.org/ontology/RXNORM/42347", "preferredName": "Bupropion"}, {"semTypes": ["T999"], "to": "5593", "fro": "5582", "fullId": "http://purl.bioontology.org/ontology/RXNORM/3247", "preferredName": "Desipramine"}, {"semTypes": ["T999"], "to": "5144", "fro": "5137", "fullId": "http://purl.bioontology.org/ontology/RXNORM/42347", "preferredName": "Bupropion"}, {"semTypes": ["T999"], "to": "1732", "fro": "1724", "fullId": "http://purl.bioontology.org/ontology/RXNORM/42347", "preferredName": "Bupropion"}, {"semTypes": ["T999"], "to": "1429", "fro": "1414", "fullId": "http://purl.bioontology.org/ontology/RXNORM/42347", "preferredName": "Bupropion"}, {"semTypes": ["T999"], "to": "5247", "fro": "5240", "fullId": "http://purl.bioontology.org/ontology/RXNORM/42347", "preferredName": "Bupropion"}, {"semTypes": ["T999"], "to": "3866", "fro": "3854", "fullId": "http://purl.bioontology.org/ontology/RXNORM/6375", "preferredName": "Levodopa"}, {"semTypes": ["T109", "T121"], "to": "4643", "fro": "4634", "fullId": "http://purl.bioontology.org/ontology/RXNORM/42347", "preferredName": "Bupropion"}, {"semTypes": ["T121", "T109"], "to": "739", "fro": "729", "fullId": "http://purl.bioontology.org/ontology/RXNORM/2556", "preferredName": "Citalopram"}, {"semTypes": ["T109", "T121"], "to": "5261", "fro": "5252", "fullId": "http://purl.bioontology.org/ontology/RXNORM/42347", "preferredName": "Bupropion"}, {"semTypes": ["T999"], "to": "2252", "fro": "2240", "fullId": "http://purl.bioontology.org/ontology/RXNORM/2556", "preferredName": "Citalopram"}, {"semTypes": ["T999"], "to": "4692", "fro": "4684", "fullId": "http://purl.bioontology.org/ontology/MSH/D016642", "preferredName": "Bupropion"}, {"semTypes": ["T999"], "to": "2390", "fro": "2380", "fullId": "http://purl.bioontology.org/ontology/RXNORM/42347", "preferredName": "Bupropion"}, {"semTypes": ["T109", "T121"], "to": "2019", "fro": "2011", "fullId": "http://purl.bioontology.org/ontology/MSH/D016642", "preferredName": "Bupropion"}, {"semTypes": ["T999"], "to": "4498", "fro": "4489", "fullId": "http://purl.bioontology.org/ontology/RXNORM/42347", "preferredName": "Bupropion"}, {"semTypes": ["T999"], "to": "464", "fro": "449", "fullId": "http://purl.bioontology.org/ontology/RXNORM/42347", "preferredName": "Bupropion"}, {"semTypes": ["T121", "T109"], "to": "3990", "fro": "3979", "fullId": "http://purl.bioontology.org/ontology/MSH/C496215", "preferredName": "hydroxybupropion"}, {"semTypes": ["T109", "T121"], "to": "4987", "fro": "4978", "fullId": "http://purl.bioontology.org/ontology/RXNORM/42347", "preferredName": "Bupropion"}, {"semTypes": ["T999"], "to": "4987", "fro": "4978", "fullId": "http://purl.bioontology.org/ontology/RXNORM/42347", "preferredName": "Bupropion"}, {"semTypes": ["T131", "T121", "T115"], "to": "691", "fro": "684", "fullId": "http://purl.bioontology.org/ontology/RXNORM/6375", "preferredName": "Levodopa"}, {"semTypes": ["T109", "T121"], "to": "4498", "fro": "4489", "fullId": "http://purl.bioontology.org/ontology/RXNORM/42347", "preferredName": "Bupropion"}, {"semTypes": ["T109", "T121"], "to": "5158", "fro": "5149", "fullId": "http://purl.bioontology.org/ontology/RXNORM/42347", "preferredName": "Bupropion"}, {"semTypes": ["T109", "T121"], "to": "2237", "fro": "2225", "fullId": "http://purl.bioontology.org/ontology/MSH/D015283", "preferredName": "Citalopram"}, {"semTypes": ["T999"], "to": "3477", "fro": "3467", "fullId": "http://purl.bioontology.org/ontology/RXNORM/42347", "preferredName": "Bupropion"}, {"semTypes": ["T999"], "to": "1597", "fro": "1577", "fullId": "http://purl.bioontology.org/ontology/RXNORM/42347", "preferredName": "Bupropion"}, {"semTypes": ["T999"], "to": "822", "fro": "810", "fullId": "http://purl.bioontology.org/ontology/MSH/D000547", "preferredName": "Amantadine"}, {"semTypes": ["T109", "T121"], "to": "2298", "fro": "2290", "fullId": "http://purl.bioontology.org/ontology/MSH/D016642", "preferredName": "Bupropion"}, {"semTypes": ["T999"], "to": "4602", "fro": "4593", "fullId": "http://purl.bioontology.org/ontology/RXNORM/42347", "preferredName": "Bupropion"}, {"semTypes": ["T999"], "to": "1571", "fro": "1553", "fullId": "http://purl.bioontology.org/ontology/RXNORM/42347", "preferredName": "Bupropion"}, {"semTypes": ["T999"], "to": "722", "fro": "712", "fullId": "http://purl.bioontology.org/ontology/RXNORM/203204", "preferredName": "Bupropion Hydrochloride"}, {"semTypes": ["T999"], "to": "1005", "fro": "987", "fullId": "http://purl.bioontology.org/ontology/RXNORM/42347", "preferredName": "Bupropion"}, {"semTypes": ["T999"], "to": "807", "fro": "798", "fullId": "http://purl.bioontology.org/ontology/RXNORM/42347", "preferredName": "Bupropion"}, {"semTypes": ["T999"], "to": "861", "fro": "852", "fullId": "http://purl.bioontology.org/ontology/RXNORM/3247", "preferredName": "Desipramine"}, {"semTypes": ["T109", "T121"], "to": "3428", "fro": "3418", "fullId": "http://purl.bioontology.org/ontology/RXNORM/42347", "preferredName": "Bupropion"}, {"semTypes": ["T109", "T121"], "to": "3927", "fro": "3918", "fullId": "http://purl.bioontology.org/ontology/RXNORM/42347", "preferredName": "Bupropion"}, {"semTypes": ["T999"], "to": "4024", "fro": "4015", "fullId": "http://purl.bioontology.org/ontology/RXNORM/203204", "preferredName": "Bupropion Hydrochloride"}, {"semTypes": ["T109", "T121"], "to": "1654", "fro": "1646", "fullId": "http://purl.bioontology.org/ontology/RXNORM/42347", "preferredName": "Bupropion"}, {"semTypes": ["T999"], "to": "4073", "fro": "4063", "fullId": "http://purl.bioontology.org/ontology/MSH/D003891", "preferredName": "Desipramine"}, {"semTypes": ["T109", "T121"], "to": "807", "fro": "798", "fullId": "http://purl.bioontology.org/ontology/RXNORM/42347", "preferredName": "Bupropion"}, {"semTypes": ["T999"], "to": "5201", "fro": "5179", "fullId": "http://purl.bioontology.org/ontology/MSH/D016642", "preferredName": "Bupropion"}, {"semTypes": ["T121", "T109"], "to": "3963", "fro": "3953", "fullId": "http://purl.bioontology.org/ontology/MSH/D015283", "preferredName": "Citalopram"}, {"semTypes": ["T109", "T121"], "to": "419", "fro": "411", "fullId": "http://purl.bioontology.org/ontology/MSH/D016642", "preferredName": "Bupropion"}, {"semTypes": ["T109", "T121"], "to": "1373", "fro": "1364", "fullId": "http://purl.bioontology.org/ontology/RXNORM/42347", "preferredName": "Bupropion"}, {"semTypes": ["T999"], "to": "3990", "fro": "3979", "fullId": "http://purl.bioontology.org/ontology/RXNORM/203204", "preferredName": "Bupropion Hydrochloride"}, {"semTypes": ["T999"], "to": "3963", "fro": "3953", "fullId": "http://purl.bioontology.org/ontology/MSH/D000547", "preferredName": "Amantadine"}, {"semTypes": ["T999"], "to": "3927", "fro": "3918", "fullId": "http://purl.bioontology.org/ontology/RXNORM/42347", "preferredName": "Bupropion"}, {"semTypes": ["T999"], "to": "5830", "fro": "5823", "fullId": "http://purl.bioontology.org/ontology/RXNORM/42347", "preferredName": "Bupropion"}, {"semTypes": ["T121", "T109"], "to": "3903", "fro": "3894", "fullId": "http://purl.bioontology.org/ontology/RXNORM/42347", "preferredName": "Bupropion"}, {"semTypes": ["T999"], "to": "1151", "fro": "1142", "fullId": "http://purl.bioontology.org/ontology/RXNORM/42347", "preferredName": "Bupropion"}, {"semTypes": ["T109", "T121"], "to": "4085", "fro": "4076", "fullId": "http://purl.bioontology.org/ontology/RXNORM/6375", "preferredName": "Levodopa"}, {"semTypes": ["T999"], "to": "3428", "fro": "3418", "fullId": "http://purl.bioontology.org/ontology/RXNORM/42347", "preferredName": "Bupropion"}, {"semTypes": ["T999"], "to": "1981", "fro": "1973", "fullId": "http://purl.bioontology.org/ontology/RXNORM/42347", "preferredName": "Bupropion"}, {"semTypes": ["T109", "T121"], "to": "1732", "fro": "1724", "fullId": "http://purl.bioontology.org/ontology/RXNORM/203204", "preferredName": "Bupropion Hydrochloride"}, {"semTypes": ["T999"], "to": "1373", "fro": "1364", "fullId": "http://purl.bioontology.org/ontology/RXNORM/42347", "preferredName": "Bupropion"}, {"semTypes": ["T109", "T121"], "to": "5110", "fro": "5102", "fullId": "http://purl.bioontology.org/ontology/MSH/D016642", "preferredName": "Bupropion"}, {"semTypes": ["T999"], "to": "3915", "fro": "3906", "fullId": "http://purl.bioontology.org/ontology/RXNORM/3247", "preferredName": "Desipramine"}, {"semTypes": ["T999"], "to": "795", "fro": "786", "fullId": "http://purl.bioontology.org/ontology/RXNORM/42347", "preferredName": "Bupropion"}, {"semTypes": ["T121", "T109"], "to": "795", "fro": "786", "fullId": "http://purl.bioontology.org/ontology/RXNORM/42347", "preferredName": "Bupropion"}, {"semTypes": ["T121", "T109"], "to": "3878", "fro": "3869", "fullId": "http://purl.bioontology.org/ontology/RXNORM/2556", "preferredName": "Citalopram"}, {"semTypes": ["T121", "T109"], "to": "576", "fro": "554", "fullId": "http://purl.bioontology.org/ontology/MSH/D016642", "preferredName": "Bupropion"}, {"semTypes": ["T109", "T121"], "to": "3100", "fro": "3092", "fullId": "http://purl.bioontology.org/ontology/MSH/D016642", "preferredName": "Bupropion"}, {"semTypes": ["T109", "T121"], "to": "1151", "fro": "1142", "fullId": "http://purl.bioontology.org/ontology/RXNORM/42347", "preferredName": "Bupropion"}, {"semTypes": ["T109", "T121"], "to": "722", "fro": "712", "fullId": "http://purl.bioontology.org/ontology/RXNORM/6375", "preferredName": "Levodopa"}, {"semTypes": ["T121", "T109"], "to": "3915", "fro": "3906", "fullId": "http://purl.bioontology.org/ontology/MSH/D007980", "preferredName": "Levodopa"}, {"semTypes": ["T999"], "to": "1654", "fro": "1646", "fullId": "http://purl.bioontology.org/ontology/RXNORM/42347", "preferredName": "Bupropion"}, {"semTypes": ["T999"], "to": "3878", "fro": "3869", "fullId": "http://purl.bioontology.org/ontology/MSH/D003891", "preferredName": "Desipramine"}, {"semTypes": ["T999"], "to": "691", "fro": "684", "fullId": "http://purl.bioontology.org/ontology/RXNORM/203204", "preferredName": "Bupropion Hydrochloride"}, {"semTypes": ["T999"], "to": "3903", "fro": "3894", "fullId": "http://purl.bioontology.org/ontology/RXNORM/42347", "preferredName": "Bupropion"}, {"semTypes": ["T121", "T109"], "to": "3866", "fro": "3854", "fullId": "http://purl.bioontology.org/ontology/RXNORM/42347", "preferredName": "Bupropion"}]