[{"semTypes": ["T999"], "to": "2275", "fro": "2263", "fullId": "http://purl.bioontology.org/ontology/RXNORM/620", "preferredName": "Amantadine"}, {"semTypes": ["T109", "T121"], "to": "3132", "fro": "3124", "fullId": "http://purl.bioontology.org/ontology/MSH/D016642", "preferredName": "Bupropion"}, {"semTypes": ["T999"], "to": "3891", "fro": "3882", "fullId": "http://purl.bioontology.org/ontology/MSH/C496215", "preferredName": "hydroxybupropion"}, {"semTypes": ["T109", "T121"], "to": "4474", "fro": "4465", "fullId": "http://purl.bioontology.org/ontology/RXNORM/42347", "preferredName": "Bupropion"}, {"semTypes": ["T131", "T121", "T109"], "to": "5705", "fro": "5698", "fullId": "http://purl.bioontology.org/ontology/RXNORM/620", "preferredName": "Amantadine"}, {"semTypes": ["T999"], "to": "1763", "fro": "1757", "fullId": "http://purl.bioontology.org/ontology/MSH/C496215", "preferredName": "hydroxybupropion"}, {"semTypes": ["T999"], "to": "3966", "fro": "3955", "fullId": "http://purl.bioontology.org/ontology/RXNORM/42347", "preferredName": "Bupropion"}, {"semTypes": ["T109", "T121"], "to": "3867", "fro": "3857", "fullId": "http://purl.bioontology.org/ontology/RXNORM/42347", "preferredName": "Bupropion"}, {"semTypes": ["T121", "T109", "T123"], "to": "5494", "fro": "5483", "fullId": "http://purl.bioontology.org/ontology/RXNORM/3247", "preferredName": "Desipramine"}, {"semTypes": ["T121", "T109"], "to": "4049", "fro": "4039", "fullId": "http://purl.bioontology.org/ontology/RXNORM/203204", "preferredName": "Bupropion Hydrochloride"}, {"semTypes": ["T109", "T121"], "to": "3408", "fro": "3398", "fullId": "http://purl.bioontology.org/ontology/RXNORM/42347", "preferredName": "Bupropion"}, {"semTypes": ["T109", "T121"], "to": "4000", "fro": "3991", "fullId": "http://purl.bioontology.org/ontology/RXNORM/2556", "preferredName": "Citalopram"}, {"semTypes": ["T999"], "to": "1182", "fro": "1174", "fullId": "http://purl.bioontology.org/ontology/MSH/D016642", "preferredName": "Bupropion"}, {"semTypes": ["T999"], "to": "1754", "fro": "1746", "fullId": "http://purl.bioontology.org/ontology/RXNORM/2556", "preferredName": "Citalopram"}, {"semTypes": ["T999"], "to": "4841", "fro": "4832", "fullId": "http://purl.bioontology.org/ontology/MSH/D007980", "preferredName": "Levodopa"}, {"semTypes": ["T999"], "to": "1451", "fro": "1436", "fullId": "http://purl.bioontology.org/ontology/RXNORM/42347", "preferredName": "Bupropion"}, {"semTypes": ["T999"], "to": "2286", "fro": "2278", "fullId": "http://purl.bioontology.org/ontology/RXNORM/2556", "preferredName": "Citalopram"}, {"semTypes": ["T999"], "to": "4474", "fro": "4465", "fullId": "http://purl.bioontology.org/ontology/RXNORM/42347", "preferredName": "Bupropion"}, {"semTypes": ["T999"], "to": "801", "fro": "792", "fullId": "http://purl.bioontology.org/ontology/RXNORM/42347", "preferredName": "Bupropion"}, {"semTypes": ["T999"], "to": "241", "fro": "233", "fullId": "http://purl.bioontology.org/ontology/MSH/D016642", "preferredName": "Bupropion"}, {"semTypes": ["T109", "T121"], "to": "4908", "fro": "4899", "fullId": "http://purl.bioontology.org/ontology/RXNORM/42347", "preferredName": "Bupropion"}, {"semTypes": ["T109", "T121"], "to": "432", "fro": "424", "fullId": "http://purl.bioontology.org/ontology/MSH/D016642", "preferredName": "Bupropion"}, {"semTypes": ["T109", "T121"], "to": "4619", "fro": "4610", "fullId": "http://purl.bioontology.org/ontology/RXNORM/42347", "preferredName": "Bupropion"}, {"semTypes": ["T109", "T121"], "to": "675", "fro": "664", "fullId": "http://purl.bioontology.org/ontology/RXNORM/203204", "preferredName": "Bupropion Hydrochloride"}, {"semTypes": ["T116", "T124", "T121"], "to": "4893", "fro": "4886", "fullId": "http://purl.bioontology.org/ontology/RXNORM/42347", "preferredName": "Bupropion"}, {"semTypes": ["T999"], "to": "733", "fro": "723", "fullId": "http://purl.bioontology.org/ontology/MSH/D003891", "preferredName": "Desipramine"}, {"semTypes": ["T999"], "to": "3453", "fro": "3443", "fullId": "http://purl.bioontology.org/ontology/RXNORM/42347", "preferredName": "Bupropion"}, {"semTypes": ["T109", "T121"], "to": "2286", "fro": "2278", "fullId": "http://purl.bioontology.org/ontology/RXNORM/42347", "preferredName": "Bupropion"}, {"semTypes": ["T109", "T121"], "to": "5103", "fro": "5081", "fullId": "http://purl.bioontology.org/ontology/RXNORM/42347", "preferredName": "Bupropion"}, {"semTypes": ["T999"], "to": "6075", "fro": "6067", "fullId": "http://purl.bioontology.org/ontology/MSH/D016642", "preferredName": "Bupropion"}, {"semTypes": ["T109", "T121"], "to": "3939", "fro": "3929", "fullId": "http://purl.bioontology.org/ontology/RXNORM/3247", "preferredName": "Desipramine"}, {"semTypes": ["T999"], "to": "5060", "fro": "5051", "fullId": "http://purl.bioontology.org/ontology/RXNORM/42347", "preferredName": "Bupropion"}, {"semTypes": ["T999"], "to": "4893", "fro": "4886", "fullId": "http://purl.bioontology.org/ontology/RXNORM/42347", "preferredName": "Bupropion"}, {"semTypes": ["T109", "T121"], "to": "4061", "fro": "4052", "fullId": "http://purl.bioontology.org/ontology/RXNORM/42347", "preferredName": "Bupropion"}, {"semTypes": ["T121", "T109"], "to": "2275", "fro": "2263", "fullId": "http://purl.bioontology.org/ontology/RXNORM/3247", "preferredName": "Desipramine"}, {"semTypes": ["T999"], "to": "3867", "fro": "3857", "fullId": "http://purl.bioontology.org/ontology/RXNORM/42347", "preferredName": "Bupropion"}, {"semTypes": ["T109", "T121"], "to": "2594", "fro": "2586", "fullId": "http://purl.bioontology.org/ontology/MSH/D016642", "preferredName": "Bupropion"}, {"semTypes": ["T999"], "to": "4537", "fro": "4529", "fullId": "http://purl.bioontology.org/ontology/MSH/D016642", "preferredName": "Bupropion"}, {"semTypes": ["T109", "T121"], "to": "4578", "fro": "4569", "fullId": "http://purl.bioontology.org/ontology/RXNORM/42347", "preferredName": "Bupropion"}, {"semTypes": ["T999"], "to": "5185", "fro": "5176", "fullId": "http://purl.bioontology.org/ontology/RXNORM/42347", "preferredName": "Bupropion"}, {"semTypes": ["T999"], "to": "3952", "fro": "3942", "fullId": "http://purl.bioontology.org/ontology/RXNORM/6375", "preferredName": "Levodopa"}, {"semTypes": ["T109", "T121"], "to": "733", "fro": "723", "fullId": "http://purl.bioontology.org/ontology/RXNORM/42347", "preferredName": "Bupropion"}, {"semTypes": ["T999"], "to": "1619", "fro": "1599", "fullId": "http://purl.bioontology.org/ontology/RXNORM/42347", "preferredName": "Bupropion"}, {"semTypes": ["T109", "T121"], "to": "293", "fro": "285", "fullId": "http://purl.bioontology.org/ontology/MSH/D016642", "preferredName": "Bupropion"}, {"semTypes": ["T999"], "to": "999", "fro": "981", "fullId": "http://purl.bioontology.org/ontology/RXNORM/42347", "preferredName": "Bupropion"}, {"semTypes": ["T109", "T121"], "to": "4841", "fro": "4832", "fullId": "http://purl.bioontology.org/ontology/RXNORM/42347", "preferredName": "Bupropion"}, {"semTypes": ["T999"], "to": "1593", "fro": "1575", "fullId": "http://purl.bioontology.org/ontology/RXNORM/42347", "preferredName": "Bupropion"}, {"semTypes": ["T121", "T109"], "to": "1763", "fro": "1757", "fullId": "http://purl.bioontology.org/ontology/MSH/D000547", "preferredName": "Amantadine"}, {"semTypes": ["T999"], "to": "4049", "fro": "4039", "fullId": "http://purl.bioontology.org/ontology/RXNORM/42347", "preferredName": "Bupropion"}, {"semTypes": ["T999"], "to": "3879", "fro": "3870", "fullId": "http://purl.bioontology.org/ontology/RXNORM/42347", "preferredName": "Bupropion"}, {"semTypes": ["T109", "T121"], "to": "241", "fro": "233", "fullId": "http://purl.bioontology.org/ontology/MSH/D016642", "preferredName": "Bupropion"}, {"semTypes": ["T109", "T121"], "to": "3624", "fro": "3616", "fullId": "http://purl.bioontology.org/ontology/MSH/D016642", "preferredName": "Bupropion"}, {"semTypes": ["T999"], "to": "675", "fro": "664", "fullId": "http://purl.bioontology.org/ontology/RXNORM/42347", "preferredName": "Bupropion"}, {"semTypes": ["T999"], "to": "3408", "fro": "3398", "fullId": "http://purl.bioontology.org/ontology/RXNORM/42347", "preferredName": "Bupropion"}, {"semTypes": ["T121", "T109"], "to": "3879", "fro": "3870", "fullId": "http://purl.bioontology.org/ontology/RXNORM/42347", "preferredName": "Bupropion"}, {"semTypes": ["T121", "T109"], "to": "789", "fro": "780", "fullId": "http://purl.bioontology.org/ontology/RXNORM/42347", "preferredName": "Bupropion"}, {"semTypes": ["T109", "T121"], "to": "716", "fro": "706", "fullId": "http://purl.bioontology.org/ontology/RXNORM/6375", "preferredName": "Levodopa"}, {"semTypes": ["T109", "T121"], "to": "1676", "fro": "1668", "fullId": "http://purl.bioontology.org/ontology/RXNORM/42347", "preferredName": "Bupropion"}, {"semTypes": ["T109", "T121"], "to": "1962", "fro": "1954", "fullId": "http://purl.bioontology.org/ontology/MSH/D016642", "preferredName": "Bupropion"}, {"semTypes": ["T121", "T109"], "to": "3903", "fro": "3894", "fullId": "http://purl.bioontology.org/ontology/RXNORM/42347", "preferredName": "Bupropion"}, {"semTypes": ["T999"], "to": "2003", "fro": "1995", "fullId": "http://purl.bioontology.org/ontology/RXNORM/42347", "preferredName": "Bupropion"}, {"semTypes": ["T999"], "to": "869", "fro": "861", "fullId": "http://purl.bioontology.org/ontology/RXNORM/2556", "preferredName": "Citalopram"}, {"semTypes": ["T999"], "to": "1145", "fro": "1136", "fullId": "http://purl.bioontology.org/ontology/RXNORM/42347", "preferredName": "Bupropion"}, {"semTypes": ["T200"], "to": "1739", "fro": "1724", "fullId": "http://purl.bioontology.org/ontology/RXNORM/203204", "preferredName": "Bupropion Hydrochloride"}, {"semTypes": ["T121", "T109"], "to": "1145", "fro": "1136", "fullId": "http://purl.bioontology.org/ontology/RXNORM/42347", "preferredName": "Bupropion"}, {"semTypes": ["T109", "T121"], "to": "2476", "fro": "2468", "fullId": "http://purl.bioontology.org/ontology/MSH/D016642", "preferredName": "Bupropion"}, {"semTypes": ["T116", "T124", "T121"], "to": "5171", "fro": "5164", "fullId": "http://purl.bioontology.org/ontology/RXNORM/42347", "preferredName": "Bupropion"}, {"semTypes": ["T121", "T109"], "to": "1395", "fro": "1386", "fullId": "http://purl.bioontology.org/ontology/RXNORM/42347", "preferredName": "Bupropion"}, {"semTypes": ["T121", "T109"], "to": "2260", "fro": "2248", "fullId": "http://purl.bioontology.org/ontology/MSH/D015283", "preferredName": "Citalopram"}, {"semTypes": ["T999"], "to": "3854", "fro": "3845", "fullId": "http://purl.bioontology.org/ontology/RXNORM/42347", "preferredName": "Bupropion"}, {"semTypes": ["T121", "T109"], "to": "2413", "fro": "2403", "fullId": "http://purl.bioontology.org/ontology/MSH/C496215", "preferredName": "hydroxybupropion"}, {"semTypes": ["T999"], "to": "1395", "fro": "1386", "fullId": "http://purl.bioontology.org/ontology/RXNORM/42347", "preferredName": "Bupropion"}, {"semTypes": ["T999"], "to": "1676", "fro": "1668", "fullId": "http://purl.bioontology.org/ontology/RXNORM/42347", "preferredName": "Bupropion"}, {"semTypes": ["T999"], "to": "3939", "fro": "3929", "fullId": "http://purl.bioontology.org/ontology/RXNORM/3247", "preferredName": "Desipramine"}, {"semTypes": ["T121", "T109"], "to": "801", "fro": "792", "fullId": "http://purl.bioontology.org/ontology/RXNORM/42347", "preferredName": "Bupropion"}, {"semTypes": ["T109", "T121"], "to": "114", "fro": "106", "fullId": "http://purl.bioontology.org/ontology/MSH/D016642", "preferredName": "Bupropion"}, {"semTypes": ["T999"], "to": "703", "fro": "688", "fullId": "http://purl.bioontology.org/ontology/MSH/D007980", "preferredName": "Levodopa"}, {"semTypes": ["T109", "T121"], "to": "2003", "fro": "1995", "fullId": "http://purl.bioontology.org/ontology/RXNORM/42347", "preferredName": "Bupropion"}, {"semTypes": ["T109", "T121"], "to": "833", "fro": "823", "fullId": "http://purl.bioontology.org/ontology/RXNORM/620", "preferredName": "Amantadine"}, {"semTypes": ["T999"], "to": "3842", "fro": "3830", "fullId": "http://purl.bioontology.org/ontology/MSH/C496215", "preferredName": "hydroxybupropion"}, {"semTypes": ["T999"], "to": "716", "fro": "706", "fullId": "http://purl.bioontology.org/ontology/RXNORM/42347", "preferredName": "Bupropion"}, {"semTypes": ["T999"], "to": "3084", "fro": "3076", "fullId": "http://purl.bioontology.org/ontology/MSH/D016642", "preferredName": "Bupropion"}, {"semTypes": ["T999"], "to": "1327", "fro": "1305", "fullId": "http://purl.bioontology.org/ontology/MSH/D016642", "preferredName": "Bupropion"}, {"semTypes": ["T999"], "to": "1817", "fro": "1809", "fullId": "http://purl.bioontology.org/ontology/MSH/D016642", "preferredName": "Bupropion"}, {"semTypes": ["T999"], "to": "114", "fro": "106", "fullId": "http://purl.bioontology.org/ontology/MSH/D016642", "preferredName": "Bupropion"}, {"semTypes": ["T109", "T121"], "to": "6075", "fro": "6067", "fullId": "http://purl.bioontology.org/ontology/MSH/D016642", "preferredName": "Bupropion"}, {"semTypes": ["T999"], "to": "3594", "fro": "3586", "fullId": "http://purl.bioontology.org/ontology/MSH/D016642", "preferredName": "Bupropion"}, {"semTypes": ["T109", "T121"], "to": "3891", "fro": "3882", "fullId": "http://purl.bioontology.org/ontology/MSH/C496215", "preferredName": "hydroxybupropion"}, {"semTypes": ["T999"], "to": "2476", "fro": "2468", "fullId": "http://purl.bioontology.org/ontology/MSH/D016642", "preferredName": "Bupropion"}, {"semTypes": ["T999"], "to": "4200", "fro": "4192", "fullId": "http://purl.bioontology.org/ontology/MSH/D016642", "preferredName": "Bupropion"}, {"semTypes": ["T999"], "to": "4729", "fro": "4716", "fullId": "http://purl.bioontology.org/ontology/MSH/D015283", "preferredName": "Citalopram"}, {"semTypes": ["T999"], "to": "5394", "fro": "5372", "fullId": "http://purl.bioontology.org/ontology/MSH/D016642", "preferredName": "Bupropion"}, {"semTypes": ["T999"], "to": "2594", "fro": "2586", "fullId": "http://purl.bioontology.org/ontology/MSH/D016642", "preferredName": "Bupropion"}, {"semTypes": ["T999"], "to": "2041", "fro": "2033", "fullId": "http://purl.bioontology.org/ontology/MSH/D016642", "preferredName": "Bupropion"}, {"semTypes": ["T999"], "to": "477", "fro": "462", "fullId": "http://purl.bioontology.org/ontology/MSH/D016642", "preferredName": "Bupropion"}, {"semTypes": ["T109", "T121"], "to": "1023", "fro": "1015", "fullId": "http://purl.bioontology.org/ontology/MSH/D016642", "preferredName": "Bupropion"}, {"semTypes": ["T121", "T109"], "to": "3952", "fro": "3942", "fullId": "http://purl.bioontology.org/ontology/MSH/D007980", "preferredName": "Levodopa"}, {"semTypes": ["T999"], "to": "2088", "fro": "2080", "fullId": "http://purl.bioontology.org/ontology/MSH/D016642", "preferredName": "Bupropion"}, {"semTypes": ["T109", "T121"], "to": "1754", "fro": "1746", "fullId": "http://purl.bioontology.org/ontology/MSH/D015283", "preferredName": "Citalopram"}, {"semTypes": ["T999"], "to": "1023", "fro": "1015", "fullId": "http://purl.bioontology.org/ontology/MSH/D016642", "preferredName": "Bupropion"}, {"semTypes": ["T999"], "to": "5494", "fro": "5483", "fullId": "http://purl.bioontology.org/ontology/MSH/D003891", "preferredName": "Desipramine"}, {"semTypes": ["T999"], "to": "4668", "fro": "4660", "fullId": "http://purl.bioontology.org/ontology/MSH/D016642", "preferredName": "Bupropion"}, {"semTypes": ["T131", "T121", "T115"], "to": "685", "fro": "678", "fullId": "http://purl.bioontology.org/ontology/RXNORM/42347", "preferredName": "Bupropion"}, {"semTypes": ["T999"], "to": "3132", "fro": "3124", "fullId": "http://purl.bioontology.org/ontology/MSH/D016642", "preferredName": "Bupropion"}, {"semTypes": ["T999"], "to": "5985", "fro": "5977", "fullId": "http://purl.bioontology.org/ontology/MSH/D016642", "preferredName": "Bupropion"}, {"semTypes": ["T999"], "to": "3333", "fro": "3325", "fullId": "http://purl.bioontology.org/ontology/MSH/D016642", "preferredName": "Bupropion"}, {"semTypes": ["T109", "T121"], "to": "1817", "fro": "1809", "fullId": "http://purl.bioontology.org/ontology/MSH/D016642", "preferredName": "Bupropion"}, {"semTypes": ["T109", "T121"], "to": "5012", "fro": "5004", "fullId": "http://purl.bioontology.org/ontology/MSH/D016642", "preferredName": "Bupropion"}, {"semTypes": ["T109", "T121"], "to": "2041", "fro": "2033", "fullId": "http://purl.bioontology.org/ontology/MSH/D016642", "preferredName": "Bupropion"}, {"semTypes": ["T999"], "to": "1430", "fro": "1422", "fullId": "http://purl.bioontology.org/ontology/MSH/D016642", "preferredName": "Bupropion"}, {"semTypes": ["T999"], "to": "2321", "fro": "2313", "fullId": "http://purl.bioontology.org/ontology/MSH/D016642", "preferredName": "Bupropion"}, {"semTypes": ["T999"], "to": "2260", "fro": "2248", "fullId": "http://purl.bioontology.org/ontology/MSH/C496215", "preferredName": "hydroxybupropion"}, {"semTypes": ["T999"], "to": "3735", "fro": "3727", "fullId": "http://purl.bioontology.org/ontology/MSH/D016642", "preferredName": "Bupropion"}, {"semTypes": ["T999"], "to": "5705", "fro": "5698", "fullId": "http://purl.bioontology.org/ontology/RXNORM/42347", "preferredName": "Bupropion"}, {"semTypes": ["T109", "T121"], "to": "3594", "fro": "3586", "fullId": "http://purl.bioontology.org/ontology/MSH/D016642", "preferredName": "Bupropion"}, {"semTypes": ["T999"], "to": "5103", "fro": "5081", "fullId": "http://purl.bioontology.org/ontology/MSH/D016642", "preferredName": "Bupropion"}, {"semTypes": ["T999"], "to": "5046", "fro": "5039", "fullId": "http://purl.bioontology.org/ontology/RXNORM/42347", "preferredName": "Bupropion"}, {"semTypes": ["T109", "T121"], "to": "2321", "fro": "2313", "fullId": "http://purl.bioontology.org/ontology/MSH/D016642", "preferredName": "Bupropion"}, {"semTypes": ["T109", "T121"], "to": "4797", "fro": "4789", "fullId": "http://purl.bioontology.org/ontology/MSH/D016642", "preferredName": "Bupropion"}, {"semTypes": ["T109", "T121"], "to": "869", "fro": "861", "fullId": "http://purl.bioontology.org/ontology/RXNORM/620", "preferredName": "Amantadine"}, {"semTypes": ["T109", "T121"], "to": "908", "fro": "900", "fullId": "http://purl.bioontology.org/ontology/MSH/D016642", "preferredName": "Bupropion"}, {"semTypes": ["T999"], "to": "2413", "fro": "2403", "fullId": "http://purl.bioontology.org/ontology/RXNORM/6375", "preferredName": "Levodopa"}, {"semTypes": ["T999"], "to": "4619", "fro": "4610", "fullId": "http://purl.bioontology.org/ontology/MSH/D016642", "preferredName": "Bupropion"}, {"semTypes": ["T109", "T121"], "to": "4537", "fro": "4529", "fullId": "http://purl.bioontology.org/ontology/MSH/D016642", "preferredName": "Bupropion"}, {"semTypes": ["T109", "T121"], "to": "1327", "fro": "1305", "fullId": "http://purl.bioontology.org/ontology/RXNORM/42347", "preferredName": "Bupropion"}, {"semTypes": ["T999"], "to": "5171", "fro": "5164", "fullId": "http://purl.bioontology.org/ontology/MSH/D016642", "preferredName": "Bupropion"}, {"semTypes": ["T109", "T121"], "to": "1430", "fro": "1422", "fullId": "http://purl.bioontology.org/ontology/MSH/D016642", "preferredName": "Bupropion"}, {"semTypes": ["T121", "T109"], "to": "3854", "fro": "3845", "fullId": "http://purl.bioontology.org/ontology/MSH/D000547", "preferredName": "Amantadine"}, {"semTypes": ["T109", "T121"], "to": "5985", "fro": "5977", "fullId": "http://purl.bioontology.org/ontology/MSH/D016642", "preferredName": "Bupropion"}, {"semTypes": ["T999"], "to": "855", "fro": "846", "fullId": "http://purl.bioontology.org/ontology/RXNORM/42347", "preferredName": "Bupropion"}, {"semTypes": ["T999"], "to": "4797", "fro": "4789", "fullId": "http://purl.bioontology.org/ontology/MSH/D016642", "preferredName": "Bupropion"}, {"semTypes": ["T109", "T121"], "to": "5394", "fro": "5372", "fullId": "http://purl.bioontology.org/ontology/RXNORM/42347", "preferredName": "Bupropion"}, {"semTypes": ["T109", "T121"], "to": "1182", "fro": "1174", "fullId": "http://purl.bioontology.org/ontology/MSH/D016642", "preferredName": "Bupropion"}, {"semTypes": ["T109", "T121"], "to": "2088", "fro": "2080", "fullId": "http://purl.bioontology.org/ontology/MSH/D016642", "preferredName": "Bupropion"}, {"semTypes": ["T999"], "to": "685", "fro": "678", "fullId": "http://purl.bioontology.org/ontology/RXNORM/6375", "preferredName": "Levodopa"}, {"semTypes": ["T109", "T121"], "to": "5185", "fro": "5176", "fullId": "http://purl.bioontology.org/ontology/RXNORM/42347", "preferredName": "Bupropion"}, {"semTypes": ["T115", "T121"], "to": "703", "fro": "688", "fullId": "http://purl.bioontology.org/ontology/RXNORM/42347", "preferredName": "Bupropion"}, {"semTypes": ["T999"], "to": "1962", "fro": "1954", "fullId": "http://purl.bioontology.org/ontology/MSH/D016642", "preferredName": "Bupropion"}, {"semTypes": ["T109", "T121"], "to": "3453", "fro": "3443", "fullId": "http://purl.bioontology.org/ontology/RXNORM/42347", "preferredName": "Bupropion"}, {"semTypes": ["T109", "T121"], "to": "3735", "fro": "3727", "fullId": "http://purl.bioontology.org/ontology/MSH/D016642", "preferredName": "Bupropion"}, {"semTypes": ["T999"], "to": "789", "fro": "780", "fullId": "http://purl.bioontology.org/ontology/RXNORM/42347", "preferredName": "Bupropion"}, {"semTypes": ["T109", "T121"], "to": "4200", "fro": "4192", "fullId": "http://purl.bioontology.org/ontology/MSH/D016642", "preferredName": "Bupropion"}, {"semTypes": ["T999"], "to": "2239", "fro": "2231", "fullId": "http://purl.bioontology.org/ontology/MSH/D016642", "preferredName": "Bupropion"}, {"semTypes": ["T999"], "to": "3153", "fro": "3138", "fullId": "http://purl.bioontology.org/ontology/RXNORM/42347", "preferredName": "Bupropion"}, {"semTypes": ["T999"], "to": "4000", "fro": "3991", "fullId": "http://purl.bioontology.org/ontology/RXNORM/203204", "preferredName": "Bupropion Hydrochloride"}, {"semTypes": ["T109", "T121"], "to": "3842", "fro": "3830", "fullId": "http://purl.bioontology.org/ontology/MSH/D015283", "preferredName": "Citalopram"}, {"semTypes": ["T999"], "to": "4578", "fro": "4569", "fullId": "http://purl.bioontology.org/ontology/RXNORM/42347", "preferredName": "Bupropion"}, {"semTypes": ["T109", "T121"], "to": "2239", "fro": "2231", "fullId": "http://purl.bioontology.org/ontology/MSH/D016642", "preferredName": "Bupropion"}, {"semTypes": ["T109", "T121"], "to": "575", "fro": "567", "fullId": "http://purl.bioontology.org/ontology/MSH/D016642", "preferredName": "Bupropion"}, {"semTypes": ["T999"], "to": "575", "fro": "567", "fullId": "http://purl.bioontology.org/ontology/MSH/D016642", "preferredName": "Bupropion"}, {"semTypes": ["T999"], "to": "4908", "fro": "4899", "fullId": "http://purl.bioontology.org/ontology/RXNORM/42347", "preferredName": "Bupropion"}, {"semTypes": ["T999"], "to": "4061", "fro": "4052", "fullId": "http://purl.bioontology.org/ontology/RXNORM/42347", "preferredName": "Bupropion"}, {"semTypes": ["T999"], "to": "5012", "fro": "5004", "fullId": "http://purl.bioontology.org/ontology/MSH/D016642", "preferredName": "Bupropion"}, {"semTypes": ["T116", "T124", "T121"], "to": "5046", "fro": "5039", "fullId": "http://purl.bioontology.org/ontology/RXNORM/42347", "preferredName": "Bupropion"}, {"semTypes": ["T109", "T121"], "to": "855", "fro": "846", "fullId": "http://purl.bioontology.org/ontology/RXNORM/3247", "preferredName": "Desipramine"}, {"semTypes": ["T999"], "to": "293", "fro": "285", "fullId": "http://purl.bioontology.org/ontology/MSH/D016642", "preferredName": "Bupropion"}, {"semTypes": ["T109", "T121"], "to": "3084", "fro": "3076", "fullId": "http://purl.bioontology.org/ontology/MSH/D016642", "preferredName": "Bupropion"}, {"semTypes": ["T999"], "to": "816", "fro": "804", "fullId": "http://purl.bioontology.org/ontology/MSH/D007980", "preferredName": "Levodopa"}, {"semTypes": ["T109", "T121"], "to": "4668", "fro": "4660", "fullId": "http://purl.bioontology.org/ontology/MSH/D016642", "preferredName": "Bupropion"}, {"semTypes": ["T999"], "to": "3624", "fro": "3616", "fullId": "http://purl.bioontology.org/ontology/MSH/D016642", "preferredName": "Bupropion"}, {"semTypes": ["T999"], "to": "908", "fro": "900", "fullId": "http://purl.bioontology.org/ontology/MSH/D016642", "preferredName": "Bupropion"}, {"semTypes": ["T109", "T121"], "to": "3966", "fro": "3955", "fullId": "http://purl.bioontology.org/ontology/MSH/D015283", "preferredName": "Citalopram"}, {"semTypes": ["T109", "T121"], "to": "3333", "fro": "3325", "fullId": "http://purl.bioontology.org/ontology/MSH/D016642", "preferredName": "Bupropion"}, {"semTypes": ["T999"], "to": "833", "fro": "823", "fullId": "http://purl.bioontology.org/ontology/RXNORM/3247", "preferredName": "Desipramine"}, {"semTypes": ["T999"], "to": "3903", "fro": "3894", "fullId": "http://purl.bioontology.org/ontology/RXNORM/42347", "preferredName": "Bupropion"}, {"semTypes": ["T999"], "to": "432", "fro": "424", "fullId": "http://purl.bioontology.org/ontology/MSH/D016642", "preferredName": "Bupropion"}, {"semTypes": ["T109", "T121"], "to": "5060", "fro": "5051", "fullId": "http://purl.bioontology.org/ontology/RXNORM/42347", "preferredName": "Bupropion"}]