[{"semTypes": ["T999"], "to": "258", "fro": "249", "fullId": "http://purl.bioontology.org/ontology/RXNORM/343047", "preferredName": "Atazanavir"}, {"semTypes": ["T999"], "to": "4427", "fro": "4418", "fullId": "http://purl.bioontology.org/ontology/RXNORM/7646", "preferredName": "Omeprazole"}, {"semTypes": ["T121", "T109"], "to": "693", "fro": "684", "fullId": "http://purl.bioontology.org/ontology/RXNORM/7646", "preferredName": "Omeprazole"}, {"semTypes": ["T999"], "to": "4174", "fro": "4165", "fullId": "http://purl.bioontology.org/ontology/MSH/D009853", "preferredName": "Omeprazole"}, {"semTypes": ["T999"], "to": "6523", "fro": "6514", "fullId": "http://purl.bioontology.org/ontology/MSH/D009853", "preferredName": "Omeprazole"}, {"semTypes": ["T999"], "to": "873", "fro": "865", "fullId": "http://purl.bioontology.org/ontology/MSH/C413408", "preferredName": "atazanavir"}, {"semTypes": ["T999"], "to": "7124", "fro": "7115", "fullId": "http://purl.bioontology.org/ontology/MSH/D009853", "preferredName": "Omeprazole"}, {"semTypes": ["T999"], "to": "7088", "fro": "7077", "fullId": "http://purl.bioontology.org/ontology/RXNORM/343047", "preferredName": "Atazanavir"}, {"semTypes": ["T121", "T109"], "to": "3335", "fro": "3326", "fullId": "http://purl.bioontology.org/ontology/MSH/D009853", "preferredName": "Omeprazole"}, {"semTypes": ["T121", "T109"], "to": "1710", "fro": "1701", "fullId": "http://purl.bioontology.org/ontology/RXNORM/343047", "preferredName": "Atazanavir"}, {"semTypes": ["T999"], "to": "6346", "fro": "6337", "fullId": "http://purl.bioontology.org/ontology/MSH/D009853", "preferredName": "Omeprazole"}, {"semTypes": ["T999"], "to": "929", "fro": "920", "fullId": "http://purl.bioontology.org/ontology/RXNORM/7646", "preferredName": "Omeprazole"}, {"semTypes": ["T121", "T109"], "to": "350", "fro": "341", "fullId": "http://purl.bioontology.org/ontology/MSH/D009853", "preferredName": "Omeprazole"}, {"semTypes": ["T999"], "to": "1100", "fro": "1093", "fullId": "http://purl.bioontology.org/ontology/MSH/D019258", "preferredName": "Saquinavir"}, {"semTypes": ["T999"], "to": "7169", "fro": "7160", "fullId": "http://purl.bioontology.org/ontology/MSH/D009853", "preferredName": "Omeprazole"}, {"semTypes": ["T121", "T109"], "to": "2368", "fro": "2359", "fullId": "http://purl.bioontology.org/ontology/MSH/D009853", "preferredName": "Omeprazole"}, {"semTypes": ["T121", "T109"], "to": "6813", "fro": "6804", "fullId": "http://purl.bioontology.org/ontology/RXNORM/7646", "preferredName": "Omeprazole"}, {"semTypes": ["T999"], "to": "6206", "fro": "6192", "fullId": "http://purl.bioontology.org/ontology/MSH/D019258", "preferredName": "Saquinavir"}, {"semTypes": ["T121", "T109"], "to": "2176", "fro": "2167", "fullId": "http://purl.bioontology.org/ontology/RXNORM/7646", "preferredName": "Omeprazole"}, {"semTypes": ["T121", "T109"], "to": "6429", "fro": "6418", "fullId": "http://purl.bioontology.org/ontology/MSH/C413408", "preferredName": "atazanavir"}, {"semTypes": ["T121", "T109"], "to": "651", "fro": "642", "fullId": "http://purl.bioontology.org/ontology/MSH/D009853", "preferredName": "Omeprazole"}, {"semTypes": ["T999"], "to": "7293", "fro": "7284", "fullId": "http://purl.bioontology.org/ontology/RXNORM/343047", "preferredName": "Atazanavir"}, {"semTypes": ["T121", "T109"], "to": "1378", "fro": "1369", "fullId": "http://purl.bioontology.org/ontology/MSH/D009853", "preferredName": "Omeprazole"}, {"semTypes": ["T999"], "to": "5515", "fro": "5507", "fullId": "http://purl.bioontology.org/ontology/RXNORM/83395", "preferredName": "Saquinavir"}, {"semTypes": ["T121", "T109"], "to": "8009", "fro": "8000", "fullId": "http://purl.bioontology.org/ontology/MSH/D009853", "preferredName": "Omeprazole"}, {"semTypes": ["T121", "T109"], "to": "4174", "fro": "4165", "fullId": "http://purl.bioontology.org/ontology/MSH/D009853", "preferredName": "Omeprazole"}, {"semTypes": ["T121", "T109", "T131"], "to": "862", "fro": "855", "fullId": "http://purl.bioontology.org/ontology/MSH/C413408", "preferredName": "atazanavir"}, {"semTypes": ["T109", "T121"], "to": "1695", "fro": "1686", "fullId": "http://purl.bioontology.org/ontology/MSH/D009853", "preferredName": "Omeprazole"}, {"semTypes": ["T116", "T121"], "to": "887", "fro": "876", "fullId": "http://purl.bioontology.org/ontology/MSH/D019258", "preferredName": "Saquinavir"}, {"semTypes": ["T999"], "to": "6940", "fro": "6931", "fullId": "http://purl.bioontology.org/ontology/MSH/D009853", "preferredName": "Omeprazole"}, {"semTypes": ["T121", "T109"], "to": "7922", "fro": "7913", "fullId": "http://purl.bioontology.org/ontology/MSH/C413408", "preferredName": "atazanavir"}, {"semTypes": ["T121", "T109"], "to": "2837", "fro": "2828", "fullId": "http://purl.bioontology.org/ontology/RXNORM/7646", "preferredName": "Omeprazole"}, {"semTypes": ["T121", "T109"], "to": "6523", "fro": "6514", "fullId": "http://purl.bioontology.org/ontology/MSH/D009853", "preferredName": "Omeprazole"}, {"semTypes": ["T999"], "to": "5023", "fro": "5012", "fullId": "http://purl.bioontology.org/ontology/MSH/D019258", "preferredName": "Saquinavir"}, {"semTypes": ["T999"], "to": "6412", "fro": "6403", "fullId": "http://purl.bioontology.org/ontology/MSH/D009853", "preferredName": "Omeprazole"}, {"semTypes": ["T121", "T109"], "to": "2006", "fro": "1997", "fullId": "http://purl.bioontology.org/ontology/MSH/D009853", "preferredName": "Omeprazole"}, {"semTypes": ["T121", "T109"], "to": "1212", "fro": "1203", "fullId": "http://purl.bioontology.org/ontology/MSH/C413408", "preferredName": "atazanavir"}, {"semTypes": ["T999"], "to": "350", "fro": "341", "fullId": "http://purl.bioontology.org/ontology/MSH/D009853", "preferredName": "Omeprazole"}, {"semTypes": ["T999"], "to": "6189", "fro": "6180", "fullId": "http://purl.bioontology.org/ontology/RXNORM/83395", "preferredName": "Saquinavir"}, {"semTypes": ["T121", "T109"], "to": "4894", "fro": "4885", "fullId": "http://purl.bioontology.org/ontology/RXNORM/7646", "preferredName": "Omeprazole"}, {"semTypes": ["T999"], "to": "7534", "fro": "7525", "fullId": "http://purl.bioontology.org/ontology/RXNORM/7646", "preferredName": "Omeprazole"}, {"semTypes": ["T999"], "to": "234", "fro": "223", "fullId": "http://purl.bioontology.org/ontology/RXNORM/83395", "preferredName": "Saquinavir"}, {"semTypes": ["T121", "T109", "T131"], "to": "5870", "fro": "5863", "fullId": "http://purl.bioontology.org/ontology/MSH/C413408", "preferredName": "atazanavir"}, {"semTypes": ["T999"], "to": "6813", "fro": "6804", "fullId": "http://purl.bioontology.org/ontology/RXNORM/7646", "preferredName": "Omeprazole"}, {"semTypes": ["T999"], "to": "2368", "fro": "2359", "fullId": "http://purl.bioontology.org/ontology/MSH/D009853", "preferredName": "Omeprazole"}, {"semTypes": ["T999"], "to": "7442", "fro": "7433", "fullId": "http://purl.bioontology.org/ontology/RXNORM/7646", "preferredName": "Omeprazole"}, {"semTypes": ["T121", "T109"], "to": "481", "fro": "472", "fullId": "http://purl.bioontology.org/ontology/MSH/D009853", "preferredName": "Omeprazole"}, {"semTypes": ["T121", "T109"], "to": "234", "fro": "223", "fullId": "http://purl.bioontology.org/ontology/RXNORM/83395", "preferredName": "Saquinavir"}, {"semTypes": ["T999"], "to": "2176", "fro": "2167", "fullId": "http://purl.bioontology.org/ontology/MSH/D009853", "preferredName": "Omeprazole"}, {"semTypes": ["T999"], "to": "5035", "fro": "5026", "fullId": "http://purl.bioontology.org/ontology/MSH/C413408", "preferredName": "atazanavir"}, {"semTypes": ["T999"], "to": "386", "fro": "377", "fullId": "http://purl.bioontology.org/ontology/MSH/D009853", "preferredName": "Omeprazole"}, {"semTypes": ["T999"], "to": "916", "fro": "902", "fullId": "http://purl.bioontology.org/ontology/RXNORM/83395", "preferredName": "Saquinavir"}, {"semTypes": ["T999"], "to": "7057", "fro": "7048", "fullId": "http://purl.bioontology.org/ontology/RXNORM/7646", "preferredName": "Omeprazole"}, {"semTypes": ["T999"], "to": "5501", "fro": "5494", "fullId": "http://purl.bioontology.org/ontology/MSH/D019258", "preferredName": "Saquinavir"}, {"semTypes": ["T121", "T109"], "to": "6412", "fro": "6403", "fullId": "http://purl.bioontology.org/ontology/RXNORM/7646", "preferredName": "Omeprazole"}, {"semTypes": ["T121", "T109"], "to": "2916", "fro": "2907", "fullId": "http://purl.bioontology.org/ontology/RXNORM/7646", "preferredName": "Omeprazole"}, {"semTypes": ["T121", "T109"], "to": "7057", "fro": "7048", "fullId": "http://purl.bioontology.org/ontology/RXNORM/7646", "preferredName": "Omeprazole"}, {"semTypes": ["T999"], "to": "8068", "fro": "8059", "fullId": "http://purl.bioontology.org/ontology/RXNORM/343047", "preferredName": "Atazanavir"}, {"semTypes": ["T999"], "to": "3193", "fro": "3184", "fullId": "http://purl.bioontology.org/ontology/RXNORM/7646", "preferredName": "Omeprazole"}, {"semTypes": ["T999"], "to": "639", "fro": "630", "fullId": "http://purl.bioontology.org/ontology/RXNORM/7646", "preferredName": "Omeprazole"}, {"semTypes": ["T121", "T109"], "to": "338", "fro": "329", "fullId": "http://purl.bioontology.org/ontology/RXNORM/7646", "preferredName": "Omeprazole"}, {"semTypes": ["T121", "T109"], "to": "6038", "fro": "6028", "fullId": "http://purl.bioontology.org/ontology/MSH/D019258", "preferredName": "Saquinavir"}, {"semTypes": ["T109", "T121"], "to": "3234", "fro": "3225", "fullId": "http://purl.bioontology.org/ontology/MSH/D009853", "preferredName": "Omeprazole"}, {"semTypes": ["T109", "T121"], "to": "873", "fro": "865", "fullId": "http://purl.bioontology.org/ontology/MSH/C413408", "preferredName": "atazanavir"}, {"semTypes": ["T999"], "to": "7922", "fro": "7913", "fullId": "http://purl.bioontology.org/ontology/MSH/D019258", "preferredName": "Saquinavir"}, {"semTypes": ["T121", "T109"], "to": "3193", "fro": "3184", "fullId": "http://purl.bioontology.org/ontology/RXNORM/7646", "preferredName": "Omeprazole"}, {"semTypes": ["T999"], "to": "531", "fro": "522", "fullId": "http://purl.bioontology.org/ontology/MSH/D009853", "preferredName": "Omeprazole"}, {"semTypes": ["T999"], "to": "862", "fro": "855", "fullId": "http://purl.bioontology.org/ontology/MSH/D019258", "preferredName": "Saquinavir"}, {"semTypes": ["T999"], "to": "3335", "fro": "3326", "fullId": "http://purl.bioontology.org/ontology/RXNORM/7646", "preferredName": "Omeprazole"}, {"semTypes": ["T999"], "to": "693", "fro": "684", "fullId": "http://purl.bioontology.org/ontology/RXNORM/83395", "preferredName": "Saquinavir"}, {"semTypes": ["T999"], "to": "2916", "fro": "2907", "fullId": "http://purl.bioontology.org/ontology/MSH/D009853", "preferredName": "Omeprazole"}, {"semTypes": ["T999"], "to": "2994", "fro": "2985", "fullId": "http://purl.bioontology.org/ontology/RXNORM/7646", "preferredName": "Omeprazole"}, {"semTypes": ["T999"], "to": "6038", "fro": "6028", "fullId": "http://purl.bioontology.org/ontology/RXNORM/83395", "preferredName": "Saquinavir"}, {"semTypes": ["T999"], "to": "6177", "fro": "6166", "fullId": "http://purl.bioontology.org/ontology/RXNORM/83395", "preferredName": "Saquinavir"}, {"semTypes": ["T999"], "to": "5451", "fro": "5442", "fullId": "http://purl.bioontology.org/ontology/RXNORM/7646", "preferredName": "Omeprazole"}, {"semTypes": ["T121", "T109"], "to": "7534", "fro": "7525", "fullId": "http://purl.bioontology.org/ontology/RXNORM/7646", "preferredName": "Omeprazole"}, {"semTypes": ["T121", "T109"], "to": "7124", "fro": "7115", "fullId": "http://purl.bioontology.org/ontology/RXNORM/7646", "preferredName": "Omeprazole"}, {"semTypes": ["T116", "T121"], "to": "6177", "fro": "6166", "fullId": "http://purl.bioontology.org/ontology/RXNORM/343047", "preferredName": "Atazanavir"}, {"semTypes": ["T999"], "to": "3234", "fro": "3225", "fullId": "http://purl.bioontology.org/ontology/RXNORM/7646", "preferredName": "Omeprazole"}, {"semTypes": ["T121", "T109"], "to": "7587", "fro": "7578", "fullId": "http://purl.bioontology.org/ontology/RXNORM/83395", "preferredName": "Saquinavir"}, {"semTypes": ["T195", "T109"], "to": "5035", "fro": "5026", "fullId": "http://purl.bioontology.org/ontology/RXNORM/83395", "preferredName": "Saquinavir"}, {"semTypes": ["T121", "T109"], "to": "5699", "fro": "5690", "fullId": "http://purl.bioontology.org/ontology/RXNORM/7646", "preferredName": "Omeprazole"}, {"semTypes": ["T121", "T109"], "to": "3952", "fro": "3944", "fullId": "http://purl.bioontology.org/ontology/RXNORM/343047", "preferredName": "Atazanavir"}, {"semTypes": ["T999"], "to": "2956", "fro": "2947", "fullId": "http://purl.bioontology.org/ontology/RXNORM/83395", "preferredName": "Saquinavir"}, {"semTypes": ["T999"], "to": "3681", "fro": "3672", "fullId": "http://purl.bioontology.org/ontology/MSH/D009853", "preferredName": "Omeprazole"}, {"semTypes": ["T109", "T121"], "to": "2822", "fro": "2813", "fullId": "http://purl.bioontology.org/ontology/MSH/D009853", "preferredName": "Omeprazole"}, {"semTypes": ["T999"], "to": "8009", "fro": "8000", "fullId": "http://purl.bioontology.org/ontology/RXNORM/7646", "preferredName": "Omeprazole"}, {"semTypes": ["T121", "T109"], "to": "5491", "fro": "5484", "fullId": "http://purl.bioontology.org/ontology/RXNORM/83395", "preferredName": "Saquinavir"}, {"semTypes": ["T999"], "to": "2822", "fro": "2813", "fullId": "http://purl.bioontology.org/ontology/MSH/D009853", "preferredName": "Omeprazole"}, {"semTypes": ["T999"], "to": "5870", "fro": "5863", "fullId": "http://purl.bioontology.org/ontology/RXNORM/83395", "preferredName": "Saquinavir"}, {"semTypes": ["T121", "T109"], "to": "8024", "fro": "8015", "fullId": "http://purl.bioontology.org/ontology/RXNORM/343047", "preferredName": "Atazanavir"}, {"semTypes": ["T121", "T109"], "to": "7671", "fro": "7662", "fullId": "http://purl.bioontology.org/ontology/RXNORM/83395", "preferredName": "Saquinavir"}, {"semTypes": ["T999"], "to": "5155", "fro": "5146", "fullId": "http://purl.bioontology.org/ontology/RXNORM/7646", "preferredName": "Omeprazole"}, {"semTypes": ["T121", "T109"], "to": "6940", "fro": "6931", "fullId": "http://purl.bioontology.org/ontology/RXNORM/7646", "preferredName": "Omeprazole"}, {"semTypes": ["T121", "T109"], "to": "929", "fro": "920", "fullId": "http://purl.bioontology.org/ontology/MSH/D009853", "preferredName": "Omeprazole"}, {"semTypes": ["T999"], "to": "278", "fro": "272", "fullId": "http://purl.bioontology.org/ontology/MSH/C413408", "preferredName": "atazanavir"}, {"semTypes": ["T109", "T121"], "to": "1789", "fro": "1780", "fullId": "http://purl.bioontology.org/ontology/RXNORM/7646", "preferredName": "Omeprazole"}, {"semTypes": ["T121", "T109"], "to": "2994", "fro": "2985", "fullId": "http://purl.bioontology.org/ontology/MSH/D009853", "preferredName": "Omeprazole"}, {"semTypes": ["T121", "T109"], "to": "3942", "fro": "3933", "fullId": "http://purl.bioontology.org/ontology/MSH/D009853", "preferredName": "Omeprazole"}, {"semTypes": ["T999"], "to": "493", "fro": "484", "fullId": "http://purl.bioontology.org/ontology/RXNORM/7646", "preferredName": "Omeprazole"}, {"semTypes": ["T109", "T121"], "to": "5515", "fro": "5507", "fullId": "http://purl.bioontology.org/ontology/RXNORM/343047", "preferredName": "Atazanavir"}, {"semTypes": ["T999"], "to": "595", "fro": "586", "fullId": "http://purl.bioontology.org/ontology/RXNORM/7646", "preferredName": "Omeprazole"}, {"semTypes": ["T121", "T109", "T131"], "to": "1100", "fro": "1093", "fullId": "http://purl.bioontology.org/ontology/RXNORM/343047", "preferredName": "Atazanavir"}, {"semTypes": ["T999"], "to": "1224", "fro": "1215", "fullId": "http://purl.bioontology.org/ontology/RXNORM/7646", "preferredName": "Omeprazole"}, {"semTypes": ["T999"], "to": "2837", "fro": "2828", "fullId": "http://purl.bioontology.org/ontology/MSH/C413408", "preferredName": "atazanavir"}, {"semTypes": ["T999"], "to": "651", "fro": "642", "fullId": "http://purl.bioontology.org/ontology/MSH/D009853", "preferredName": "Omeprazole"}, {"semTypes": ["T999"], "to": "6563", "fro": "6554", "fullId": "http://purl.bioontology.org/ontology/MSH/D009853", "preferredName": "Omeprazole"}, {"semTypes": ["T121", "T109"], "to": "6346", "fro": "6337", "fullId": "http://purl.bioontology.org/ontology/RXNORM/7646", "preferredName": "Omeprazole"}, {"semTypes": ["T999"], "to": "5699", "fro": "5690", "fullId": "http://purl.bioontology.org/ontology/RXNORM/7646", "preferredName": "Omeprazole"}, {"semTypes": ["T121", "T109"], "to": "1224", "fro": "1215", "fullId": "http://purl.bioontology.org/ontology/MSH/D009853", "preferredName": "Omeprazole"}, {"semTypes": ["T999"], "to": "4112", "fro": "4103", "fullId": "http://purl.bioontology.org/ontology/MSH/D009853", "preferredName": "Omeprazole"}, {"semTypes": ["T999"], "to": "6429", "fro": "6418", "fullId": "http://purl.bioontology.org/ontology/MSH/D019258", "preferredName": "Saquinavir"}, {"semTypes": ["T121", "T109"], "to": "2714", "fro": "2705", "fullId": "http://purl.bioontology.org/ontology/MSH/D019258", "preferredName": "Saquinavir"}, {"semTypes": ["T121", "T109"], "to": "531", "fro": "522", "fullId": "http://purl.bioontology.org/ontology/MSH/D009853", "preferredName": "Omeprazole"}, {"semTypes": ["T121", "T109"], "to": "5451", "fro": "5442", "fullId": "http://purl.bioontology.org/ontology/MSH/D009853", "preferredName": "Omeprazole"}, {"semTypes": ["T121", "T109"], "to": "493", "fro": "484", "fullId": "http://purl.bioontology.org/ontology/MSH/D009853", "preferredName": "Omeprazole"}, {"semTypes": ["T999"], "to": "1866", "fro": "1857", "fullId": "http://purl.bioontology.org/ontology/MSH/D009853", "preferredName": "Omeprazole"}, {"semTypes": ["T121", "T109"], "to": "5023", "fro": "5012", "fullId": "http://purl.bioontology.org/ontology/MSH/C413408", "preferredName": "atazanavir"}, {"semTypes": ["T121", "T109"], "to": "2069", "fro": "2060", "fullId": "http://purl.bioontology.org/ontology/MSH/D009853", "preferredName": "Omeprazole"}, {"semTypes": ["T121", "T109"], "to": "1356", "fro": "1345", "fullId": "http://purl.bioontology.org/ontology/RXNORM/343047", "preferredName": "Atazanavir"}, {"semTypes": ["T999"], "to": "3379", "fro": "3370", "fullId": "http://purl.bioontology.org/ontology/RXNORM/343047", "preferredName": "Atazanavir"}, {"semTypes": ["T121", "T109"], "to": "595", "fro": "586", "fullId": "http://purl.bioontology.org/ontology/MSH/D009853", "preferredName": "Omeprazole"}, {"semTypes": ["T121", "T109", "T131"], "to": "5501", "fro": "5494", "fullId": "http://purl.bioontology.org/ontology/MSH/C413408", "preferredName": "atazanavir"}, {"semTypes": ["T999"], "to": "2699", "fro": "2690", "fullId": "http://purl.bioontology.org/ontology/MSH/D009853", "preferredName": "Omeprazole"}, {"semTypes": ["T999"], "to": "2069", "fro": "2060", "fullId": "http://purl.bioontology.org/ontology/MSH/D009853", "preferredName": "Omeprazole"}, {"semTypes": ["T121", "T109"], "to": "639", "fro": "630", "fullId": "http://purl.bioontology.org/ontology/RXNORM/7646", "preferredName": "Omeprazole"}, {"semTypes": ["T999"], "to": "8024", "fro": "8015", "fullId": "http://purl.bioontology.org/ontology/MSH/C413408", "preferredName": "atazanavir"}, {"semTypes": ["T999"], "to": "7671", "fro": "7662", "fullId": "http://purl.bioontology.org/ontology/RXNORM/7646", "preferredName": "Omeprazole"}, {"semTypes": ["T121", "T109"], "to": "852", "fro": "845", "fullId": "http://purl.bioontology.org/ontology/MSH/D019258", "preferredName": "Saquinavir"}, {"semTypes": ["T121", "T109"], "to": "4204", "fro": "4195", "fullId": "http://purl.bioontology.org/ontology/RXNORM/7646", "preferredName": "Omeprazole"}, {"semTypes": ["T121", "T109"], "to": "7088", "fro": "7077", "fullId": "http://purl.bioontology.org/ontology/MSH/C413408", "preferredName": "atazanavir"}, {"semTypes": ["T999"], "to": "3115", "fro": "3106", "fullId": "http://purl.bioontology.org/ontology/RXNORM/343047", "preferredName": "Atazanavir"}, {"semTypes": ["T109", "T121"], "to": "3162", "fro": "3153", "fullId": "http://purl.bioontology.org/ontology/RXNORM/7646", "preferredName": "Omeprazole"}, {"semTypes": ["T121", "T109"], "to": "6743", "fro": "6732", "fullId": "http://purl.bioontology.org/ontology/MSH/D019258", "preferredName": "Saquinavir"}, {"semTypes": ["T999"], "to": "899", "fro": "890", "fullId": "http://purl.bioontology.org/ontology/RXNORM/83395", "preferredName": "Saquinavir"}, {"semTypes": ["T121", "T109"], "to": "5155", "fro": "5146", "fullId": "http://purl.bioontology.org/ontology/RXNORM/7646", "preferredName": "Omeprazole"}, {"semTypes": ["T999"], "to": "4894", "fro": "4885", "fullId": "http://purl.bioontology.org/ontology/MSH/D009853", "preferredName": "Omeprazole"}, {"semTypes": ["T121", "T109"], "to": "3681", "fro": "3672", "fullId": "http://purl.bioontology.org/ontology/RXNORM/7646", "preferredName": "Omeprazole"}, {"semTypes": ["T999"], "to": "7587", "fro": "7578", "fullId": "http://purl.bioontology.org/ontology/RXNORM/7646", "preferredName": "Omeprazole"}, {"semTypes": ["T109", "T121"], "to": "2699", "fro": "2690", "fullId": "http://purl.bioontology.org/ontology/RXNORM/7646", "preferredName": "Omeprazole"}, {"semTypes": ["T999"], "to": "1356", "fro": "1345", "fullId": "http://purl.bioontology.org/ontology/MSH/D019258", "preferredName": "Saquinavir"}, {"semTypes": ["T109", "T121"], "to": "3364", "fro": "3355", "fullId": "http://purl.bioontology.org/ontology/RXNORM/7646", "preferredName": "Omeprazole"}, {"semTypes": ["T999"], "to": "5713", "fro": "5706", "fullId": "http://purl.bioontology.org/ontology/MSH/C413408", "preferredName": "atazanavir"}, {"semTypes": ["T200"], "to": "4015", "fro": "4000", "fullId": "http://purl.bioontology.org/ontology/RXNORM/343047", "preferredName": "Atazanavir"}, {"semTypes": ["T999"], "to": "887", "fro": "876", "fullId": "http://purl.bioontology.org/ontology/MSH/D019258", "preferredName": "Saquinavir"}, {"semTypes": ["T999"], "to": "2006", "fro": "1997", "fullId": "http://purl.bioontology.org/ontology/MSH/D009853", "preferredName": "Omeprazole"}, {"semTypes": ["T999"], "to": "1789", "fro": "1780", "fullId": "http://purl.bioontology.org/ontology/RXNORM/7646", "preferredName": "Omeprazole"}, {"semTypes": ["T999"], "to": "1378", "fro": "1369", "fullId": "http://purl.bioontology.org/ontology/MSH/D009853", "preferredName": "Omeprazole"}, {"semTypes": ["T999"], "to": "338", "fro": "329", "fullId": "http://purl.bioontology.org/ontology/RXNORM/7646", "preferredName": "Omeprazole"}, {"semTypes": ["T999"], "to": "3790", "fro": "3781", "fullId": "http://purl.bioontology.org/ontology/MSH/D009853", "preferredName": "Omeprazole"}, {"semTypes": ["T999"], "to": "852", "fro": "845", "fullId": "http://purl.bioontology.org/ontology/MSH/C413408", "preferredName": "atazanavir"}, {"semTypes": ["T121", "T109"], "to": "6189", "fro": "6180", "fullId": "http://purl.bioontology.org/ontology/RXNORM/83395", "preferredName": "Saquinavir"}, {"semTypes": ["T999"], "to": "3942", "fro": "3933", "fullId": "http://purl.bioontology.org/ontology/MSH/D009853", "preferredName": "Omeprazole"}, {"semTypes": ["T121", "T109"], "to": "8068", "fro": "8059", "fullId": "http://purl.bioontology.org/ontology/MSH/D019258", "preferredName": "Saquinavir"}, {"semTypes": ["T121", "T109"], "to": "4427", "fro": "4418", "fullId": "http://purl.bioontology.org/ontology/RXNORM/7646", "preferredName": "Omeprazole"}, {"semTypes": ["T109", "T121"], "to": "323", "fro": "314", "fullId": "http://purl.bioontology.org/ontology/MSH/D009853", "preferredName": "Omeprazole"}, {"semTypes": ["T999"], "to": "3162", "fro": "3153", "fullId": "http://purl.bioontology.org/ontology/RXNORM/7646", "preferredName": "Omeprazole"}, {"semTypes": ["T121", "T109"], "to": "1264", "fro": "1255", "fullId": "http://purl.bioontology.org/ontology/MSH/D019258", "preferredName": "Saquinavir"}, {"semTypes": ["T999"], "to": "7518", "fro": "7509", "fullId": "http://purl.bioontology.org/ontology/RXNORM/83395", "preferredName": "Saquinavir"}, {"semTypes": ["T999"], "to": "481", "fro": "472", "fullId": "http://purl.bioontology.org/ontology/RXNORM/7646", "preferredName": "Omeprazole"}, {"semTypes": ["T999"], "to": "6023", "fro": "6012", "fullId": "http://purl.bioontology.org/ontology/MSH/D019258", "preferredName": "Saquinavir"}, {"semTypes": ["T999"], "to": "265", "fro": "260", "fullId": "http://purl.bioontology.org/ontology/MSH/C413408", "preferredName": "atazanavir"}, {"semTypes": ["T999"], "to": "3364", "fro": "3355", "fullId": "http://purl.bioontology.org/ontology/MSH/D009853", "preferredName": "Omeprazole"}, {"semTypes": ["T999"], "to": "4204", "fro": "4195", "fullId": "http://purl.bioontology.org/ontology/MSH/D009853", "preferredName": "Omeprazole"}, {"semTypes": ["T999"], "to": "5042", "fro": "5037", "fullId": "http://purl.bioontology.org/ontology/RXNORM/343047", "preferredName": "Atazanavir"}, {"semTypes": ["T109", "T121"], "to": "386", "fro": "377", "fullId": "http://purl.bioontology.org/ontology/MSH/D009853", "preferredName": "Omeprazole"}, {"semTypes": ["T999"], "to": "1212", "fro": "1203", "fullId": "http://purl.bioontology.org/ontology/MSH/C413408", "preferredName": "atazanavir"}, {"semTypes": ["T121", "T109"], "to": "766", "fro": "757", "fullId": "http://purl.bioontology.org/ontology/RXNORM/83395", "preferredName": "Saquinavir"}, {"semTypes": ["T121", "T109"], "to": "4112", "fro": "4103", "fullId": "http://purl.bioontology.org/ontology/MSH/D009853", "preferredName": "Omeprazole"}, {"semTypes": ["T123", "T109", "T121"], "to": "6023", "fro": "6012", "fullId": "http://purl.bioontology.org/ontology/MSH/C413408", "preferredName": "atazanavir"}, {"semTypes": ["T109", "T121"], "to": "1866", "fro": "1857", "fullId": "http://purl.bioontology.org/ontology/MSH/D009853", "preferredName": "Omeprazole"}, {"semTypes": ["T121", "T109"], "to": "6563", "fro": "6554", "fullId": "http://purl.bioontology.org/ontology/MSH/D009853", "preferredName": "Omeprazole"}, {"semTypes": ["T999"], "to": "323", "fro": "314", "fullId": "http://purl.bioontology.org/ontology/MSH/D009853", "preferredName": "Omeprazole"}, {"semTypes": ["T121", "T109"], "to": "7293", "fro": "7284", "fullId": "http://purl.bioontology.org/ontology/RXNORM/7646", "preferredName": "Omeprazole"}, {"semTypes": ["T121", "T109", "T131"], "to": "5713", "fro": "5706", "fullId": "http://purl.bioontology.org/ontology/RXNORM/83395", "preferredName": "Saquinavir"}, {"semTypes": ["T999"], "to": "401", "fro": "392", "fullId": "http://purl.bioontology.org/ontology/RXNORM/7646", "preferredName": "Omeprazole"}, {"semTypes": ["T121", "T109"], "to": "3115", "fro": "3106", "fullId": "http://purl.bioontology.org/ontology/RXNORM/7646", "preferredName": "Omeprazole"}, {"semTypes": ["T999"], "to": "1695", "fro": "1686", "fullId": "http://purl.bioontology.org/ontology/RXNORM/7646", "preferredName": "Omeprazole"}, {"semTypes": ["T121", "T109"], "to": "401", "fro": "392", "fullId": "http://purl.bioontology.org/ontology/RXNORM/7646", "preferredName": "Omeprazole"}, {"semTypes": ["T195", "T109"], "to": "258", "fro": "249", "fullId": "http://purl.bioontology.org/ontology/RXNORM/343047", "preferredName": "Atazanavir"}, {"semTypes": ["T999"], "to": "1264", "fro": "1255", "fullId": "http://purl.bioontology.org/ontology/RXNORM/343047", "preferredName": "Atazanavir"}, {"semTypes": ["T999"], "to": "766", "fro": "757", "fullId": "http://purl.bioontology.org/ontology/RXNORM/7646", "preferredName": "Omeprazole"}, {"semTypes": ["T121", "T109"], "to": "2956", "fro": "2947", "fullId": "http://purl.bioontology.org/ontology/MSH/C413408", "preferredName": "atazanavir"}, {"semTypes": ["T121", "T109"], "to": "7442", "fro": "7433", "fullId": "http://purl.bioontology.org/ontology/RXNORM/7646", "preferredName": "Omeprazole"}, {"semTypes": ["T999"], "to": "3952", "fro": "3944", "fullId": "http://purl.bioontology.org/ontology/RXNORM/83395", "preferredName": "Saquinavir"}, {"semTypes": ["T121", "T109"], "to": "3790", "fro": "3781", "fullId": "http://purl.bioontology.org/ontology/MSH/D009853", "preferredName": "Omeprazole"}, {"semTypes": ["T121", "T109"], "to": "7169", "fro": "7160", "fullId": "http://purl.bioontology.org/ontology/MSH/D009853", "preferredName": "Omeprazole"}, {"semTypes": ["T121", "T109"], "to": "7518", "fro": "7509", "fullId": "http://purl.bioontology.org/ontology/RXNORM/7646", "preferredName": "Omeprazole"}, {"semTypes": ["T999"], "to": "5491", "fro": "5484", "fullId": "http://purl.bioontology.org/ontology/RXNORM/343047", "preferredName": "Atazanavir"}, {"semTypes": ["T110", "T118", "T121"], "to": "278", "fro": "272", "fullId": "http://purl.bioontology.org/ontology/RXNORM/343047", "preferredName": "Atazanavir"}, {"semTypes": ["T999"], "to": "6743", "fro": "6732", "fullId": "http://purl.bioontology.org/ontology/MSH/D019258", "preferredName": "Saquinavir"}, {"semTypes": ["T121", "T109"], "to": "3379", "fro": "3370", "fullId": "http://purl.bioontology.org/ontology/RXNORM/7646", "preferredName": "Omeprazole"}, {"semTypes": ["T999"], "to": "1710", "fro": "1701", "fullId": "http://purl.bioontology.org/ontology/MSH/D019258", "preferredName": "Saquinavir"}, {"semTypes": ["T121", "T109"], "to": "899", "fro": "890", "fullId": "http://purl.bioontology.org/ontology/MSH/D019258", "preferredName": "Saquinavir"}, {"semTypes": ["T999"], "to": "2714", "fro": "2705", "fullId": "http://purl.bioontology.org/ontology/RXNORM/7646", "preferredName": "Omeprazole"}]