[{"semTypes": ["T999"], "to": "1069", "fro": "1060", "fullId": "http://purl.bioontology.org/ontology/RXNORM/5691", "preferredName": "Imipramine"}, {"semTypes": ["T999"], "to": "4510", "fro": "4501", "fullId": "http://purl.bioontology.org/ontology/MSH/D015283", "preferredName": "Citalopram"}, {"semTypes": ["T999"], "to": "1244", "fro": "1235", "fullId": "http://purl.bioontology.org/ontology/RXNORM/2556", "preferredName": "Citalopram"}, {"semTypes": ["T999"], "to": "4406", "fro": "4395", "fullId": "http://purl.bioontology.org/ontology/MSH/D015283", "preferredName": "Citalopram"}, {"semTypes": ["T999"], "to": "5069", "fro": "5060", "fullId": "http://purl.bioontology.org/ontology/MSH/D015283", "preferredName": "Citalopram"}, {"semTypes": ["T999"], "to": "2802", "fro": "2793", "fullId": "http://purl.bioontology.org/ontology/MSH/D015283", "preferredName": "Citalopram"}, {"semTypes": ["T999"], "to": "2766", "fro": "2756", "fullId": "http://purl.bioontology.org/ontology/MSH/D007099", "preferredName": "Imipramine"}, {"semTypes": ["T109", "T121"], "to": "6494", "fro": "6485", "fullId": "http://purl.bioontology.org/ontology/MSH/D015283", "preferredName": "Citalopram"}, {"semTypes": ["T109", "T121"], "to": "5273", "fro": "5264", "fullId": "http://purl.bioontology.org/ontology/RXNORM/221078", "preferredName": "Citalopram hydrobromide"}, {"semTypes": ["T121", "T109"], "to": "5069", "fro": "5060", "fullId": "http://purl.bioontology.org/ontology/RXNORM/2556", "preferredName": "Citalopram"}, {"semTypes": ["T999"], "to": "5723", "fro": "5714", "fullId": "http://purl.bioontology.org/ontology/MSH/D015283", "preferredName": "Citalopram"}, {"semTypes": ["T999"], "to": "4936", "fro": "4927", "fullId": "http://purl.bioontology.org/ontology/RXNORM/2556", "preferredName": "Citalopram"}, {"semTypes": ["T999"], "to": "3922", "fro": "3911", "fullId": "http://purl.bioontology.org/ontology/MSH/D015283", "preferredName": "Citalopram"}, {"semTypes": ["T121", "T109"], "to": "3367", "fro": "3358", "fullId": "http://purl.bioontology.org/ontology/RXNORM/2556", "preferredName": "Citalopram"}, {"semTypes": ["T999"], "to": "6316", "fro": "6307", "fullId": "http://purl.bioontology.org/ontology/MSH/D015283", "preferredName": "Citalopram"}, {"semTypes": ["T121", "T109"], "to": "4198", "fro": "4189", "fullId": "http://purl.bioontology.org/ontology/MSH/D015283", "preferredName": "Citalopram"}, {"semTypes": ["T121", "T109"], "to": "1672", "fro": "1663", "fullId": "http://purl.bioontology.org/ontology/RXNORM/2556", "preferredName": "Citalopram"}, {"semTypes": ["T109", "T121"], "to": "2753", "fro": "2744", "fullId": "http://purl.bioontology.org/ontology/MSH/D007099", "preferredName": "Imipramine"}, {"semTypes": ["T999"], "to": "2385", "fro": "2374", "fullId": "http://purl.bioontology.org/ontology/RXNORM/221078", "preferredName": "Citalopram hydrobromide"}, {"semTypes": ["T999"], "to": "3531", "fro": "3522", "fullId": "http://purl.bioontology.org/ontology/RXNORM/2556", "preferredName": "Citalopram"}, {"semTypes": ["T999"], "to": "5482", "fro": "5473", "fullId": "http://purl.bioontology.org/ontology/RXNORM/2556", "preferredName": "Citalopram"}, {"semTypes": ["T121", "T109"], "to": "1862", "fro": "1853", "fullId": "http://purl.bioontology.org/ontology/RXNORM/2556", "preferredName": "Citalopram"}, {"semTypes": ["T999"], "to": "1195", "fro": "1186", "fullId": "http://purl.bioontology.org/ontology/MSH/D007099", "preferredName": "Imipramine"}, {"semTypes": ["T109", "T121"], "to": "388", "fro": "366", "fullId": "http://purl.bioontology.org/ontology/RXNORM/2556", "preferredName": "Citalopram"}, {"semTypes": ["T999"], "to": "5855", "fro": "5846", "fullId": "http://purl.bioontology.org/ontology/MSH/D015283", "preferredName": "Citalopram"}, {"semTypes": ["T999"], "to": "3974", "fro": "3963", "fullId": "http://purl.bioontology.org/ontology/RXNORM/2556", "preferredName": "Citalopram"}, {"semTypes": ["T121", "T109"], "to": "2092", "fro": "2083", "fullId": "http://purl.bioontology.org/ontology/MSH/D015283", "preferredName": "Citalopram"}, {"semTypes": ["T121", "T109"], "to": "3818", "fro": "3809", "fullId": "http://purl.bioontology.org/ontology/MSH/D015283", "preferredName": "Citalopram"}, {"semTypes": ["T109", "T121"], "to": "6247", "fro": "6225", "fullId": "http://purl.bioontology.org/ontology/MSH/D015283", "preferredName": "Citalopram"}, {"semTypes": ["T121", "T109"], "to": "2790", "fro": "2781", "fullId": "http://purl.bioontology.org/ontology/MSH/D007099", "preferredName": "Imipramine"}, {"semTypes": ["T109", "T121"], "to": "5401", "fro": "5392", "fullId": "http://purl.bioontology.org/ontology/RXNORM/221078", "preferredName": "Citalopram hydrobromide"}, {"semTypes": ["T121", "T109"], "to": "4530", "fro": "4521", "fullId": "http://purl.bioontology.org/ontology/MSH/D015283", "preferredName": "Citalopram"}, {"semTypes": ["T121", "T109"], "to": "4072", "fro": "4063", "fullId": "http://purl.bioontology.org/ontology/RXNORM/2556", "preferredName": "Citalopram"}, {"semTypes": ["T121", "T109"], "to": "4510", "fro": "4501", "fullId": "http://purl.bioontology.org/ontology/RXNORM/2556", "preferredName": "Citalopram"}, {"semTypes": ["T999"], "to": "3367", "fro": "3358", "fullId": "http://purl.bioontology.org/ontology/RXNORM/2556", "preferredName": "Citalopram"}, {"semTypes": ["T121", "T109"], "to": "4100", "fro": "4089", "fullId": "http://purl.bioontology.org/ontology/MSH/D015283", "preferredName": "Citalopram"}, {"semTypes": ["T109", "T121"], "to": "2247", "fro": "2225", "fullId": "http://purl.bioontology.org/ontology/MSH/D015283", "preferredName": "Citalopram"}, {"semTypes": ["T999"], "to": "1058", "fro": "1049", "fullId": "http://purl.bioontology.org/ontology/RXNORM/2556", "preferredName": "Citalopram"}, {"semTypes": ["T999"], "to": "4766", "fro": "4757", "fullId": "http://purl.bioontology.org/ontology/RXNORM/2556", "preferredName": "Citalopram"}, {"semTypes": ["T109", "T121"], "to": "2150", "fro": "2128", "fullId": "http://purl.bioontology.org/ontology/MSH/D015283", "preferredName": "Citalopram"}, {"semTypes": ["T999"], "to": "2753", "fro": "2744", "fullId": "http://purl.bioontology.org/ontology/RXNORM/5691", "preferredName": "Imipramine"}, {"semTypes": ["T121", "T109"], "to": "2451", "fro": "2442", "fullId": "http://purl.bioontology.org/ontology/RXNORM/2556", "preferredName": "Citalopram"}, {"semTypes": ["T999"], "to": "4381", "fro": "4372", "fullId": "http://purl.bioontology.org/ontology/RXNORM/2556", "preferredName": "Citalopram"}, {"semTypes": ["T121", "T109"], "to": "2802", "fro": "2793", "fullId": "http://purl.bioontology.org/ontology/RXNORM/2556", "preferredName": "Citalopram"}, {"semTypes": ["T109", "T121"], "to": "1069", "fro": "1060", "fullId": "http://purl.bioontology.org/ontology/MSH/D007099", "preferredName": "Imipramine"}, {"semTypes": ["T109", "T121"], "to": "6860", "fro": "6838", "fullId": "http://purl.bioontology.org/ontology/RXNORM/2556", "preferredName": "Citalopram"}, {"semTypes": ["T999"], "to": "6598", "fro": "6588", "fullId": "http://purl.bioontology.org/ontology/RXNORM/221078", "preferredName": "Citalopram hydrobromide"}, {"semTypes": ["T121", "T109"], "to": "4643", "fro": "4634", "fullId": "http://purl.bioontology.org/ontology/RXNORM/2556", "preferredName": "Citalopram"}, {"semTypes": ["T109", "T121"], "to": "3897", "fro": "3875", "fullId": "http://purl.bioontology.org/ontology/RXNORM/2556", "preferredName": "Citalopram"}, {"semTypes": ["T999"], "to": "4340", "fro": "4331", "fullId": "http://purl.bioontology.org/ontology/RXNORM/2556", "preferredName": "Citalopram"}, {"semTypes": ["T109", "T121"], "to": "931", "fro": "925", "fullId": "http://purl.bioontology.org/ontology/RXNORM/5691", "preferredName": "Imipramine"}, {"semTypes": ["T121", "T109"], "to": "5924", "fro": "5914", "fullId": "http://purl.bioontology.org/ontology/RXNORM/221078", "preferredName": "Citalopram hydrobromide"}, {"semTypes": ["T999"], "to": "2451", "fro": "2442", "fullId": "http://purl.bioontology.org/ontology/MSH/D015283", "preferredName": "Citalopram"}, {"semTypes": ["T109", "T121"], "to": "5386", "fro": "5364", "fullId": "http://purl.bioontology.org/ontology/MSH/D015283", "preferredName": "Citalopram"}, {"semTypes": ["T999"], "to": "4807", "fro": "4798", "fullId": "http://purl.bioontology.org/ontology/RXNORM/2556", "preferredName": "Citalopram"}, {"semTypes": ["T999"], "to": "4832", "fro": "4821", "fullId": "http://purl.bioontology.org/ontology/MSH/D015283", "preferredName": "Citalopram"}, {"semTypes": ["T999"], "to": "3215", "fro": "3203", "fullId": "http://purl.bioontology.org/ontology/MSH/D015283", "preferredName": "Citalopram"}, {"semTypes": ["T999"], "to": "6161", "fro": "6152", "fullId": "http://purl.bioontology.org/ontology/RXNORM/2556", "preferredName": "Citalopram"}, {"semTypes": ["T109", "T121"], "to": "5144", "fro": "5122", "fullId": "http://purl.bioontology.org/ontology/RXNORM/2556", "preferredName": "Citalopram"}, {"semTypes": ["T999"], "to": "5251", "fro": "5242", "fullId": "http://purl.bioontology.org/ontology/RXNORM/221078", "preferredName": "Citalopram hydrobromide"}, {"semTypes": ["T109", "T121"], "to": "3651", "fro": "3629", "fullId": "http://purl.bioontology.org/ontology/MSH/D015283", "preferredName": "Citalopram"}, {"semTypes": ["T121", "T109"], "to": "6161", "fro": "6152", "fullId": "http://purl.bioontology.org/ontology/RXNORM/2556", "preferredName": "Citalopram"}, {"semTypes": ["T999"], "to": "4072", "fro": "4063", "fullId": "http://purl.bioontology.org/ontology/MSH/D015283", "preferredName": "Citalopram"}, {"semTypes": ["T109", "T121"], "to": "3173", "fro": "3151", "fullId": "http://purl.bioontology.org/ontology/MSH/D015283", "preferredName": "Citalopram"}, {"semTypes": ["T999"], "to": "3488", "fro": "3476", "fullId": "http://purl.bioontology.org/ontology/RXNORM/2556", "preferredName": "Citalopram"}, {"semTypes": ["T109", "T121", "T123"], "to": "2309", "fro": "2298", "fullId": "http://purl.bioontology.org/ontology/RXNORM/2556", "preferredName": "Citalopram"}, {"semTypes": ["T109", "T121"], "to": "5482", "fro": "5473", "fullId": "http://purl.bioontology.org/ontology/MSH/D015283", "preferredName": "Citalopram"}, {"semTypes": ["T121", "T109"], "to": "1058", "fro": "1049", "fullId": "http://purl.bioontology.org/ontology/MSH/D015283", "preferredName": "Citalopram"}, {"semTypes": ["T999"], "to": "2481", "fro": "2471", "fullId": "http://purl.bioontology.org/ontology/RXNORM/5691", "preferredName": "Imipramine"}, {"semTypes": ["T999"], "to": "4530", "fro": "4521", "fullId": "http://purl.bioontology.org/ontology/MSH/D015283", "preferredName": "Citalopram"}, {"semTypes": ["T999"], "to": "5090", "fro": "5081", "fullId": "http://purl.bioontology.org/ontology/RXNORM/221078", "preferredName": "Citalopram hydrobromide"}, {"semTypes": ["T109", "T121"], "to": "1567", "fro": "1545", "fullId": "http://purl.bioontology.org/ontology/MSH/D015283", "preferredName": "Citalopram"}, {"semTypes": ["T999"], "to": "5924", "fro": "5914", "fullId": "http://purl.bioontology.org/ontology/RXNORM/221078", "preferredName": "Citalopram hydrobromide"}, {"semTypes": ["T109", "T121"], "to": "1515", "fro": "1493", "fullId": "http://purl.bioontology.org/ontology/MSH/D015283", "preferredName": "Citalopram"}, {"semTypes": ["T109", "T121"], "to": "1195", "fro": "1186", "fullId": "http://purl.bioontology.org/ontology/MSH/D007099", "preferredName": "Imipramine"}, {"semTypes": ["T121", "T109"], "to": "3922", "fro": "3911", "fullId": "http://purl.bioontology.org/ontology/RXNORM/2556", "preferredName": "Citalopram"}, {"semTypes": ["T999"], "to": "5568", "fro": "5559", "fullId": "http://purl.bioontology.org/ontology/MSH/D015283", "preferredName": "Citalopram"}, {"semTypes": ["T109", "T121"], "to": "6316", "fro": "6307", "fullId": "http://purl.bioontology.org/ontology/MSH/D015283", "preferredName": "Citalopram"}, {"semTypes": ["T999"], "to": "2092", "fro": "2083", "fullId": "http://purl.bioontology.org/ontology/MSH/D015283", "preferredName": "Citalopram"}, {"semTypes": ["T109", "T121"], "to": "6713", "fro": "6691", "fullId": "http://purl.bioontology.org/ontology/MSH/D015283", "preferredName": "Citalopram"}, {"semTypes": ["T109", "T121"], "to": "5723", "fro": "5714", "fullId": "http://purl.bioontology.org/ontology/MSH/D015283", "preferredName": "Citalopram"}, {"semTypes": ["T109", "T121"], "to": "3488", "fro": "3476", "fullId": "http://purl.bioontology.org/ontology/MSH/D015283", "preferredName": "Citalopram"}, {"semTypes": ["T999"], "to": "6005", "fro": "5995", "fullId": "http://purl.bioontology.org/ontology/RXNORM/221078", "preferredName": "Citalopram hydrobromide"}, {"semTypes": ["T999"], "to": "5901", "fro": "5892", "fullId": "http://purl.bioontology.org/ontology/MSH/D015283", "preferredName": "Citalopram"}, {"semTypes": ["T109", "T121"], "to": "5901", "fro": "5892", "fullId": "http://purl.bioontology.org/ontology/MSH/D015283", "preferredName": "Citalopram"}, {"semTypes": ["T121", "T109"], "to": "4832", "fro": "4821", "fullId": "http://purl.bioontology.org/ontology/MSH/D015283", "preferredName": "Citalopram"}, {"semTypes": ["T999"], "to": "4198", "fro": "4189", "fullId": "http://purl.bioontology.org/ontology/MSH/D015283", "preferredName": "Citalopram"}, {"semTypes": ["T109", "T121", "T123"], "to": "2194", "fro": "2183", "fullId": "http://purl.bioontology.org/ontology/RXNORM/221078", "preferredName": "Citalopram hydrobromide"}, {"semTypes": ["T999"], "to": "6494", "fro": "6485", "fullId": "http://purl.bioontology.org/ontology/MSH/D015283", "preferredName": "Citalopram"}, {"semTypes": ["T999"], "to": "2778", "fro": "2769", "fullId": "http://purl.bioontology.org/ontology/RXNORM/5691", "preferredName": "Imipramine"}, {"semTypes": ["T999"], "to": "2790", "fro": "2781", "fullId": "http://purl.bioontology.org/ontology/MSH/D007099", "preferredName": "Imipramine"}, {"semTypes": ["T121", "T109"], "to": "6517", "fro": "6507", "fullId": "http://purl.bioontology.org/ontology/RXNORM/221078", "preferredName": "Citalopram hydrobromide"}, {"semTypes": ["T131", "T121", "T109"], "to": "567", "fro": "560", "fullId": "http://purl.bioontology.org/ontology/RXNORM/221078", "preferredName": "Citalopram hydrobromide"}, {"semTypes": ["T999"], "to": "4643", "fro": "4634", "fullId": "http://purl.bioontology.org/ontology/RXNORM/2556", "preferredName": "Citalopram"}, {"semTypes": ["T121", "T109"], "to": "4381", "fro": "4372", "fullId": "http://purl.bioontology.org/ontology/MSH/D015283", "preferredName": "Citalopram"}, {"semTypes": ["T999"], "to": "3598", "fro": "3590", "fullId": "http://purl.bioontology.org/ontology/RXNORM/221078", "preferredName": "Citalopram hydrobromide"}, {"semTypes": ["T999"], "to": "2723", "fro": "2713", "fullId": "http://purl.bioontology.org/ontology/RXNORM/221078", "preferredName": "Citalopram hydrobromide"}, {"semTypes": ["T999"], "to": "2680", "fro": "2670", "fullId": "http://purl.bioontology.org/ontology/RXNORM/221078", "preferredName": "Citalopram hydrobromide"}, {"semTypes": ["T999"], "to": "2309", "fro": "2298", "fullId": "http://purl.bioontology.org/ontology/RXNORM/221078", "preferredName": "Citalopram hydrobromide"}, {"semTypes": ["T121", "T109"], "to": "2778", "fro": "2769", "fullId": "http://purl.bioontology.org/ontology/MSH/D007099", "preferredName": "Imipramine"}, {"semTypes": ["T999"], "to": "6517", "fro": "6507", "fullId": "http://purl.bioontology.org/ontology/RXNORM/221078", "preferredName": "Citalopram hydrobromide"}, {"semTypes": ["T121", "T109"], "to": "2680", "fro": "2670", "fullId": "http://purl.bioontology.org/ontology/RXNORM/221078", "preferredName": "Citalopram hydrobromide"}, {"semTypes": ["T109", "T121"], "to": "6120", "fro": "6098", "fullId": "http://purl.bioontology.org/ontology/RXNORM/2556", "preferredName": "Citalopram"}, {"semTypes": ["T999"], "to": "3844", "fro": "3833", "fullId": "http://purl.bioontology.org/ontology/RXNORM/2556", "preferredName": "Citalopram"}, {"semTypes": ["T109", "T121"], "to": "3120", "fro": "3108", "fullId": "http://purl.bioontology.org/ontology/RXNORM/2556", "preferredName": "Citalopram"}, {"semTypes": ["T999"], "to": "1683", "fro": "1677", "fullId": "http://purl.bioontology.org/ontology/RXNORM/221078", "preferredName": "Citalopram hydrobromide"}, {"semTypes": ["T121", "T118", "T110"], "to": "1683", "fro": "1677", "fullId": "http://purl.bioontology.org/ontology/RXNORM/221078", "preferredName": "Citalopram hydrobromide"}, {"semTypes": ["T999"], "to": "5273", "fro": "5264", "fullId": "http://purl.bioontology.org/ontology/RXNORM/221078", "preferredName": "Citalopram hydrobromide"}, {"semTypes": ["T999"], "to": "5401", "fro": "5392", "fullId": "http://purl.bioontology.org/ontology/RXNORM/221078", "preferredName": "Citalopram hydrobromide"}, {"semTypes": ["T999"], "to": "1579", "fro": "1573", "fullId": "http://purl.bioontology.org/ontology/RXNORM/221078", "preferredName": "Citalopram hydrobromide"}, {"semTypes": ["T121", "T109"], "to": "4406", "fro": "4395", "fullId": "http://purl.bioontology.org/ontology/MSH/D015283", "preferredName": "Citalopram"}, {"semTypes": ["T999"], "to": "1672", "fro": "1663", "fullId": "http://purl.bioontology.org/ontology/MSH/D015283", "preferredName": "Citalopram"}, {"semTypes": ["T999"], "to": "193", "fro": "184", "fullId": "http://purl.bioontology.org/ontology/MSH/D015283", "preferredName": "Citalopram"}, {"semTypes": ["T999"], "to": "2887", "fro": "2880", "fullId": "http://purl.bioontology.org/ontology/RXNORM/221078", "preferredName": "Citalopram hydrobromide"}, {"semTypes": ["T999"], "to": "4100", "fro": "4089", "fullId": "http://purl.bioontology.org/ontology/MSH/D015283", "preferredName": "Citalopram"}, {"semTypes": ["T121", "T109"], "to": "2481", "fro": "2471", "fullId": "http://purl.bioontology.org/ontology/RXNORM/221078", "preferredName": "Citalopram hydrobromide"}, {"semTypes": ["T131", "T121", "T109"], "to": "3001", "fro": "2994", "fullId": "http://purl.bioontology.org/ontology/RXNORM/221078", "preferredName": "Citalopram hydrobromide"}, {"semTypes": ["T999"], "to": "3319", "fro": "3307", "fullId": "http://purl.bioontology.org/ontology/MSH/D015283", "preferredName": "Citalopram"}, {"semTypes": ["T999"], "to": "436", "fro": "409", "fullId": "http://purl.bioontology.org/ontology/RXNORM/5691", "preferredName": "Imipramine"}, {"semTypes": ["T109", "T121", "T123"], "to": "2413", "fro": "2402", "fullId": "http://purl.bioontology.org/ontology/RXNORM/221078", "preferredName": "Citalopram hydrobromide"}, {"semTypes": ["T109", "T121"], "to": "1737", "fro": "1715", "fullId": "http://purl.bioontology.org/ontology/RXNORM/2556", "preferredName": "Citalopram"}, {"semTypes": ["T121", "T109"], "to": "2766", "fro": "2756", "fullId": "http://purl.bioontology.org/ontology/MSH/D007099", "preferredName": "Imipramine"}, {"semTypes": ["T999"], "to": "1439", "fro": "1433", "fullId": "http://purl.bioontology.org/ontology/RXNORM/221078", "preferredName": "Citalopram hydrobromide"}, {"semTypes": ["T121", "T109"], "to": "3974", "fro": "3963", "fullId": "http://purl.bioontology.org/ontology/RXNORM/2556", "preferredName": "Citalopram"}, {"semTypes": ["T999"], "to": "5841", "fro": "5832", "fullId": "http://purl.bioontology.org/ontology/MSH/D015283", "preferredName": "Citalopram"}, {"semTypes": ["T999"], "to": "6448", "fro": "6439", "fullId": "http://purl.bioontology.org/ontology/RXNORM/2556", "preferredName": "Citalopram"}, {"semTypes": ["T109", "T121"], "to": "5841", "fro": "5832", "fullId": "http://purl.bioontology.org/ontology/MSH/D015283", "preferredName": "Citalopram"}, {"semTypes": ["T121", "T109"], "to": "3831", "fro": "3823", "fullId": "http://purl.bioontology.org/ontology/RXNORM/221078", "preferredName": "Citalopram hydrobromide"}, {"semTypes": ["T999"], "to": "2194", "fro": "2183", "fullId": "http://purl.bioontology.org/ontology/RXNORM/221078", "preferredName": "Citalopram hydrobromide"}, {"semTypes": ["T999"], "to": "6434", "fro": "6425", "fullId": "http://purl.bioontology.org/ontology/RXNORM/2556", "preferredName": "Citalopram"}, {"semTypes": ["T121", "T109"], "to": "6448", "fro": "6439", "fullId": "http://purl.bioontology.org/ontology/RXNORM/2556", "preferredName": "Citalopram"}, {"semTypes": ["T121", "T109"], "to": "3722", "fro": "3714", "fullId": "http://purl.bioontology.org/ontology/RXNORM/5691", "preferredName": "Imipramine"}, {"semTypes": ["T121", "T109"], "to": "3844", "fro": "3833", "fullId": "http://purl.bioontology.org/ontology/MSH/D015283", "preferredName": "Citalopram"}, {"semTypes": ["T109", "T121"], "to": "3452", "fro": "3440", "fullId": "http://purl.bioontology.org/ontology/MSH/D015283", "preferredName": "Citalopram"}, {"semTypes": ["T121", "T109"], "to": "3598", "fro": "3590", "fullId": "http://purl.bioontology.org/ontology/RXNORM/5691", "preferredName": "Imipramine"}, {"semTypes": ["T121", "T118", "T110"], "to": "1579", "fro": "1573", "fullId": "http://purl.bioontology.org/ontology/RXNORM/5691", "preferredName": "Imipramine"}, {"semTypes": ["T109", "T121"], "to": "5090", "fro": "5081", "fullId": "http://purl.bioontology.org/ontology/RXNORM/221078", "preferredName": "Citalopram hydrobromide"}, {"semTypes": ["T121", "T109"], "to": "5568", "fro": "5559", "fullId": "http://purl.bioontology.org/ontology/RXNORM/2556", "preferredName": "Citalopram"}, {"semTypes": ["T109", "T121"], "to": "2941", "fro": "2919", "fullId": "http://purl.bioontology.org/ontology/RXNORM/2556", "preferredName": "Citalopram"}, {"semTypes": ["T121", "T109"], "to": "2723", "fro": "2713", "fullId": "http://purl.bioontology.org/ontology/RXNORM/5691", "preferredName": "Imipramine"}, {"semTypes": ["T109", "T121"], "to": "3319", "fro": "3307", "fullId": "http://purl.bioontology.org/ontology/RXNORM/2556", "preferredName": "Citalopram"}, {"semTypes": ["T999"], "to": "3722", "fro": "3714", "fullId": "http://purl.bioontology.org/ontology/MSH/D007099", "preferredName": "Imipramine"}, {"semTypes": ["T109", "T121"], "to": "5654", "fro": "5632", "fullId": "http://purl.bioontology.org/ontology/RXNORM/2556", "preferredName": "Citalopram"}, {"semTypes": ["T999"], "to": "567", "fro": "560", "fullId": "http://purl.bioontology.org/ontology/MSH/D007099", "preferredName": "Imipramine"}, {"semTypes": ["T109", "T121"], "to": "6434", "fro": "6425", "fullId": "http://purl.bioontology.org/ontology/MSH/D015283", "preferredName": "Citalopram"}, {"semTypes": ["T109", "T121", "T123"], "to": "2385", "fro": "2374", "fullId": "http://purl.bioontology.org/ontology/RXNORM/221078", "preferredName": "Citalopram hydrobromide"}, {"semTypes": ["T121", "T109"], "to": "73", "fro": "64", "fullId": "http://purl.bioontology.org/ontology/MSH/D015283", "preferredName": "Citalopram"}, {"semTypes": ["T999"], "to": "3818", "fro": "3809", "fullId": "http://purl.bioontology.org/ontology/RXNORM/2556", "preferredName": "Citalopram"}, {"semTypes": ["T121", "T118", "T110"], "to": "1439", "fro": "1433", "fullId": "http://purl.bioontology.org/ontology/RXNORM/5691", "preferredName": "Imipramine"}, {"semTypes": ["T999"], "to": "809", "fro": "801", "fullId": "http://purl.bioontology.org/ontology/RXNORM/5691", "preferredName": "Imipramine"}, {"semTypes": ["T999"], "to": "3452", "fro": "3440", "fullId": "http://purl.bioontology.org/ontology/RXNORM/2556", "preferredName": "Citalopram"}, {"semTypes": ["T121", "T109"], "to": "1244", "fro": "1235", "fullId": "http://purl.bioontology.org/ontology/RXNORM/2556", "preferredName": "Citalopram"}, {"semTypes": ["T121", "T109"], "to": "4956", "fro": "4947", "fullId": "http://purl.bioontology.org/ontology/RXNORM/2556", "preferredName": "Citalopram"}, {"semTypes": ["T999"], "to": "3831", "fro": "3823", "fullId": "http://purl.bioontology.org/ontology/MSH/D007099", "preferredName": "Imipramine"}, {"semTypes": ["T999"], "to": "2413", "fro": "2402", "fullId": "http://purl.bioontology.org/ontology/RXNORM/221078", "preferredName": "Citalopram hydrobromide"}, {"semTypes": ["T999"], "to": "4956", "fro": "4947", "fullId": "http://purl.bioontology.org/ontology/MSH/D015283", "preferredName": "Citalopram"}, {"semTypes": ["T999"], "to": "3001", "fro": "2994", "fullId": "http://purl.bioontology.org/ontology/MSH/D007099", "preferredName": "Imipramine"}, {"semTypes": ["T121", "T109"], "to": "4936", "fro": "4927", "fullId": "http://purl.bioontology.org/ontology/RXNORM/2556", "preferredName": "Citalopram"}, {"semTypes": ["T131", "T121", "T109"], "to": "2887", "fro": "2880", "fullId": "http://purl.bioontology.org/ontology/RXNORM/221078", "preferredName": "Citalopram hydrobromide"}, {"semTypes": ["T999"], "to": "931", "fro": "925", "fullId": "http://purl.bioontology.org/ontology/RXNORM/5691", "preferredName": "Imipramine"}, {"semTypes": ["T999"], "to": "3120", "fro": "3108", "fullId": "http://purl.bioontology.org/ontology/MSH/D015283", "preferredName": "Citalopram"}, {"semTypes": ["T121", "T109"], "to": "193", "fro": "184", "fullId": "http://purl.bioontology.org/ontology/RXNORM/2556", "preferredName": "Citalopram"}, {"semTypes": ["T121", "T109"], "to": "6005", "fro": "5995", "fullId": "http://purl.bioontology.org/ontology/RXNORM/221078", "preferredName": "Citalopram hydrobromide"}, {"semTypes": ["T999"], "to": "557", "fro": "551", "fullId": "http://purl.bioontology.org/ontology/RXNORM/5691", "preferredName": "Imipramine"}, {"semTypes": ["T109", "T121"], "to": "557", "fro": "551", "fullId": "http://purl.bioontology.org/ontology/MSH/D007099", "preferredName": "Imipramine"}, {"semTypes": ["T109", "T121"], "to": "5251", "fro": "5242", "fullId": "http://purl.bioontology.org/ontology/RXNORM/2556", "preferredName": "Citalopram"}, {"semTypes": ["T121", "T109"], "to": "4340", "fro": "4331", "fullId": "http://purl.bioontology.org/ontology/RXNORM/2556", "preferredName": "Citalopram"}, {"semTypes": ["T109", "T121"], "to": "1145", "fro": "1123", "fullId": "http://purl.bioontology.org/ontology/MSH/D015283", "preferredName": "Citalopram"}, {"semTypes": ["T121", "T109"], "to": "4807", "fro": "4798", "fullId": "http://purl.bioontology.org/ontology/RXNORM/2556", "preferredName": "Citalopram"}, {"semTypes": ["T999"], "to": "73", "fro": "64", "fullId": "http://purl.bioontology.org/ontology/RXNORM/2556", "preferredName": "Citalopram"}, {"semTypes": ["T121", "T109"], "to": "5855", "fro": "5846", "fullId": "http://purl.bioontology.org/ontology/RXNORM/2556", "preferredName": "Citalopram"}, {"semTypes": ["T121", "T109"], "to": "3531", "fro": "3522", "fullId": "http://purl.bioontology.org/ontology/RXNORM/2556", "preferredName": "Citalopram"}, {"semTypes": ["T109", "T121"], "to": "3215", "fro": "3203", "fullId": "http://purl.bioontology.org/ontology/MSH/D015283", "preferredName": "Citalopram"}, {"semTypes": ["T121", "T109"], "to": "6598", "fro": "6588", "fullId": "http://purl.bioontology.org/ontology/RXNORM/221078", "preferredName": "Citalopram hydrobromide"}, {"semTypes": ["T999"], "to": "1862", "fro": "1853", "fullId": "http://purl.bioontology.org/ontology/RXNORM/2556", "preferredName": "Citalopram"}, {"semTypes": ["T121", "T109"], "to": "4766", "fro": "4757", "fullId": "http://purl.bioontology.org/ontology/RXNORM/2556", "preferredName": "Citalopram"}]