[{"semTypes": ["T109", "T121"], "to": "4863", "fro": "4853", "fullId": "http://purl.bioontology.org/ontology/RXNORM/11289", "preferredName": "Warfarin"}, {"semTypes": ["T999"], "to": "5641", "fro": "5629", "fullId": "http://purl.bioontology.org/ontology/RXNORM/2556", "preferredName": "Citalopram"}, {"semTypes": ["T999"], "to": "4961", "fro": "4952", "fullId": "http://purl.bioontology.org/ontology/MSH/D002220", "preferredName": "Carbamazepine"}, {"semTypes": ["T999"], "to": "5309", "fro": "5297", "fullId": "http://purl.bioontology.org/ontology/RXNORM/2556", "preferredName": "Citalopram"}, {"semTypes": ["T109", "T131", "T121"], "to": "5073", "fro": "5066", "fullId": "http://purl.bioontology.org/ontology/MSH/D015283", "preferredName": "Citalopram"}, {"semTypes": ["T200"], "to": "4140", "fro": "4125", "fullId": "http://purl.bioontology.org/ontology/MSH/D014859", "preferredName": "Warfarin"}, {"semTypes": ["T999"], "to": "6170", "fro": "6159", "fullId": "http://purl.bioontology.org/ontology/MSH/D015283", "preferredName": "Citalopram"}, {"semTypes": ["T109", "T121"], "to": "1515", "fro": "1506", "fullId": "http://purl.bioontology.org/ontology/RXNORM/221078", "preferredName": "Citalopram hydrobromide"}, {"semTypes": ["T999"], "to": "7082", "fro": "7073", "fullId": "http://purl.bioontology.org/ontology/MSH/D015283", "preferredName": "Citalopram"}, {"semTypes": ["T121", "T109"], "to": "7595", "fro": "7586", "fullId": "http://purl.bioontology.org/ontology/RXNORM/2556", "preferredName": "Citalopram"}, {"semTypes": ["T121", "T109", "T123"], "to": "4416", "fro": "4405", "fullId": "http://purl.bioontology.org/ontology/RXNORM/2556", "preferredName": "Citalopram"}, {"semTypes": ["T999"], "to": "6509", "fro": "6498", "fullId": "http://purl.bioontology.org/ontology/RXNORM/2556", "preferredName": "Citalopram"}, {"semTypes": ["T999"], "to": "726", "fro": "717", "fullId": "http://purl.bioontology.org/ontology/RXNORM/2002", "preferredName": "Carbamazepine"}, {"semTypes": ["T999"], "to": "4607", "fro": "4596", "fullId": "http://purl.bioontology.org/ontology/MSH/D015283", "preferredName": "Citalopram"}, {"semTypes": ["T109", "T121"], "to": "1344", "fro": "1335", "fullId": "http://purl.bioontology.org/ontology/MSH/D015283", "preferredName": "Citalopram"}, {"semTypes": ["T999"], "to": "5404", "fro": "5392", "fullId": "http://purl.bioontology.org/ontology/RXNORM/2556", "preferredName": "Citalopram"}, {"semTypes": ["T121", "T109", "T123"], "to": "4635", "fro": "4624", "fullId": "http://purl.bioontology.org/ontology/MSH/D015283", "preferredName": "Citalopram"}, {"semTypes": ["T999"], "to": "4906", "fro": "4896", "fullId": "http://purl.bioontology.org/ontology/RXNORM/2002", "preferredName": "Carbamazepine"}, {"semTypes": ["T109", "T121"], "to": "5915", "fro": "5907", "fullId": "http://purl.bioontology.org/ontology/MSH/D015283", "preferredName": "Citalopram"}, {"semTypes": ["T121", "T109"], "to": "7166", "fro": "7157", "fullId": "http://purl.bioontology.org/ontology/RXNORM/2556", "preferredName": "Citalopram"}, {"semTypes": ["T109", "T121"], "to": "6931", "fro": "6922", "fullId": "http://purl.bioontology.org/ontology/RXNORM/2556", "preferredName": "Citalopram"}, {"semTypes": ["T999"], "to": "6770", "fro": "6761", "fullId": "http://purl.bioontology.org/ontology/RXNORM/2556", "preferredName": "Citalopram"}, {"semTypes": ["T999"], "to": "4985", "fro": "4976", "fullId": "http://purl.bioontology.org/ontology/RXNORM/221078", "preferredName": "Citalopram hydrobromide"}, {"semTypes": ["T999"], "to": "4336", "fro": "4329", "fullId": "http://purl.bioontology.org/ontology/MSH/D014859", "preferredName": "Warfarin"}, {"semTypes": ["T121", "T109", "T123"], "to": "4607", "fro": "4596", "fullId": "http://purl.bioontology.org/ontology/RXNORM/2556", "preferredName": "Citalopram"}, {"semTypes": ["T999"], "to": "1993", "fro": "1987", "fullId": "http://purl.bioontology.org/ontology/MSH/D002220", "preferredName": "Carbamazepine"}, {"semTypes": ["T999"], "to": "7417", "fro": "7408", "fullId": "http://purl.bioontology.org/ontology/RXNORM/2556", "preferredName": "Citalopram"}, {"semTypes": ["T121", "T109"], "to": "6170", "fro": "6159", "fullId": "http://purl.bioontology.org/ontology/MSH/D015283", "preferredName": "Citalopram"}, {"semTypes": ["T999"], "to": "6633", "fro": "6624", "fullId": "http://purl.bioontology.org/ontology/MSH/D015283", "preferredName": "Citalopram"}, {"semTypes": ["T999"], "to": "533", "fro": "526", "fullId": "http://purl.bioontology.org/ontology/MSH/D002220", "preferredName": "Carbamazepine"}, {"semTypes": ["T109", "T121"], "to": "6746", "fro": "6737", "fullId": "http://purl.bioontology.org/ontology/RXNORM/2556", "preferredName": "Citalopram"}, {"semTypes": ["T118", "T110", "T121"], "to": "3010", "fro": "3004", "fullId": "http://purl.bioontology.org/ontology/MSH/D014859", "preferredName": "Warfarin"}, {"semTypes": ["T999"], "to": "6931", "fro": "6922", "fullId": "http://purl.bioontology.org/ontology/MSH/D015283", "preferredName": "Citalopram"}, {"semTypes": ["T121", "T109"], "to": "6040", "fro": "6029", "fullId": "http://purl.bioontology.org/ontology/MSH/D015283", "preferredName": "Citalopram"}, {"semTypes": ["T999"], "to": "2702", "fro": "2693", "fullId": "http://purl.bioontology.org/ontology/MSH/D002220", "preferredName": "Carbamazepine"}, {"semTypes": ["T999"], "to": "4416", "fro": "4405", "fullId": "http://purl.bioontology.org/ontology/RXNORM/2556", "preferredName": "Citalopram"}, {"semTypes": ["T999"], "to": "3010", "fro": "3004", "fullId": "http://purl.bioontology.org/ontology/RXNORM/2556", "preferredName": "Citalopram"}, {"semTypes": ["T999"], "to": "7595", "fro": "7586", "fullId": "http://purl.bioontology.org/ontology/RXNORM/2556", "preferredName": "Citalopram"}, {"semTypes": ["T109", "T121"], "to": "6267", "fro": "6258", "fullId": "http://purl.bioontology.org/ontology/RXNORM/221078", "preferredName": "Citalopram hydrobromide"}, {"semTypes": ["T121", "T109"], "to": "4961", "fro": "4952", "fullId": "http://purl.bioontology.org/ontology/RXNORM/5691", "preferredName": "Imipramine"}, {"semTypes": ["T121", "T109"], "to": "4949", "fro": "4939", "fullId": "http://purl.bioontology.org/ontology/MSH/D002220", "preferredName": "Carbamazepine"}, {"semTypes": ["T999"], "to": "3989", "fro": "3982", "fullId": "http://purl.bioontology.org/ontology/RXNORM/2002", "preferredName": "Carbamazepine"}, {"semTypes": ["T999"], "to": "4635", "fro": "4624", "fullId": "http://purl.bioontology.org/ontology/MSH/D015283", "preferredName": "Citalopram"}, {"semTypes": ["T999"], "to": "1761", "fro": "1734", "fullId": "http://purl.bioontology.org/ontology/MSH/D013806", "preferredName": "Theophylline"}, {"semTypes": ["T123", "T121", "T116"], "to": "726", "fro": "717", "fullId": "http://purl.bioontology.org/ontology/MSH/D007654", "preferredName": "Ketoconazole"}, {"semTypes": ["T121", "T109"], "to": "7067", "fro": "7045", "fullId": "http://purl.bioontology.org/ontology/RXNORM/221078", "preferredName": "Citalopram hydrobromide"}, {"semTypes": ["T999"], "to": "2392", "fro": "2386", "fullId": "http://purl.bioontology.org/ontology/RXNORM/2002", "preferredName": "Carbamazepine"}, {"semTypes": ["T121", "T109", "T123"], "to": "4531", "fro": "4520", "fullId": "http://purl.bioontology.org/ontology/MSH/D015283", "preferredName": "Citalopram"}, {"semTypes": ["T999"], "to": "3278", "fro": "3272", "fullId": "http://purl.bioontology.org/ontology/MSH/D014859", "preferredName": "Warfarin"}, {"semTypes": ["T109", "T121"], "to": "4906", "fro": "4896", "fullId": "http://purl.bioontology.org/ontology/MSH/D015283", "preferredName": "Citalopram"}, {"semTypes": ["T999"], "to": "5791", "fro": "5783", "fullId": "http://purl.bioontology.org/ontology/RXNORM/11289", "preferredName": "Warfarin"}, {"semTypes": ["T121", "T109"], "to": "7535", "fro": "7526", "fullId": "http://purl.bioontology.org/ontology/MSH/D015283", "preferredName": "Citalopram"}, {"semTypes": ["T999"], "to": "2901", "fro": "2892", "fullId": "http://purl.bioontology.org/ontology/MSH/D015283", "preferredName": "Citalopram"}, {"semTypes": ["T109", "T121"], "to": "6484", "fro": "6475", "fullId": "http://purl.bioontology.org/ontology/RXNORM/2556", "preferredName": "Citalopram"}, {"semTypes": ["T109", "T121"], "to": "457", "fro": "449", "fullId": "http://purl.bioontology.org/ontology/RXNORM/11289", "preferredName": "Warfarin"}, {"semTypes": ["T999"], "to": "7535", "fro": "7526", "fullId": "http://purl.bioontology.org/ontology/MSH/D015283", "preferredName": "Citalopram"}, {"semTypes": ["T121", "T109"], "to": "7417", "fro": "7408", "fullId": "http://purl.bioontology.org/ontology/MSH/D015283", "preferredName": "Citalopram"}, {"semTypes": ["T999"], "to": "5915", "fro": "5907", "fullId": "http://purl.bioontology.org/ontology/MSH/D015283", "preferredName": "Citalopram"}, {"semTypes": ["T121", "T109"], "to": "245", "fro": "223", "fullId": "http://purl.bioontology.org/ontology/RXNORM/221078", "preferredName": "Citalopram hydrobromide"}, {"semTypes": ["T109", "T121"], "to": "3508", "fro": "3499", "fullId": "http://purl.bioontology.org/ontology/RXNORM/221078", "preferredName": "Citalopram hydrobromide"}, {"semTypes": ["T121", "T109"], "to": "5127", "fro": "5105", "fullId": "http://purl.bioontology.org/ontology/RXNORM/221078", "preferredName": "Citalopram hydrobromide"}, {"semTypes": ["T121", "T109"], "to": "6509", "fro": "6498", "fullId": "http://purl.bioontology.org/ontology/RXNORM/2556", "preferredName": "Citalopram"}, {"semTypes": ["T109", "T121"], "to": "6024", "fro": "6016", "fullId": "http://purl.bioontology.org/ontology/RXNORM/11289", "preferredName": "Warfarin"}, {"semTypes": ["T999"], "to": "6040", "fro": "6029", "fullId": "http://purl.bioontology.org/ontology/RXNORM/2556", "preferredName": "Citalopram"}, {"semTypes": ["T121", "T109"], "to": "7618", "fro": "7608", "fullId": "http://purl.bioontology.org/ontology/MSH/D014859", "preferredName": "Warfarin"}, {"semTypes": ["T121", "T109"], "to": "3383", "fro": "3361", "fullId": "http://purl.bioontology.org/ontology/RXNORM/221078", "preferredName": "Citalopram hydrobromide"}, {"semTypes": ["T999"], "to": "3174", "fro": "3168", "fullId": "http://purl.bioontology.org/ontology/RXNORM/2556", "preferredName": "Citalopram"}, {"semTypes": ["T109", "T121"], "to": "6770", "fro": "6761", "fullId": "http://purl.bioontology.org/ontology/RXNORM/2556", "preferredName": "Citalopram"}, {"semTypes": ["T109", "T121"], "to": "6633", "fro": "6624", "fullId": "http://purl.bioontology.org/ontology/MSH/D015283", "preferredName": "Citalopram"}, {"semTypes": ["T999"], "to": "2563", "fro": "2556", "fullId": "http://purl.bioontology.org/ontology/MSH/D015283", "preferredName": "Citalopram"}, {"semTypes": ["T121", "T109"], "to": "1049", "fro": "1027", "fullId": "http://purl.bioontology.org/ontology/RXNORM/221078", "preferredName": "Citalopram hydrobromide"}, {"semTypes": ["T109", "T121"], "to": "6954", "fro": "6945", "fullId": "http://purl.bioontology.org/ontology/RXNORM/2556", "preferredName": "Citalopram"}, {"semTypes": ["T121", "T109"], "to": "7965", "fro": "7943", "fullId": "http://purl.bioontology.org/ontology/RXNORM/221078", "preferredName": "Citalopram hydrobromide"}, {"semTypes": ["T121", "T109"], "to": "335", "fro": "313", "fullId": "http://purl.bioontology.org/ontology/RXNORM/221078", "preferredName": "Citalopram hydrobromide"}, {"semTypes": ["T109", "T121"], "to": "2852", "fro": "2843", "fullId": "http://purl.bioontology.org/ontology/RXNORM/11289", "preferredName": "Warfarin"}, {"semTypes": ["T121", "T109"], "to": "6824", "fro": "6802", "fullId": "http://purl.bioontology.org/ontology/RXNORM/221078", "preferredName": "Citalopram hydrobromide"}, {"semTypes": ["T109", "T121"], "to": "4265", "fro": "4258", "fullId": "http://purl.bioontology.org/ontology/RXNORM/11289", "preferredName": "Warfarin"}, {"semTypes": ["T121", "T109"], "to": "5844", "fro": "5822", "fullId": "http://purl.bioontology.org/ontology/RXNORM/221078", "preferredName": "Citalopram hydrobromide"}, {"semTypes": ["T999"], "to": "4673", "fro": "4664", "fullId": "http://purl.bioontology.org/ontology/RXNORM/221078", "preferredName": "Citalopram hydrobromide"}, {"semTypes": ["T121", "T109"], "to": "3110", "fro": "3088", "fullId": "http://purl.bioontology.org/ontology/RXNORM/221078", "preferredName": "Citalopram hydrobromide"}, {"semTypes": ["T121", "T109"], "to": "7815", "fro": "7793", "fullId": "http://purl.bioontology.org/ontology/RXNORM/221078", "preferredName": "Citalopram hydrobromide"}, {"semTypes": ["T121", "T109"], "to": "5362", "fro": "5340", "fullId": "http://purl.bioontology.org/ontology/RXNORM/221078", "preferredName": "Citalopram hydrobromide"}, {"semTypes": ["T999"], "to": "7699", "fro": "7689", "fullId": "http://purl.bioontology.org/ontology/RXNORM/2002", "preferredName": "Carbamazepine"}, {"semTypes": ["T121", "T109"], "to": "3162", "fro": "3140", "fullId": "http://purl.bioontology.org/ontology/RXNORM/221078", "preferredName": "Citalopram hydrobromide"}, {"semTypes": ["T999"], "to": "871", "fro": "864", "fullId": "http://purl.bioontology.org/ontology/MSH/D014859", "preferredName": "Warfarin"}, {"semTypes": ["T121", "T109"], "to": "3796", "fro": "3774", "fullId": "http://purl.bioontology.org/ontology/RXNORM/221078", "preferredName": "Citalopram hydrobromide"}, {"semTypes": ["T121", "T109"], "to": "688", "fro": "666", "fullId": "http://purl.bioontology.org/ontology/RXNORM/221078", "preferredName": "Citalopram hydrobromide"}, {"semTypes": ["T109", "T121"], "to": "6443", "fro": "6434", "fullId": "http://purl.bioontology.org/ontology/RXNORM/2556", "preferredName": "Citalopram"}, {"semTypes": ["T121", "T109"], "to": "4469", "fro": "4447", "fullId": "http://purl.bioontology.org/ontology/RXNORM/221078", "preferredName": "Citalopram hydrobromide"}, {"semTypes": ["T121", "T109"], "to": "1710", "fro": "1688", "fullId": "http://purl.bioontology.org/ontology/RXNORM/221078", "preferredName": "Citalopram hydrobromide"}, {"semTypes": ["T121", "T109"], "to": "7369", "fro": "7347", "fullId": "http://purl.bioontology.org/ontology/RXNORM/221078", "preferredName": "Citalopram hydrobromide"}, {"semTypes": ["T109", "T121"], "to": "7082", "fro": "7073", "fullId": "http://purl.bioontology.org/ontology/MSH/D015283", "preferredName": "Citalopram"}, {"semTypes": ["T121", "T109"], "to": "6093", "fro": "6071", "fullId": "http://purl.bioontology.org/ontology/RXNORM/221078", "preferredName": "Citalopram hydrobromide"}, {"semTypes": ["T121", "T109"], "to": "2659", "fro": "2637", "fullId": "http://purl.bioontology.org/ontology/RXNORM/221078", "preferredName": "Citalopram hydrobromide"}, {"semTypes": ["T121", "T109"], "to": "533", "fro": "526", "fullId": "http://purl.bioontology.org/ontology/RXNORM/2002", "preferredName": "Carbamazepine"}, {"semTypes": ["T121", "T109"], "to": "2802", "fro": "2780", "fullId": "http://purl.bioontology.org/ontology/RXNORM/221078", "preferredName": "Citalopram hydrobromide"}, {"semTypes": ["T109", "T121"], "to": "3738", "fro": "3729", "fullId": "http://purl.bioontology.org/ontology/RXNORM/221078", "preferredName": "Citalopram hydrobromide"}, {"semTypes": ["T109", "T121"], "to": "5556", "fro": "5547", "fullId": "http://purl.bioontology.org/ontology/MSH/D015283", "preferredName": "Citalopram"}, {"semTypes": ["T109", "T121"], "to": "7549", "fro": "7540", "fullId": "http://purl.bioontology.org/ontology/RXNORM/221078", "preferredName": "Citalopram hydrobromide"}, {"semTypes": ["T109", "T121"], "to": "3989", "fro": "3982", "fullId": "http://purl.bioontology.org/ontology/MSH/D014859", "preferredName": "Warfarin"}, {"semTypes": ["T109", "T121"], "to": "5720", "fro": "5711", "fullId": "http://purl.bioontology.org/ontology/RXNORM/221078", "preferredName": "Citalopram hydrobromide"}, {"semTypes": ["T121", "T109"], "to": "6118", "fro": "6107", "fullId": "http://purl.bioontology.org/ontology/RXNORM/2556", "preferredName": "Citalopram"}, {"semTypes": ["T109", "T121"], "to": "3267", "fro": "3258", "fullId": "http://purl.bioontology.org/ontology/RXNORM/221078", "preferredName": "Citalopram hydrobromide"}, {"semTypes": ["T999"], "to": "5720", "fro": "5711", "fullId": "http://purl.bioontology.org/ontology/RXNORM/221078", "preferredName": "Citalopram hydrobromide"}, {"semTypes": ["T999"], "to": "4973", "fro": "4964", "fullId": "http://purl.bioontology.org/ontology/MSH/D002220", "preferredName": "Carbamazepine"}, {"semTypes": ["T999"], "to": "5556", "fro": "5547", "fullId": "http://purl.bioontology.org/ontology/RXNORM/221078", "preferredName": "Citalopram hydrobromide"}, {"semTypes": ["T999"], "to": "7283", "fro": "7274", "fullId": "http://purl.bioontology.org/ontology/RXNORM/2556", "preferredName": "Citalopram"}, {"semTypes": ["T999"], "to": "3267", "fro": "3258", "fullId": "http://purl.bioontology.org/ontology/RXNORM/2556", "preferredName": "Citalopram"}, {"semTypes": ["T999"], "to": "7549", "fro": "7540", "fullId": "http://purl.bioontology.org/ontology/RXNORM/2556", "preferredName": "Citalopram"}, {"semTypes": ["T999"], "to": "457", "fro": "449", "fullId": "http://purl.bioontology.org/ontology/MSH/D007654", "preferredName": "Ketoconazole"}, {"semTypes": ["T999"], "to": "6443", "fro": "6434", "fullId": "http://purl.bioontology.org/ontology/RXNORM/221078", "preferredName": "Citalopram hydrobromide"}, {"semTypes": ["T109", "T121"], "to": "2392", "fro": "2386", "fullId": "http://purl.bioontology.org/ontology/RXNORM/2002", "preferredName": "Carbamazepine"}, {"semTypes": ["T109", "T121"], "to": "7283", "fro": "7274", "fullId": "http://purl.bioontology.org/ontology/RXNORM/221078", "preferredName": "Citalopram hydrobromide"}, {"semTypes": ["T999"], "to": "6118", "fro": "6107", "fullId": "http://purl.bioontology.org/ontology/RXNORM/2556", "preferredName": "Citalopram"}, {"semTypes": ["T109", "T121"], "to": "4673", "fro": "4664", "fullId": "http://purl.bioontology.org/ontology/RXNORM/221078", "preferredName": "Citalopram hydrobromide"}, {"semTypes": ["T999"], "to": "4863", "fro": "4853", "fullId": "http://purl.bioontology.org/ontology/RXNORM/11289", "preferredName": "Warfarin"}, {"semTypes": ["T109", "T121"], "to": "6011", "fro": "6002", "fullId": "http://purl.bioontology.org/ontology/RXNORM/2556", "preferredName": "Citalopram"}, {"semTypes": ["T999"], "to": "4289", "fro": "4280", "fullId": "http://purl.bioontology.org/ontology/RXNORM/221078", "preferredName": "Citalopram hydrobromide"}, {"semTypes": ["T109", "T121"], "to": "4973", "fro": "4964", "fullId": "http://purl.bioontology.org/ontology/MSH/D002220", "preferredName": "Carbamazepine"}, {"semTypes": ["T121", "T109"], "to": "5508", "fro": "5496", "fullId": "http://purl.bioontology.org/ontology/MSH/D015283", "preferredName": "Citalopram"}, {"semTypes": ["T109", "T131", "T121"], "to": "5187", "fro": "5180", "fullId": "http://purl.bioontology.org/ontology/RXNORM/2556", "preferredName": "Citalopram"}, {"semTypes": ["T999"], "to": "4706", "fro": "4696", "fullId": "http://purl.bioontology.org/ontology/MSH/D014859", "preferredName": "Warfarin"}, {"semTypes": ["T109", "T121"], "to": "5791", "fro": "5783", "fullId": "http://purl.bioontology.org/ontology/RXNORM/11289", "preferredName": "Warfarin"}, {"semTypes": ["T999"], "to": "6484", "fro": "6475", "fullId": "http://purl.bioontology.org/ontology/RXNORM/221078", "preferredName": "Citalopram hydrobromide"}, {"semTypes": ["T999"], "to": "4531", "fro": "4520", "fullId": "http://purl.bioontology.org/ontology/MSH/D015283", "preferredName": "Citalopram"}, {"semTypes": ["T109", "T131", "T121"], "to": "2563", "fro": "2556", "fullId": "http://purl.bioontology.org/ontology/MSH/D015283", "preferredName": "Citalopram"}, {"semTypes": ["T999"], "to": "7618", "fro": "7608", "fullId": "http://purl.bioontology.org/ontology/MSH/D002220", "preferredName": "Carbamazepine"}, {"semTypes": ["T999"], "to": "446", "fro": "439", "fullId": "http://purl.bioontology.org/ontology/RXNORM/11289", "preferredName": "Warfarin"}, {"semTypes": ["T999"], "to": "7166", "fro": "7157", "fullId": "http://purl.bioontology.org/ontology/MSH/D015283", "preferredName": "Citalopram"}, {"semTypes": ["T999"], "to": "4265", "fro": "4258", "fullId": "http://purl.bioontology.org/ontology/MSH/D015283", "preferredName": "Citalopram"}, {"semTypes": ["T109", "T131", "T121"], "to": "2003", "fro": "1996", "fullId": "http://purl.bioontology.org/ontology/MSH/D015283", "preferredName": "Citalopram"}, {"semTypes": ["T109", "T121"], "to": "4289", "fro": "4280", "fullId": "http://purl.bioontology.org/ontology/RXNORM/2556", "preferredName": "Citalopram"}, {"semTypes": ["T999"], "to": "4936", "fro": "4927", "fullId": "http://purl.bioontology.org/ontology/MSH/D002220", "preferredName": "Carbamazepine"}, {"semTypes": ["T999"], "to": "6613", "fro": "6604", "fullId": "http://purl.bioontology.org/ontology/MSH/D015283", "preferredName": "Citalopram"}, {"semTypes": ["T999"], "to": "5187", "fro": "5180", "fullId": "http://purl.bioontology.org/ontology/MSH/D015283", "preferredName": "Citalopram"}, {"semTypes": ["T200"], "to": "4102", "fro": "4090", "fullId": "http://purl.bioontology.org/ontology/RXNORM/11289", "preferredName": "Warfarin"}, {"semTypes": ["T109", "T121"], "to": "4336", "fro": "4329", "fullId": "http://purl.bioontology.org/ontology/RXNORM/2002", "preferredName": "Carbamazepine"}, {"semTypes": ["T999"], "to": "6954", "fro": "6945", "fullId": "http://purl.bioontology.org/ontology/MSH/D015283", "preferredName": "Citalopram"}, {"semTypes": ["T999"], "to": "2003", "fro": "1996", "fullId": "http://purl.bioontology.org/ontology/MSH/D015283", "preferredName": "Citalopram"}, {"semTypes": ["T109", "T121"], "to": "1993", "fro": "1987", "fullId": "http://purl.bioontology.org/ontology/MSH/D002220", "preferredName": "Carbamazepine"}, {"semTypes": ["T999"], "to": "6024", "fro": "6016", "fullId": "http://purl.bioontology.org/ontology/RXNORM/2556", "preferredName": "Citalopram"}, {"semTypes": ["T999"], "to": "3508", "fro": "3499", "fullId": "http://purl.bioontology.org/ontology/RXNORM/221078", "preferredName": "Citalopram hydrobromide"}, {"semTypes": ["T999"], "to": "2592", "fro": "2585", "fullId": "http://purl.bioontology.org/ontology/MSH/D015283", "preferredName": "Citalopram"}, {"semTypes": ["T109", "T121"], "to": "2901", "fro": "2892", "fullId": "http://purl.bioontology.org/ontology/RXNORM/221078", "preferredName": "Citalopram hydrobromide"}, {"semTypes": ["T109", "T121"], "to": "4706", "fro": "4696", "fullId": "http://purl.bioontology.org/ontology/MSH/D014859", "preferredName": "Warfarin"}, {"semTypes": ["T999"], "to": "6011", "fro": "6002", "fullId": "http://purl.bioontology.org/ontology/RXNORM/221078", "preferredName": "Citalopram hydrobromide"}, {"semTypes": ["T109", "T121"], "to": "2702", "fro": "2693", "fullId": "http://purl.bioontology.org/ontology/RXNORM/2002", "preferredName": "Carbamazepine"}, {"semTypes": ["T109", "T121"], "to": "4985", "fro": "4976", "fullId": "http://purl.bioontology.org/ontology/RXNORM/221078", "preferredName": "Citalopram hydrobromide"}, {"semTypes": ["T999"], "to": "6746", "fro": "6737", "fullId": "http://purl.bioontology.org/ontology/RXNORM/221078", "preferredName": "Citalopram hydrobromide"}, {"semTypes": ["T999"], "to": "5508", "fro": "5496", "fullId": "http://purl.bioontology.org/ontology/MSH/D015283", "preferredName": "Citalopram"}, {"semTypes": ["T999"], "to": "1344", "fro": "1335", "fullId": "http://purl.bioontology.org/ontology/RXNORM/2556", "preferredName": "Citalopram"}, {"semTypes": ["T999"], "to": "2270", "fro": "2262", "fullId": "http://purl.bioontology.org/ontology/MSH/D007654", "preferredName": "Ketoconazole"}, {"semTypes": ["T121", "T109"], "to": "5641", "fro": "5629", "fullId": "http://purl.bioontology.org/ontology/RXNORM/2556", "preferredName": "Citalopram"}, {"semTypes": ["T999"], "to": "2852", "fro": "2843", "fullId": "http://purl.bioontology.org/ontology/RXNORM/2002", "preferredName": "Carbamazepine"}, {"semTypes": ["T121", "T109"], "to": "5404", "fro": "5392", "fullId": "http://purl.bioontology.org/ontology/MSH/D015283", "preferredName": "Citalopram"}, {"semTypes": ["T118", "T110", "T121"], "to": "3174", "fro": "3168", "fullId": "http://purl.bioontology.org/ontology/MSH/D015283", "preferredName": "Citalopram"}, {"semTypes": ["T121", "T109"], "to": "5309", "fro": "5297", "fullId": "http://purl.bioontology.org/ontology/RXNORM/2556", "preferredName": "Citalopram"}, {"semTypes": ["T121", "T109"], "to": "4936", "fro": "4927", "fullId": "http://purl.bioontology.org/ontology/RXNORM/5691", "preferredName": "Imipramine"}, {"semTypes": ["T999"], "to": "1515", "fro": "1506", "fullId": "http://purl.bioontology.org/ontology/RXNORM/2556", "preferredName": "Citalopram"}, {"semTypes": ["T999"], "to": "4949", "fro": "4939", "fullId": "http://purl.bioontology.org/ontology/MSH/D007654", "preferredName": "Ketoconazole"}, {"semTypes": ["T109", "T131", "T121"], "to": "2592", "fro": "2585", "fullId": "http://purl.bioontology.org/ontology/RXNORM/2556", "preferredName": "Citalopram"}, {"semTypes": ["T121", "T109"], "to": "7699", "fro": "7689", "fullId": "http://purl.bioontology.org/ontology/MSH/D014859", "preferredName": "Warfarin"}, {"semTypes": ["T999"], "to": "5073", "fro": "5066", "fullId": "http://purl.bioontology.org/ontology/RXNORM/2556", "preferredName": "Citalopram"}, {"semTypes": ["T118", "T110", "T121"], "to": "3278", "fro": "3272", "fullId": "http://purl.bioontology.org/ontology/RXNORM/2556", "preferredName": "Citalopram"}, {"semTypes": ["T999"], "to": "3738", "fro": "3729", "fullId": "http://purl.bioontology.org/ontology/RXNORM/2556", "preferredName": "Citalopram"}, {"semTypes": ["T109", "T121"], "to": "6613", "fro": "6604", "fullId": "http://purl.bioontology.org/ontology/MSH/D015283", "preferredName": "Citalopram"}, {"semTypes": ["T121", "T109"], "to": "5677", "fro": "5665", "fullId": "http://purl.bioontology.org/ontology/MSH/D015283", "preferredName": "Citalopram"}, {"semTypes": ["T999"], "to": "6267", "fro": "6258", "fullId": "http://purl.bioontology.org/ontology/MSH/D015283", "preferredName": "Citalopram"}, {"semTypes": ["T999"], "to": "5677", "fro": "5665", "fullId": "http://purl.bioontology.org/ontology/RXNORM/2556", "preferredName": "Citalopram"}]