[{"semTypes": ["T121", "T109"], "to": "918", "fro": "908", "fullId": "http://purl.bioontology.org/ontology/RXNORM/195085", "preferredName": "efavirenz"}, {"semTypes": ["T121"], "to": "2664", "fro": "2657", "fullId": "http://purl.bioontology.org/ontology/RXNORM/42347", "preferredName": "Bupropion"}, {"semTypes": ["T121", "T109"], "to": "2727", "fro": "2719", "fullId": "http://purl.bioontology.org/ontology/MSH/D007980", "preferredName": "Levodopa"}, {"semTypes": ["T121", "T109"], "to": "403", "fro": "395", "fullId": "http://purl.bioontology.org/ontology/RXNORM/42347", "preferredName": "Bupropion"}, {"semTypes": ["T121", "T109"], "to": "558", "fro": "550", "fullId": "http://purl.bioontology.org/ontology/RXNORM/620", "preferredName": "Amantadine"}, {"semTypes": ["T999"], "to": "7302", "fro": "7294", "fullId": "http://purl.bioontology.org/ontology/RXNORM/42347", "preferredName": "Bupropion"}, {"semTypes": ["T999"], "to": "403", "fro": "395", "fullId": "http://purl.bioontology.org/ontology/RXNORM/42347", "preferredName": "Bupropion"}, {"semTypes": ["T999"], "to": "7405", "fro": "7397", "fullId": "http://purl.bioontology.org/ontology/RXNORM/42347", "preferredName": "Bupropion"}, {"semTypes": ["T999"], "to": "4305", "fro": "4294", "fullId": "http://purl.bioontology.org/ontology/RXNORM/85762", "preferredName": "Ritonavir"}, {"semTypes": ["T121", "T109"], "to": "869", "fro": "860", "fullId": "http://purl.bioontology.org/ontology/RXNORM/835486", "preferredName": "Aplenzin"}, {"semTypes": ["T121", "T109"], "to": "7405", "fro": "7397", "fullId": "http://purl.bioontology.org/ontology/RXNORM/42347", "preferredName": "Bupropion"}, {"semTypes": ["T121", "T109"], "to": "3504", "fro": "3496", "fullId": "http://purl.bioontology.org/ontology/MSH/D016642", "preferredName": "Bupropion"}, {"semTypes": ["T999"], "to": "7156", "fro": "7148", "fullId": "http://purl.bioontology.org/ontology/RXNORM/42347", "preferredName": "Bupropion"}, {"semTypes": ["T109", "T121"], "to": "4173", "fro": "4161", "fullId": "http://purl.bioontology.org/ontology/RXNORM/8134", "preferredName": "Phenobarbital"}, {"semTypes": ["T121", "T109"], "to": "6017", "fro": "6009", "fullId": "http://purl.bioontology.org/ontology/MSH/D016642", "preferredName": "Bupropion"}, {"semTypes": ["T999"], "to": "4677", "fro": "4669", "fullId": "http://purl.bioontology.org/ontology/MSH/D017374", "preferredName": "Paroxetine"}, {"semTypes": ["T121", "T109"], "to": "4238", "fro": "4229", "fullId": "http://purl.bioontology.org/ontology/MSH/D007980", "preferredName": "Levodopa"}, {"semTypes": ["T121", "T109"], "to": "1079", "fro": "1071", "fullId": "http://purl.bioontology.org/ontology/RXNORM/42347", "preferredName": "Bupropion"}, {"semTypes": ["T999"], "to": "3903", "fro": "3895", "fullId": "http://purl.bioontology.org/ontology/RXNORM/42347", "preferredName": "Bupropion"}, {"semTypes": ["T999"], "to": "918", "fro": "908", "fullId": "http://purl.bioontology.org/ontology/RXNORM/620", "preferredName": "Amantadine"}, {"semTypes": ["T121"], "to": "6303", "fro": "6296", "fullId": "http://purl.bioontology.org/ontology/MSH/D016642", "preferredName": "Bupropion"}, {"semTypes": ["T999"], "to": "2284", "fro": "2274", "fullId": "http://purl.bioontology.org/ontology/RXNORM/835486", "preferredName": "Aplenzin"}, {"semTypes": ["T999"], "to": "719", "fro": "711", "fullId": "http://purl.bioontology.org/ontology/RXNORM/42347", "preferredName": "Bupropion"}, {"semTypes": ["T999"], "to": "532", "fro": "520", "fullId": "http://purl.bioontology.org/ontology/RXNORM/835486", "preferredName": "Aplenzin"}, {"semTypes": ["T121", "T109"], "to": "3087", "fro": "3079", "fullId": "http://purl.bioontology.org/ontology/RXNORM/42347", "preferredName": "Bupropion"}, {"semTypes": ["T121"], "to": "1399", "fro": "1392", "fullId": "http://purl.bioontology.org/ontology/MSH/D016642", "preferredName": "Bupropion"}, {"semTypes": ["T999"], "to": "6050", "fro": "6043", "fullId": "http://purl.bioontology.org/ontology/RXNORM/42347", "preferredName": "Bupropion"}, {"semTypes": ["T999"], "to": "3477", "fro": "3469", "fullId": "http://purl.bioontology.org/ontology/RXNORM/42347", "preferredName": "Bupropion"}, {"semTypes": ["T999"], "to": "1754", "fro": "1746", "fullId": "http://purl.bioontology.org/ontology/MSH/D016642", "preferredName": "Bupropion"}, {"semTypes": ["T999"], "to": "2563", "fro": "2555", "fullId": "http://purl.bioontology.org/ontology/MSH/D000547", "preferredName": "Amantadine"}, {"semTypes": ["T999"], "to": "4274", "fro": "4264", "fullId": "http://purl.bioontology.org/ontology/RXNORM/8183", "preferredName": "Phenytoin"}, {"semTypes": ["T999"], "to": "3504", "fro": "3496", "fullId": "http://purl.bioontology.org/ontology/MSH/D016642", "preferredName": "Bupropion"}, {"semTypes": ["T999"], "to": "5842", "fro": "5835", "fullId": "http://purl.bioontology.org/ontology/MSH/D016642", "preferredName": "Bupropion"}, {"semTypes": ["T121", "T109"], "to": "833", "fro": "823", "fullId": "http://purl.bioontology.org/ontology/MSH/D010634", "preferredName": "Phenobarbital"}, {"semTypes": ["T999"], "to": "5914", "fro": "5906", "fullId": "http://purl.bioontology.org/ontology/MSH/D016642", "preferredName": "Bupropion"}, {"semTypes": ["T121", "T109"], "to": "5380", "fro": "5372", "fullId": "http://purl.bioontology.org/ontology/MSH/D016642", "preferredName": "Bupropion"}, {"semTypes": ["T121", "T109"], "to": "6647", "fro": "6639", "fullId": "http://purl.bioontology.org/ontology/RXNORM/42347", "preferredName": "Bupropion"}, {"semTypes": ["T999"], "to": "1168", "fro": "1160", "fullId": "http://purl.bioontology.org/ontology/MSH/D016642", "preferredName": "Bupropion"}, {"semTypes": ["T121", "T109"], "to": "4222", "fro": "4213", "fullId": "http://purl.bioontology.org/ontology/RXNORM/32937", "preferredName": "Paroxetine"}, {"semTypes": ["T999"], "to": "6064", "fro": "6055", "fullId": "http://purl.bioontology.org/ontology/MSH/D016642", "preferredName": "Bupropion"}, {"semTypes": ["T121"], "to": "5307", "fro": "5300", "fullId": "http://purl.bioontology.org/ontology/MSH/D016642", "preferredName": "Bupropion"}, {"semTypes": ["T121", "T109"], "to": "2741", "fro": "2733", "fullId": "http://purl.bioontology.org/ontology/RXNORM/6375", "preferredName": "Levodopa"}, {"semTypes": ["T999"], "to": "3087", "fro": "3079", "fullId": "http://purl.bioontology.org/ontology/RXNORM/42347", "preferredName": "Bupropion"}, {"semTypes": ["T116", "T121", "T124"], "to": "1243", "fro": "1236", "fullId": "http://purl.bioontology.org/ontology/MSH/D016642", "preferredName": "Bupropion"}, {"semTypes": ["T999"], "to": "808", "fro": "796", "fullId": "http://purl.bioontology.org/ontology/MSH/D000547", "preferredName": "Amantadine"}, {"semTypes": ["T999"], "to": "5380", "fro": "5372", "fullId": "http://purl.bioontology.org/ontology/RXNORM/42347", "preferredName": "Bupropion"}, {"semTypes": ["T999"], "to": "1079", "fro": "1071", "fullId": "http://purl.bioontology.org/ontology/RXNORM/42347", "preferredName": "Bupropion"}, {"semTypes": ["T999"], "to": "2727", "fro": "2719", "fullId": "http://purl.bioontology.org/ontology/RXNORM/6375", "preferredName": "Levodopa"}, {"semTypes": ["T121", "T109"], "to": "6064", "fro": "6055", "fullId": "http://purl.bioontology.org/ontology/MSH/D016642", "preferredName": "Bupropion"}, {"semTypes": ["T121"], "to": "4444", "fro": "4437", "fullId": "http://purl.bioontology.org/ontology/MSH/D016642", "preferredName": "Bupropion"}, {"semTypes": ["T999"], "to": "3204", "fro": "3192", "fullId": "http://purl.bioontology.org/ontology/MSH/D007980", "preferredName": "Levodopa"}, {"semTypes": ["T999"], "to": "5940", "fro": "5931", "fullId": "http://purl.bioontology.org/ontology/RXNORM/42347", "preferredName": "Bupropion"}, {"semTypes": ["T999"], "to": "4222", "fro": "4213", "fullId": "http://purl.bioontology.org/ontology/RXNORM/36437", "preferredName": "Sertraline"}, {"semTypes": ["T999"], "to": "1243", "fro": "1236", "fullId": "http://purl.bioontology.org/ontology/MSH/D016642", "preferredName": "Bupropion"}, {"semTypes": ["T999"], "to": "6691", "fro": "6682", "fullId": "http://purl.bioontology.org/ontology/RXNORM/195088", "preferredName": "lopinavir"}, {"semTypes": ["T121", "T109"], "to": "2998", "fro": "2986", "fullId": "http://purl.bioontology.org/ontology/RXNORM/620", "preferredName": "Amantadine"}, {"semTypes": ["T999"], "to": "1258", "fro": "1249", "fullId": "http://purl.bioontology.org/ontology/RXNORM/42347", "preferredName": "Bupropion"}, {"semTypes": ["T121", "T109"], "to": "857", "fro": "848", "fullId": "http://purl.bioontology.org/ontology/MSH/D007980", "preferredName": "Levodopa"}, {"semTypes": ["T999"], "to": "4339", "fro": "4330", "fullId": "http://purl.bioontology.org/ontology/MSH/D013988", "preferredName": "Ticlopidine"}, {"semTypes": ["T999"], "to": "450", "fro": "442", "fullId": "http://purl.bioontology.org/ontology/RXNORM/6375", "preferredName": "Levodopa"}, {"semTypes": ["T121", "T109"], "to": "2175", "fro": "2167", "fullId": "http://purl.bioontology.org/ontology/RXNORM/42347", "preferredName": "Bupropion"}, {"semTypes": ["T121", "T109"], "to": "3903", "fro": "3895", "fullId": "http://purl.bioontology.org/ontology/RXNORM/42347", "preferredName": "Bupropion"}, {"semTypes": ["T999"], "to": "6017", "fro": "6009", "fullId": "http://purl.bioontology.org/ontology/MSH/D016642", "preferredName": "Bupropion"}, {"semTypes": ["T999"], "to": "1027", "fro": "1018", "fullId": "http://purl.bioontology.org/ontology/MSH/D061466", "preferredName": "Lopinavir"}, {"semTypes": ["T123", "T109", "T121"], "to": "5436", "fro": "5425", "fullId": "http://purl.bioontology.org/ontology/MSH/D010672", "preferredName": "Phenytoin"}, {"semTypes": ["T121", "T109"], "to": "4797", "fro": "4789", "fullId": "http://purl.bioontology.org/ontology/RXNORM/42347", "preferredName": "Bupropion"}, {"semTypes": ["T999"], "to": "2175", "fro": "2167", "fullId": "http://purl.bioontology.org/ontology/MSH/D016642", "preferredName": "Bupropion"}, {"semTypes": ["T121", "T109"], "to": "4404", "fro": "4395", "fullId": "http://purl.bioontology.org/ontology/MSH/D000547", "preferredName": "Amantadine"}, {"semTypes": ["T999"], "to": "966", "fro": "957", "fullId": "http://purl.bioontology.org/ontology/MSH/D020280", "preferredName": "Sertraline"}, {"semTypes": ["T121"], "to": "4843", "fro": "4836", "fullId": "http://purl.bioontology.org/ontology/RXNORM/42347", "preferredName": "Bupropion"}, {"semTypes": ["T121"], "to": "1881", "fro": "1874", "fullId": "http://purl.bioontology.org/ontology/MSH/D016642", "preferredName": "Bupropion"}, {"semTypes": ["T121"], "to": "201", "fro": "194", "fullId": "http://purl.bioontology.org/ontology/RXNORM/42347", "preferredName": "Bupropion"}, {"semTypes": ["T109", "T121"], "to": "2284", "fro": "2274", "fullId": "http://purl.bioontology.org/ontology/RXNORM/835486", "preferredName": "Aplenzin"}, {"semTypes": ["T121", "T109"], "to": "5940", "fro": "5931", "fullId": "http://purl.bioontology.org/ontology/RXNORM/42347", "preferredName": "Bupropion"}, {"semTypes": ["T109", "T121"], "to": "808", "fro": "796", "fullId": "http://purl.bioontology.org/ontology/MSH/D010634", "preferredName": "Phenobarbital"}, {"semTypes": ["T999"], "to": "3409", "fro": "3397", "fullId": "http://purl.bioontology.org/ontology/RXNORM/195085", "preferredName": "efavirenz"}, {"semTypes": ["T121"], "to": "592", "fro": "585", "fullId": "http://purl.bioontology.org/ontology/MSH/D016642", "preferredName": "Bupropion"}, {"semTypes": ["T109", "T121"], "to": "932", "fro": "921", "fullId": "http://purl.bioontology.org/ontology/MSH/D010672", "preferredName": "Phenytoin"}, {"semTypes": ["T109", "T121"], "to": "4274", "fro": "4264", "fullId": "http://purl.bioontology.org/ontology/MSH/D019438", "preferredName": "Ritonavir"}, {"semTypes": ["T999"], "to": "4797", "fro": "4789", "fullId": "http://purl.bioontology.org/ontology/MSH/D016642", "preferredName": "Bupropion"}, {"semTypes": ["T999"], "to": "4185", "fro": "4176", "fullId": "http://purl.bioontology.org/ontology/MSH/D019438", "preferredName": "Ritonavir"}, {"semTypes": ["T121", "T109"], "to": "3477", "fro": "3469", "fullId": "http://purl.bioontology.org/ontology/RXNORM/42347", "preferredName": "Bupropion"}, {"semTypes": ["T121", "T109"], "to": "1754", "fro": "1746", "fullId": "http://purl.bioontology.org/ontology/MSH/D016642", "preferredName": "Bupropion"}, {"semTypes": ["T121"], "to": "5501", "fro": "5494", "fullId": "http://purl.bioontology.org/ontology/MSH/D016642", "preferredName": "Bupropion"}, {"semTypes": ["T999"], "to": "558", "fro": "550", "fullId": "http://purl.bioontology.org/ontology/RXNORM/42347", "preferredName": "Bupropion"}, {"semTypes": ["T999"], "to": "6533", "fro": "6520", "fullId": "http://purl.bioontology.org/ontology/RXNORM/85762", "preferredName": "Ritonavir"}, {"semTypes": ["T121", "T109"], "to": "2548", "fro": "2540", "fullId": "http://purl.bioontology.org/ontology/RXNORM/42347", "preferredName": "Bupropion"}, {"semTypes": ["T109", "T121"], "to": "2112", "fro": "2102", "fullId": "http://purl.bioontology.org/ontology/RXNORM/6375", "preferredName": "Levodopa"}, {"semTypes": ["T999"], "to": "6647", "fro": "6639", "fullId": "http://purl.bioontology.org/ontology/RXNORM/42347", "preferredName": "Bupropion"}, {"semTypes": ["T121", "T109"], "to": "4198", "fro": "4188", "fullId": "http://purl.bioontology.org/ontology/RXNORM/195088", "preferredName": "lopinavir"}, {"semTypes": ["T121", "T109"], "to": "2269", "fro": "2259", "fullId": "http://purl.bioontology.org/ontology/RXNORM/42347", "preferredName": "Bupropion"}, {"semTypes": ["T121"], "to": "1321", "fro": "1314", "fullId": "http://purl.bioontology.org/ontology/MSH/D016642", "preferredName": "Bupropion"}, {"semTypes": ["T121"], "to": "3150", "fro": "3143", "fullId": "http://purl.bioontology.org/ontology/RXNORM/42347", "preferredName": "Bupropion"}, {"semTypes": ["T999"], "to": "2548", "fro": "2540", "fullId": "http://purl.bioontology.org/ontology/MSH/D000547", "preferredName": "Amantadine"}, {"semTypes": ["T999"], "to": "484", "fro": "476", "fullId": "http://purl.bioontology.org/ontology/MSH/D016642", "preferredName": "Bupropion"}, {"semTypes": ["T121", "T109"], "to": "2563", "fro": "2555", "fullId": "http://purl.bioontology.org/ontology/RXNORM/42347", "preferredName": "Bupropion"}, {"semTypes": ["T121", "T109"], "to": "532", "fro": "520", "fullId": "http://purl.bioontology.org/ontology/RXNORM/620", "preferredName": "Amantadine"}, {"semTypes": ["T121", "T109"], "to": "1168", "fro": "1160", "fullId": "http://purl.bioontology.org/ontology/MSH/D016642", "preferredName": "Bupropion"}, {"semTypes": ["T121", "T109"], "to": "3204", "fro": "3192", "fullId": "http://purl.bioontology.org/ontology/MSH/D016642", "preferredName": "Bupropion"}, {"semTypes": ["T121", "T109"], "to": "5914", "fro": "5906", "fullId": "http://purl.bioontology.org/ontology/MSH/D016642", "preferredName": "Bupropion"}, {"semTypes": ["T999"], "to": "869", "fro": "860", "fullId": "http://purl.bioontology.org/ontology/MSH/D016642", "preferredName": "Bupropion"}, {"semTypes": ["T121", "T109"], "to": "4388", "fro": "4378", "fullId": "http://purl.bioontology.org/ontology/RXNORM/10594", "preferredName": "Ticlopidine"}, {"semTypes": ["T121", "T109"], "to": "719", "fro": "711", "fullId": "http://purl.bioontology.org/ontology/RXNORM/42347", "preferredName": "Bupropion"}, {"semTypes": ["T109", "T121"], "to": "820", "fro": "811", "fullId": "http://purl.bioontology.org/ontology/MSH/D020280", "preferredName": "Sertraline"}, {"semTypes": ["T121", "T109"], "to": "7302", "fro": "7294", "fullId": "http://purl.bioontology.org/ontology/RXNORM/42347", "preferredName": "Bupropion"}, {"semTypes": ["T121", "T109"], "to": "2537", "fro": "2529", "fullId": "http://purl.bioontology.org/ontology/MSH/D000547", "preferredName": "Amantadine"}, {"semTypes": ["T121", "T109"], "to": "845", "fro": "836", "fullId": "http://purl.bioontology.org/ontology/MSH/D016642", "preferredName": "Bupropion"}, {"semTypes": ["T121", "T109"], "to": "3394", "fro": "3385", "fullId": "http://purl.bioontology.org/ontology/MSH/D016642", "preferredName": "Bupropion"}, {"semTypes": ["T121", "T109"], "to": "484", "fro": "476", "fullId": "http://purl.bioontology.org/ontology/RXNORM/42347", "preferredName": "Bupropion"}, {"semTypes": ["T999"], "to": "1799", "fro": "1784", "fullId": "http://purl.bioontology.org/ontology/RXNORM/195085", "preferredName": "efavirenz"}, {"semTypes": ["T121"], "to": "3987", "fro": "3980", "fullId": "http://purl.bioontology.org/ontology/MSH/D016642", "preferredName": "Bupropion"}, {"semTypes": ["T999"], "to": "435", "fro": "427", "fullId": "http://purl.bioontology.org/ontology/RXNORM/835486", "preferredName": "Aplenzin"}, {"semTypes": ["T999"], "to": "5436", "fro": "5425", "fullId": "http://purl.bioontology.org/ontology/RXNORM/85762", "preferredName": "Ritonavir"}, {"semTypes": ["T999"], "to": "1460", "fro": "1449", "fullId": "http://purl.bioontology.org/ontology/RXNORM/620", "preferredName": "Amantadine"}, {"semTypes": ["T999"], "to": "547", "fro": "535", "fullId": "http://purl.bioontology.org/ontology/RXNORM/835486", "preferredName": "Aplenzin"}, {"semTypes": ["T999"], "to": "905", "fro": "895", "fullId": "http://purl.bioontology.org/ontology/MSH/D020280", "preferredName": "Sertraline"}, {"semTypes": ["T999"], "to": "369", "fro": "359", "fullId": "http://purl.bioontology.org/ontology/RXNORM/835486", "preferredName": "Aplenzin"}, {"semTypes": ["T109", "T121"], "to": "966", "fro": "957", "fullId": "http://purl.bioontology.org/ontology/MSH/D020280", "preferredName": "Sertraline"}, {"semTypes": ["T999"], "to": "2716", "fro": "2708", "fullId": "http://purl.bioontology.org/ontology/RXNORM/835486", "preferredName": "Aplenzin"}, {"semTypes": ["T109", "T121"], "to": "369", "fro": "359", "fullId": "http://purl.bioontology.org/ontology/MSH/D007980", "preferredName": "Levodopa"}, {"semTypes": ["T116", "T121", "T124"], "to": "5842", "fro": "5835", "fullId": "http://purl.bioontology.org/ontology/RXNORM/42347", "preferredName": "Bupropion"}, {"semTypes": ["T999"], "to": "353", "fro": "343", "fullId": "http://purl.bioontology.org/ontology/RXNORM/835486", "preferredName": "Aplenzin"}, {"semTypes": ["T999"], "to": "3438", "fro": "3429", "fullId": "http://purl.bioontology.org/ontology/MSH/D017374", "preferredName": "Paroxetine"}, {"semTypes": ["T999"], "to": "3218", "fro": "3210", "fullId": "http://purl.bioontology.org/ontology/MSH/D007980", "preferredName": "Levodopa"}, {"semTypes": ["T999"], "to": "4158", "fro": "4148", "fullId": "http://purl.bioontology.org/ontology/MSH/D000662", "preferredName": "Amphetamines"}, {"semTypes": ["T999"], "to": "3394", "fro": "3385", "fullId": "http://purl.bioontology.org/ontology/RXNORM/835486", "preferredName": "Aplenzin"}, {"semTypes": ["T999"], "to": "3924", "fro": "3909", "fullId": "http://purl.bioontology.org/ontology/MSH/D000547", "preferredName": "Amantadine"}, {"semTypes": ["T999"], "to": "2537", "fro": "2529", "fullId": "http://purl.bioontology.org/ontology/RXNORM/835486", "preferredName": "Aplenzin"}, {"semTypes": ["T116", "T121", "T124"], "to": "5924", "fro": "5917", "fullId": "http://purl.bioontology.org/ontology/RXNORM/42347", "preferredName": "Bupropion"}, {"semTypes": ["T121"], "to": "2215", "fro": "2208", "fullId": "http://purl.bioontology.org/ontology/MSH/D016642", "preferredName": "Bupropion"}, {"semTypes": ["T121", "T109"], "to": "3024", "fro": "3016", "fullId": "http://purl.bioontology.org/ontology/RXNORM/835486", "preferredName": "Aplenzin"}, {"semTypes": ["T999"], "to": "1015", "fro": "1005", "fullId": "http://purl.bioontology.org/ontology/MSH/D020280", "preferredName": "Sertraline"}, {"semTypes": ["T121", "T109"], "to": "6691", "fro": "6682", "fullId": "http://purl.bioontology.org/ontology/MSH/D000662", "preferredName": "Amphetamines"}, {"semTypes": ["T999"], "to": "3189", "fro": "3177", "fullId": "http://purl.bioontology.org/ontology/MSH/D000547", "preferredName": "Amantadine"}, {"semTypes": ["T999"], "to": "4238", "fro": "4229", "fullId": "http://purl.bioontology.org/ontology/RXNORM/835486", "preferredName": "Aplenzin"}, {"semTypes": ["T121", "T109"], "to": "1027", "fro": "1018", "fullId": "http://purl.bioontology.org/ontology/RXNORM/620", "preferredName": "Amantadine"}, {"semTypes": ["T121", "T109"], "to": "2716", "fro": "2708", "fullId": "http://purl.bioontology.org/ontology/RXNORM/835486", "preferredName": "Aplenzin"}, {"semTypes": ["T999"], "to": "7108", "fro": "7097", "fullId": "http://purl.bioontology.org/ontology/RXNORM/6375", "preferredName": "Levodopa"}, {"semTypes": ["T121", "T109"], "to": "5857", "fro": "5848", "fullId": "http://purl.bioontology.org/ontology/MSH/D016642", "preferredName": "Bupropion"}, {"semTypes": ["T999"], "to": "845", "fro": "836", "fullId": "http://purl.bioontology.org/ontology/RXNORM/835486", "preferredName": "Aplenzin"}, {"semTypes": ["T999"], "to": "833", "fro": "823", "fullId": "http://purl.bioontology.org/ontology/RXNORM/32937", "preferredName": "Paroxetine"}, {"semTypes": ["T999"], "to": "3422", "fro": "3412", "fullId": "http://purl.bioontology.org/ontology/RXNORM/32968", "preferredName": "clopidogrel"}, {"semTypes": ["T999"], "to": "424", "fro": "416", "fullId": "http://purl.bioontology.org/ontology/RXNORM/6375", "preferredName": "Levodopa"}, {"semTypes": ["T999"], "to": "7423", "fro": "7412", "fullId": "http://purl.bioontology.org/ontology/RXNORM/835486", "preferredName": "Aplenzin"}, {"semTypes": ["T109", "T121"], "to": "4305", "fro": "4294", "fullId": "http://purl.bioontology.org/ontology/MSH/D007980", "preferredName": "Levodopa"}, {"semTypes": ["T121", "T109"], "to": "2626", "fro": "2618", "fullId": "http://purl.bioontology.org/ontology/RXNORM/42347", "preferredName": "Bupropion"}, {"semTypes": ["T109", "T121"], "to": "905", "fro": "895", "fullId": "http://purl.bioontology.org/ontology/MSH/D013988", "preferredName": "Ticlopidine"}, {"semTypes": ["T121", "T109"], "to": "3189", "fro": "3177", "fullId": "http://purl.bioontology.org/ontology/RXNORM/6375", "preferredName": "Levodopa"}, {"semTypes": ["T999"], "to": "2741", "fro": "2733", "fullId": "http://purl.bioontology.org/ontology/RXNORM/835486", "preferredName": "Aplenzin"}, {"semTypes": ["T116", "T121", "T124"], "to": "6050", "fro": "6043", "fullId": "http://purl.bioontology.org/ontology/RXNORM/42347", "preferredName": "Bupropion"}, {"semTypes": ["T121", "T109"], "to": "7156", "fro": "7148", "fullId": "http://purl.bioontology.org/ontology/MSH/D016642", "preferredName": "Bupropion"}, {"semTypes": ["T121", "T109"], "to": "435", "fro": "427", "fullId": "http://purl.bioontology.org/ontology/RXNORM/835486", "preferredName": "Aplenzin"}, {"semTypes": ["T999"], "to": "820", "fro": "811", "fullId": "http://purl.bioontology.org/ontology/RXNORM/36437", "preferredName": "Sertraline"}, {"semTypes": ["T121", "T109"], "to": "3422", "fro": "3412", "fullId": "http://purl.bioontology.org/ontology/RXNORM/195088", "preferredName": "lopinavir"}, {"semTypes": ["T999"], "to": "3024", "fro": "3016", "fullId": "http://purl.bioontology.org/ontology/RXNORM/835486", "preferredName": "Aplenzin"}, {"semTypes": ["T121", "T109"], "to": "4287", "fro": "4277", "fullId": "http://purl.bioontology.org/ontology/MSH/D019438", "preferredName": "Ritonavir"}, {"semTypes": ["T121", "T109"], "to": "4210", "fro": "4201", "fullId": "http://purl.bioontology.org/ontology/RXNORM/6375", "preferredName": "Levodopa"}, {"semTypes": ["T121", "T109"], "to": "450", "fro": "442", "fullId": "http://purl.bioontology.org/ontology/RXNORM/835486", "preferredName": "Aplenzin"}, {"semTypes": ["T999"], "to": "4287", "fro": "4277", "fullId": "http://purl.bioontology.org/ontology/MSH/D020280", "preferredName": "Sertraline"}, {"semTypes": ["T999"], "to": "3382", "fro": "3373", "fullId": "http://purl.bioontology.org/ontology/MSH/D007980", "preferredName": "Levodopa"}, {"semTypes": ["T121", "T109"], "to": "1258", "fro": "1249", "fullId": "http://purl.bioontology.org/ontology/MSH/D016642", "preferredName": "Bupropion"}, {"semTypes": ["T121", "T109"], "to": "424", "fro": "416", "fullId": "http://purl.bioontology.org/ontology/RXNORM/835486", "preferredName": "Aplenzin"}, {"semTypes": ["T121", "T109"], "to": "2096", "fro": "2086", "fullId": "http://purl.bioontology.org/ontology/RXNORM/620", "preferredName": "Amantadine"}, {"semTypes": ["T999"], "to": "4198", "fro": "4188", "fullId": "http://purl.bioontology.org/ontology/MSH/D061466", "preferredName": "Lopinavir"}, {"semTypes": ["T999"], "to": "2269", "fro": "2259", "fullId": "http://purl.bioontology.org/ontology/RXNORM/835486", "preferredName": "Aplenzin"}, {"semTypes": ["T109", "T121"], "to": "3438", "fro": "3429", "fullId": "http://purl.bioontology.org/ontology/MSH/D010672", "preferredName": "Phenytoin"}, {"semTypes": ["T121", "T109"], "to": "3218", "fro": "3210", "fullId": "http://purl.bioontology.org/ontology/RXNORM/835486", "preferredName": "Aplenzin"}, {"semTypes": ["T999"], "to": "4388", "fro": "4378", "fullId": "http://purl.bioontology.org/ontology/MSH/D010672", "preferredName": "Phenytoin"}, {"semTypes": ["T109", "T121"], "to": "4185", "fro": "4176", "fullId": "http://purl.bioontology.org/ontology/MSH/D019438", "preferredName": "Ritonavir"}, {"semTypes": ["T999"], "to": "2626", "fro": "2618", "fullId": "http://purl.bioontology.org/ontology/MSH/D016642", "preferredName": "Bupropion"}, {"semTypes": ["T121"], "to": "1698", "fro": "1691", "fullId": "http://purl.bioontology.org/ontology/MSH/D016642", "preferredName": "Bupropion"}, {"semTypes": ["T999"], "to": "2112", "fro": "2102", "fullId": "http://purl.bioontology.org/ontology/RXNORM/835486", "preferredName": "Aplenzin"}, {"semTypes": ["T999"], "to": "2998", "fro": "2986", "fullId": "http://purl.bioontology.org/ontology/RXNORM/835486", "preferredName": "Aplenzin"}, {"semTypes": ["T121", "T109"], "to": "4677", "fro": "4669", "fullId": "http://purl.bioontology.org/ontology/RXNORM/195085", "preferredName": "efavirenz"}, {"semTypes": ["T109", "T121"], "to": "4158", "fro": "4148", "fullId": "http://purl.bioontology.org/ontology/RXNORM/32968", "preferredName": "clopidogrel"}, {"semTypes": ["T121", "T109"], "to": "3382", "fro": "3373", "fullId": "http://purl.bioontology.org/ontology/RXNORM/835486", "preferredName": "Aplenzin"}, {"semTypes": ["T999"], "to": "857", "fro": "848", "fullId": "http://purl.bioontology.org/ontology/MSH/D000547", "preferredName": "Amantadine"}, {"semTypes": ["T999"], "to": "4404", "fro": "4395", "fullId": "http://purl.bioontology.org/ontology/RXNORM/8183", "preferredName": "Phenytoin"}, {"semTypes": ["T999"], "to": "5857", "fro": "5848", "fullId": "http://purl.bioontology.org/ontology/RXNORM/42347", "preferredName": "Bupropion"}, {"semTypes": ["T999"], "to": "4210", "fro": "4201", "fullId": "http://purl.bioontology.org/ontology/RXNORM/835486", "preferredName": "Aplenzin"}, {"semTypes": ["T999"], "to": "3013", "fro": "3001", "fullId": "http://purl.bioontology.org/ontology/RXNORM/835486", "preferredName": "Aplenzin"}, {"semTypes": ["T999"], "to": "932", "fro": "921", "fullId": "http://purl.bioontology.org/ontology/RXNORM/8134", "preferredName": "Phenobarbital"}, {"semTypes": ["T121", "T109"], "to": "3013", "fro": "3001", "fullId": "http://purl.bioontology.org/ontology/RXNORM/835486", "preferredName": "Aplenzin"}, {"semTypes": ["T121", "T109"], "to": "1015", "fro": "1005", "fullId": "http://purl.bioontology.org/ontology/RXNORM/10594", "preferredName": "Ticlopidine"}, {"semTypes": ["T999"], "to": "5924", "fro": "5917", "fullId": "http://purl.bioontology.org/ontology/MSH/D016642", "preferredName": "Bupropion"}, {"semTypes": ["T121"], "to": "3720", "fro": "3713", "fullId": "http://purl.bioontology.org/ontology/MSH/D016642", "preferredName": "Bupropion"}, {"semTypes": ["T121", "T109"], "to": "547", "fro": "535", "fullId": "http://purl.bioontology.org/ontology/RXNORM/835486", "preferredName": "Aplenzin"}, {"semTypes": ["T109", "T121"], "to": "4339", "fro": "4330", "fullId": "http://purl.bioontology.org/ontology/RXNORM/620", "preferredName": "Amantadine"}, {"semTypes": ["T121", "T109"], "to": "353", "fro": "343", "fullId": "http://purl.bioontology.org/ontology/RXNORM/835486", "preferredName": "Aplenzin"}, {"semTypes": ["T999"], "to": "2096", "fro": "2086", "fullId": "http://purl.bioontology.org/ontology/RXNORM/835486", "preferredName": "Aplenzin"}, {"semTypes": ["T999"], "to": "4173", "fro": "4161", "fullId": "http://purl.bioontology.org/ontology/RXNORM/195088", "preferredName": "lopinavir"}]