[{"semTypes": ["T999"], "to": "6906", "fro": "6897", "fullId": "http://purl.bioontology.org/ontology/MSH/D015283", "preferredName": "Citalopram"}, {"semTypes": ["T109", "T121"], "to": "9710", "fro": "9701", "fullId": "http://purl.bioontology.org/ontology/RXNORM/2556", "preferredName": "Citalopram"}, {"semTypes": ["T121", "T109"], "to": "596", "fro": "589", "fullId": "http://purl.bioontology.org/ontology/MSH/D002220", "preferredName": "Carbamazepine"}, {"semTypes": ["T999"], "to": "12246", "fro": "12237", "fullId": "http://purl.bioontology.org/ontology/MSH/D015283", "preferredName": "Citalopram"}, {"semTypes": ["T999"], "to": "4945", "fro": "4939", "fullId": "http://purl.bioontology.org/ontology/MSH/D015283", "preferredName": "Citalopram"}, {"semTypes": ["T999"], "to": "4790", "fro": "4781", "fullId": "http://purl.bioontology.org/ontology/MSH/D015283", "preferredName": "Citalopram"}, {"semTypes": ["T121", "T109"], "to": "3154", "fro": "3148", "fullId": "http://purl.bioontology.org/ontology/MSH/D002220", "preferredName": "Carbamazepine"}, {"semTypes": ["T999"], "to": "4934", "fro": "4925", "fullId": "http://purl.bioontology.org/ontology/RXNORM/2556", "preferredName": "Citalopram"}, {"semTypes": ["T999"], "to": "8474", "fro": "8462", "fullId": "http://purl.bioontology.org/ontology/MSH/D015283", "preferredName": "Citalopram"}, {"semTypes": ["T999"], "to": "3164", "fro": "3157", "fullId": "http://purl.bioontology.org/ontology/MSH/D015283", "preferredName": "Citalopram"}, {"semTypes": ["T109", "T121", "T123"], "to": "6606", "fro": "6595", "fullId": "http://purl.bioontology.org/ontology/MSH/D015283", "preferredName": "Citalopram"}, {"semTypes": ["T109", "T121"], "to": "7385", "fro": "7375", "fullId": "http://purl.bioontology.org/ontology/RXNORM/2556", "preferredName": "Citalopram"}, {"semTypes": ["T109", "T121", "T131"], "to": "7826", "fro": "7819", "fullId": "http://purl.bioontology.org/ontology/RXNORM/2556", "preferredName": "Citalopram"}, {"semTypes": ["T999"], "to": "5676", "fro": "5667", "fullId": "http://purl.bioontology.org/ontology/RXNORM/2556", "preferredName": "Citalopram"}, {"semTypes": ["T999"], "to": "5276", "fro": "5267", "fullId": "http://purl.bioontology.org/ontology/RXNORM/2556", "preferredName": "Citalopram"}, {"semTypes": ["T999"], "to": "6764", "fro": "6753", "fullId": "http://purl.bioontology.org/ontology/MSH/D015283", "preferredName": "Citalopram"}, {"semTypes": ["T109", "T121"], "to": "8578", "fro": "8566", "fullId": "http://purl.bioontology.org/ontology/RXNORM/2556", "preferredName": "Citalopram"}, {"semTypes": ["T999"], "to": "3756", "fro": "3749", "fullId": "http://purl.bioontology.org/ontology/RXNORM/2556", "preferredName": "Citalopram"}, {"semTypes": ["T999"], "to": "520", "fro": "512", "fullId": "http://purl.bioontology.org/ontology/MSH/D002220", "preferredName": "Carbamazepine"}, {"semTypes": ["T109", "T121"], "to": "11135", "fro": "11126", "fullId": "http://purl.bioontology.org/ontology/MSH/D015283", "preferredName": "Citalopram"}, {"semTypes": ["T118", "T121", "T110"], "to": "4841", "fro": "4835", "fullId": "http://purl.bioontology.org/ontology/MSH/D015283", "preferredName": "Citalopram"}, {"semTypes": ["T109", "T121"], "to": "3839", "fro": "3830", "fullId": "http://purl.bioontology.org/ontology/MSH/D015283", "preferredName": "Citalopram"}, {"semTypes": ["T109", "T121"], "to": "11741", "fro": "11732", "fullId": "http://purl.bioontology.org/ontology/RXNORM/2556", "preferredName": "Citalopram"}, {"semTypes": ["T999"], "to": "4113", "fro": "4104", "fullId": "http://purl.bioontology.org/ontology/MSH/D015283", "preferredName": "Citalopram"}, {"semTypes": ["T999"], "to": "6868", "fro": "6857", "fullId": "http://purl.bioontology.org/ontology/MSH/D015283", "preferredName": "Citalopram"}, {"semTypes": ["T109", "T121", "T131"], "to": "3756", "fro": "3749", "fullId": "http://purl.bioontology.org/ontology/RXNORM/2556", "preferredName": "Citalopram"}, {"semTypes": ["T999"], "to": "7170", "fro": "7160", "fullId": "http://purl.bioontology.org/ontology/MSH/D015283", "preferredName": "Citalopram"}, {"semTypes": ["T999"], "to": "8711", "fro": "8699", "fullId": "http://purl.bioontology.org/ontology/RXNORM/2556", "preferredName": "Citalopram"}, {"semTypes": ["T109", "T121"], "to": "7483", "fro": "7474", "fullId": "http://purl.bioontology.org/ontology/RXNORM/2002", "preferredName": "Carbamazepine"}, {"semTypes": ["T109", "T121", "T123"], "to": "6764", "fro": "6753", "fullId": "http://purl.bioontology.org/ontology/RXNORM/2556", "preferredName": "Citalopram"}, {"semTypes": ["T121", "T109"], "to": "10417", "fro": "10406", "fullId": "http://purl.bioontology.org/ontology/MSH/D015283", "preferredName": "Citalopram"}, {"semTypes": ["T999"], "to": "7428", "fro": "7418", "fullId": "http://purl.bioontology.org/ontology/RXNORM/2556", "preferredName": "Citalopram"}, {"semTypes": ["T109", "T121"], "to": "8474", "fro": "8462", "fullId": "http://purl.bioontology.org/ontology/MSH/D015283", "preferredName": "Citalopram"}, {"semTypes": ["T999"], "to": "11814", "fro": "11805", "fullId": "http://purl.bioontology.org/ontology/RXNORM/2556", "preferredName": "Citalopram"}, {"semTypes": ["T109", "T121"], "to": "5631", "fro": "5622", "fullId": "http://purl.bioontology.org/ontology/MSH/D015283", "preferredName": "Citalopram"}, {"semTypes": ["T109", "T121"], "to": "398", "fro": "389", "fullId": "http://purl.bioontology.org/ontology/RXNORM/2556", "preferredName": "Citalopram"}, {"semTypes": ["T109", "T121", "T131"], "to": "3164", "fro": "3157", "fullId": "http://purl.bioontology.org/ontology/MSH/D015283", "preferredName": "Citalopram"}, {"semTypes": ["T999"], "to": "4841", "fro": "4835", "fullId": "http://purl.bioontology.org/ontology/MSH/D015283", "preferredName": "Citalopram"}, {"semTypes": ["T109", "T121"], "to": "8336", "fro": "8324", "fullId": "http://purl.bioontology.org/ontology/MSH/D015283", "preferredName": "Citalopram"}, {"semTypes": ["T200"], "to": "6099", "fro": "6084", "fullId": "http://purl.bioontology.org/ontology/RXNORM/11289", "preferredName": "Warfarin"}, {"semTypes": ["T121", "T109"], "to": "9787", "fro": "9776", "fullId": "http://purl.bioontology.org/ontology/RXNORM/2556", "preferredName": "Citalopram"}, {"semTypes": ["T109", "T121"], "to": "8711", "fro": "8699", "fullId": "http://purl.bioontology.org/ontology/MSH/D015283", "preferredName": "Citalopram"}, {"semTypes": ["T999"], "to": "4671", "fro": "4665", "fullId": "http://purl.bioontology.org/ontology/MSH/D015283", "preferredName": "Citalopram"}, {"semTypes": ["T999"], "to": "8432", "fro": "8423", "fullId": "http://purl.bioontology.org/ontology/RXNORM/2556", "preferredName": "Citalopram"}, {"semTypes": ["T109", "T121"], "to": "4934", "fro": "4925", "fullId": "http://purl.bioontology.org/ontology/RXNORM/2556", "preferredName": "Citalopram"}, {"semTypes": ["T999"], "to": "7983", "fro": "7976", "fullId": "http://purl.bioontology.org/ontology/RXNORM/2556", "preferredName": "Citalopram"}, {"semTypes": ["T999"], "to": "10417", "fro": "10406", "fullId": "http://purl.bioontology.org/ontology/MSH/D015283", "preferredName": "Citalopram"}, {"semTypes": ["T999"], "to": "5950", "fro": "5943", "fullId": "http://purl.bioontology.org/ontology/MSH/D015283", "preferredName": "Citalopram"}, {"semTypes": ["T999"], "to": "8578", "fro": "8566", "fullId": "http://purl.bioontology.org/ontology/RXNORM/2556", "preferredName": "Citalopram"}, {"semTypes": ["T999"], "to": "7826", "fro": "7819", "fullId": "http://purl.bioontology.org/ontology/RXNORM/2556", "preferredName": "Citalopram"}, {"semTypes": ["T116", "T121", "T123"], "to": "794", "fro": "785", "fullId": "http://purl.bioontology.org/ontology/RXNORM/2002", "preferredName": "Carbamazepine"}, {"semTypes": ["T999"], "to": "6840", "fro": "6829", "fullId": "http://purl.bioontology.org/ontology/RXNORM/2556", "preferredName": "Citalopram"}, {"semTypes": ["T109", "T121", "T131"], "to": "3785", "fro": "3778", "fullId": "http://purl.bioontology.org/ontology/RXNORM/2556", "preferredName": "Citalopram"}, {"semTypes": ["T999"], "to": "2483", "fro": "2474", "fullId": "http://purl.bioontology.org/ontology/RXNORM/2556", "preferredName": "Citalopram"}, {"semTypes": ["T999"], "to": "4282", "fro": "4273", "fullId": "http://purl.bioontology.org/ontology/RXNORM/2556", "preferredName": "Citalopram"}, {"semTypes": ["T109", "T121"], "to": "10392", "fro": "10383", "fullId": "http://purl.bioontology.org/ontology/MSH/D015283", "preferredName": "Citalopram"}, {"semTypes": ["T999"], "to": "8747", "fro": "8735", "fullId": "http://purl.bioontology.org/ontology/RXNORM/2556", "preferredName": "Citalopram"}, {"semTypes": ["T999"], "to": "3585", "fro": "3579", "fullId": "http://purl.bioontology.org/ontology/MSH/D014859", "preferredName": "Warfarin"}, {"semTypes": ["T999"], "to": "10909", "fro": "10900", "fullId": "http://purl.bioontology.org/ontology/RXNORM/2556", "preferredName": "Citalopram"}, {"semTypes": ["T999"], "to": "9091", "fro": "9083", "fullId": "http://purl.bioontology.org/ontology/MSH/D015283", "preferredName": "Citalopram"}, {"semTypes": ["T999"], "to": "3785", "fro": "3778", "fullId": "http://purl.bioontology.org/ontology/RXNORM/2556", "preferredName": "Citalopram"}, {"semTypes": ["T999"], "to": "11113", "fro": "11104", "fullId": "http://purl.bioontology.org/ontology/RXNORM/2556", "preferredName": "Citalopram"}, {"semTypes": ["T109", "T121"], "to": "12144", "fro": "12134", "fullId": "http://purl.bioontology.org/ontology/MSH/D015283", "preferredName": "Citalopram"}, {"semTypes": ["T999"], "to": "7471", "fro": "7461", "fullId": "http://purl.bioontology.org/ontology/RXNORM/2002", "preferredName": "Carbamazepine"}, {"semTypes": ["T109", "T121"], "to": "8747", "fro": "8735", "fullId": "http://purl.bioontology.org/ontology/RXNORM/2556", "preferredName": "Citalopram"}, {"semTypes": ["T109", "T121"], "to": "4829", "fro": "4820", "fullId": "http://purl.bioontology.org/ontology/RXNORM/2556", "preferredName": "Citalopram"}, {"semTypes": ["T121", "T109"], "to": "4113", "fro": "4104", "fullId": "http://purl.bioontology.org/ontology/MSH/D015283", "preferredName": "Citalopram"}, {"semTypes": ["T109", "T121", "T131"], "to": "7983", "fro": "7976", "fullId": "http://purl.bioontology.org/ontology/MSH/D015283", "preferredName": "Citalopram"}, {"semTypes": ["T109", "T121"], "to": "12063", "fro": "12053", "fullId": "http://purl.bioontology.org/ontology/RXNORM/11289", "preferredName": "Warfarin"}, {"semTypes": ["T999"], "to": "11862", "fro": "11853", "fullId": "http://purl.bioontology.org/ontology/RXNORM/2556", "preferredName": "Citalopram"}, {"semTypes": ["T121", "T109"], "to": "9258", "fro": "9250", "fullId": "http://purl.bioontology.org/ontology/RXNORM/2556", "preferredName": "Citalopram"}, {"semTypes": ["T999"], "to": "8336", "fro": "8324", "fullId": "http://purl.bioontology.org/ontology/MSH/D015283", "preferredName": "Citalopram"}, {"semTypes": ["T999"], "to": "11250", "fro": "11241", "fullId": "http://purl.bioontology.org/ontology/MSH/D015283", "preferredName": "Citalopram"}, {"semTypes": ["T999"], "to": "8790", "fro": "8781", "fullId": "http://purl.bioontology.org/ontology/MSH/D015283", "preferredName": "Citalopram"}, {"semTypes": ["T999"], "to": "11994", "fro": "11985", "fullId": "http://purl.bioontology.org/ontology/MSH/D015283", "preferredName": "Citalopram"}, {"semTypes": ["T999"], "to": "12063", "fro": "12053", "fullId": "http://purl.bioontology.org/ontology/MSH/D015283", "preferredName": "Citalopram"}, {"semTypes": ["T109", "T121", "T123"], "to": "6840", "fro": "6829", "fullId": "http://purl.bioontology.org/ontology/MSH/D015283", "preferredName": "Citalopram"}, {"semTypes": ["T999"], "to": "1093", "fro": "1086", "fullId": "http://purl.bioontology.org/ontology/RXNORM/2002", "preferredName": "Carbamazepine"}, {"semTypes": ["T109", "T121"], "to": "11565", "fro": "11556", "fullId": "http://purl.bioontology.org/ontology/MSH/D015283", "preferredName": "Citalopram"}, {"semTypes": ["T999"], "to": "12040", "fro": "12031", "fullId": "http://purl.bioontology.org/ontology/MSH/D015283", "preferredName": "Citalopram"}, {"semTypes": ["T118", "T121", "T110"], "to": "4671", "fro": "4665", "fullId": "http://purl.bioontology.org/ontology/RXNORM/2556", "preferredName": "Citalopram"}, {"semTypes": ["T999"], "to": "9367", "fro": "9359", "fullId": "http://purl.bioontology.org/ontology/MSH/D015283", "preferredName": "Citalopram"}, {"semTypes": ["T999"], "to": "11565", "fro": "11556", "fullId": "http://purl.bioontology.org/ontology/MSH/D015283", "preferredName": "Citalopram"}, {"semTypes": ["T109", "T121"], "to": "6702", "fro": "6693", "fullId": "http://purl.bioontology.org/ontology/MSH/D015283", "preferredName": "Citalopram"}, {"semTypes": ["T121", "T109"], "to": "7458", "fro": "7449", "fullId": "http://purl.bioontology.org/ontology/MSH/D014859", "preferredName": "Warfarin"}, {"semTypes": ["T109", "T121"], "to": "7428", "fro": "7418", "fullId": "http://purl.bioontology.org/ontology/MSH/D015283", "preferredName": "Citalopram"}, {"semTypes": ["T109", "T121"], "to": "12040", "fro": "12031", "fullId": "http://purl.bioontology.org/ontology/MSH/D015283", "preferredName": "Citalopram"}, {"semTypes": ["T109", "T121"], "to": "5950", "fro": "5943", "fullId": "http://purl.bioontology.org/ontology/MSH/D015283", "preferredName": "Citalopram"}, {"semTypes": ["T121", "T109"], "to": "7495", "fro": "7486", "fullId": "http://purl.bioontology.org/ontology/MSH/D014859", "preferredName": "Warfarin"}, {"semTypes": ["T999"], "to": "6606", "fro": "6595", "fullId": "http://purl.bioontology.org/ontology/RXNORM/2556", "preferredName": "Citalopram"}, {"semTypes": ["T999"], "to": "1291", "fro": "1282", "fullId": "http://purl.bioontology.org/ontology/RXNORM/2556", "preferredName": "Citalopram"}, {"semTypes": ["T121", "T109"], "to": "9091", "fro": "9083", "fullId": "http://purl.bioontology.org/ontology/MSH/D015283", "preferredName": "Citalopram"}, {"semTypes": ["T999"], "to": "12670", "fro": "12661", "fullId": "http://purl.bioontology.org/ontology/MSH/D015283", "preferredName": "Citalopram"}, {"semTypes": ["T109", "T121"], "to": "10351", "fro": "10342", "fullId": "http://purl.bioontology.org/ontology/MSH/D015283", "preferredName": "Citalopram"}, {"semTypes": ["T999"], "to": "10392", "fro": "10383", "fullId": "http://purl.bioontology.org/ontology/MSH/D015283", "preferredName": "Citalopram"}, {"semTypes": ["T999"], "to": "7507", "fro": "7498", "fullId": "http://purl.bioontology.org/ontology/RXNORM/2556", "preferredName": "Citalopram"}, {"semTypes": ["T109", "T121"], "to": "5276", "fro": "5267", "fullId": "http://purl.bioontology.org/ontology/MSH/D015283", "preferredName": "Citalopram"}, {"semTypes": ["T109", "T121"], "to": "4232", "fro": "4223", "fullId": "http://purl.bioontology.org/ontology/MSH/D015283", "preferredName": "Citalopram"}, {"semTypes": ["T109", "T121"], "to": "9885", "fro": "9876", "fullId": "http://purl.bioontology.org/ontology/RXNORM/2556", "preferredName": "Citalopram"}, {"semTypes": ["T999"], "to": "7458", "fro": "7449", "fullId": "http://purl.bioontology.org/ontology/MSH/D002220", "preferredName": "Carbamazepine"}, {"semTypes": ["T109", "T121"], "to": "7507", "fro": "7498", "fullId": "http://purl.bioontology.org/ontology/RXNORM/2556", "preferredName": "Citalopram"}, {"semTypes": ["T999"], "to": "398", "fro": "389", "fullId": "http://purl.bioontology.org/ontology/MSH/D015283", "preferredName": "Citalopram"}, {"semTypes": ["T109", "T121"], "to": "9187", "fro": "9178", "fullId": "http://purl.bioontology.org/ontology/MSH/D015283", "preferredName": "Citalopram"}, {"semTypes": ["T109", "T121"], "to": "12246", "fro": "12237", "fullId": "http://purl.bioontology.org/ontology/RXNORM/2556", "preferredName": "Citalopram"}, {"semTypes": ["T109", "T121"], "to": "6906", "fro": "6897", "fullId": "http://purl.bioontology.org/ontology/MSH/D015283", "preferredName": "Citalopram"}, {"semTypes": ["T109", "T121"], "to": "8432", "fro": "8423", "fullId": "http://purl.bioontology.org/ontology/MSH/D015283", "preferredName": "Citalopram"}, {"semTypes": ["T999"], "to": "9354", "fro": "9345", "fullId": "http://purl.bioontology.org/ontology/MSH/D015283", "preferredName": "Citalopram"}, {"semTypes": ["T109", "T121"], "to": "11235", "fro": "11226", "fullId": "http://purl.bioontology.org/ontology/MSH/D015283", "preferredName": "Citalopram"}, {"semTypes": ["T121", "T109"], "to": "7471", "fro": "7461", "fullId": "http://purl.bioontology.org/ontology/RXNORM/11289", "preferredName": "Warfarin"}, {"semTypes": ["T999"], "to": "11980", "fro": "11971", "fullId": "http://purl.bioontology.org/ontology/MSH/D015283", "preferredName": "Citalopram"}, {"semTypes": ["T999"], "to": "10521", "fro": "10512", "fullId": "http://purl.bioontology.org/ontology/MSH/D015283", "preferredName": "Citalopram"}, {"semTypes": ["T109", "T121"], "to": "6295", "fro": "6288", "fullId": "http://purl.bioontology.org/ontology/RXNORM/2556", "preferredName": "Citalopram"}, {"semTypes": ["T109", "T121"], "to": "2483", "fro": "2474", "fullId": "http://purl.bioontology.org/ontology/MSH/D015283", "preferredName": "Citalopram"}, {"semTypes": ["T999"], "to": "10351", "fro": "10342", "fullId": "http://purl.bioontology.org/ontology/RXNORM/2556", "preferredName": "Citalopram"}, {"semTypes": ["T109", "T121"], "to": "11814", "fro": "11805", "fullId": "http://purl.bioontology.org/ontology/RXNORM/2556", "preferredName": "Citalopram"}, {"semTypes": ["T109", "T121"], "to": "1291", "fro": "1282", "fullId": "http://purl.bioontology.org/ontology/RXNORM/2556", "preferredName": "Citalopram"}, {"semTypes": ["T109", "T121"], "to": "11113", "fro": "11104", "fullId": "http://purl.bioontology.org/ontology/MSH/D015283", "preferredName": "Citalopram"}, {"semTypes": ["T999"], "to": "9885", "fro": "9876", "fullId": "http://purl.bioontology.org/ontology/RXNORM/2556", "preferredName": "Citalopram"}, {"semTypes": ["T109", "T121"], "to": "5676", "fro": "5667", "fullId": "http://purl.bioontology.org/ontology/RXNORM/2556", "preferredName": "Citalopram"}, {"semTypes": ["T109", "T121"], "to": "9354", "fro": "9345", "fullId": "http://purl.bioontology.org/ontology/RXNORM/2556", "preferredName": "Citalopram"}, {"semTypes": ["T999"], "to": "596", "fro": "589", "fullId": "http://purl.bioontology.org/ontology/MSH/D002220", "preferredName": "Carbamazepine"}, {"semTypes": ["T999"], "to": "9787", "fro": "9776", "fullId": "http://purl.bioontology.org/ontology/MSH/D015283", "preferredName": "Citalopram"}, {"semTypes": ["T109", "T121"], "to": "1891", "fro": "1882", "fullId": "http://purl.bioontology.org/ontology/MSH/D015283", "preferredName": "Citalopram"}, {"semTypes": ["T109", "T121"], "to": "6224", "fro": "6217", "fullId": "http://purl.bioontology.org/ontology/MSH/D015283", "preferredName": "Citalopram"}, {"semTypes": ["T109", "T121"], "to": "11006", "fro": "10997", "fullId": "http://purl.bioontology.org/ontology/RXNORM/2556", "preferredName": "Citalopram"}, {"semTypes": ["T109", "T121"], "to": "10521", "fro": "10512", "fullId": "http://purl.bioontology.org/ontology/MSH/D015283", "preferredName": "Citalopram"}, {"semTypes": ["T999"], "to": "9187", "fro": "9178", "fullId": "http://purl.bioontology.org/ontology/MSH/D015283", "preferredName": "Citalopram"}, {"semTypes": ["T999"], "to": "9614", "fro": "9603", "fullId": "http://purl.bioontology.org/ontology/RXNORM/2556", "preferredName": "Citalopram"}, {"semTypes": ["T999"], "to": "11741", "fro": "11732", "fullId": "http://purl.bioontology.org/ontology/RXNORM/2556", "preferredName": "Citalopram"}, {"semTypes": ["T999"], "to": "9258", "fro": "9250", "fullId": "http://purl.bioontology.org/ontology/MSH/D015283", "preferredName": "Citalopram"}, {"semTypes": ["T999"], "to": "320", "fro": "311", "fullId": "http://purl.bioontology.org/ontology/RXNORM/2556", "preferredName": "Citalopram"}, {"semTypes": ["T999"], "to": "4232", "fro": "4223", "fullId": "http://purl.bioontology.org/ontology/RXNORM/2556", "preferredName": "Citalopram"}, {"semTypes": ["T109", "T121"], "to": "10909", "fro": "10900", "fullId": "http://purl.bioontology.org/ontology/RXNORM/2556", "preferredName": "Citalopram"}, {"semTypes": ["T999"], "to": "7385", "fro": "7375", "fullId": "http://purl.bioontology.org/ontology/RXNORM/2556", "preferredName": "Citalopram"}, {"semTypes": ["T109", "T121"], "to": "6248", "fro": "6239", "fullId": "http://purl.bioontology.org/ontology/RXNORM/2556", "preferredName": "Citalopram"}, {"semTypes": ["T999"], "to": "756", "fro": "747", "fullId": "http://purl.bioontology.org/ontology/RXNORM/2556", "preferredName": "Citalopram"}, {"semTypes": ["T109", "T121"], "to": "8626", "fro": "8617", "fullId": "http://purl.bioontology.org/ontology/RXNORM/2556", "preferredName": "Citalopram"}, {"semTypes": ["T999"], "to": "509", "fro": "502", "fullId": "http://purl.bioontology.org/ontology/RXNORM/2002", "preferredName": "Carbamazepine"}, {"semTypes": ["T999"], "to": "12144", "fro": "12134", "fullId": "http://purl.bioontology.org/ontology/MSH/D002220", "preferredName": "Carbamazepine"}, {"semTypes": ["T109", "T121"], "to": "11980", "fro": "11971", "fullId": "http://purl.bioontology.org/ontology/MSH/D015283", "preferredName": "Citalopram"}, {"semTypes": ["T999"], "to": "8626", "fro": "8617", "fullId": "http://purl.bioontology.org/ontology/MSH/D015283", "preferredName": "Citalopram"}, {"semTypes": ["T999"], "to": "3463", "fro": "3455", "fullId": "http://purl.bioontology.org/ontology/MSH/D014859", "preferredName": "Warfarin"}, {"semTypes": ["T999"], "to": "7483", "fro": "7474", "fullId": "http://purl.bioontology.org/ontology/RXNORM/2002", "preferredName": "Carbamazepine"}, {"semTypes": ["T109", "T121"], "to": "8790", "fro": "8781", "fullId": "http://purl.bioontology.org/ontology/RXNORM/2556", "preferredName": "Citalopram"}, {"semTypes": ["T121", "T109"], "to": "520", "fro": "512", "fullId": "http://purl.bioontology.org/ontology/RXNORM/11289", "preferredName": "Warfarin"}, {"semTypes": ["T109", "T121"], "to": "11250", "fro": "11241", "fullId": "http://purl.bioontology.org/ontology/RXNORM/2556", "preferredName": "Citalopram"}, {"semTypes": ["T109", "T121"], "to": "756", "fro": "747", "fullId": "http://purl.bioontology.org/ontology/RXNORM/2556", "preferredName": "Citalopram"}, {"semTypes": ["T999"], "to": "6224", "fro": "6217", "fullId": "http://purl.bioontology.org/ontology/MSH/D015283", "preferredName": "Citalopram"}, {"semTypes": ["T999"], "to": "10541", "fro": "10532", "fullId": "http://purl.bioontology.org/ontology/MSH/D015283", "preferredName": "Citalopram"}, {"semTypes": ["T109", "T121"], "to": "12670", "fro": "12661", "fullId": "http://purl.bioontology.org/ontology/RXNORM/2556", "preferredName": "Citalopram"}, {"semTypes": ["T999"], "to": "2301", "fro": "2292", "fullId": "http://purl.bioontology.org/ontology/RXNORM/2556", "preferredName": "Citalopram"}, {"semTypes": ["T121", "T109"], "to": "3585", "fro": "3579", "fullId": "http://purl.bioontology.org/ontology/MSH/D014859", "preferredName": "Warfarin"}, {"semTypes": ["T121", "T109"], "to": "9735", "fro": "9724", "fullId": "http://purl.bioontology.org/ontology/RXNORM/2556", "preferredName": "Citalopram"}, {"semTypes": ["T999"], "to": "3839", "fro": "3830", "fullId": "http://purl.bioontology.org/ontology/MSH/D015283", "preferredName": "Citalopram"}, {"semTypes": ["T109", "T121"], "to": "7170", "fro": "7160", "fullId": "http://purl.bioontology.org/ontology/MSH/D015283", "preferredName": "Citalopram"}, {"semTypes": ["T999"], "to": "9735", "fro": "9724", "fullId": "http://purl.bioontology.org/ontology/MSH/D015283", "preferredName": "Citalopram"}, {"semTypes": ["T999"], "to": "1891", "fro": "1882", "fullId": "http://purl.bioontology.org/ontology/MSH/D015283", "preferredName": "Citalopram"}, {"semTypes": ["T999"], "to": "794", "fro": "785", "fullId": "http://purl.bioontology.org/ontology/RXNORM/2002", "preferredName": "Carbamazepine"}, {"semTypes": ["T109", "T121", "T123"], "to": "6868", "fro": "6857", "fullId": "http://purl.bioontology.org/ontology/RXNORM/2556", "preferredName": "Citalopram"}, {"semTypes": ["T109", "T121"], "to": "2301", "fro": "2292", "fullId": "http://purl.bioontology.org/ontology/RXNORM/2556", "preferredName": "Citalopram"}, {"semTypes": ["T109", "T121"], "to": "10654", "fro": "10645", "fullId": "http://purl.bioontology.org/ontology/RXNORM/2556", "preferredName": "Citalopram"}, {"semTypes": ["T109", "T121"], "to": "10541", "fro": "10532", "fullId": "http://purl.bioontology.org/ontology/RXNORM/2556", "preferredName": "Citalopram"}, {"semTypes": ["T121", "T109"], "to": "4282", "fro": "4273", "fullId": "http://purl.bioontology.org/ontology/RXNORM/11289", "preferredName": "Warfarin"}, {"semTypes": ["T999"], "to": "11135", "fro": "11126", "fullId": "http://purl.bioontology.org/ontology/RXNORM/2556", "preferredName": "Citalopram"}, {"semTypes": ["T109", "T121"], "to": "4790", "fro": "4781", "fullId": "http://purl.bioontology.org/ontology/RXNORM/2556", "preferredName": "Citalopram"}, {"semTypes": ["T999"], "to": "6295", "fro": "6288", "fullId": "http://purl.bioontology.org/ontology/RXNORM/2556", "preferredName": "Citalopram"}, {"semTypes": ["T109", "T121"], "to": "7923", "fro": "7914", "fullId": "http://purl.bioontology.org/ontology/RXNORM/2556", "preferredName": "Citalopram"}, {"semTypes": ["T109", "T121"], "to": "320", "fro": "311", "fullId": "http://purl.bioontology.org/ontology/RXNORM/2556", "preferredName": "Citalopram"}, {"semTypes": ["T999"], "to": "3154", "fro": "3148", "fullId": "http://purl.bioontology.org/ontology/RXNORM/2556", "preferredName": "Citalopram"}, {"semTypes": ["T999"], "to": "2765", "fro": "2738", "fullId": "http://purl.bioontology.org/ontology/RXNORM/2002", "preferredName": "Carbamazepine"}, {"semTypes": ["T999"], "to": "7495", "fro": "7486", "fullId": "http://purl.bioontology.org/ontology/RXNORM/11289", "preferredName": "Warfarin"}, {"semTypes": ["T999"], "to": "6702", "fro": "6693", "fullId": "http://purl.bioontology.org/ontology/MSH/D015283", "preferredName": "Citalopram"}, {"semTypes": ["T999"], "to": "6248", "fro": "6239", "fullId": "http://purl.bioontology.org/ontology/RXNORM/2556", "preferredName": "Citalopram"}, {"semTypes": ["T999"], "to": "11235", "fro": "11226", "fullId": "http://purl.bioontology.org/ontology/RXNORM/2556", "preferredName": "Citalopram"}, {"semTypes": ["T999"], "to": "4331", "fro": "4322", "fullId": "http://purl.bioontology.org/ontology/MSH/D015283", "preferredName": "Citalopram"}, {"semTypes": ["T109", "T121"], "to": "11862", "fro": "11853", "fullId": "http://purl.bioontology.org/ontology/MSH/D015283", "preferredName": "Citalopram"}, {"semTypes": ["T118", "T121", "T110"], "to": "4945", "fro": "4939", "fullId": "http://purl.bioontology.org/ontology/RXNORM/2556", "preferredName": "Citalopram"}, {"semTypes": ["T999"], "to": "11006", "fro": "10997", "fullId": "http://purl.bioontology.org/ontology/MSH/D015283", "preferredName": "Citalopram"}, {"semTypes": ["T109", "T121"], "to": "11994", "fro": "11985", "fullId": "http://purl.bioontology.org/ontology/MSH/D015283", "preferredName": "Citalopram"}, {"semTypes": ["T109", "T121"], "to": "5401", "fro": "5392", "fullId": "http://purl.bioontology.org/ontology/RXNORM/2556", "preferredName": "Citalopram"}, {"semTypes": ["T999"], "to": "5401", "fro": "5392", "fullId": "http://purl.bioontology.org/ontology/RXNORM/2556", "preferredName": "Citalopram"}, {"semTypes": ["T999"], "to": "4829", "fro": "4820", "fullId": "http://purl.bioontology.org/ontology/RXNORM/2556", "preferredName": "Citalopram"}, {"semTypes": ["T999"], "to": "10654", "fro": "10645", "fullId": "http://purl.bioontology.org/ontology/MSH/D015283", "preferredName": "Citalopram"}, {"semTypes": ["T999"], "to": "5631", "fro": "5622", "fullId": "http://purl.bioontology.org/ontology/MSH/D015283", "preferredName": "Citalopram"}, {"semTypes": ["T109", "T121"], "to": "4331", "fro": "4322", "fullId": "http://purl.bioontology.org/ontology/MSH/D015283", "preferredName": "Citalopram"}, {"semTypes": ["T200"], "to": "6062", "fro": "6050", "fullId": "http://purl.bioontology.org/ontology/MSH/D014859", "preferredName": "Warfarin"}, {"semTypes": ["T121", "T109"], "to": "9614", "fro": "9603", "fullId": "http://purl.bioontology.org/ontology/RXNORM/2556", "preferredName": "Citalopram"}, {"semTypes": ["T999"], "to": "7923", "fro": "7914", "fullId": "http://purl.bioontology.org/ontology/RXNORM/2556", "preferredName": "Citalopram"}, {"semTypes": ["T121", "T109"], "to": "9367", "fro": "9359", "fullId": "http://purl.bioontology.org/ontology/MSH/D015283", "preferredName": "Citalopram"}, {"semTypes": ["T999"], "to": "9710", "fro": "9701", "fullId": "http://purl.bioontology.org/ontology/RXNORM/2556", "preferredName": "Citalopram"}]