[{"semTypes": ["T999"], "to": "5961", "fro": "5951", "fullId": "http://purl.bioontology.org/ontology/MSH/C035133", "preferredName": "mirtazapine"}, {"semTypes": ["T109", "T121"], "to": "5213", "fro": "5203", "fullId": "http://purl.bioontology.org/ontology/RXNORM/15996", "preferredName": "Mirtazapine"}, {"semTypes": ["T109", "T121"], "to": "2655", "fro": "2645", "fullId": "http://purl.bioontology.org/ontology/MSH/C035133", "preferredName": "mirtazapine"}, {"semTypes": ["T109", "T121"], "to": "3048", "fro": "3037", "fullId": "http://purl.bioontology.org/ontology/RXNORM/15996", "preferredName": "Mirtazapine"}, {"semTypes": ["T999"], "to": "6225", "fro": "6215", "fullId": "http://purl.bioontology.org/ontology/MSH/C035133", "preferredName": "mirtazapine"}, {"semTypes": ["T999"], "to": "5770", "fro": "5760", "fullId": "http://purl.bioontology.org/ontology/RXNORM/15996", "preferredName": "Mirtazapine"}, {"semTypes": ["T999"], "to": "3430", "fro": "3420", "fullId": "http://purl.bioontology.org/ontology/RXNORM/15996", "preferredName": "Mirtazapine"}, {"semTypes": ["T999"], "to": "4096", "fro": "4089", "fullId": "http://purl.bioontology.org/ontology/MSH/C035133", "preferredName": "mirtazapine"}, {"semTypes": ["T999"], "to": "3836", "fro": "3827", "fullId": "http://purl.bioontology.org/ontology/RXNORM/15996", "preferredName": "Mirtazapine"}, {"semTypes": ["T999"], "to": "2145", "fro": "2135", "fullId": "http://purl.bioontology.org/ontology/MSH/C035133", "preferredName": "mirtazapine"}, {"semTypes": ["T109", "T121"], "to": "6057", "fro": "6047", "fullId": "http://purl.bioontology.org/ontology/MSH/C035133", "preferredName": "mirtazapine"}, {"semTypes": ["T999"], "to": "296", "fro": "269", "fullId": "http://purl.bioontology.org/ontology/RXNORM/15996", "preferredName": "Mirtazapine"}, {"semTypes": ["T109", "T121"], "to": "5770", "fro": "5760", "fullId": "http://purl.bioontology.org/ontology/MSH/C035133", "preferredName": "mirtazapine"}, {"semTypes": ["T109", "T121"], "to": "4386", "fro": "4376", "fullId": "http://purl.bioontology.org/ontology/RXNORM/15996", "preferredName": "Mirtazapine"}, {"semTypes": ["T999"], "to": "5018", "fro": "5008", "fullId": "http://purl.bioontology.org/ontology/MSH/C035133", "preferredName": "mirtazapine"}, {"semTypes": ["T109", "T195"], "to": "3518", "fro": "3507", "fullId": "http://purl.bioontology.org/ontology/MSH/C035133", "preferredName": "mirtazapine"}, {"semTypes": ["T109", "T121"], "to": "1616", "fro": "1606", "fullId": "http://purl.bioontology.org/ontology/RXNORM/15996", "preferredName": "Mirtazapine"}, {"semTypes": ["T109", "T121"], "to": "5900", "fro": "5893", "fullId": "http://purl.bioontology.org/ontology/MSH/C035133", "preferredName": "mirtazapine"}, {"semTypes": ["T999"], "to": "2655", "fro": "2645", "fullId": "http://purl.bioontology.org/ontology/RXNORM/15996", "preferredName": "Mirtazapine"}, {"semTypes": ["T121", "T109", "T131"], "to": "4350", "fro": "4343", "fullId": "http://purl.bioontology.org/ontology/MSH/C035133", "preferredName": "mirtazapine"}, {"semTypes": ["T999"], "to": "1616", "fro": "1606", "fullId": "http://purl.bioontology.org/ontology/RXNORM/15996", "preferredName": "Mirtazapine"}, {"semTypes": ["T109", "T121"], "to": "1892", "fro": "1882", "fullId": "http://purl.bioontology.org/ontology/MSH/C035133", "preferredName": "mirtazapine"}, {"semTypes": ["T121", "T109"], "to": "1405", "fro": "1397", "fullId": "http://purl.bioontology.org/ontology/MSH/C035133", "preferredName": "mirtazapine"}, {"semTypes": ["T999"], "to": "4180", "fro": "4170", "fullId": "http://purl.bioontology.org/ontology/RXNORM/15996", "preferredName": "Mirtazapine"}, {"semTypes": ["T999"], "to": "1892", "fro": "1882", "fullId": "http://purl.bioontology.org/ontology/RXNORM/15996", "preferredName": "Mirtazapine"}, {"semTypes": ["T999"], "to": "3724", "fro": "3714", "fullId": "http://purl.bioontology.org/ontology/RXNORM/15996", "preferredName": "Mirtazapine"}, {"semTypes": ["T109", "T121"], "to": "4875", "fro": "4865", "fullId": "http://purl.bioontology.org/ontology/RXNORM/15996", "preferredName": "Mirtazapine"}, {"semTypes": ["T109", "T121"], "to": "3724", "fro": "3714", "fullId": "http://purl.bioontology.org/ontology/MSH/C035133", "preferredName": "mirtazapine"}, {"semTypes": ["T999"], "to": "2769", "fro": "2759", "fullId": "http://purl.bioontology.org/ontology/MSH/C035133", "preferredName": "mirtazapine"}, {"semTypes": ["T109", "T121"], "to": "3430", "fro": "3420", "fullId": "http://purl.bioontology.org/ontology/MSH/C035133", "preferredName": "mirtazapine"}, {"semTypes": ["T109", "T121"], "to": "2732", "fro": "2722", "fullId": "http://purl.bioontology.org/ontology/MSH/C035133", "preferredName": "mirtazapine"}, {"semTypes": ["T999"], "to": "2838", "fro": "2829", "fullId": "http://purl.bioontology.org/ontology/RXNORM/15996", "preferredName": "Mirtazapine"}, {"semTypes": ["T109", "T121"], "to": "2769", "fro": "2759", "fullId": "http://purl.bioontology.org/ontology/MSH/C035133", "preferredName": "mirtazapine"}, {"semTypes": ["T109", "T121"], "to": "4009", "fro": "3997", "fullId": "http://purl.bioontology.org/ontology/RXNORM/15996", "preferredName": "Mirtazapine"}, {"semTypes": ["T121", "T109"], "to": "2969", "fro": "2960", "fullId": "http://purl.bioontology.org/ontology/RXNORM/15996", "preferredName": "Mirtazapine"}, {"semTypes": ["T999"], "to": "5516", "fro": "5506", "fullId": "http://purl.bioontology.org/ontology/MSH/C035133", "preferredName": "mirtazapine"}, {"semTypes": ["T999"], "to": "2443", "fro": "2434", "fullId": "http://purl.bioontology.org/ontology/RXNORM/15996", "preferredName": "Mirtazapine"}, {"semTypes": ["T999"], "to": "1487", "fro": "1479", "fullId": "http://purl.bioontology.org/ontology/RXNORM/15996", "preferredName": "Mirtazapine"}, {"semTypes": ["T121", "T109"], "to": "1487", "fro": "1479", "fullId": "http://purl.bioontology.org/ontology/MSH/C035133", "preferredName": "mirtazapine"}, {"semTypes": ["T121", "T109"], "to": "2928", "fro": "2919", "fullId": "http://purl.bioontology.org/ontology/RXNORM/15996", "preferredName": "Mirtazapine"}, {"semTypes": ["T109", "T121"], "to": "3533", "fro": "3524", "fullId": "http://purl.bioontology.org/ontology/MSH/C035133", "preferredName": "mirtazapine"}, {"semTypes": ["T121", "T109"], "to": "2531", "fro": "2522", "fullId": "http://purl.bioontology.org/ontology/RXNORM/15996", "preferredName": "Mirtazapine"}, {"semTypes": ["T121", "T109"], "to": "774", "fro": "766", "fullId": "http://purl.bioontology.org/ontology/RXNORM/15996", "preferredName": "Mirtazapine"}, {"semTypes": ["T109", "T121"], "to": "4180", "fro": "4170", "fullId": "http://purl.bioontology.org/ontology/RXNORM/15996", "preferredName": "Mirtazapine"}, {"semTypes": ["T109", "T121"], "to": "1056", "fro": "1046", "fullId": "http://purl.bioontology.org/ontology/RXNORM/15996", "preferredName": "Mirtazapine"}, {"semTypes": ["T999"], "to": "4513", "fro": "4506", "fullId": "http://purl.bioontology.org/ontology/RXNORM/15996", "preferredName": "Mirtazapine"}, {"semTypes": ["T109", "T121"], "to": "5630", "fro": "5620", "fullId": "http://purl.bioontology.org/ontology/RXNORM/15996", "preferredName": "Mirtazapine"}, {"semTypes": ["T121", "T109"], "to": "2838", "fro": "2829", "fullId": "http://purl.bioontology.org/ontology/MSH/C035133", "preferredName": "mirtazapine"}, {"semTypes": ["T999"], "to": "837", "fro": "830", "fullId": "http://purl.bioontology.org/ontology/RXNORM/2541", "preferredName": "Cimetidine"}, {"semTypes": ["T109", "T121"], "to": "1524", "fro": "1514", "fullId": "http://purl.bioontology.org/ontology/MSH/C035133", "preferredName": "mirtazapine"}, {"semTypes": ["T999"], "to": "1985", "fro": "1975", "fullId": "http://purl.bioontology.org/ontology/MSH/C035133", "preferredName": "mirtazapine"}, {"semTypes": ["T999"], "to": "2855", "fro": "2845", "fullId": "http://purl.bioontology.org/ontology/MSH/C035133", "preferredName": "mirtazapine"}, {"semTypes": ["T999"], "to": "1854", "fro": "1842", "fullId": "http://purl.bioontology.org/ontology/RXNORM/15996", "preferredName": "Mirtazapine"}, {"semTypes": ["T999"], "to": "2969", "fro": "2960", "fullId": "http://purl.bioontology.org/ontology/RXNORM/15996", "preferredName": "Mirtazapine"}, {"semTypes": ["T999"], "to": "4875", "fro": "4865", "fullId": "http://purl.bioontology.org/ontology/RXNORM/15996", "preferredName": "Mirtazapine"}, {"semTypes": ["T999"], "to": "2043", "fro": "2035", "fullId": "http://purl.bioontology.org/ontology/RXNORM/15996", "preferredName": "Mirtazapine"}, {"semTypes": ["T999"], "to": "4386", "fro": "4376", "fullId": "http://purl.bioontology.org/ontology/MSH/C035133", "preferredName": "mirtazapine"}, {"semTypes": ["T999"], "to": "3518", "fro": "3507", "fullId": "http://purl.bioontology.org/ontology/MSH/D002927", "preferredName": "Cimetidine"}, {"semTypes": ["T999"], "to": "1524", "fro": "1514", "fullId": "http://purl.bioontology.org/ontology/MSH/C035133", "preferredName": "mirtazapine"}, {"semTypes": ["T999"], "to": "621", "fro": "611", "fullId": "http://purl.bioontology.org/ontology/RXNORM/15996", "preferredName": "Mirtazapine"}, {"semTypes": ["T121", "T109", "T131"], "to": "4513", "fro": "4506", "fullId": "http://purl.bioontology.org/ontology/MSH/C035133", "preferredName": "mirtazapine"}, {"semTypes": ["T109", "T121"], "to": "3193", "fro": "3182", "fullId": "http://purl.bioontology.org/ontology/MSH/C035133", "preferredName": "mirtazapine"}, {"semTypes": ["T109", "T121"], "to": "6176", "fro": "6169", "fullId": "http://purl.bioontology.org/ontology/RXNORM/15996", "preferredName": "Mirtazapine"}, {"semTypes": ["T999"], "to": "2732", "fro": "2722", "fullId": "http://purl.bioontology.org/ontology/MSH/C035133", "preferredName": "mirtazapine"}, {"semTypes": ["T109", "T121"], "to": "5822", "fro": "5815", "fullId": "http://purl.bioontology.org/ontology/RXNORM/15996", "preferredName": "Mirtazapine"}, {"semTypes": ["T999"], "to": "2120", "fro": "2111", "fullId": "http://purl.bioontology.org/ontology/RXNORM/2541", "preferredName": "Cimetidine"}, {"semTypes": ["T121", "T109"], "to": "1714", "fro": "1706", "fullId": "http://purl.bioontology.org/ontology/RXNORM/15996", "preferredName": "Mirtazapine"}, {"semTypes": ["T999"], "to": "5822", "fro": "5815", "fullId": "http://purl.bioontology.org/ontology/MSH/C035133", "preferredName": "mirtazapine"}, {"semTypes": ["T999"], "to": "6176", "fro": "6169", "fullId": "http://purl.bioontology.org/ontology/RXNORM/15996", "preferredName": "Mirtazapine"}, {"semTypes": ["T109", "T121"], "to": "3583", "fro": "3574", "fullId": "http://purl.bioontology.org/ontology/RXNORM/15996", "preferredName": "Mirtazapine"}, {"semTypes": ["T999"], "to": "5900", "fro": "5893", "fullId": "http://purl.bioontology.org/ontology/RXNORM/15996", "preferredName": "Mirtazapine"}, {"semTypes": ["T999"], "to": "4954", "fro": "4944", "fullId": "http://purl.bioontology.org/ontology/MSH/C035133", "preferredName": "mirtazapine"}, {"semTypes": ["T109", "T121"], "to": "6117", "fro": "6110", "fullId": "http://purl.bioontology.org/ontology/RXNORM/15996", "preferredName": "Mirtazapine"}, {"semTypes": ["T999"], "to": "1405", "fro": "1397", "fullId": "http://purl.bioontology.org/ontology/RXNORM/15996", "preferredName": "Mirtazapine"}, {"semTypes": ["T109", "T121"], "to": "1651", "fro": "1641", "fullId": "http://purl.bioontology.org/ontology/RXNORM/15996", "preferredName": "Mirtazapine"}, {"semTypes": ["T999"], "to": "1714", "fro": "1706", "fullId": "http://purl.bioontology.org/ontology/RXNORM/15996", "preferredName": "Mirtazapine"}, {"semTypes": ["T999"], "to": "3193", "fro": "3182", "fullId": "http://purl.bioontology.org/ontology/MSH/C035133", "preferredName": "mirtazapine"}, {"semTypes": ["T109", "T121"], "to": "2855", "fro": "2845", "fullId": "http://purl.bioontology.org/ontology/RXNORM/15996", "preferredName": "Mirtazapine"}, {"semTypes": ["T999"], "to": "3305", "fro": "3295", "fullId": "http://purl.bioontology.org/ontology/MSH/C035133", "preferredName": "mirtazapine"}, {"semTypes": ["T999"], "to": "3583", "fro": "3574", "fullId": "http://purl.bioontology.org/ontology/MSH/C035133", "preferredName": "mirtazapine"}, {"semTypes": ["T121", "T109", "T131"], "to": "4096", "fro": "4089", "fullId": "http://purl.bioontology.org/ontology/MSH/C035133", "preferredName": "mirtazapine"}, {"semTypes": ["T999"], "to": "2928", "fro": "2919", "fullId": "http://purl.bioontology.org/ontology/RXNORM/15996", "preferredName": "Mirtazapine"}, {"semTypes": ["T999"], "to": "3048", "fro": "3037", "fullId": "http://purl.bioontology.org/ontology/MSH/C035133", "preferredName": "mirtazapine"}, {"semTypes": ["T999"], "to": "818", "fro": "808", "fullId": "http://purl.bioontology.org/ontology/MSH/C035133", "preferredName": "mirtazapine"}, {"semTypes": ["T109", "T121"], "to": "837", "fro": "830", "fullId": "http://purl.bioontology.org/ontology/RXNORM/15996", "preferredName": "Mirtazapine"}, {"semTypes": ["T121", "T109"], "to": "1854", "fro": "1842", "fullId": "http://purl.bioontology.org/ontology/MSH/C035133", "preferredName": "mirtazapine"}, {"semTypes": ["T999"], "to": "6057", "fro": "6047", "fullId": "http://purl.bioontology.org/ontology/MSH/C035133", "preferredName": "mirtazapine"}, {"semTypes": ["T109", "T121"], "to": "1985", "fro": "1975", "fullId": "http://purl.bioontology.org/ontology/MSH/C035133", "preferredName": "mirtazapine"}, {"semTypes": ["T999"], "to": "4350", "fro": "4343", "fullId": "http://purl.bioontology.org/ontology/MSH/C035133", "preferredName": "mirtazapine"}, {"semTypes": ["T999"], "to": "3533", "fro": "3524", "fullId": "http://purl.bioontology.org/ontology/RXNORM/15996", "preferredName": "Mirtazapine"}, {"semTypes": ["T999"], "to": "2058", "fro": "2046", "fullId": "http://purl.bioontology.org/ontology/MSH/C035133", "preferredName": "mirtazapine"}, {"semTypes": ["T999"], "to": "2531", "fro": "2522", "fullId": "http://purl.bioontology.org/ontology/MSH/C035133", "preferredName": "mirtazapine"}, {"semTypes": ["T999"], "to": "774", "fro": "766", "fullId": "http://purl.bioontology.org/ontology/MSH/C035133", "preferredName": "mirtazapine"}, {"semTypes": ["T121", "T123", "T116"], "to": "753", "fro": "744", "fullId": "http://purl.bioontology.org/ontology/RXNORM/15996", "preferredName": "Mirtazapine"}, {"semTypes": ["T121", "T109"], "to": "2043", "fro": "2035", "fullId": "http://purl.bioontology.org/ontology/MSH/C035133", "preferredName": "mirtazapine"}, {"semTypes": ["T999"], "to": "1768", "fro": "1756", "fullId": "http://purl.bioontology.org/ontology/MSH/C035133", "preferredName": "mirtazapine"}, {"semTypes": ["T109", "T121"], "to": "2170", "fro": "2160", "fullId": "http://purl.bioontology.org/ontology/MSH/C035133", "preferredName": "mirtazapine"}, {"semTypes": ["T109", "T121"], "to": "818", "fro": "808", "fullId": "http://purl.bioontology.org/ontology/MSH/D002927", "preferredName": "Cimetidine"}, {"semTypes": ["T109", "T121"], "to": "3836", "fro": "3827", "fullId": "http://purl.bioontology.org/ontology/MSH/C035133", "preferredName": "mirtazapine"}, {"semTypes": ["T109", "T121"], "to": "4530", "fro": "4520", "fullId": "http://purl.bioontology.org/ontology/RXNORM/15996", "preferredName": "Mirtazapine"}, {"semTypes": ["T109", "T121"], "to": "3305", "fro": "3295", "fullId": "http://purl.bioontology.org/ontology/RXNORM/15996", "preferredName": "Mirtazapine"}, {"semTypes": ["T121", "T109"], "to": "1768", "fro": "1756", "fullId": "http://purl.bioontology.org/ontology/RXNORM/15996", "preferredName": "Mirtazapine"}, {"semTypes": ["T999"], "to": "4009", "fro": "3997", "fullId": "http://purl.bioontology.org/ontology/MSH/D002927", "preferredName": "Cimetidine"}, {"semTypes": ["T999"], "to": "1056", "fro": "1046", "fullId": "http://purl.bioontology.org/ontology/MSH/C035133", "preferredName": "mirtazapine"}, {"semTypes": ["T999"], "to": "753", "fro": "744", "fullId": "http://purl.bioontology.org/ontology/RXNORM/2541", "preferredName": "Cimetidine"}, {"semTypes": ["T999"], "to": "5213", "fro": "5203", "fullId": "http://purl.bioontology.org/ontology/MSH/C035133", "preferredName": "mirtazapine"}, {"semTypes": ["T999"], "to": "543", "fro": "533", "fullId": "http://purl.bioontology.org/ontology/MSH/C035133", "preferredName": "mirtazapine"}, {"semTypes": ["T121", "T109"], "to": "2058", "fro": "2046", "fullId": "http://purl.bioontology.org/ontology/RXNORM/15996", "preferredName": "Mirtazapine"}, {"semTypes": ["T109", "T121"], "to": "621", "fro": "611", "fullId": "http://purl.bioontology.org/ontology/RXNORM/15996", "preferredName": "Mirtazapine"}, {"semTypes": ["T999"], "to": "1651", "fro": "1641", "fullId": "http://purl.bioontology.org/ontology/RXNORM/15996", "preferredName": "Mirtazapine"}, {"semTypes": ["T999"], "to": "5630", "fro": "5620", "fullId": "http://purl.bioontology.org/ontology/RXNORM/15996", "preferredName": "Mirtazapine"}, {"semTypes": ["T999"], "to": "763", "fro": "756", "fullId": "http://purl.bioontology.org/ontology/MSH/D002927", "preferredName": "Cimetidine"}, {"semTypes": ["T121", "T109"], "to": "2443", "fro": "2434", "fullId": "http://purl.bioontology.org/ontology/RXNORM/15996", "preferredName": "Mirtazapine"}, {"semTypes": ["T999"], "to": "5297", "fro": "5287", "fullId": "http://purl.bioontology.org/ontology/MSH/C035133", "preferredName": "mirtazapine"}, {"semTypes": ["T121", "T109"], "to": "5018", "fro": "5008", "fullId": "http://purl.bioontology.org/ontology/MSH/C035133", "preferredName": "mirtazapine"}, {"semTypes": ["T109", "T121"], "to": "5961", "fro": "5951", "fullId": "http://purl.bioontology.org/ontology/RXNORM/15996", "preferredName": "Mirtazapine"}, {"semTypes": ["T999"], "to": "2307", "fro": "2297", "fullId": "http://purl.bioontology.org/ontology/RXNORM/15996", "preferredName": "Mirtazapine"}, {"semTypes": ["T109", "T121"], "to": "6225", "fro": "6215", "fullId": "http://purl.bioontology.org/ontology/RXNORM/15996", "preferredName": "Mirtazapine"}, {"semTypes": ["T109", "T121"], "to": "4954", "fro": "4944", "fullId": "http://purl.bioontology.org/ontology/RXNORM/15996", "preferredName": "Mirtazapine"}, {"semTypes": ["T109", "T121"], "to": "543", "fro": "533", "fullId": "http://purl.bioontology.org/ontology/MSH/C035133", "preferredName": "mirtazapine"}, {"semTypes": ["T999"], "to": "2170", "fro": "2160", "fullId": "http://purl.bioontology.org/ontology/MSH/C035133", "preferredName": "mirtazapine"}, {"semTypes": ["T121", "T109"], "to": "5297", "fro": "5287", "fullId": "http://purl.bioontology.org/ontology/RXNORM/15996", "preferredName": "Mirtazapine"}, {"semTypes": ["T109", "T121"], "to": "2145", "fro": "2135", "fullId": "http://purl.bioontology.org/ontology/MSH/C035133", "preferredName": "mirtazapine"}, {"semTypes": ["T999"], "to": "4530", "fro": "4520", "fullId": "http://purl.bioontology.org/ontology/MSH/C035133", "preferredName": "mirtazapine"}, {"semTypes": ["T109", "T121"], "to": "2307", "fro": "2297", "fullId": "http://purl.bioontology.org/ontology/MSH/C035133", "preferredName": "mirtazapine"}, {"semTypes": ["T999"], "to": "6117", "fro": "6110", "fullId": "http://purl.bioontology.org/ontology/MSH/C035133", "preferredName": "mirtazapine"}, {"semTypes": ["T109", "T121"], "to": "5516", "fro": "5506", "fullId": "http://purl.bioontology.org/ontology/RXNORM/15996", "preferredName": "Mirtazapine"}]