[{"semTypes": ["T999", "T999"], "to": "644", "fro": "634", "fullId": "http://purl.bioontology.org/ontology/MSH/C055162", "preferredName": "clopidogrel"}, {"semTypes": ["T109", "T109"], "to": "2569", "fro": "2562", "fullId": "http://purl.bioontology.org/ontology/RXNORM/11289", "preferredName": "Warfarin"}, {"semTypes": ["T999", "T999"], "to": "1845", "fro": "1836", "fullId": "http://purl.bioontology.org/ontology/MSH/D009853", "preferredName": "Omeprazole"}, {"semTypes": ["T999", "T999"], "to": "1516", "fro": "1505", "fullId": "http://purl.bioontology.org/ontology/MSH/D009853", "preferredName": "Omeprazole"}, {"semTypes": ["T109", "T109"], "to": "1861", "fro": "1850", "fullId": "http://purl.bioontology.org/ontology/RXNORM/283742", "preferredName": "Esomeprazole"}, {"semTypes": ["T999", "T999"], "to": "1861", "fro": "1850", "fullId": "http://purl.bioontology.org/ontology/MSH/D009853", "preferredName": "Omeprazole"}, {"semTypes": ["T999", "T999"], "to": "1125", "fro": "1114", "fullId": "http://purl.bioontology.org/ontology/MSH/D009853", "preferredName": "Omeprazole"}, {"semTypes": ["T109", "T109"], "to": "1516", "fro": "1505", "fullId": "http://purl.bioontology.org/ontology/RXNORM/283742", "preferredName": "Esomeprazole"}, {"semTypes": ["T999", "T999"], "to": "1353", "fro": "1344", "fullId": "http://purl.bioontology.org/ontology/MSH/D009853", "preferredName": "Omeprazole"}, {"semTypes": ["T999", "T999"], "to": "1825", "fro": "1805", "fullId": "http://purl.bioontology.org/ontology/MSH/C055162", "preferredName": "clopidogrel"}, {"semTypes": ["T999", "T999"], "to": "1109", "fro": "1100", "fullId": "http://purl.bioontology.org/ontology/MSH/D009853", "preferredName": "Omeprazole"}, {"semTypes": ["T109", "T109"], "to": "1125", "fro": "1114", "fullId": "http://purl.bioontology.org/ontology/RXNORM/283742", "preferredName": "Esomeprazole"}, {"semTypes": ["T999", "T999"], "to": "1158", "fro": "1149", "fullId": "http://purl.bioontology.org/ontology/MSH/D009853", "preferredName": "Omeprazole"}, {"semTypes": ["T999", "T999"], "to": "1755", "fro": "1744", "fullId": "http://purl.bioontology.org/ontology/MSH/C064276", "preferredName": "pantoprazole"}, {"semTypes": ["T109", "T109"], "to": "2209", "fro": "2189", "fullId": "http://purl.bioontology.org/ontology/RXNORM/236991", "preferredName": "Clopidogrel bisulfate"}, {"semTypes": ["T109", "T109"], "to": "2504", "fro": "2497", "fullId": "http://purl.bioontology.org/ontology/RXNORM/11289", "preferredName": "Warfarin"}, {"semTypes": ["T109", "T109"], "to": "1825", "fro": "1805", "fullId": "http://purl.bioontology.org/ontology/RXNORM/236991", "preferredName": "Clopidogrel bisulfate"}, {"semTypes": ["T109", "T109"], "to": "2555", "fro": "2535", "fullId": "http://purl.bioontology.org/ontology/RXNORM/236991", "preferredName": "Clopidogrel bisulfate"}, {"semTypes": ["T999", "T999"], "to": "2504", "fro": "2497", "fullId": "http://purl.bioontology.org/ontology/MSH/D014859", "preferredName": "Warfarin"}, {"semTypes": ["T109", "T109"], "to": "1229", "fro": "1209", "fullId": "http://purl.bioontology.org/ontology/RXNORM/236991", "preferredName": "Clopidogrel bisulfate"}, {"semTypes": ["T999", "T999"], "to": "2555", "fro": "2535", "fullId": "http://purl.bioontology.org/ontology/MSH/C055162", "preferredName": "clopidogrel"}, {"semTypes": ["T109", "T109"], "to": "1093", "fro": "1073", "fullId": "http://purl.bioontology.org/ontology/RXNORM/236991", "preferredName": "Clopidogrel bisulfate"}, {"semTypes": ["T999", "T999"], "to": "1724", "fro": "1710", "fullId": "http://purl.bioontology.org/ontology/MSH/C058687", "preferredName": "lansoprazole"}, {"semTypes": ["T109", "T109"], "to": "1568", "fro": "1548", "fullId": "http://purl.bioontology.org/ontology/RXNORM/236991", "preferredName": "Clopidogrel bisulfate"}, {"semTypes": ["T121", "T121"], "to": "429", "fro": "419", "fullId": "http://purl.bioontology.org/ontology/RXNORM/32968", "preferredName": "clopidogrel"}, {"semTypes": ["T999", "T999"], "to": "1689", "fro": "1679", "fullId": "http://purl.bioontology.org/ontology/MSH/C055162", "preferredName": "clopidogrel"}, {"semTypes": ["T121", "T121"], "to": "1310", "fro": "1300", "fullId": "http://purl.bioontology.org/ontology/RXNORM/32968", "preferredName": "clopidogrel"}, {"semTypes": ["T999", "T999"], "to": "1229", "fro": "1209", "fullId": "http://purl.bioontology.org/ontology/MSH/C055162", "preferredName": "clopidogrel"}, {"semTypes": ["T121", "T121"], "to": "2817", "fro": "2807", "fullId": "http://purl.bioontology.org/ontology/RXNORM/32968", "preferredName": "clopidogrel"}, {"semTypes": ["T200", "T200"], "to": "2377", "fro": "2361", "fullId": "http://purl.bioontology.org/ontology/RXNORM/329449", "preferredName": "clopidogrel 75 MG"}, {"semTypes": ["T121", "T121"], "to": "1689", "fro": "1679", "fullId": "http://purl.bioontology.org/ontology/RXNORM/32968", "preferredName": "clopidogrel"}, {"semTypes": ["T121", "T121"], "to": "644", "fro": "634", "fullId": "http://purl.bioontology.org/ontology/RXNORM/32968", "preferredName": "clopidogrel"}, {"semTypes": ["T109", "T109"], "to": "1755", "fro": "1744", "fullId": "http://purl.bioontology.org/ontology/RXNORM/40790", "preferredName": "pantoprazole"}, {"semTypes": ["T121", "T121"], "to": "1353", "fro": "1344", "fullId": "http://purl.bioontology.org/ontology/RXNORM/7646", "preferredName": "Omeprazole"}, {"semTypes": ["T999", "T999"], "to": "1568", "fro": "1548", "fullId": "http://purl.bioontology.org/ontology/MSH/C055162", "preferredName": "clopidogrel"}, {"semTypes": ["T121", "T121"], "to": "1109", "fro": "1100", "fullId": "http://purl.bioontology.org/ontology/RXNORM/7646", "preferredName": "Omeprazole"}, {"semTypes": ["T109", "T109"], "to": "1724", "fro": "1710", "fullId": "http://purl.bioontology.org/ontology/RXNORM/816346", "preferredName": "dexlansoprazole"}, {"semTypes": ["T121", "T121"], "to": "1845", "fro": "1836", "fullId": "http://purl.bioontology.org/ontology/RXNORM/7646", "preferredName": "Omeprazole"}, {"semTypes": ["T999", "T999"], "to": "1310", "fro": "1300", "fullId": "http://purl.bioontology.org/ontology/MSH/C055162", "preferredName": "clopidogrel"}, {"semTypes": ["T121", "T121"], "to": "1158", "fro": "1149", "fullId": "http://purl.bioontology.org/ontology/RXNORM/7646", "preferredName": "Omeprazole"}, {"semTypes": ["T999", "T999"], "to": "266", "fro": "259", "fullId": "http://purl.bioontology.org/ontology/MSH/D014859", "preferredName": "Warfarin"}, {"semTypes": ["T999", "T999"], "to": "429", "fro": "419", "fullId": "http://purl.bioontology.org/ontology/MSH/C055162", "preferredName": "clopidogrel"}, {"semTypes": ["T999", "T999"], "to": "2817", "fro": "2807", "fullId": "http://purl.bioontology.org/ontology/MSH/C055162", "preferredName": "clopidogrel"}, {"semTypes": ["T109", "T109"], "to": "266", "fro": "259", "fullId": "http://purl.bioontology.org/ontology/RXNORM/11289", "preferredName": "Warfarin"}, {"semTypes": ["T999", "T999"], "to": "1093", "fro": "1073", "fullId": "http://purl.bioontology.org/ontology/MSH/C055162", "preferredName": "clopidogrel"}, {"semTypes": ["T999", "T999"], "to": "2209", "fro": "2189", "fullId": "http://purl.bioontology.org/ontology/MSH/C055162", "preferredName": "clopidogrel"}, {"semTypes": ["T999", "T999"], "to": "2569", "fro": "2562", "fullId": "http://purl.bioontology.org/ontology/MSH/D014859", "preferredName": "Warfarin"}]