[{"semTypes": ["T109", "T121"], "to": "911", "fro": "903", "fullId": "http://purl.bioontology.org/ontology/RXNORM/42347", "preferredName": "Bupropion"}, {"semTypes": ["T999"], "to": "6063", "fro": "6056", "fullId": "http://purl.bioontology.org/ontology/RXNORM/42347", "preferredName": "Bupropion"}, {"semTypes": ["T109", "T121"], "to": "2316", "fro": "2304", "fullId": "http://purl.bioontology.org/ontology/RXNORM/620", "preferredName": "Amantadine"}, {"semTypes": ["T999"], "to": "836", "fro": "826", "fullId": "http://purl.bioontology.org/ontology/MSH/D003891", "preferredName": "Desipramine"}, {"semTypes": ["T121", "T109"], "to": "6078", "fro": "6069", "fullId": "http://purl.bioontology.org/ontology/RXNORM/42347", "preferredName": "Bupropion"}, {"semTypes": ["T124", "T121", "T116"], "to": "6252", "fro": "6245", "fullId": "http://purl.bioontology.org/ontology/RXNORM/42347", "preferredName": "Bupropion"}, {"semTypes": ["T109", "T121"], "to": "5099", "fro": "5091", "fullId": "http://purl.bioontology.org/ontology/MSH/D016642", "preferredName": "Bupropion"}, {"semTypes": ["T999"], "to": "6351", "fro": "6342", "fullId": "http://purl.bioontology.org/ontology/RXNORM/42347", "preferredName": "Bupropion"}, {"semTypes": ["T121", "T109"], "to": "1785", "fro": "1777", "fullId": "http://purl.bioontology.org/ontology/MSH/D000547", "preferredName": "Amantadine"}, {"semTypes": ["T109", "T121"], "to": "2331", "fro": "2319", "fullId": "http://purl.bioontology.org/ontology/RXNORM/3247", "preferredName": "Desipramine"}, {"semTypes": ["T999"], "to": "3805", "fro": "3795", "fullId": "http://purl.bioontology.org/ontology/RXNORM/42347", "preferredName": "Bupropion"}, {"semTypes": ["T999"], "to": "3854", "fro": "3844", "fullId": "http://purl.bioontology.org/ontology/MSH/D016642", "preferredName": "Bupropion"}, {"semTypes": ["T999"], "to": "1185", "fro": "1177", "fullId": "http://purl.bioontology.org/ontology/RXNORM/42347", "preferredName": "Bupropion"}, {"semTypes": ["T999"], "to": "6337", "fro": "6330", "fullId": "http://purl.bioontology.org/ontology/RXNORM/42347", "preferredName": "Bupropion"}, {"semTypes": ["T999"], "to": "4480", "fro": "4470", "fullId": "http://purl.bioontology.org/ontology/MSH/D016642", "preferredName": "Bupropion"}, {"semTypes": ["T999"], "to": "1600", "fro": "1582", "fullId": "http://purl.bioontology.org/ontology/MSH/D016642", "preferredName": "Bupropion"}, {"semTypes": ["T121", "T131", "T109"], "to": "7570", "fro": "7563", "fullId": "http://purl.bioontology.org/ontology/MSH/C496215", "preferredName": "hydroxybupropion"}, {"semTypes": ["T999"], "to": "1626", "fro": "1606", "fullId": "http://purl.bioontology.org/ontology/RXNORM/42347", "preferredName": "Bupropion"}, {"semTypes": ["T999"], "to": "678", "fro": "667", "fullId": "http://purl.bioontology.org/ontology/RXNORM/6375", "preferredName": "Levodopa"}, {"semTypes": ["T999"], "to": "4492", "fro": "4483", "fullId": "http://purl.bioontology.org/ontology/RXNORM/2556", "preferredName": "Citalopram"}, {"semTypes": ["T999"], "to": "1002", "fro": "984", "fullId": "http://purl.bioontology.org/ontology/RXNORM/42347", "preferredName": "Bupropion"}, {"semTypes": ["T999"], "to": "88", "fro": "80", "fullId": "http://purl.bioontology.org/ontology/MSH/D016642", "preferredName": "Bupropion"}, {"semTypes": ["T999"], "to": "4285", "fro": "4276", "fullId": "http://purl.bioontology.org/ontology/RXNORM/3247", "preferredName": "Desipramine"}, {"semTypes": ["T121", "T109"], "to": "1707", "fro": "1699", "fullId": "http://purl.bioontology.org/ontology/RXNORM/42347", "preferredName": "Bupropion"}, {"semTypes": ["T999"], "to": "858", "fro": "849", "fullId": "http://purl.bioontology.org/ontology/RXNORM/6375", "preferredName": "Levodopa"}, {"semTypes": ["T999"], "to": "804", "fro": "795", "fullId": "http://purl.bioontology.org/ontology/RXNORM/42347", "preferredName": "Bupropion"}, {"semTypes": ["T109", "T121"], "to": "4480", "fro": "4470", "fullId": "http://purl.bioontology.org/ontology/MSH/D007980", "preferredName": "Levodopa"}, {"semTypes": ["T999"], "to": "5623", "fro": "5614", "fullId": "http://purl.bioontology.org/ontology/RXNORM/42347", "preferredName": "Bupropion"}, {"semTypes": ["T999"], "to": "4310", "fro": "4301", "fullId": "http://purl.bioontology.org/ontology/RXNORM/42347", "preferredName": "Bupropion"}, {"semTypes": ["T109", "T121"], "to": "2401", "fro": "2393", "fullId": "http://purl.bioontology.org/ontology/MSH/D016642", "preferredName": "Bupropion"}, {"semTypes": ["T109", "T121"], "to": "4025", "fro": "4017", "fullId": "http://purl.bioontology.org/ontology/RXNORM/42347", "preferredName": "Bupropion"}, {"semTypes": ["T999"], "to": "1148", "fro": "1139", "fullId": "http://purl.bioontology.org/ontology/RXNORM/42347", "preferredName": "Bupropion"}, {"semTypes": ["T999"], "to": "1402", "fro": "1393", "fullId": "http://purl.bioontology.org/ontology/MSH/D016642", "preferredName": "Bupropion"}, {"semTypes": ["T121", "T109"], "to": "4285", "fro": "4276", "fullId": "http://purl.bioontology.org/ontology/MSH/D000547", "preferredName": "Amantadine"}, {"semTypes": ["T999"], "to": "819", "fro": "807", "fullId": "http://purl.bioontology.org/ontology/RXNORM/620", "preferredName": "Amantadine"}, {"semTypes": ["T999"], "to": "2034", "fro": "2026", "fullId": "http://purl.bioontology.org/ontology/MSH/D016642", "preferredName": "Bupropion"}, {"semTypes": ["T999"], "to": "6078", "fro": "6069", "fullId": "http://purl.bioontology.org/ontology/MSH/D016642", "preferredName": "Bupropion"}, {"semTypes": ["T999"], "to": "719", "fro": "709", "fullId": "http://purl.bioontology.org/ontology/MSH/D016642", "preferredName": "Bupropion"}, {"semTypes": ["T121", "T109"], "to": "2034", "fro": "2026", "fullId": "http://purl.bioontology.org/ontology/MSH/D016642", "preferredName": "Bupropion"}, {"semTypes": ["T121", "T109"], "to": "678", "fro": "667", "fullId": "http://purl.bioontology.org/ontology/MSH/D016642", "preferredName": "Bupropion"}, {"semTypes": ["T109", "T121"], "to": "8309", "fro": "8301", "fullId": "http://purl.bioontology.org/ontology/RXNORM/42347", "preferredName": "Bupropion"}, {"semTypes": ["T121", "T109"], "to": "4334", "fro": "4325", "fullId": "http://purl.bioontology.org/ontology/MSH/D016642", "preferredName": "Bupropion"}, {"semTypes": ["T109", "T121"], "to": "4370", "fro": "4360", "fullId": "http://purl.bioontology.org/ontology/RXNORM/2556", "preferredName": "Citalopram"}, {"semTypes": ["T109", "T121"], "to": "858", "fro": "849", "fullId": "http://purl.bioontology.org/ontology/MSH/D015283", "preferredName": "Citalopram"}, {"semTypes": ["T999"], "to": "4334", "fro": "4325", "fullId": "http://purl.bioontology.org/ontology/RXNORM/42347", "preferredName": "Bupropion"}, {"semTypes": ["T999"], "to": "1364", "fro": "1356", "fullId": "http://purl.bioontology.org/ontology/MSH/D016642", "preferredName": "Bupropion"}, {"semTypes": ["T109", "T121"], "to": "3529", "fro": "3521", "fullId": "http://purl.bioontology.org/ontology/RXNORM/42347", "preferredName": "Bupropion"}, {"semTypes": ["T109", "T121"], "to": "1794", "fro": "1788", "fullId": "http://purl.bioontology.org/ontology/RXNORM/42347", "preferredName": "Bupropion"}, {"semTypes": ["T121", "T109"], "to": "804", "fro": "795", "fullId": "http://purl.bioontology.org/ontology/RXNORM/42347", "preferredName": "Bupropion"}, {"semTypes": ["T121", "T109"], "to": "2493", "fro": "2483", "fullId": "http://purl.bioontology.org/ontology/MSH/C496215", "preferredName": "hydroxybupropion"}, {"semTypes": ["T109", "T121"], "to": "1402", "fro": "1393", "fullId": "http://purl.bioontology.org/ontology/MSH/D016642", "preferredName": "Bupropion"}, {"semTypes": ["T999"], "to": "2331", "fro": "2319", "fullId": "http://purl.bioontology.org/ontology/MSH/C496215", "preferredName": "hydroxybupropion"}, {"semTypes": ["T121", "T109"], "to": "4273", "fro": "4261", "fullId": "http://purl.bioontology.org/ontology/RXNORM/3247", "preferredName": "Desipramine"}, {"semTypes": ["T999"], "to": "215", "fro": "207", "fullId": "http://purl.bioontology.org/ontology/RXNORM/42347", "preferredName": "Bupropion"}, {"semTypes": ["T109", "T121"], "to": "2072", "fro": "2064", "fullId": "http://purl.bioontology.org/ontology/RXNORM/42347", "preferredName": "Bupropion"}, {"semTypes": ["T109", "T121"], "to": "2119", "fro": "2111", "fullId": "http://purl.bioontology.org/ontology/MSH/D016642", "preferredName": "Bupropion"}, {"semTypes": ["T109", "T121"], "to": "4322", "fro": "4313", "fullId": "http://purl.bioontology.org/ontology/RXNORM/42347", "preferredName": "Bupropion"}, {"semTypes": ["T999"], "to": "1707", "fro": "1699", "fullId": "http://purl.bioontology.org/ontology/RXNORM/42347", "preferredName": "Bupropion"}, {"semTypes": ["T121", "T109"], "to": "719", "fro": "709", "fullId": "http://purl.bioontology.org/ontology/RXNORM/2556", "preferredName": "Citalopram"}, {"semTypes": ["T109", "T121"], "to": "792", "fro": "783", "fullId": "http://purl.bioontology.org/ontology/RXNORM/42347", "preferredName": "Bupropion"}, {"semTypes": ["T109", "T121"], "to": "1848", "fro": "1840", "fullId": "http://purl.bioontology.org/ontology/RXNORM/42347", "preferredName": "Bupropion"}, {"semTypes": ["T109", "T121"], "to": "4310", "fro": "4301", "fullId": "http://purl.bioontology.org/ontology/MSH/D016642", "preferredName": "Bupropion"}, {"semTypes": ["T109", "T121"], "to": "1364", "fro": "1356", "fullId": "http://purl.bioontology.org/ontology/MSH/D016642", "preferredName": "Bupropion"}, {"semTypes": ["T124", "T121", "T116"], "to": "6337", "fro": "6330", "fullId": "http://purl.bioontology.org/ontology/MSH/D016642", "preferredName": "Bupropion"}, {"semTypes": ["T109", "T121"], "to": "5579", "fro": "5571", "fullId": "http://purl.bioontology.org/ontology/RXNORM/42347", "preferredName": "Bupropion"}, {"semTypes": ["T999"], "to": "792", "fro": "783", "fullId": "http://purl.bioontology.org/ontology/MSH/D016642", "preferredName": "Bupropion"}, {"semTypes": ["T999"], "to": "2493", "fro": "2483", "fullId": "http://purl.bioontology.org/ontology/RXNORM/3247", "preferredName": "Desipramine"}, {"semTypes": ["T999"], "to": "4025", "fro": "4017", "fullId": "http://purl.bioontology.org/ontology/MSH/D016642", "preferredName": "Bupropion"}, {"semTypes": ["T999"], "to": "911", "fro": "903", "fullId": "http://purl.bioontology.org/ontology/RXNORM/42347", "preferredName": "Bupropion"}, {"semTypes": ["T109", "T121"], "to": "6218", "fro": "6210", "fullId": "http://purl.bioontology.org/ontology/RXNORM/42347", "preferredName": "Bupropion"}, {"semTypes": ["T121", "T109"], "to": "5623", "fro": "5614", "fullId": "http://purl.bioontology.org/ontology/MSH/D015283", "preferredName": "Citalopram"}, {"semTypes": ["T109", "T121"], "to": "2580", "fro": "2572", "fullId": "http://purl.bioontology.org/ontology/RXNORM/42347", "preferredName": "Bupropion"}, {"semTypes": ["T999"], "to": "1794", "fro": "1788", "fullId": "http://purl.bioontology.org/ontology/MSH/D007980", "preferredName": "Levodopa"}, {"semTypes": ["T999"], "to": "2072", "fro": "2064", "fullId": "http://purl.bioontology.org/ontology/MSH/D016642", "preferredName": "Bupropion"}, {"semTypes": ["T999"], "to": "1437", "fro": "1429", "fullId": "http://purl.bioontology.org/ontology/RXNORM/42347", "preferredName": "Bupropion"}, {"semTypes": ["T109", "T121"], "to": "1185", "fro": "1177", "fullId": "http://purl.bioontology.org/ontology/MSH/D016642", "preferredName": "Bupropion"}, {"semTypes": ["T999"], "to": "4431", "fro": "4422", "fullId": "http://purl.bioontology.org/ontology/MSH/D016642", "preferredName": "Bupropion"}, {"semTypes": ["T999"], "to": "2342", "fro": "2334", "fullId": "http://purl.bioontology.org/ontology/MSH/D007980", "preferredName": "Levodopa"}, {"semTypes": ["T999"], "to": "430", "fro": "422", "fullId": "http://purl.bioontology.org/ontology/MSH/D016642", "preferredName": "Bupropion"}, {"semTypes": ["T109", "T121"], "to": "88", "fro": "80", "fullId": "http://purl.bioontology.org/ontology/MSH/D016642", "preferredName": "Bupropion"}, {"semTypes": ["T109", "T121"], "to": "4397", "fro": "4386", "fullId": "http://purl.bioontology.org/ontology/MSH/C496215", "preferredName": "hydroxybupropion"}, {"semTypes": ["T999"], "to": "4383", "fro": "4373", "fullId": "http://purl.bioontology.org/ontology/MSH/C496215", "preferredName": "hydroxybupropion"}, {"semTypes": ["T109", "T121"], "to": "291", "fro": "283", "fullId": "http://purl.bioontology.org/ontology/MSH/D016642", "preferredName": "Bupropion"}, {"semTypes": ["T109", "T121"], "to": "1993", "fro": "1985", "fullId": "http://purl.bioontology.org/ontology/RXNORM/42347", "preferredName": "Bupropion"}, {"semTypes": ["T999"], "to": "6252", "fro": "6245", "fullId": "http://purl.bioontology.org/ontology/MSH/D016642", "preferredName": "Bupropion"}, {"semTypes": ["T999"], "to": "291", "fro": "283", "fullId": "http://purl.bioontology.org/ontology/RXNORM/42347", "preferredName": "Bupropion"}, {"semTypes": ["T999"], "to": "6218", "fro": "6210", "fullId": "http://purl.bioontology.org/ontology/RXNORM/42347", "preferredName": "Bupropion"}, {"semTypes": ["T999"], "to": "1848", "fro": "1840", "fullId": "http://purl.bioontology.org/ontology/RXNORM/42347", "preferredName": "Bupropion"}, {"semTypes": ["T999"], "to": "2316", "fro": "2304", "fullId": "http://purl.bioontology.org/ontology/MSH/D003891", "preferredName": "Desipramine"}, {"semTypes": ["T109", "T121"], "to": "1437", "fro": "1429", "fullId": "http://purl.bioontology.org/ontology/RXNORM/42347", "preferredName": "Bupropion"}, {"semTypes": ["T999"], "to": "5579", "fro": "5571", "fullId": "http://purl.bioontology.org/ontology/MSH/D016642", "preferredName": "Bupropion"}, {"semTypes": ["T999"], "to": "2401", "fro": "2393", "fullId": "http://purl.bioontology.org/ontology/MSH/D016642", "preferredName": "Bupropion"}, {"semTypes": ["T109", "T121"], "to": "5009", "fro": "5000", "fullId": "http://purl.bioontology.org/ontology/MSH/D016642", "preferredName": "Bupropion"}, {"semTypes": ["T109", "T121"], "to": "2295", "fro": "2287", "fullId": "http://purl.bioontology.org/ontology/MSH/D016642", "preferredName": "Bupropion"}, {"semTypes": ["T109", "T121"], "to": "215", "fro": "207", "fullId": "http://purl.bioontology.org/ontology/RXNORM/42347", "preferredName": "Bupropion"}, {"semTypes": ["T109", "T121"], "to": "3730", "fro": "3722", "fullId": "http://purl.bioontology.org/ontology/MSH/D016642", "preferredName": "Bupropion"}, {"semTypes": ["T999"], "to": "706", "fro": "691", "fullId": "http://purl.bioontology.org/ontology/MSH/D000547", "preferredName": "Amantadine"}, {"semTypes": ["T999"], "to": "2698", "fro": "2690", "fullId": "http://purl.bioontology.org/ontology/MSH/D016642", "preferredName": "Bupropion"}, {"semTypes": ["T999"], "to": "4631", "fro": "4623", "fullId": "http://purl.bioontology.org/ontology/RXNORM/42347", "preferredName": "Bupropion"}, {"semTypes": ["T109", "T121"], "to": "2698", "fro": "2690", "fullId": "http://purl.bioontology.org/ontology/RXNORM/42347", "preferredName": "Bupropion"}, {"semTypes": ["T999"], "to": "1026", "fro": "1018", "fullId": "http://purl.bioontology.org/ontology/MSH/D016642", "preferredName": "Bupropion"}, {"semTypes": ["T999"], "to": "2119", "fro": "2111", "fullId": "http://purl.bioontology.org/ontology/MSH/D016642", "preferredName": "Bupropion"}, {"semTypes": ["T121", "T109"], "to": "6351", "fro": "6342", "fullId": "http://purl.bioontology.org/ontology/MSH/D016642", "preferredName": "Bupropion"}, {"semTypes": ["T999"], "to": "1993", "fro": "1985", "fullId": "http://purl.bioontology.org/ontology/RXNORM/42347", "preferredName": "Bupropion"}, {"semTypes": ["T999"], "to": "3481", "fro": "3473", "fullId": "http://purl.bioontology.org/ontology/MSH/D016642", "preferredName": "Bupropion"}, {"semTypes": ["T200"], "to": "1770", "fro": "1755", "fullId": "http://purl.bioontology.org/ontology/MSH/C496215", "preferredName": "hydroxybupropion"}, {"semTypes": ["T999"], "to": "5099", "fro": "5091", "fullId": "http://purl.bioontology.org/ontology/MSH/D016642", "preferredName": "Bupropion"}, {"semTypes": ["T121", "T109"], "to": "4492", "fro": "4483", "fullId": "http://purl.bioontology.org/ontology/RXNORM/6375", "preferredName": "Levodopa"}, {"semTypes": ["T999"], "to": "3550", "fro": "3535", "fullId": "http://purl.bioontology.org/ontology/RXNORM/42347", "preferredName": "Bupropion"}, {"semTypes": ["T999"], "to": "8309", "fro": "8301", "fullId": "http://purl.bioontology.org/ontology/MSH/D016642", "preferredName": "Bupropion"}, {"semTypes": ["T999"], "to": "5050", "fro": "5041", "fullId": "http://purl.bioontology.org/ontology/RXNORM/42347", "preferredName": "Bupropion"}, {"semTypes": ["T124", "T121", "T116"], "to": "6063", "fro": "6056", "fullId": "http://purl.bioontology.org/ontology/RXNORM/42347", "preferredName": "Bupropion"}, {"semTypes": ["T109", "T121"], "to": "4968", "fro": "4960", "fullId": "http://purl.bioontology.org/ontology/MSH/D016642", "preferredName": "Bupropion"}, {"semTypes": ["T999"], "to": "872", "fro": "864", "fullId": "http://purl.bioontology.org/ontology/MSH/D015283", "preferredName": "Citalopram"}, {"semTypes": ["T999"], "to": "4166", "fro": "4158", "fullId": "http://purl.bioontology.org/ontology/RXNORM/42347", "preferredName": "Bupropion"}, {"semTypes": ["T109", "T121"], "to": "736", "fro": "726", "fullId": "http://purl.bioontology.org/ontology/RXNORM/6375", "preferredName": "Levodopa"}, {"semTypes": ["T999"], "to": "4322", "fro": "4313", "fullId": "http://purl.bioontology.org/ontology/MSH/D007980", "preferredName": "Levodopa"}, {"semTypes": ["T109", "T121"], "to": "4905", "fro": "4896", "fullId": "http://purl.bioontology.org/ontology/MSH/D016642", "preferredName": "Bupropion"}, {"semTypes": ["T999"], "to": "3529", "fro": "3521", "fullId": "http://purl.bioontology.org/ontology/MSH/D016642", "preferredName": "Bupropion"}, {"semTypes": ["T109", "T121"], "to": "430", "fro": "422", "fullId": "http://purl.bioontology.org/ontology/MSH/D016642", "preferredName": "Bupropion"}, {"semTypes": ["T999"], "to": "475", "fro": "460", "fullId": "http://purl.bioontology.org/ontology/MSH/D016642", "preferredName": "Bupropion"}, {"semTypes": ["T999"], "to": "2295", "fro": "2287", "fullId": "http://purl.bioontology.org/ontology/MSH/D016642", "preferredName": "Bupropion"}, {"semTypes": ["T999"], "to": "1785", "fro": "1777", "fullId": "http://purl.bioontology.org/ontology/MSH/D000547", "preferredName": "Amantadine"}, {"semTypes": ["T109", "T121"], "to": "4166", "fro": "4158", "fullId": "http://purl.bioontology.org/ontology/MSH/D016642", "preferredName": "Bupropion"}, {"semTypes": ["T109", "T121"], "to": "1148", "fro": "1139", "fullId": "http://purl.bioontology.org/ontology/MSH/D016642", "preferredName": "Bupropion"}, {"semTypes": ["T999"], "to": "1458", "fro": "1443", "fullId": "http://purl.bioontology.org/ontology/RXNORM/42347", "preferredName": "Bupropion"}, {"semTypes": ["T109", "T121"], "to": "4631", "fro": "4623", "fullId": "http://purl.bioontology.org/ontology/MSH/D016642", "preferredName": "Bupropion"}, {"semTypes": ["T999"], "to": "6971", "fro": "6960", "fullId": "http://purl.bioontology.org/ontology/RXNORM/42347", "preferredName": "Bupropion"}, {"semTypes": ["T109", "T121"], "to": "5050", "fro": "5041", "fullId": "http://purl.bioontology.org/ontology/MSH/D016642", "preferredName": "Bupropion"}, {"semTypes": ["T109", "T121"], "to": "4383", "fro": "4373", "fullId": "http://purl.bioontology.org/ontology/RXNORM/2556", "preferredName": "Citalopram"}, {"semTypes": ["T121", "T109"], "to": "3854", "fro": "3844", "fullId": "http://purl.bioontology.org/ontology/MSH/D016642", "preferredName": "Bupropion"}, {"semTypes": ["T109", "T121"], "to": "872", "fro": "864", "fullId": "http://purl.bioontology.org/ontology/MSH/D015283", "preferredName": "Citalopram"}, {"semTypes": ["T121", "T109"], "to": "4431", "fro": "4422", "fullId": "http://purl.bioontology.org/ontology/RXNORM/42347", "preferredName": "Bupropion"}, {"semTypes": ["T999"], "to": "4968", "fro": "4960", "fullId": "http://purl.bioontology.org/ontology/RXNORM/42347", "preferredName": "Bupropion"}, {"semTypes": ["T121", "T109"], "to": "3805", "fro": "3795", "fullId": "http://purl.bioontology.org/ontology/RXNORM/42347", "preferredName": "Bupropion"}, {"semTypes": ["T999"], "to": "3995", "fro": "3987", "fullId": "http://purl.bioontology.org/ontology/RXNORM/42347", "preferredName": "Bupropion"}, {"semTypes": ["T999"], "to": "7570", "fro": "7563", "fullId": "http://purl.bioontology.org/ontology/RXNORM/42347", "preferredName": "Bupropion"}, {"semTypes": ["T121", "T109"], "to": "836", "fro": "826", "fullId": "http://purl.bioontology.org/ontology/RXNORM/2556", "preferredName": "Citalopram"}, {"semTypes": ["T999"], "to": "4298", "fro": "4288", "fullId": "http://purl.bioontology.org/ontology/RXNORM/42347", "preferredName": "Bupropion"}, {"semTypes": ["T121", "T109"], "to": "4298", "fro": "4288", "fullId": "http://purl.bioontology.org/ontology/MSH/D016642", "preferredName": "Bupropion"}, {"semTypes": ["T121", "T109"], "to": "2342", "fro": "2334", "fullId": "http://purl.bioontology.org/ontology/RXNORM/3247", "preferredName": "Desipramine"}, {"semTypes": ["T109", "T121"], "to": "3995", "fro": "3987", "fullId": "http://purl.bioontology.org/ontology/RXNORM/42347", "preferredName": "Bupropion"}, {"semTypes": ["T109", "T121"], "to": "1026", "fro": "1018", "fullId": "http://purl.bioontology.org/ontology/RXNORM/42347", "preferredName": "Bupropion"}, {"semTypes": ["T999"], "to": "4273", "fro": "4261", "fullId": "http://purl.bioontology.org/ontology/MSH/D016642", "preferredName": "Bupropion"}, {"semTypes": ["T999"], "to": "736", "fro": "726", "fullId": "http://purl.bioontology.org/ontology/RXNORM/3247", "preferredName": "Desipramine"}, {"semTypes": ["T999"], "to": "2580", "fro": "2572", "fullId": "http://purl.bioontology.org/ontology/MSH/D016642", "preferredName": "Bupropion"}, {"semTypes": ["T121", "T109"], "to": "6266", "fro": "6257", "fullId": "http://purl.bioontology.org/ontology/MSH/D016642", "preferredName": "Bupropion"}, {"semTypes": ["T121", "T131", "T115"], "to": "688", "fro": "681", "fullId": "http://purl.bioontology.org/ontology/RXNORM/2556", "preferredName": "Citalopram"}, {"semTypes": ["T999"], "to": "5476", "fro": "5463", "fullId": "http://purl.bioontology.org/ontology/MSH/D015283", "preferredName": "Citalopram"}, {"semTypes": ["T999"], "to": "6266", "fro": "6257", "fullId": "http://purl.bioontology.org/ontology/MSH/D016642", "preferredName": "Bupropion"}, {"semTypes": ["T109", "T121"], "to": "3481", "fro": "3473", "fullId": "http://purl.bioontology.org/ontology/RXNORM/42347", "preferredName": "Bupropion"}, {"semTypes": ["T999"], "to": "5009", "fro": "5000", "fullId": "http://purl.bioontology.org/ontology/RXNORM/42347", "preferredName": "Bupropion"}, {"semTypes": ["T999"], "to": "4397", "fro": "4386", "fullId": "http://purl.bioontology.org/ontology/MSH/D007980", "preferredName": "Levodopa"}, {"semTypes": ["T109", "T123", "T121"], "to": "6971", "fro": "6960", "fullId": "http://purl.bioontology.org/ontology/MSH/D016642", "preferredName": "Bupropion"}, {"semTypes": ["T999"], "to": "4370", "fro": "4360", "fullId": "http://purl.bioontology.org/ontology/RXNORM/620", "preferredName": "Amantadine"}, {"semTypes": ["T999"], "to": "3730", "fro": "3722", "fullId": "http://purl.bioontology.org/ontology/MSH/D016642", "preferredName": "Bupropion"}, {"semTypes": ["T999"], "to": "4905", "fro": "4896", "fullId": "http://purl.bioontology.org/ontology/RXNORM/42347", "preferredName": "Bupropion"}, {"semTypes": ["T121", "T115"], "to": "706", "fro": "691", "fullId": "http://purl.bioontology.org/ontology/RXNORM/620", "preferredName": "Amantadine"}, {"semTypes": ["T999"], "to": "688", "fro": "681", "fullId": "http://purl.bioontology.org/ontology/MSH/D015283", "preferredName": "Citalopram"}]