[{"semTypes": ["T109", "T121"], "to": "2508", "fro": "2498", "fullId": "http://purl.bioontology.org/ontology/MSH/C035133", "preferredName": "mirtazapine"}, {"semTypes": ["T999"], "to": "2368", "fro": "2358", "fullId": "http://purl.bioontology.org/ontology/MSH/C035133", "preferredName": "mirtazapine"}, {"semTypes": ["T999"], "to": "1626", "fro": "1616", "fullId": "http://purl.bioontology.org/ontology/MSH/C035133", "preferredName": "mirtazapine"}, {"semTypes": ["T999"], "to": "2909", "fro": "2899", "fullId": "http://purl.bioontology.org/ontology/RXNORM/15996", "preferredName": "Mirtazapine"}, {"semTypes": ["T999"], "to": "1438", "fro": "1428", "fullId": "http://purl.bioontology.org/ontology/MSH/C035133", "preferredName": "mirtazapine"}, {"semTypes": ["T109", "T121"], "to": "2254", "fro": "2244", "fullId": "http://purl.bioontology.org/ontology/RXNORM/15996", "preferredName": "Mirtazapine"}, {"semTypes": ["T109", "T121"], "to": "1626", "fro": "1616", "fullId": "http://purl.bioontology.org/ontology/RXNORM/15996", "preferredName": "Mirtazapine"}, {"semTypes": ["T109", "T121"], "to": "2368", "fro": "2358", "fullId": "http://purl.bioontology.org/ontology/RXNORM/15996", "preferredName": "Mirtazapine"}, {"semTypes": ["T999"], "to": "1826", "fro": "1816", "fullId": "http://purl.bioontology.org/ontology/RXNORM/15996", "preferredName": "Mirtazapine"}, {"semTypes": ["T999"], "to": "1231", "fro": "1221", "fullId": "http://purl.bioontology.org/ontology/RXNORM/15996", "preferredName": "Mirtazapine"}, {"semTypes": ["T109", "T121"], "to": "3005", "fro": "2995", "fullId": "http://purl.bioontology.org/ontology/MSH/C035133", "preferredName": "mirtazapine"}, {"semTypes": ["T109", "T121"], "to": "637", "fro": "627", "fullId": "http://purl.bioontology.org/ontology/MSH/C035133", "preferredName": "mirtazapine"}, {"semTypes": ["T999"], "to": "2254", "fro": "2244", "fullId": "http://purl.bioontology.org/ontology/RXNORM/15996", "preferredName": "Mirtazapine"}, {"semTypes": ["T109", "T121"], "to": "2909", "fro": "2899", "fullId": "http://purl.bioontology.org/ontology/RXNORM/15996", "preferredName": "Mirtazapine"}, {"semTypes": ["T109", "T121"], "to": "1356", "fro": "1346", "fullId": "http://purl.bioontology.org/ontology/MSH/C035133", "preferredName": "mirtazapine"}, {"semTypes": ["T999"], "to": "3124", "fro": "3117", "fullId": "http://purl.bioontology.org/ontology/MSH/C035133", "preferredName": "mirtazapine"}, {"semTypes": ["T999"], "to": "3173", "fro": "3163", "fullId": "http://purl.bioontology.org/ontology/RXNORM/15996", "preferredName": "Mirtazapine"}, {"semTypes": ["T109", "T121"], "to": "2751", "fro": "2744", "fullId": "http://purl.bioontology.org/ontology/MSH/C035133", "preferredName": "mirtazapine"}, {"semTypes": ["T999"], "to": "2751", "fro": "2744", "fullId": "http://purl.bioontology.org/ontology/MSH/C035133", "preferredName": "mirtazapine"}, {"semTypes": ["T109", "T121"], "to": "3065", "fro": "3058", "fullId": "http://purl.bioontology.org/ontology/MSH/C035133", "preferredName": "mirtazapine"}, {"semTypes": ["T109", "T121"], "to": "3124", "fro": "3117", "fullId": "http://purl.bioontology.org/ontology/MSH/C035133", "preferredName": "mirtazapine"}, {"semTypes": ["T999"], "to": "1356", "fro": "1346", "fullId": "http://purl.bioontology.org/ontology/MSH/C035133", "preferredName": "mirtazapine"}, {"semTypes": ["T999"], "to": "2848", "fro": "2841", "fullId": "http://purl.bioontology.org/ontology/MSH/C035133", "preferredName": "mirtazapine"}, {"semTypes": ["T109", "T121"], "to": "2848", "fro": "2841", "fullId": "http://purl.bioontology.org/ontology/RXNORM/15996", "preferredName": "Mirtazapine"}, {"semTypes": ["T109", "T121"], "to": "1231", "fro": "1221", "fullId": "http://purl.bioontology.org/ontology/MSH/C035133", "preferredName": "mirtazapine"}, {"semTypes": ["T999"], "to": "3065", "fro": "3058", "fullId": "http://purl.bioontology.org/ontology/RXNORM/15996", "preferredName": "Mirtazapine"}, {"semTypes": ["T999"], "to": "637", "fro": "627", "fullId": "http://purl.bioontology.org/ontology/RXNORM/15996", "preferredName": "Mirtazapine"}, {"semTypes": ["T999"], "to": "3005", "fro": "2995", "fullId": "http://purl.bioontology.org/ontology/RXNORM/15996", "preferredName": "Mirtazapine"}, {"semTypes": ["T109", "T121"], "to": "1438", "fro": "1428", "fullId": "http://purl.bioontology.org/ontology/RXNORM/15996", "preferredName": "Mirtazapine"}, {"semTypes": ["T109", "T121"], "to": "3173", "fro": "3163", "fullId": "http://purl.bioontology.org/ontology/MSH/C035133", "preferredName": "mirtazapine"}, {"semTypes": ["T109", "T121"], "to": "1826", "fro": "1816", "fullId": "http://purl.bioontology.org/ontology/MSH/C035133", "preferredName": "mirtazapine"}, {"semTypes": ["T999"], "to": "2508", "fro": "2498", "fullId": "http://purl.bioontology.org/ontology/MSH/C035133", "preferredName": "mirtazapine"}]