[{"semTypes": ["T121", "T109"], "to": "7603", "fro": "7593", "fullId": "http://purl.bioontology.org/ontology/MSH/C035133", "preferredName": "mirtazapine"}, {"semTypes": ["T999"], "to": "4243", "fro": "4234", "fullId": "http://purl.bioontology.org/ontology/RXNORM/2541", "preferredName": "Cimetidine"}, {"semTypes": ["T999"], "to": "5336", "fro": "5329", "fullId": "http://purl.bioontology.org/ontology/MSH/C035133", "preferredName": "mirtazapine"}, {"semTypes": ["T121", "T109"], "to": "5650", "fro": "5640", "fullId": "http://purl.bioontology.org/ontology/MSH/C035133", "preferredName": "mirtazapine"}, {"semTypes": ["T109", "T121"], "to": "4566", "fro": "4557", "fullId": "http://purl.bioontology.org/ontology/RXNORM/15996", "preferredName": "Mirtazapine"}, {"semTypes": ["T109", "T121"], "to": "2542", "fro": "2530", "fullId": "http://purl.bioontology.org/ontology/MSH/C035133", "preferredName": "mirtazapine"}, {"semTypes": ["T121", "T109"], "to": "2393", "fro": "2383", "fullId": "http://purl.bioontology.org/ontology/RXNORM/15996", "preferredName": "Mirtazapine"}, {"semTypes": ["T121", "T109"], "to": "2654", "fro": "2644", "fullId": "http://purl.bioontology.org/ontology/RXNORM/15996", "preferredName": "Mirtazapine"}, {"semTypes": ["T999"], "to": "7818", "fro": "7811", "fullId": "http://purl.bioontology.org/ontology/RXNORM/15996", "preferredName": "Mirtazapine"}, {"semTypes": ["T121", "T109"], "to": "7818", "fro": "7811", "fullId": "http://purl.bioontology.org/ontology/MSH/C035133", "preferredName": "mirtazapine"}, {"semTypes": ["T109", "T121"], "to": "4289", "fro": "4280", "fullId": "http://purl.bioontology.org/ontology/RXNORM/15996", "preferredName": "Mirtazapine"}, {"semTypes": ["T999"], "to": "5777", "fro": "5770", "fullId": "http://purl.bioontology.org/ontology/MSH/C035133", "preferredName": "mirtazapine"}, {"semTypes": ["T999"], "to": "6599", "fro": "6589", "fullId": "http://purl.bioontology.org/ontology/RXNORM/15996", "preferredName": "Mirtazapine"}, {"semTypes": ["T121", "T109"], "to": "3239", "fro": "3230", "fullId": "http://purl.bioontology.org/ontology/RXNORM/15996", "preferredName": "Mirtazapine"}, {"semTypes": ["T999"], "to": "2006", "fro": "1996", "fullId": "http://purl.bioontology.org/ontology/RXNORM/15996", "preferredName": "Mirtazapine"}, {"semTypes": ["T109", "T121"], "to": "2355", "fro": "2343", "fullId": "http://purl.bioontology.org/ontology/RXNORM/15996", "preferredName": "Mirtazapine"}, {"semTypes": ["T121", "T109"], "to": "7542", "fro": "7535", "fullId": "http://purl.bioontology.org/ontology/RXNORM/15996", "preferredName": "Mirtazapine"}, {"semTypes": ["T999"], "to": "7004", "fro": "6994", "fullId": "http://purl.bioontology.org/ontology/RXNORM/15996", "preferredName": "Mirtazapine"}, {"semTypes": ["T999"], "to": "2792", "fro": "2782", "fullId": "http://purl.bioontology.org/ontology/RXNORM/15996", "preferredName": "Mirtazapine"}, {"semTypes": ["T121", "T109"], "to": "7473", "fro": "7466", "fullId": "http://purl.bioontology.org/ontology/RXNORM/15996", "preferredName": "Mirtazapine"}, {"semTypes": ["T999"], "to": "2542", "fro": "2530", "fullId": "http://purl.bioontology.org/ontology/RXNORM/15996", "preferredName": "Mirtazapine"}, {"semTypes": ["T999"], "to": "4566", "fro": "4557", "fullId": "http://purl.bioontology.org/ontology/RXNORM/15996", "preferredName": "Mirtazapine"}, {"semTypes": ["T999"], "to": "4228", "fro": "4217", "fullId": "http://purl.bioontology.org/ontology/MSH/C035133", "preferredName": "mirtazapine"}, {"semTypes": ["T121", "T109"], "to": "7867", "fro": "7857", "fullId": "http://purl.bioontology.org/ontology/MSH/C035133", "preferredName": "mirtazapine"}, {"semTypes": ["T999"], "to": "2486", "fro": "2476", "fullId": "http://purl.bioontology.org/ontology/RXNORM/15996", "preferredName": "Mirtazapine"}, {"semTypes": ["T109", "T121"], "to": "5074", "fro": "5062", "fullId": "http://purl.bioontology.org/ontology/MSH/C035133", "preferredName": "mirtazapine"}, {"semTypes": ["T999"], "to": "6296", "fro": "6286", "fullId": "http://purl.bioontology.org/ontology/MSH/C035133", "preferredName": "mirtazapine"}, {"semTypes": ["T121", "T109"], "to": "6515", "fro": "6505", "fullId": "http://purl.bioontology.org/ontology/MSH/C035133", "preferredName": "mirtazapine"}, {"semTypes": ["T121", "T109"], "to": "7004", "fro": "6994", "fullId": "http://purl.bioontology.org/ontology/RXNORM/15996", "preferredName": "Mirtazapine"}, {"semTypes": ["T999"], "to": "5614", "fro": "5607", "fullId": "http://purl.bioontology.org/ontology/MSH/C035133", "preferredName": "mirtazapine"}, {"semTypes": ["T109", "T121"], "to": "6296", "fro": "6286", "fullId": "http://purl.bioontology.org/ontology/MSH/C035133", "preferredName": "mirtazapine"}, {"semTypes": ["T109", "T121"], "to": "3920", "fro": "3909", "fullId": "http://purl.bioontology.org/ontology/RXNORM/15996", "preferredName": "Mirtazapine"}, {"semTypes": ["T109", "T121"], "to": "6599", "fro": "6589", "fullId": "http://purl.bioontology.org/ontology/MSH/C035133", "preferredName": "mirtazapine"}, {"semTypes": ["T121", "T109"], "to": "2486", "fro": "2476", "fullId": "http://purl.bioontology.org/ontology/MSH/C035133", "preferredName": "mirtazapine"}, {"semTypes": ["T999"], "to": "4939", "fro": "4927", "fullId": "http://purl.bioontology.org/ontology/RXNORM/15996", "preferredName": "Mirtazapine"}, {"semTypes": ["T999"], "to": "6237", "fro": "6227", "fullId": "http://purl.bioontology.org/ontology/MSH/C035133", "preferredName": "mirtazapine"}, {"semTypes": ["T121", "T109"], "to": "1863", "fro": "1855", "fullId": "http://purl.bioontology.org/ontology/MSH/C035133", "preferredName": "mirtazapine"}, {"semTypes": ["T121", "T109", "T131"], "to": "5614", "fro": "5607", "fullId": "http://purl.bioontology.org/ontology/RXNORM/15996", "preferredName": "Mirtazapine"}, {"semTypes": ["T999"], "to": "2133", "fro": "2123", "fullId": "http://purl.bioontology.org/ontology/MSH/C035133", "preferredName": "mirtazapine"}, {"semTypes": ["T999"], "to": "2629", "fro": "2619", "fullId": "http://purl.bioontology.org/ontology/MSH/C035133", "preferredName": "mirtazapine"}, {"semTypes": ["T999"], "to": "442", "fro": "415", "fullId": "http://purl.bioontology.org/ontology/MSH/C035133", "preferredName": "mirtazapine"}, {"semTypes": ["T999"], "to": "3920", "fro": "3909", "fullId": "http://purl.bioontology.org/ontology/MSH/C035133", "preferredName": "mirtazapine"}, {"semTypes": ["T109", "T121"], "to": "2245", "fro": "2233", "fullId": "http://purl.bioontology.org/ontology/RXNORM/15996", "preferredName": "Mirtazapine"}, {"semTypes": ["T999"], "to": "3563", "fro": "3553", "fullId": "http://purl.bioontology.org/ontology/RXNORM/15996", "preferredName": "Mirtazapine"}, {"semTypes": ["T121", "T109"], "to": "2629", "fro": "2619", "fullId": "http://purl.bioontology.org/ontology/RXNORM/15996", "preferredName": "Mirtazapine"}, {"semTypes": ["T999"], "to": "7258", "fro": "7248", "fullId": "http://purl.bioontology.org/ontology/RXNORM/15996", "preferredName": "Mirtazapine"}, {"semTypes": ["T999"], "to": "4140", "fro": "4130", "fullId": "http://purl.bioontology.org/ontology/MSH/C035133", "preferredName": "mirtazapine"}, {"semTypes": ["T121", "T109"], "to": "7258", "fro": "7248", "fullId": "http://purl.bioontology.org/ontology/MSH/C035133", "preferredName": "mirtazapine"}, {"semTypes": ["T999"], "to": "1238", "fro": "1228", "fullId": "http://purl.bioontology.org/ontology/MSH/C035133", "preferredName": "mirtazapine"}, {"semTypes": ["T999"], "to": "2604", "fro": "2595", "fullId": "http://purl.bioontology.org/ontology/RXNORM/2541", "preferredName": "Cimetidine"}, {"semTypes": ["T999"], "to": "7603", "fro": "7593", "fullId": "http://purl.bioontology.org/ontology/MSH/C035133", "preferredName": "mirtazapine"}, {"semTypes": ["T999"], "to": "7699", "fro": "7689", "fullId": "http://purl.bioontology.org/ontology/RXNORM/15996", "preferredName": "Mirtazapine"}, {"semTypes": ["T121", "T109"], "to": "2527", "fro": "2519", "fullId": "http://purl.bioontology.org/ontology/RXNORM/15996", "preferredName": "Mirtazapine"}, {"semTypes": ["T999"], "to": "5216", "fro": "5206", "fullId": "http://purl.bioontology.org/ontology/MSH/C035133", "preferredName": "mirtazapine"}, {"semTypes": ["T999"], "to": "6158", "fro": "6148", "fullId": "http://purl.bioontology.org/ontology/RXNORM/15996", "preferredName": "Mirtazapine"}, {"semTypes": ["T999"], "to": "3440", "fro": "3430", "fullId": "http://purl.bioontology.org/ontology/RXNORM/15996", "preferredName": "Mirtazapine"}, {"semTypes": ["T999"], "to": "4454", "fro": "4444", "fullId": "http://purl.bioontology.org/ontology/RXNORM/15996", "preferredName": "Mirtazapine"}, {"semTypes": ["T999"], "to": "3127", "fro": "3118", "fullId": "http://purl.bioontology.org/ontology/MSH/C035133", "preferredName": "mirtazapine"}, {"semTypes": ["T121", "T109"], "to": "6237", "fro": "6227", "fullId": "http://purl.bioontology.org/ontology/MSH/C035133", "preferredName": "mirtazapine"}, {"semTypes": ["T121", "T109"], "to": "4140", "fro": "4130", "fullId": "http://purl.bioontology.org/ontology/MSH/C035133", "preferredName": "mirtazapine"}, {"semTypes": ["T999"], "to": "7542", "fro": "7535", "fullId": "http://purl.bioontology.org/ontology/MSH/C035133", "preferredName": "mirtazapine"}, {"semTypes": ["T999"], "to": "2654", "fro": "2644", "fullId": "http://purl.bioontology.org/ontology/MSH/C035133", "preferredName": "mirtazapine"}, {"semTypes": ["T109", "T121"], "to": "4939", "fro": "4927", "fullId": "http://purl.bioontology.org/ontology/MSH/C035133", "preferredName": "mirtazapine"}, {"semTypes": ["T121", "T109"], "to": "1969", "fro": "1961", "fullId": "http://purl.bioontology.org/ontology/MSH/C035133", "preferredName": "mirtazapine"}, {"semTypes": ["T195", "T109"], "to": "4228", "fro": "4217", "fullId": "http://purl.bioontology.org/ontology/MSH/C035133", "preferredName": "mirtazapine"}, {"semTypes": ["T121", "T109"], "to": "6158", "fro": "6148", "fullId": "http://purl.bioontology.org/ontology/RXNORM/15996", "preferredName": "Mirtazapine"}, {"semTypes": ["T121", "T109"], "to": "3563", "fro": "3553", "fullId": "http://purl.bioontology.org/ontology/MSH/C035133", "preferredName": "mirtazapine"}, {"semTypes": ["T999"], "to": "5189", "fro": "5179", "fullId": "http://purl.bioontology.org/ontology/MSH/C035133", "preferredName": "mirtazapine"}, {"semTypes": ["T999"], "to": "5444", "fro": "5434", "fullId": "http://purl.bioontology.org/ontology/RXNORM/15996", "preferredName": "Mirtazapine"}, {"semTypes": ["T999"], "to": "3477", "fro": "3467", "fullId": "http://purl.bioontology.org/ontology/MSH/C035133", "preferredName": "mirtazapine"}, {"semTypes": ["T121", "T109"], "to": "3440", "fro": "3430", "fullId": "http://purl.bioontology.org/ontology/MSH/C035133", "preferredName": "mirtazapine"}, {"semTypes": ["T121", "T109"], "to": "2006", "fro": "1996", "fullId": "http://purl.bioontology.org/ontology/MSH/C035133", "preferredName": "mirtazapine"}, {"semTypes": ["T999"], "to": "2355", "fro": "2343", "fullId": "http://purl.bioontology.org/ontology/MSH/C035133", "preferredName": "mirtazapine"}, {"semTypes": ["T121", "T109"], "to": "3546", "fro": "3537", "fullId": "http://purl.bioontology.org/ontology/RXNORM/15996", "preferredName": "Mirtazapine"}, {"semTypes": ["T121", "T109"], "to": "5444", "fro": "5434", "fullId": "http://purl.bioontology.org/ontology/MSH/C035133", "preferredName": "mirtazapine"}, {"semTypes": ["T999"], "to": "3636", "fro": "3627", "fullId": "http://purl.bioontology.org/ontology/MSH/C035133", "preferredName": "mirtazapine"}, {"semTypes": ["T121", "T109"], "to": "2133", "fro": "2123", "fullId": "http://purl.bioontology.org/ontology/RXNORM/15996", "preferredName": "Mirtazapine"}, {"semTypes": ["T121", "T109"], "to": "2196", "fro": "2188", "fullId": "http://purl.bioontology.org/ontology/RXNORM/15996", "preferredName": "Mirtazapine"}, {"semTypes": ["T999"], "to": "4032", "fro": "4022", "fullId": "http://purl.bioontology.org/ontology/RXNORM/15996", "preferredName": "Mirtazapine"}, {"semTypes": ["T121", "T109"], "to": "3636", "fro": "3627", "fullId": "http://purl.bioontology.org/ontology/RXNORM/15996", "preferredName": "Mirtazapine"}, {"semTypes": ["T121", "T109"], "to": "3677", "fro": "3668", "fullId": "http://purl.bioontology.org/ontology/RXNORM/15996", "preferredName": "Mirtazapine"}, {"semTypes": ["T121", "T109", "T131"], "to": "5336", "fro": "5329", "fullId": "http://purl.bioontology.org/ontology/RXNORM/15996", "preferredName": "Mirtazapine"}, {"semTypes": ["T109", "T121"], "to": "3751", "fro": "3740", "fullId": "http://purl.bioontology.org/ontology/RXNORM/15996", "preferredName": "Mirtazapine"}, {"semTypes": ["T121", "T109"], "to": "3477", "fro": "3467", "fullId": "http://purl.bioontology.org/ontology/RXNORM/15996", "preferredName": "Mirtazapine"}, {"semTypes": ["T121", "T109"], "to": "5189", "fro": "5179", "fullId": "http://purl.bioontology.org/ontology/RXNORM/15996", "preferredName": "Mirtazapine"}, {"semTypes": ["T999"], "to": "3239", "fro": "3230", "fullId": "http://purl.bioontology.org/ontology/MSH/C035133", "preferredName": "mirtazapine"}, {"semTypes": ["T121", "T109"], "to": "2098", "fro": "2088", "fullId": "http://purl.bioontology.org/ontology/MSH/C035133", "preferredName": "mirtazapine"}, {"semTypes": ["T121", "T109"], "to": "5216", "fro": "5206", "fullId": "http://purl.bioontology.org/ontology/MSH/C035133", "preferredName": "mirtazapine"}, {"semTypes": ["T109", "T121"], "to": "5293", "fro": "5281", "fullId": "http://purl.bioontology.org/ontology/RXNORM/15996", "preferredName": "Mirtazapine"}, {"semTypes": ["T999"], "to": "3363", "fro": "3353", "fullId": "http://purl.bioontology.org/ontology/MSH/C035133", "preferredName": "mirtazapine"}, {"semTypes": ["T999"], "to": "2393", "fro": "2383", "fullId": "http://purl.bioontology.org/ontology/MSH/C035133", "preferredName": "mirtazapine"}, {"semTypes": ["T999"], "to": "3546", "fro": "3537", "fullId": "http://purl.bioontology.org/ontology/MSH/C035133", "preferredName": "mirtazapine"}, {"semTypes": ["T999"], "to": "5293", "fro": "5281", "fullId": "http://purl.bioontology.org/ontology/MSH/C035133", "preferredName": "mirtazapine"}, {"semTypes": ["T121", "T109"], "to": "5794", "fro": "5784", "fullId": "http://purl.bioontology.org/ontology/MSH/C035133", "preferredName": "mirtazapine"}, {"semTypes": ["T121", "T109"], "to": "3127", "fro": "3118", "fullId": "http://purl.bioontology.org/ontology/RXNORM/15996", "preferredName": "Mirtazapine"}, {"semTypes": ["T999"], "to": "4289", "fro": "4280", "fullId": "http://purl.bioontology.org/ontology/MSH/C035133", "preferredName": "mirtazapine"}, {"semTypes": ["T999"], "to": "3751", "fro": "3740", "fullId": "http://purl.bioontology.org/ontology/MSH/C035133", "preferredName": "mirtazapine"}, {"semTypes": ["T121", "T109"], "to": "7118", "fro": "7108", "fullId": "http://purl.bioontology.org/ontology/MSH/C035133", "preferredName": "mirtazapine"}, {"semTypes": ["T999"], "to": "2098", "fro": "2088", "fullId": "http://purl.bioontology.org/ontology/RXNORM/15996", "preferredName": "Mirtazapine"}, {"semTypes": ["T999"], "to": "7118", "fro": "7108", "fullId": "http://purl.bioontology.org/ontology/RXNORM/15996", "preferredName": "Mirtazapine"}, {"semTypes": ["T999"], "to": "5074", "fro": "5062", "fullId": "http://purl.bioontology.org/ontology/RXNORM/15996", "preferredName": "Mirtazapine"}, {"semTypes": ["T999"], "to": "7759", "fro": "7752", "fullId": "http://purl.bioontology.org/ontology/RXNORM/15996", "preferredName": "Mirtazapine"}, {"semTypes": ["T999"], "to": "7867", "fro": "7857", "fullId": "http://purl.bioontology.org/ontology/MSH/C035133", "preferredName": "mirtazapine"}, {"semTypes": ["T999"], "to": "1969", "fro": "1961", "fullId": "http://purl.bioontology.org/ontology/MSH/C035133", "preferredName": "mirtazapine"}, {"semTypes": ["T109", "T121"], "to": "4243", "fro": "4234", "fullId": "http://purl.bioontology.org/ontology/MSH/C035133", "preferredName": "mirtazapine"}, {"semTypes": ["T999"], "to": "3677", "fro": "3668", "fullId": "http://purl.bioontology.org/ontology/RXNORM/15996", "preferredName": "Mirtazapine"}, {"semTypes": ["T121", "T109"], "to": "1238", "fro": "1228", "fullId": "http://purl.bioontology.org/ontology/RXNORM/15996", "preferredName": "Mirtazapine"}, {"semTypes": ["T121", "T109"], "to": "4454", "fro": "4444", "fullId": "http://purl.bioontology.org/ontology/MSH/C035133", "preferredName": "mirtazapine"}, {"semTypes": ["T999"], "to": "1863", "fro": "1855", "fullId": "http://purl.bioontology.org/ontology/RXNORM/15996", "preferredName": "Mirtazapine"}, {"semTypes": ["T121", "T109", "T131"], "to": "5777", "fro": "5770", "fullId": "http://purl.bioontology.org/ontology/RXNORM/15996", "preferredName": "Mirtazapine"}, {"semTypes": ["T121", "T109"], "to": "7699", "fro": "7689", "fullId": "http://purl.bioontology.org/ontology/RXNORM/15996", "preferredName": "Mirtazapine"}, {"semTypes": ["T999"], "to": "2527", "fro": "2519", "fullId": "http://purl.bioontology.org/ontology/RXNORM/15996", "preferredName": "Mirtazapine"}, {"semTypes": ["T121", "T109"], "to": "3363", "fro": "3353", "fullId": "http://purl.bioontology.org/ontology/MSH/C035133", "preferredName": "mirtazapine"}, {"semTypes": ["T999"], "to": "6515", "fro": "6505", "fullId": "http://purl.bioontology.org/ontology/RXNORM/15996", "preferredName": "Mirtazapine"}, {"semTypes": ["T121", "T109"], "to": "4032", "fro": "4022", "fullId": "http://purl.bioontology.org/ontology/RXNORM/15996", "preferredName": "Mirtazapine"}, {"semTypes": ["T121", "T109"], "to": "7759", "fro": "7752", "fullId": "http://purl.bioontology.org/ontology/RXNORM/15996", "preferredName": "Mirtazapine"}, {"semTypes": ["T999"], "to": "5794", "fro": "5784", "fullId": "http://purl.bioontology.org/ontology/RXNORM/15996", "preferredName": "Mirtazapine"}, {"semTypes": ["T999"], "to": "2196", "fro": "2188", "fullId": "http://purl.bioontology.org/ontology/RXNORM/15996", "preferredName": "Mirtazapine"}, {"semTypes": ["T999"], "to": "2245", "fro": "2233", "fullId": "http://purl.bioontology.org/ontology/RXNORM/15996", "preferredName": "Mirtazapine"}, {"semTypes": ["T121", "T109"], "to": "2792", "fro": "2782", "fullId": "http://purl.bioontology.org/ontology/MSH/C035133", "preferredName": "mirtazapine"}, {"semTypes": ["T999"], "to": "7473", "fro": "7466", "fullId": "http://purl.bioontology.org/ontology/MSH/C035133", "preferredName": "mirtazapine"}, {"semTypes": ["T999"], "to": "5650", "fro": "5640", "fullId": "http://purl.bioontology.org/ontology/RXNORM/15996", "preferredName": "Mirtazapine"}]