[{"semTypes": ["T999"], "to": "18158", "fro": "18147", "fullId": "http://purl.bioontology.org/ontology/RXNORM/235830", "preferredName": "Paroxetine Hydrochloride"}, {"semTypes": ["T121", "T116", "T123"], "to": "2965", "fro": "2956", "fullId": "http://purl.bioontology.org/ontology/RXNORM/32937", "preferredName": "Paroxetine"}, {"semTypes": ["T999"], "to": "17059", "fro": "17050", "fullId": "http://purl.bioontology.org/ontology/MSH/D017374", "preferredName": "Paroxetine"}, {"semTypes": ["T999"], "to": "9759", "fro": "9740", "fullId": "http://purl.bioontology.org/ontology/RXNORM/8331", "preferredName": "Pimozide"}, {"semTypes": ["T999"], "to": "6785", "fro": "6776", "fullId": "http://purl.bioontology.org/ontology/MSH/D017374", "preferredName": "Paroxetine"}, {"semTypes": ["T999"], "to": "19765", "fro": "19753", "fullId": "http://purl.bioontology.org/ontology/RXNORM/8331", "preferredName": "Pimozide"}, {"semTypes": ["T121", "T109"], "to": "11047", "fro": "11037", "fullId": "http://purl.bioontology.org/ontology/MSH/D010868", "preferredName": "Pimozide"}, {"semTypes": ["T999"], "to": "10484", "fro": "10461", "fullId": "http://purl.bioontology.org/ontology/MSH/D017374", "preferredName": "Paroxetine"}, {"semTypes": ["T109", "T121"], "to": "5654", "fro": "5631", "fullId": "http://purl.bioontology.org/ontology/MSH/D017374", "preferredName": "Paroxetine"}, {"semTypes": ["T109", "T121"], "to": "19339", "fro": "19316", "fullId": "http://purl.bioontology.org/ontology/MSH/D017374", "preferredName": "Paroxetine"}, {"semTypes": ["T999"], "to": "7864", "fro": "7855", "fullId": "http://purl.bioontology.org/ontology/MSH/D017374", "preferredName": "Paroxetine"}, {"semTypes": ["T109", "T121", "T123"], "to": "19185", "fro": "19174", "fullId": "http://purl.bioontology.org/ontology/RXNORM/235830", "preferredName": "Paroxetine Hydrochloride"}, {"semTypes": ["T109", "T121"], "to": "16535", "fro": "16512", "fullId": "http://purl.bioontology.org/ontology/MSH/D017374", "preferredName": "Paroxetine"}, {"semTypes": ["T999"], "to": "19877", "fro": "19869", "fullId": "http://purl.bioontology.org/ontology/RXNORM/8331", "preferredName": "Pimozide"}, {"semTypes": ["T999"], "to": "8929", "fro": "8920", "fullId": "http://purl.bioontology.org/ontology/MSH/D017374", "preferredName": "Paroxetine"}, {"semTypes": ["T999"], "to": "18243", "fro": "18232", "fullId": "http://purl.bioontology.org/ontology/RXNORM/235830", "preferredName": "Paroxetine Hydrochloride"}, {"semTypes": ["T109", "T121"], "to": "7553", "fro": "7530", "fullId": "http://purl.bioontology.org/ontology/MSH/D017374", "preferredName": "Paroxetine"}, {"semTypes": ["T999"], "to": "15837", "fro": "15814", "fullId": "http://purl.bioontology.org/ontology/MSH/D017374", "preferredName": "Paroxetine"}, {"semTypes": ["T999"], "to": "7583", "fro": "7575", "fullId": "http://purl.bioontology.org/ontology/RXNORM/32937", "preferredName": "Paroxetine"}, {"semTypes": ["T999"], "to": "11806", "fro": "11797", "fullId": "http://purl.bioontology.org/ontology/MSH/D017374", "preferredName": "Paroxetine"}, {"semTypes": ["T999"], "to": "5170", "fro": "5161", "fullId": "http://purl.bioontology.org/ontology/MSH/D017374", "preferredName": "Paroxetine"}, {"semTypes": ["T999"], "to": "10987", "fro": "10974", "fullId": "http://purl.bioontology.org/ontology/MSH/D014364", "preferredName": "Tryptophan"}, {"semTypes": ["T999"], "to": "332", "fro": "323", "fullId": "http://purl.bioontology.org/ontology/RXNORM/32937", "preferredName": "Paroxetine"}, {"semTypes": ["T999"], "to": "20441", "fro": "20418", "fullId": "http://purl.bioontology.org/ontology/MSH/D017374", "preferredName": "Paroxetine"}, {"semTypes": ["T999"], "to": "10929", "fro": "10917", "fullId": "http://purl.bioontology.org/ontology/RXNORM/38400", "preferredName": "atomoxetine"}, {"semTypes": ["T999"], "to": "7553", "fro": "7530", "fullId": "http://purl.bioontology.org/ontology/MSH/D017374", "preferredName": "Paroxetine"}, {"semTypes": ["T109", "T121"], "to": "5492", "fro": "5483", "fullId": "http://purl.bioontology.org/ontology/RXNORM/235830", "preferredName": "Paroxetine Hydrochloride"}, {"semTypes": ["T999"], "to": "17437", "fro": "17430", "fullId": "http://purl.bioontology.org/ontology/RXNORM/235830", "preferredName": "Paroxetine Hydrochloride"}, {"semTypes": ["T109", "T121"], "to": "20441", "fro": "20418", "fullId": "http://purl.bioontology.org/ontology/MSH/D017374", "preferredName": "Paroxetine"}, {"semTypes": ["T999"], "to": "14470", "fro": "14461", "fullId": "http://purl.bioontology.org/ontology/MSH/D017374", "preferredName": "Paroxetine"}, {"semTypes": ["T999"], "to": "9848", "fro": "9838", "fullId": "http://purl.bioontology.org/ontology/RXNORM/32937", "preferredName": "Paroxetine"}, {"semTypes": ["T999"], "to": "16915", "fro": "16906", "fullId": "http://purl.bioontology.org/ontology/MSH/D017374", "preferredName": "Paroxetine"}, {"semTypes": ["T999"], "to": "16962", "fro": "16956", "fullId": "http://purl.bioontology.org/ontology/RXNORM/235830", "preferredName": "Paroxetine Hydrochloride"}, {"semTypes": ["T121", "T109"], "to": "7583", "fro": "7575", "fullId": "http://purl.bioontology.org/ontology/RXNORM/32937", "preferredName": "Paroxetine"}, {"semTypes": ["T999"], "to": "2598", "fro": "2591", "fullId": "http://purl.bioontology.org/ontology/RXNORM/38400", "preferredName": "atomoxetine"}, {"semTypes": ["T999"], "to": "10758", "fro": "10735", "fullId": "http://purl.bioontology.org/ontology/MSH/D017374", "preferredName": "Paroxetine"}, {"semTypes": ["T999"], "to": "19893", "fro": "19884", "fullId": "http://purl.bioontology.org/ontology/MSH/D017374", "preferredName": "Paroxetine"}, {"semTypes": ["T999"], "to": "12894", "fro": "12885", "fullId": "http://purl.bioontology.org/ontology/MSH/D017374", "preferredName": "Paroxetine"}, {"semTypes": ["T999"], "to": "1341", "fro": "1334", "fullId": "http://purl.bioontology.org/ontology/RXNORM/32937", "preferredName": "Paroxetine"}, {"semTypes": ["T109", "T121"], "to": "18865", "fro": "18856", "fullId": "http://purl.bioontology.org/ontology/MSH/D017374", "preferredName": "Paroxetine"}, {"semTypes": ["T999"], "to": "9094", "fro": "9071", "fullId": "http://purl.bioontology.org/ontology/MSH/D017374", "preferredName": "Paroxetine"}, {"semTypes": ["T109", "T121"], "to": "18782", "fro": "18759", "fullId": "http://purl.bioontology.org/ontology/MSH/D017374", "preferredName": "Paroxetine"}, {"semTypes": ["T999"], "to": "10970", "fro": "10961", "fullId": "http://purl.bioontology.org/ontology/MSH/C041930", "preferredName": "atomoxetine"}, {"semTypes": ["T999"], "to": "6740", "fro": "6731", "fullId": "http://purl.bioontology.org/ontology/MSH/D017374", "preferredName": "Paroxetine"}, {"semTypes": ["T109", "T121"], "to": "7864", "fro": "7855", "fullId": "http://purl.bioontology.org/ontology/MSH/D017374", "preferredName": "Paroxetine"}, {"semTypes": ["T121", "T109"], "to": "7833", "fro": "7825", "fullId": "http://purl.bioontology.org/ontology/RXNORM/32937", "preferredName": "Paroxetine"}, {"semTypes": ["T109", "T121"], "to": "10914", "fro": "10902", "fullId": "http://purl.bioontology.org/ontology/MSH/D010868", "preferredName": "Pimozide"}, {"semTypes": ["T999"], "to": "6555", "fro": "6532", "fullId": "http://purl.bioontology.org/ontology/MSH/D017374", "preferredName": "Paroxetine"}, {"semTypes": ["T121", "T109"], "to": "10288", "fro": "10278", "fullId": "http://purl.bioontology.org/ontology/RXNORM/32937", "preferredName": "Paroxetine"}, {"semTypes": ["T999"], "to": "16535", "fro": "16512", "fullId": "http://purl.bioontology.org/ontology/MSH/D017374", "preferredName": "Paroxetine"}, {"semTypes": ["T109", "T121"], "to": "1475", "fro": "1452", "fullId": "http://purl.bioontology.org/ontology/MSH/D017374", "preferredName": "Paroxetine"}, {"semTypes": ["T121", "T109"], "to": "7437", "fro": "7429", "fullId": "http://purl.bioontology.org/ontology/RXNORM/32937", "preferredName": "Paroxetine"}, {"semTypes": ["T999"], "to": "8778", "fro": "8769", "fullId": "http://purl.bioontology.org/ontology/MSH/D017374", "preferredName": "Paroxetine"}, {"semTypes": ["T109", "T121"], "to": "11362", "fro": "11351", "fullId": "http://purl.bioontology.org/ontology/RXNORM/235830", "preferredName": "Paroxetine Hydrochloride"}, {"semTypes": ["T999"], "to": "16809", "fro": "16803", "fullId": "http://purl.bioontology.org/ontology/RXNORM/235830", "preferredName": "Paroxetine Hydrochloride"}, {"semTypes": ["T999"], "to": "18713", "fro": "18703", "fullId": "http://purl.bioontology.org/ontology/RXNORM/235830", "preferredName": "Paroxetine Hydrochloride"}, {"semTypes": ["T999"], "to": "6867", "fro": "6844", "fullId": "http://purl.bioontology.org/ontology/MSH/D017374", "preferredName": "Paroxetine"}, {"semTypes": ["T999"], "to": "5985", "fro": "5962", "fullId": "http://purl.bioontology.org/ontology/MSH/D017374", "preferredName": "Paroxetine"}, {"semTypes": ["T999"], "to": "10041", "fro": "10031", "fullId": "http://purl.bioontology.org/ontology/RXNORM/32937", "preferredName": "Paroxetine"}, {"semTypes": ["T999"], "to": "2927", "fro": "2904", "fullId": "http://purl.bioontology.org/ontology/MSH/D017374", "preferredName": "Paroxetine"}, {"semTypes": ["T999"], "to": "180", "fro": "171", "fullId": "http://purl.bioontology.org/ontology/RXNORM/32937", "preferredName": "Paroxetine"}, {"semTypes": ["T109", "T121"], "to": "9094", "fro": "9071", "fullId": "http://purl.bioontology.org/ontology/MSH/D017374", "preferredName": "Paroxetine"}, {"semTypes": ["T999"], "to": "2787", "fro": "2764", "fullId": "http://purl.bioontology.org/ontology/MSH/D017374", "preferredName": "Paroxetine"}, {"semTypes": ["T999"], "to": "7437", "fro": "7429", "fullId": "http://purl.bioontology.org/ontology/RXNORM/235830", "preferredName": "Paroxetine Hydrochloride"}, {"semTypes": ["T109", "T121"], "to": "10484", "fro": "10461", "fullId": "http://purl.bioontology.org/ontology/MSH/D017374", "preferredName": "Paroxetine"}, {"semTypes": ["T999"], "to": "11638", "fro": "11630", "fullId": "http://purl.bioontology.org/ontology/RXNORM/11289", "preferredName": "Warfarin"}, {"semTypes": ["T999"], "to": "15474", "fro": "15465", "fullId": "http://purl.bioontology.org/ontology/MSH/D017374", "preferredName": "Paroxetine"}, {"semTypes": ["T121", "T109"], "to": "1653", "fro": "1646", "fullId": "http://purl.bioontology.org/ontology/RXNORM/32937", "preferredName": "Paroxetine"}, {"semTypes": ["T999"], "to": "6646", "fro": "6637", "fullId": "http://purl.bioontology.org/ontology/MSH/D017374", "preferredName": "Paroxetine"}, {"semTypes": ["T999"], "to": "3032", "fro": "3023", "fullId": "http://purl.bioontology.org/ontology/RXNORM/32937", "preferredName": "Paroxetine"}, {"semTypes": ["T109", "T121"], "to": "16409", "fro": "16386", "fullId": "http://purl.bioontology.org/ontology/MSH/D017374", "preferredName": "Paroxetine"}, {"semTypes": ["T999"], "to": "11470", "fro": "11462", "fullId": "http://purl.bioontology.org/ontology/MSH/C041930", "preferredName": "atomoxetine"}, {"semTypes": ["T999"], "to": "12681", "fro": "12672", "fullId": "http://purl.bioontology.org/ontology/MSH/D017374", "preferredName": "Paroxetine"}, {"semTypes": ["T121", "T116", "T123"], "to": "631", "fro": "622", "fullId": "http://purl.bioontology.org/ontology/RXNORM/32937", "preferredName": "Paroxetine"}, {"semTypes": ["T999"], "to": "12516", "fro": "12506", "fullId": "http://purl.bioontology.org/ontology/RXNORM/235830", "preferredName": "Paroxetine Hydrochloride"}, {"semTypes": ["T999"], "to": "3856", "fro": "3847", "fullId": "http://purl.bioontology.org/ontology/MSH/D017374", "preferredName": "Paroxetine"}, {"semTypes": ["T999"], "to": "15998", "fro": "15975", "fullId": "http://purl.bioontology.org/ontology/MSH/D017374", "preferredName": "Paroxetine"}, {"semTypes": ["T109", "T121"], "to": "17572", "fro": "17563", "fullId": "http://purl.bioontology.org/ontology/MSH/D017374", "preferredName": "Paroxetine"}, {"semTypes": ["T121", "T109"], "to": "1555", "fro": "1548", "fullId": "http://purl.bioontology.org/ontology/RXNORM/32937", "preferredName": "Paroxetine"}, {"semTypes": ["T121", "T116", "T123"], "to": "180", "fro": "171", "fullId": "http://purl.bioontology.org/ontology/RXNORM/32937", "preferredName": "Paroxetine"}, {"semTypes": ["T999"], "to": "16409", "fro": "16386", "fullId": "http://purl.bioontology.org/ontology/MSH/D017374", "preferredName": "Paroxetine"}, {"semTypes": ["T121", "T109"], "to": "10041", "fro": "10031", "fullId": "http://purl.bioontology.org/ontology/RXNORM/32937", "preferredName": "Paroxetine"}, {"semTypes": ["T999"], "to": "16992", "fro": "16986", "fullId": "http://purl.bioontology.org/ontology/RXNORM/235830", "preferredName": "Paroxetine Hydrochloride"}, {"semTypes": ["T999"], "to": "19185", "fro": "19174", "fullId": "http://purl.bioontology.org/ontology/RXNORM/235830", "preferredName": "Paroxetine Hydrochloride"}, {"semTypes": ["T999"], "to": "9150", "fro": "9127", "fullId": "http://purl.bioontology.org/ontology/MSH/D017374", "preferredName": "Paroxetine"}, {"semTypes": ["T121", "T109", "T131"], "to": "15420", "fro": "15413", "fullId": "http://purl.bioontology.org/ontology/RXNORM/32937", "preferredName": "Paroxetine"}, {"semTypes": ["T999"], "to": "15420", "fro": "15413", "fullId": "http://purl.bioontology.org/ontology/RXNORM/32937", "preferredName": "Paroxetine"}, {"semTypes": ["T109", "T121"], "to": "13750", "fro": "13727", "fullId": "http://purl.bioontology.org/ontology/MSH/D017374", "preferredName": "Paroxetine"}, {"semTypes": ["T121", "T109"], "to": "9733", "fro": "9723", "fullId": "http://purl.bioontology.org/ontology/RXNORM/235830", "preferredName": "Paroxetine Hydrochloride"}, {"semTypes": ["T999"], "to": "12416", "fro": "12407", "fullId": "http://purl.bioontology.org/ontology/MSH/D017374", "preferredName": "Paroxetine"}, {"semTypes": ["T121", "T109"], "to": "18158", "fro": "18147", "fullId": "http://purl.bioontology.org/ontology/RXNORM/235830", "preferredName": "Paroxetine Hydrochloride"}, {"semTypes": ["T999"], "to": "7066", "fro": "7043", "fullId": "http://purl.bioontology.org/ontology/MSH/D017374", "preferredName": "Paroxetine"}, {"semTypes": ["T999"], "to": "1602", "fro": "1595", "fullId": "http://purl.bioontology.org/ontology/RXNORM/32937", "preferredName": "Paroxetine"}, {"semTypes": ["T109", "T121"], "to": "11074", "fro": "11066", "fullId": "http://purl.bioontology.org/ontology/RXNORM/10898", "preferredName": "Tryptophan"}, {"semTypes": ["T999"], "to": "10652", "fro": "10629", "fullId": "http://purl.bioontology.org/ontology/MSH/D017374", "preferredName": "Paroxetine"}, {"semTypes": ["T121", "T109", "T131"], "to": "3618", "fro": "3611", "fullId": "http://purl.bioontology.org/ontology/RXNORM/32937", "preferredName": "Paroxetine"}, {"semTypes": ["T121", "T109"], "to": "9504", "fro": "9494", "fullId": "http://purl.bioontology.org/ontology/RXNORM/235830", "preferredName": "Paroxetine Hydrochloride"}, {"semTypes": ["T999"], "to": "18074", "fro": "18063", "fullId": "http://purl.bioontology.org/ontology/RXNORM/235830", "preferredName": "Paroxetine Hydrochloride"}, {"semTypes": ["T109", "T121"], "to": "10652", "fro": "10629", "fullId": "http://purl.bioontology.org/ontology/MSH/D017374", "preferredName": "Paroxetine"}, {"semTypes": ["T121", "T109"], "to": "17535", "fro": "17528", "fullId": "http://purl.bioontology.org/ontology/RXNORM/235830", "preferredName": "Paroxetine Hydrochloride"}, {"semTypes": ["T999"], "to": "13569", "fro": "13560", "fullId": "http://purl.bioontology.org/ontology/MSH/D017374", "preferredName": "Paroxetine"}, {"semTypes": ["T121", "T109"], "to": "10238", "fro": "10228", "fullId": "http://purl.bioontology.org/ontology/RXNORM/32937", "preferredName": "Paroxetine"}, {"semTypes": ["T999"], "to": "631", "fro": "622", "fullId": "http://purl.bioontology.org/ontology/RXNORM/32937", "preferredName": "Paroxetine"}, {"semTypes": ["T109", "T121"], "to": "9150", "fro": "9127", "fullId": "http://purl.bioontology.org/ontology/MSH/D017374", "preferredName": "Paroxetine"}, {"semTypes": ["T109", "T121"], "to": "18851", "fro": "18841", "fullId": "http://purl.bioontology.org/ontology/RXNORM/235830", "preferredName": "Paroxetine Hydrochloride"}, {"semTypes": ["T999"], "to": "6375", "fro": "6363", "fullId": "http://purl.bioontology.org/ontology/RXNORM/235830", "preferredName": "Paroxetine Hydrochloride"}, {"semTypes": ["T999"], "to": "9809", "fro": "9800", "fullId": "http://purl.bioontology.org/ontology/MSH/D017374", "preferredName": "Paroxetine"}, {"semTypes": ["T999"], "to": "4555", "fro": "4532", "fullId": "http://purl.bioontology.org/ontology/MSH/D017374", "preferredName": "Paroxetine"}, {"semTypes": ["T121", "T109"], "to": "12432", "fro": "12422", "fullId": "http://purl.bioontology.org/ontology/RXNORM/235830", "preferredName": "Paroxetine Hydrochloride"}, {"semTypes": ["T999"], "to": "317", "fro": "308", "fullId": "http://purl.bioontology.org/ontology/MSH/D017374", "preferredName": "Paroxetine"}, {"semTypes": ["T121", "T109"], "to": "17620", "fro": "17613", "fullId": "http://purl.bioontology.org/ontology/RXNORM/235830", "preferredName": "Paroxetine Hydrochloride"}, {"semTypes": ["T999"], "to": "2819", "fro": "2811", "fullId": "http://purl.bioontology.org/ontology/MSH/D014364", "preferredName": "Tryptophan"}, {"semTypes": ["T121", "T109"], "to": "10970", "fro": "10961", "fullId": "http://purl.bioontology.org/ontology/MSH/D010868", "preferredName": "Pimozide"}, {"semTypes": ["T109", "T121"], "to": "12501", "fro": "12492", "fullId": "http://purl.bioontology.org/ontology/MSH/D017374", "preferredName": "Paroxetine"}, {"semTypes": ["T999"], "to": "9572", "fro": "9562", "fullId": "http://purl.bioontology.org/ontology/RXNORM/32937", "preferredName": "Paroxetine"}, {"semTypes": ["T109", "T121"], "to": "6375", "fro": "6363", "fullId": "http://purl.bioontology.org/ontology/RXNORM/32937", "preferredName": "Paroxetine"}, {"semTypes": ["T999"], "to": "12946", "fro": "12936", "fullId": "http://purl.bioontology.org/ontology/RXNORM/235830", "preferredName": "Paroxetine Hydrochloride"}, {"semTypes": ["T109", "T121"], "to": "3281", "fro": "3270", "fullId": "http://purl.bioontology.org/ontology/RXNORM/235830", "preferredName": "Paroxetine Hydrochloride"}, {"semTypes": ["T999"], "to": "13750", "fro": "13727", "fullId": "http://purl.bioontology.org/ontology/MSH/D017374", "preferredName": "Paroxetine"}, {"semTypes": ["T999"], "to": "10288", "fro": "10278", "fullId": "http://purl.bioontology.org/ontology/RXNORM/32937", "preferredName": "Paroxetine"}, {"semTypes": ["T109", "T121"], "to": "6091", "fro": "6082", "fullId": "http://purl.bioontology.org/ontology/RXNORM/235830", "preferredName": "Paroxetine Hydrochloride"}, {"semTypes": ["T999"], "to": "2965", "fro": "2956", "fullId": "http://purl.bioontology.org/ontology/RXNORM/32937", "preferredName": "Paroxetine"}, {"semTypes": ["T109", "T121"], "to": "2927", "fro": "2904", "fullId": "http://purl.bioontology.org/ontology/MSH/D017374", "preferredName": "Paroxetine"}, {"semTypes": ["T999"], "to": "1924", "fro": "1901", "fullId": "http://purl.bioontology.org/ontology/MSH/D017374", "preferredName": "Paroxetine"}, {"semTypes": ["T999"], "to": "1768", "fro": "1759", "fullId": "http://purl.bioontology.org/ontology/MSH/D017374", "preferredName": "Paroxetine"}, {"semTypes": ["T109", "T121"], "to": "14235", "fro": "14212", "fullId": "http://purl.bioontology.org/ontology/MSH/D017374", "preferredName": "Paroxetine"}, {"semTypes": ["T109", "T121", "T123"], "to": "19276", "fro": "19265", "fullId": "http://purl.bioontology.org/ontology/RXNORM/235830", "preferredName": "Paroxetine Hydrochloride"}, {"semTypes": ["T999"], "to": "5492", "fro": "5483", "fullId": "http://purl.bioontology.org/ontology/RXNORM/235830", "preferredName": "Paroxetine Hydrochloride"}, {"semTypes": ["T109", "T121"], "to": "19893", "fro": "19884", "fullId": "http://purl.bioontology.org/ontology/MSH/D017374", "preferredName": "Paroxetine"}, {"semTypes": ["T109", "T121"], "to": "11470", "fro": "11462", "fullId": "http://purl.bioontology.org/ontology/MSH/D010868", "preferredName": "Pimozide"}, {"semTypes": ["T999"], "to": "9504", "fro": "9494", "fullId": "http://purl.bioontology.org/ontology/RXNORM/32937", "preferredName": "Paroxetine"}, {"semTypes": ["T121", "T109"], "to": "17887", "fro": "17876", "fullId": "http://purl.bioontology.org/ontology/RXNORM/235830", "preferredName": "Paroxetine Hydrochloride"}, {"semTypes": ["T999"], "to": "13549", "fro": "13526", "fullId": "http://purl.bioontology.org/ontology/MSH/D017374", "preferredName": "Paroxetine"}, {"semTypes": ["T999"], "to": "14792", "fro": "14786", "fullId": "http://purl.bioontology.org/ontology/MSH/C041930", "preferredName": "atomoxetine"}, {"semTypes": ["T109", "T121"], "to": "13549", "fro": "13526", "fullId": "http://purl.bioontology.org/ontology/MSH/D017374", "preferredName": "Paroxetine"}, {"semTypes": ["T121", "T116"], "to": "12828", "fro": "12817", "fullId": "http://purl.bioontology.org/ontology/RXNORM/8331", "preferredName": "Pimozide"}, {"semTypes": ["T121", "T109"], "to": "7983", "fro": "7975", "fullId": "http://purl.bioontology.org/ontology/RXNORM/32937", "preferredName": "Paroxetine"}, {"semTypes": ["T121", "T109"], "to": "1341", "fro": "1334", "fullId": "http://purl.bioontology.org/ontology/RXNORM/32937", "preferredName": "Paroxetine"}, {"semTypes": ["T999"], "to": "12810", "fro": "12802", "fullId": "http://purl.bioontology.org/ontology/MSH/C041930", "preferredName": "atomoxetine"}, {"semTypes": ["T121", "T109", "T131"], "to": "3869", "fro": "3862", "fullId": "http://purl.bioontology.org/ontology/RXNORM/32937", "preferredName": "Paroxetine"}, {"semTypes": ["T109", "T121"], "to": "9809", "fro": "9800", "fullId": "http://purl.bioontology.org/ontology/MSH/D017374", "preferredName": "Paroxetine"}, {"semTypes": ["T999"], "to": "19339", "fro": "19316", "fullId": "http://purl.bioontology.org/ontology/MSH/D017374", "preferredName": "Paroxetine"}, {"semTypes": ["T109", "T121"], "to": "17059", "fro": "17050", "fullId": "http://purl.bioontology.org/ontology/MSH/D017374", "preferredName": "Paroxetine"}, {"semTypes": ["T999"], "to": "11362", "fro": "11351", "fullId": "http://purl.bioontology.org/ontology/RXNORM/235830", "preferredName": "Paroxetine Hydrochloride"}, {"semTypes": ["T109", "T121", "T123"], "to": "19449", "fro": "19438", "fullId": "http://purl.bioontology.org/ontology/RXNORM/235830", "preferredName": "Paroxetine Hydrochloride"}, {"semTypes": ["T109", "T121"], "to": "10408", "fro": "10399", "fullId": "http://purl.bioontology.org/ontology/MSH/D017374", "preferredName": "Paroxetine"}, {"semTypes": ["T109", "T121"], "to": "6447", "fro": "6435", "fullId": "http://purl.bioontology.org/ontology/RXNORM/32937", "preferredName": "Paroxetine"}, {"semTypes": ["T109", "T121"], "to": "7129", "fro": "7117", "fullId": "http://purl.bioontology.org/ontology/RXNORM/32937", "preferredName": "Paroxetine"}, {"semTypes": ["T109", "T121"], "to": "7748", "fro": "7725", "fullId": "http://purl.bioontology.org/ontology/MSH/D017374", "preferredName": "Paroxetine"}, {"semTypes": ["T109", "T121"], "to": "14157", "fro": "14148", "fullId": "http://purl.bioontology.org/ontology/MSH/D017374", "preferredName": "Paroxetine"}, {"semTypes": ["T121", "T109"], "to": "12946", "fro": "12936", "fullId": "http://purl.bioontology.org/ontology/RXNORM/235830", "preferredName": "Paroxetine Hydrochloride"}, {"semTypes": ["T999"], "to": "19775", "fro": "19767", "fullId": "http://purl.bioontology.org/ontology/RXNORM/235830", "preferredName": "Paroxetine Hydrochloride"}, {"semTypes": ["T999"], "to": "10173", "fro": "10163", "fullId": "http://purl.bioontology.org/ontology/RXNORM/32937", "preferredName": "Paroxetine"}, {"semTypes": ["T121", "T109"], "to": "9233", "fro": "9223", "fullId": "http://purl.bioontology.org/ontology/MSH/C041930", "preferredName": "atomoxetine"}, {"semTypes": ["T121", "T109"], "to": "12799", "fro": "12791", "fullId": "http://purl.bioontology.org/ontology/RXNORM/8331", "preferredName": "Pimozide"}, {"semTypes": ["T999"], "to": "19945", "fro": "19936", "fullId": "http://purl.bioontology.org/ontology/MSH/D017374", "preferredName": "Paroxetine"}, {"semTypes": ["T121", "T116", "T123"], "to": "332", "fro": "323", "fullId": "http://purl.bioontology.org/ontology/RXNORM/32937", "preferredName": "Paroxetine"}, {"semTypes": ["T999"], "to": "7640", "fro": "7631", "fullId": "http://purl.bioontology.org/ontology/MSH/D017374", "preferredName": "Paroxetine"}, {"semTypes": ["T999"], "to": "9625", "fro": "9606", "fullId": "http://purl.bioontology.org/ontology/RXNORM/8331", "preferredName": "Pimozide"}, {"semTypes": ["T999"], "to": "11047", "fro": "11037", "fullId": "http://purl.bioontology.org/ontology/MSH/D010868", "preferredName": "Pimozide"}, {"semTypes": ["T109", "T121"], "to": "3856", "fro": "3847", "fullId": "http://purl.bioontology.org/ontology/MSH/D017374", "preferredName": "Paroxetine"}, {"semTypes": ["T109", "T121"], "to": "15220", "fro": "15214", "fullId": "http://purl.bioontology.org/ontology/RXNORM/38400", "preferredName": "atomoxetine"}, {"semTypes": ["T109", "T121"], "to": "18713", "fro": "18703", "fullId": "http://purl.bioontology.org/ontology/RXNORM/235830", "preferredName": "Paroxetine Hydrochloride"}, {"semTypes": ["T109", "T121"], "to": "11345", "fro": "11336", "fullId": "http://purl.bioontology.org/ontology/MSH/D017374", "preferredName": "Paroxetine"}, {"semTypes": ["T999"], "to": "10344", "fro": "10334", "fullId": "http://purl.bioontology.org/ontology/RXNORM/32937", "preferredName": "Paroxetine"}, {"semTypes": ["T109", "T121"], "to": "2588", "fro": "2581", "fullId": "http://purl.bioontology.org/ontology/MSH/C041930", "preferredName": "atomoxetine"}, {"semTypes": ["T109", "T121"], "to": "1924", "fro": "1901", "fullId": "http://purl.bioontology.org/ontology/MSH/D017374", "preferredName": "Paroxetine"}, {"semTypes": ["T999"], "to": "11679", "fro": "11671", "fullId": "http://purl.bioontology.org/ontology/RXNORM/8331", "preferredName": "Pimozide"}, {"semTypes": ["T999"], "to": "11000", "fro": "10990", "fullId": "http://purl.bioontology.org/ontology/RXNORM/32937", "preferredName": "Paroxetine"}, {"semTypes": ["T121", "T110", "T118"], "to": "16992", "fro": "16986", "fullId": "http://purl.bioontology.org/ontology/RXNORM/235830", "preferredName": "Paroxetine Hydrochloride"}, {"semTypes": ["T999"], "to": "1004", "fro": "977", "fullId": "http://purl.bioontology.org/ontology/MSH/C041930", "preferredName": "atomoxetine"}, {"semTypes": ["T109", "T121"], "to": "14470", "fro": "14461", "fullId": "http://purl.bioontology.org/ontology/MSH/D017374", "preferredName": "Paroxetine"}, {"semTypes": ["T121", "T110", "T118"], "to": "16809", "fro": "16803", "fullId": "http://purl.bioontology.org/ontology/RXNORM/235830", "preferredName": "Paroxetine Hydrochloride"}, {"semTypes": ["T121", "T109"], "to": "1698", "fro": "1691", "fullId": "http://purl.bioontology.org/ontology/RXNORM/32937", "preferredName": "Paroxetine"}, {"semTypes": ["T999"], "to": "11345", "fro": "11336", "fullId": "http://purl.bioontology.org/ontology/MSH/D017374", "preferredName": "Paroxetine"}, {"semTypes": ["T999"], "to": "3618", "fro": "3611", "fullId": "http://purl.bioontology.org/ontology/RXNORM/32937", "preferredName": "Paroxetine"}, {"semTypes": ["T999"], "to": "615", "fro": "592", "fullId": "http://purl.bioontology.org/ontology/MSH/D017374", "preferredName": "Paroxetine"}, {"semTypes": ["T109", "T121"], "to": "8929", "fro": "8920", "fullId": "http://purl.bioontology.org/ontology/MSH/D017374", "preferredName": "Paroxetine"}, {"semTypes": ["T999"], "to": "4345", "fro": "4338", "fullId": "http://purl.bioontology.org/ontology/RXNORM/8331", "preferredName": "Pimozide"}, {"semTypes": ["T121", "T109"], "to": "2819", "fro": "2811", "fullId": "http://purl.bioontology.org/ontology/MSH/D010868", "preferredName": "Pimozide"}, {"semTypes": ["T109", "T121"], "to": "5561", "fro": "5552", "fullId": "http://purl.bioontology.org/ontology/RXNORM/235830", "preferredName": "Paroxetine Hydrochloride"}, {"semTypes": ["T109", "T121"], "to": "2367", "fro": "2344", "fullId": "http://purl.bioontology.org/ontology/MSH/D017374", "preferredName": "Paroxetine"}, {"semTypes": ["T109", "T121"], "to": "16915", "fro": "16906", "fullId": "http://purl.bioontology.org/ontology/MSH/D017374", "preferredName": "Paroxetine"}, {"semTypes": ["T999"], "to": "10954", "fro": "10944", "fullId": "http://purl.bioontology.org/ontology/RXNORM/38400", "preferredName": "atomoxetine"}, {"semTypes": ["T109", "T121"], "to": "3972", "fro": "3949", "fullId": "http://purl.bioontology.org/ontology/MSH/D017374", "preferredName": "Paroxetine"}, {"semTypes": ["T121", "T109"], "to": "9572", "fro": "9562", "fullId": "http://purl.bioontology.org/ontology/RXNORM/32937", "preferredName": "Paroxetine"}, {"semTypes": ["T109", "T121"], "to": "19867", "fro": "19855", "fullId": "http://purl.bioontology.org/ontology/MSH/C041930", "preferredName": "atomoxetine"}, {"semTypes": ["T109", "T121"], "to": "6785", "fro": "6776", "fullId": "http://purl.bioontology.org/ontology/MSH/D017374", "preferredName": "Paroxetine"}, {"semTypes": ["T999"], "to": "15098", "fro": "15090", "fullId": "http://purl.bioontology.org/ontology/RXNORM/11289", "preferredName": "Warfarin"}, {"semTypes": ["T121", "T109"], "to": "11121", "fro": "11113", "fullId": "http://purl.bioontology.org/ontology/MSH/D014364", "preferredName": "Tryptophan"}, {"semTypes": ["T109", "T121"], "to": "11059", "fro": "11050", "fullId": "http://purl.bioontology.org/ontology/RXNORM/10898", "preferredName": "Tryptophan"}, {"semTypes": ["T109", "T121"], "to": "7066", "fro": "7043", "fullId": "http://purl.bioontology.org/ontology/MSH/D017374", "preferredName": "Paroxetine"}, {"semTypes": ["T121", "T109"], "to": "9848", "fro": "9838", "fullId": "http://purl.bioontology.org/ontology/RXNORM/32937", "preferredName": "Paroxetine"}, {"semTypes": ["T999"], "to": "5654", "fro": "5631", "fullId": "http://purl.bioontology.org/ontology/MSH/D017374", "preferredName": "Paroxetine"}, {"semTypes": ["T121", "T109"], "to": "12588", "fro": "12577", "fullId": "http://purl.bioontology.org/ontology/RXNORM/38400", "preferredName": "atomoxetine"}, {"semTypes": ["T109", "T121"], "to": "13569", "fro": "13560", "fullId": "http://purl.bioontology.org/ontology/MSH/D017374", "preferredName": "Paroxetine"}, {"semTypes": ["T109", "T121"], "to": "2787", "fro": "2764", "fullId": "http://purl.bioontology.org/ontology/MSH/D017374", "preferredName": "Paroxetine"}, {"semTypes": ["T999"], "to": "2838", "fro": "2825", "fullId": "http://purl.bioontology.org/ontology/RXNORM/38400", "preferredName": "atomoxetine"}, {"semTypes": ["T999"], "to": "18851", "fro": "18841", "fullId": "http://purl.bioontology.org/ontology/RXNORM/235830", "preferredName": "Paroxetine Hydrochloride"}, {"semTypes": ["T109", "T121"], "to": "11333", "fro": "11322", "fullId": "http://purl.bioontology.org/ontology/RXNORM/235830", "preferredName": "Paroxetine Hydrochloride"}, {"semTypes": ["T109", "T121"], "to": "6077", "fro": "6068", "fullId": "http://purl.bioontology.org/ontology/MSH/D017374", "preferredName": "Paroxetine"}, {"semTypes": ["T999"], "to": "1555", "fro": "1548", "fullId": "http://purl.bioontology.org/ontology/RXNORM/32937", "preferredName": "Paroxetine"}, {"semTypes": ["T999"], "to": "12828", "fro": "12817", "fullId": "http://purl.bioontology.org/ontology/MSH/C041930", "preferredName": "atomoxetine"}, {"semTypes": ["T121", "T109"], "to": "1602", "fro": "1595", "fullId": "http://purl.bioontology.org/ontology/RXNORM/32937", "preferredName": "Paroxetine"}, {"semTypes": ["T109", "T121"], "to": "10758", "fro": "10735", "fullId": "http://purl.bioontology.org/ontology/MSH/D017374", "preferredName": "Paroxetine"}, {"semTypes": ["T109", "T121"], "to": "14792", "fro": "14786", "fullId": "http://purl.bioontology.org/ontology/MSH/D010868", "preferredName": "Pimozide"}, {"semTypes": ["T121", "T109"], "to": "9374", "fro": "9364", "fullId": "http://purl.bioontology.org/ontology/RXNORM/32937", "preferredName": "Paroxetine"}, {"semTypes": ["T109", "T121"], "to": "6646", "fro": "6637", "fullId": "http://purl.bioontology.org/ontology/MSH/D017374", "preferredName": "Paroxetine"}, {"semTypes": ["T999"], "to": "17887", "fro": "17876", "fullId": "http://purl.bioontology.org/ontology/RXNORM/235830", "preferredName": "Paroxetine Hydrochloride"}, {"semTypes": ["T999"], "to": "11121", "fro": "11113", "fullId": "http://purl.bioontology.org/ontology/RXNORM/38400", "preferredName": "atomoxetine"}, {"semTypes": ["T999"], "to": "17608", "fro": "17599", "fullId": "http://purl.bioontology.org/ontology/MSH/D017374", "preferredName": "Paroxetine"}, {"semTypes": ["T999"], "to": "10112", "fro": "10102", "fullId": "http://purl.bioontology.org/ontology/RXNORM/32937", "preferredName": "Paroxetine"}, {"semTypes": ["T999"], "to": "18782", "fro": "18759", "fullId": "http://purl.bioontology.org/ontology/MSH/D017374", "preferredName": "Paroxetine"}, {"semTypes": ["T109", "T121"], "to": "12681", "fro": "12672", "fullId": "http://purl.bioontology.org/ontology/MSH/D017374", "preferredName": "Paroxetine"}, {"semTypes": ["T999"], "to": "3985", "fro": "3978", "fullId": "http://purl.bioontology.org/ontology/RXNORM/32937", "preferredName": "Paroxetine"}, {"semTypes": ["T999"], "to": "9374", "fro": "9364", "fullId": "http://purl.bioontology.org/ontology/RXNORM/32937", "preferredName": "Paroxetine"}, {"semTypes": ["T109", "T121"], "to": "15998", "fro": "15975", "fullId": "http://purl.bioontology.org/ontology/MSH/D017374", "preferredName": "Paroxetine"}, {"semTypes": ["T200"], "to": "9466", "fro": "9451", "fullId": "http://purl.bioontology.org/ontology/RXNORM/8331", "preferredName": "Pimozide"}, {"semTypes": ["T109", "T121"], "to": "5170", "fro": "5161", "fullId": "http://purl.bioontology.org/ontology/MSH/D017374", "preferredName": "Paroxetine"}, {"semTypes": ["T999"], "to": "3281", "fro": "3270", "fullId": "http://purl.bioontology.org/ontology/RXNORM/235830", "preferredName": "Paroxetine Hydrochloride"}, {"semTypes": ["T109", "T121"], "to": "19945", "fro": "19936", "fullId": "http://purl.bioontology.org/ontology/MSH/D017374", "preferredName": "Paroxetine"}, {"semTypes": ["T121", "T109"], "to": "1817", "fro": "1810", "fullId": "http://purl.bioontology.org/ontology/RXNORM/32937", "preferredName": "Paroxetine"}, {"semTypes": ["T130", "T109", "T121"], "to": "2838", "fro": "2825", "fullId": "http://purl.bioontology.org/ontology/RXNORM/38400", "preferredName": "atomoxetine"}, {"semTypes": ["T999"], "to": "12788", "fro": "12779", "fullId": "http://purl.bioontology.org/ontology/RXNORM/8331", "preferredName": "Pimozide"}, {"semTypes": ["T121", "T116", "T123"], "to": "3032", "fro": "3023", "fullId": "http://purl.bioontology.org/ontology/RXNORM/32937", "preferredName": "Paroxetine"}, {"semTypes": ["T109", "T121"], "to": "615", "fro": "592", "fullId": "http://purl.bioontology.org/ontology/MSH/D017374", "preferredName": "Paroxetine"}, {"semTypes": ["T121", "T109"], "to": "11000", "fro": "10990", "fullId": "http://purl.bioontology.org/ontology/RXNORM/32937", "preferredName": "Paroxetine"}, {"semTypes": ["T109", "T121"], "to": "17608", "fro": "17599", "fullId": "http://purl.bioontology.org/ontology/MSH/D017374", "preferredName": "Paroxetine"}, {"semTypes": ["T999"], "to": "12588", "fro": "12577", "fullId": "http://purl.bioontology.org/ontology/MSH/D010868", "preferredName": "Pimozide"}, {"semTypes": ["T121", "T109"], "to": "18074", "fro": "18063", "fullId": "http://purl.bioontology.org/ontology/RXNORM/235830", "preferredName": "Paroxetine Hydrochloride"}, {"semTypes": ["T999"], "to": "6589", "fro": "6577", "fullId": "http://purl.bioontology.org/ontology/RXNORM/32937", "preferredName": "Paroxetine"}, {"semTypes": ["T999"], "to": "6077", "fro": "6068", "fullId": "http://purl.bioontology.org/ontology/MSH/D017374", "preferredName": "Paroxetine"}, {"semTypes": ["T109", "T121"], "to": "11806", "fro": "11797", "fullId": "http://purl.bioontology.org/ontology/MSH/D017374", "preferredName": "Paroxetine"}, {"semTypes": ["T999"], "to": "14805", "fro": "14798", "fullId": "http://purl.bioontology.org/ontology/RXNORM/32937", "preferredName": "Paroxetine"}, {"semTypes": ["T109", "T121"], "to": "6867", "fro": "6844", "fullId": "http://purl.bioontology.org/ontology/MSH/D017374", "preferredName": "Paroxetine"}, {"semTypes": ["T109", "T121"], "to": "4555", "fro": "4532", "fullId": "http://purl.bioontology.org/ontology/MSH/D017374", "preferredName": "Paroxetine"}, {"semTypes": ["T999"], "to": "12776", "fro": "12766", "fullId": "http://purl.bioontology.org/ontology/RXNORM/235830", "preferredName": "Paroxetine Hydrochloride"}, {"semTypes": ["T999"], "to": "10941", "fro": "10932", "fullId": "http://purl.bioontology.org/ontology/MSH/D010868", "preferredName": "Pimozide"}, {"semTypes": ["T109", "T121"], "to": "317", "fro": "308", "fullId": "http://purl.bioontology.org/ontology/MSH/D017374", "preferredName": "Paroxetine"}, {"semTypes": ["T999"], "to": "6091", "fro": "6082", "fullId": "http://purl.bioontology.org/ontology/RXNORM/235830", "preferredName": "Paroxetine Hydrochloride"}, {"semTypes": ["T109", "T121"], "to": "19765", "fro": "19753", "fullId": "http://purl.bioontology.org/ontology/MSH/C041930", "preferredName": "atomoxetine"}, {"semTypes": ["T999"], "to": "1817", "fro": "1810", "fullId": "http://purl.bioontology.org/ontology/RXNORM/32937", "preferredName": "Paroxetine"}, {"semTypes": ["T999"], "to": "12799", "fro": "12791", "fullId": "http://purl.bioontology.org/ontology/RXNORM/8331", "preferredName": "Pimozide"}, {"semTypes": ["T999"], "to": "495", "fro": "486", "fullId": "http://purl.bioontology.org/ontology/RXNORM/32937", "preferredName": "Paroxetine"}, {"semTypes": ["T109", "T121"], "to": "6555", "fro": "6532", "fullId": "http://purl.bioontology.org/ontology/MSH/D017374", "preferredName": "Paroxetine"}, {"semTypes": ["T109", "T121"], "to": "5752", "fro": "5743", "fullId": "http://purl.bioontology.org/ontology/MSH/D017374", "preferredName": "Paroxetine"}, {"semTypes": ["T999"], "to": "7129", "fro": "7117", "fullId": "http://purl.bioontology.org/ontology/RXNORM/235830", "preferredName": "Paroxetine Hydrochloride"}, {"semTypes": ["T999"], "to": "1653", "fro": "1646", "fullId": "http://purl.bioontology.org/ontology/RXNORM/32937", "preferredName": "Paroxetine"}, {"semTypes": ["T999"], "to": "12432", "fro": "12422", "fullId": "http://purl.bioontology.org/ontology/RXNORM/235830", "preferredName": "Paroxetine Hydrochloride"}, {"semTypes": ["T999"], "to": "5561", "fro": "5552", "fullId": "http://purl.bioontology.org/ontology/RXNORM/235830", "preferredName": "Paroxetine Hydrochloride"}, {"semTypes": ["T999"], "to": "2458", "fro": "2435", "fullId": "http://purl.bioontology.org/ontology/MSH/D017374", "preferredName": "Paroxetine"}, {"semTypes": ["T999"], "to": "9357", "fro": "9348", "fullId": "http://purl.bioontology.org/ontology/MSH/D017374", "preferredName": "Paroxetine"}, {"semTypes": ["T109", "T121"], "to": "7640", "fro": "7631", "fullId": "http://purl.bioontology.org/ontology/MSH/D017374", "preferredName": "Paroxetine"}, {"semTypes": ["T121", "T109"], "to": "10173", "fro": "10163", "fullId": "http://purl.bioontology.org/ontology/RXNORM/32937", "preferredName": "Paroxetine"}, {"semTypes": ["T109", "T121"], "to": "10929", "fro": "10917", "fullId": "http://purl.bioontology.org/ontology/MSH/C041930", "preferredName": "atomoxetine"}, {"semTypes": ["T121", "T109", "T131"], "to": "15391", "fro": "15384", "fullId": "http://purl.bioontology.org/ontology/RXNORM/32937", "preferredName": "Paroxetine"}, {"semTypes": ["T121", "T109"], "to": "18243", "fro": "18232", "fullId": "http://purl.bioontology.org/ontology/RXNORM/235830", "preferredName": "Paroxetine Hydrochloride"}, {"semTypes": ["T999"], "to": "9233", "fro": "9223", "fullId": "http://purl.bioontology.org/ontology/RXNORM/38400", "preferredName": "atomoxetine"}, {"semTypes": ["T109", "T121"], "to": "9357", "fro": "9348", "fullId": "http://purl.bioontology.org/ontology/MSH/D017374", "preferredName": "Paroxetine"}, {"semTypes": ["T999"], "to": "19449", "fro": "19438", "fullId": "http://purl.bioontology.org/ontology/RXNORM/235830", "preferredName": "Paroxetine Hydrochloride"}, {"semTypes": ["T999"], "to": "2588", "fro": "2581", "fullId": "http://purl.bioontology.org/ontology/RXNORM/8331", "preferredName": "Pimozide"}, {"semTypes": ["T121", "T109"], "to": "10344", "fro": "10334", "fullId": "http://purl.bioontology.org/ontology/RXNORM/32937", "preferredName": "Paroxetine"}, {"semTypes": ["T999"], "to": "9733", "fro": "9723", "fullId": "http://purl.bioontology.org/ontology/RXNORM/32937", "preferredName": "Paroxetine"}, {"semTypes": ["T200"], "to": "9987", "fro": "9972", "fullId": "http://purl.bioontology.org/ontology/RXNORM/235830", "preferredName": "Paroxetine Hydrochloride"}, {"semTypes": ["T109", "T121"], "to": "6740", "fro": "6731", "fullId": "http://purl.bioontology.org/ontology/MSH/D017374", "preferredName": "Paroxetine"}, {"semTypes": ["T109", "T121"], "to": "5985", "fro": "5962", "fullId": "http://purl.bioontology.org/ontology/MSH/D017374", "preferredName": "Paroxetine"}, {"semTypes": ["T999"], "to": "15220", "fro": "15214", "fullId": "http://purl.bioontology.org/ontology/RXNORM/38400", "preferredName": "atomoxetine"}, {"semTypes": ["T999"], "to": "6447", "fro": "6435", "fullId": "http://purl.bioontology.org/ontology/RXNORM/235830", "preferredName": "Paroxetine Hydrochloride"}, {"semTypes": ["T999"], "to": "17572", "fro": "17563", "fullId": "http://purl.bioontology.org/ontology/MSH/D017374", "preferredName": "Paroxetine"}, {"semTypes": ["T121", "T109"], "to": "12776", "fro": "12766", "fullId": "http://purl.bioontology.org/ontology/RXNORM/235830", "preferredName": "Paroxetine Hydrochloride"}, {"semTypes": ["T999"], "to": "18865", "fro": "18856", "fullId": "http://purl.bioontology.org/ontology/MSH/D017374", "preferredName": "Paroxetine"}, {"semTypes": ["T109", "T121"], "to": "1768", "fro": "1759", "fullId": "http://purl.bioontology.org/ontology/MSH/D017374", "preferredName": "Paroxetine"}, {"semTypes": ["T999"], "to": "11059", "fro": "11050", "fullId": "http://purl.bioontology.org/ontology/MSH/D010868", "preferredName": "Pimozide"}, {"semTypes": ["T109", "T121"], "to": "19775", "fro": "19767", "fullId": "http://purl.bioontology.org/ontology/MSH/D010868", "preferredName": "Pimozide"}, {"semTypes": ["T109", "T121"], "to": "19877", "fro": "19869", "fullId": "http://purl.bioontology.org/ontology/RXNORM/38400", "preferredName": "atomoxetine"}, {"semTypes": ["T121", "T109"], "to": "10954", "fro": "10944", "fullId": "http://purl.bioontology.org/ontology/MSH/D010868", "preferredName": "Pimozide"}, {"semTypes": ["T121", "T116", "T123"], "to": "495", "fro": "486", "fullId": "http://purl.bioontology.org/ontology/RXNORM/32937", "preferredName": "Paroxetine"}, {"semTypes": ["T999"], "to": "7833", "fro": "7825", "fullId": "http://purl.bioontology.org/ontology/RXNORM/32937", "preferredName": "Paroxetine"}, {"semTypes": ["T109", "T121"], "to": "13025", "fro": "13016", "fullId": "http://purl.bioontology.org/ontology/MSH/D017374", "preferredName": "Paroxetine"}, {"semTypes": ["T121", "T110", "T118"], "to": "16962", "fro": "16956", "fullId": "http://purl.bioontology.org/ontology/RXNORM/235830", "preferredName": "Paroxetine Hydrochloride"}, {"semTypes": ["T121", "T109"], "to": "2598", "fro": "2591", "fullId": "http://purl.bioontology.org/ontology/MSH/D010868", "preferredName": "Pimozide"}, {"semTypes": ["T999"], "to": "11333", "fro": "11322", "fullId": "http://purl.bioontology.org/ontology/RXNORM/235830", "preferredName": "Paroxetine Hydrochloride"}, {"semTypes": ["T999"], "to": "10238", "fro": "10228", "fullId": "http://purl.bioontology.org/ontology/RXNORM/32937", "preferredName": "Paroxetine"}, {"semTypes": ["T109", "T121"], "to": "12894", "fro": "12885", "fullId": "http://purl.bioontology.org/ontology/MSH/D017374", "preferredName": "Paroxetine"}, {"semTypes": ["T999"], "to": "3869", "fro": "3862", "fullId": "http://purl.bioontology.org/ontology/RXNORM/32937", "preferredName": "Paroxetine"}, {"semTypes": ["T109", "T121"], "to": "556", "fro": "533", "fullId": "http://purl.bioontology.org/ontology/MSH/D017374", "preferredName": "Paroxetine"}, {"semTypes": ["T109", "T121"], "to": "6802", "fro": "6790", "fullId": "http://purl.bioontology.org/ontology/RXNORM/235830", "preferredName": "Paroxetine Hydrochloride"}, {"semTypes": ["T121", "T109", "T131"], "to": "14805", "fro": "14798", "fullId": "http://purl.bioontology.org/ontology/RXNORM/32937", "preferredName": "Paroxetine"}, {"semTypes": ["T999"], "to": "7748", "fro": "7725", "fullId": "http://purl.bioontology.org/ontology/MSH/D017374", "preferredName": "Paroxetine"}, {"semTypes": ["T121", "T109"], "to": "12810", "fro": "12802", "fullId": "http://purl.bioontology.org/ontology/MSH/D010868", "preferredName": "Pimozide"}, {"semTypes": ["T109", "T121"], "to": "17147", "fro": "17138", "fullId": "http://purl.bioontology.org/ontology/MSH/D017374", "preferredName": "Paroxetine"}, {"semTypes": ["T109", "T121"], "to": "12416", "fro": "12407", "fullId": "http://purl.bioontology.org/ontology/MSH/D017374", "preferredName": "Paroxetine"}, {"semTypes": ["T121", "T109"], "to": "7919", "fro": "7911", "fullId": "http://purl.bioontology.org/ontology/RXNORM/32937", "preferredName": "Paroxetine"}, {"semTypes": ["T999"], "to": "16431", "fro": "16415", "fullId": "http://purl.bioontology.org/ontology/MSH/C041930", "preferredName": "atomoxetine"}, {"semTypes": ["T999"], "to": "7983", "fro": "7975", "fullId": "http://purl.bioontology.org/ontology/RXNORM/32937", "preferredName": "Paroxetine"}, {"semTypes": ["T999"], "to": "10408", "fro": "10399", "fullId": "http://purl.bioontology.org/ontology/MSH/D017374", "preferredName": "Paroxetine"}, {"semTypes": ["T999"], "to": "17159", "fro": "17153", "fullId": "http://purl.bioontology.org/ontology/RXNORM/235830", "preferredName": "Paroxetine Hydrochloride"}, {"semTypes": ["T999"], "to": "1475", "fro": "1452", "fullId": "http://purl.bioontology.org/ontology/MSH/D017374", "preferredName": "Paroxetine"}, {"semTypes": ["T999"], "to": "18597", "fro": "18587", "fullId": "http://purl.bioontology.org/ontology/RXNORM/235830", "preferredName": "Paroxetine Hydrochloride"}, {"semTypes": ["T999"], "to": "17535", "fro": "17528", "fullId": "http://purl.bioontology.org/ontology/RXNORM/235830", "preferredName": "Paroxetine Hydrochloride"}, {"semTypes": ["T121", "T109"], "to": "1895", "fro": "1888", "fullId": "http://purl.bioontology.org/ontology/RXNORM/32937", "preferredName": "Paroxetine"}, {"semTypes": ["T109", "T121"], "to": "15474", "fro": "15465", "fullId": "http://purl.bioontology.org/ontology/MSH/D017374", "preferredName": "Paroxetine"}, {"semTypes": ["T109", "T121"], "to": "11679", "fro": "11671", "fullId": "http://purl.bioontology.org/ontology/RXNORM/38400", "preferredName": "atomoxetine"}, {"semTypes": ["T121", "T109", "T131"], "to": "3985", "fro": "3978", "fullId": "http://purl.bioontology.org/ontology/RXNORM/32937", "preferredName": "Paroxetine"}, {"semTypes": ["T109", "T121"], "to": "2458", "fro": "2435", "fullId": "http://purl.bioontology.org/ontology/MSH/D017374", "preferredName": "Paroxetine"}, {"semTypes": ["T999"], "to": "19867", "fro": "19855", "fullId": "http://purl.bioontology.org/ontology/MSH/C041930", "preferredName": "atomoxetine"}, {"semTypes": ["T999"], "to": "10914", "fro": "10902", "fullId": "http://purl.bioontology.org/ontology/RXNORM/8331", "preferredName": "Pimozide"}, {"semTypes": ["T999"], "to": "5752", "fro": "5743", "fullId": "http://purl.bioontology.org/ontology/MSH/D017374", "preferredName": "Paroxetine"}, {"semTypes": ["T999"], "to": "11074", "fro": "11066", "fullId": "http://purl.bioontology.org/ontology/MSH/C041930", "preferredName": "atomoxetine"}, {"semTypes": ["T109", "T121"], "to": "11561", "fro": "11552", "fullId": "http://purl.bioontology.org/ontology/MSH/D017374", "preferredName": "Paroxetine"}, {"semTypes": ["T109", "T121"], "to": "18597", "fro": "18587", "fullId": "http://purl.bioontology.org/ontology/RXNORM/235830", "preferredName": "Paroxetine Hydrochloride"}, {"semTypes": ["T999"], "to": "17977", "fro": "17968", "fullId": "http://purl.bioontology.org/ontology/MSH/D017374", "preferredName": "Paroxetine"}, {"semTypes": ["T999"], "to": "17620", "fro": "17613", "fullId": "http://purl.bioontology.org/ontology/RXNORM/235830", "preferredName": "Paroxetine Hydrochloride"}, {"semTypes": ["T109", "T121"], "to": "8778", "fro": "8769", "fullId": "http://purl.bioontology.org/ontology/MSH/D017374", "preferredName": "Paroxetine"}, {"semTypes": ["T999"], "to": "7919", "fro": "7911", "fullId": "http://purl.bioontology.org/ontology/RXNORM/32937", "preferredName": "Paroxetine"}, {"semTypes": ["T121", "T109"], "to": "10941", "fro": "10932", "fullId": "http://purl.bioontology.org/ontology/MSH/D014364", "preferredName": "Tryptophan"}, {"semTypes": ["T121", "T110", "T118"], "to": "17159", "fro": "17153", "fullId": "http://purl.bioontology.org/ontology/RXNORM/235830", "preferredName": "Paroxetine Hydrochloride"}, {"semTypes": ["T999"], "to": "14157", "fro": "14148", "fullId": "http://purl.bioontology.org/ontology/MSH/D017374", "preferredName": "Paroxetine"}, {"semTypes": ["T121", "T109"], "to": "17437", "fro": "17430", "fullId": "http://purl.bioontology.org/ontology/RXNORM/235830", "preferredName": "Paroxetine Hydrochloride"}, {"semTypes": ["T109", "T121"], "to": "17977", "fro": "17968", "fullId": "http://purl.bioontology.org/ontology/MSH/D017374", "preferredName": "Paroxetine"}, {"semTypes": ["T121", "T109"], "to": "10112", "fro": "10102", "fullId": "http://purl.bioontology.org/ontology/RXNORM/32937", "preferredName": "Paroxetine"}, {"semTypes": ["T999"], "to": "15391", "fro": "15384", "fullId": "http://purl.bioontology.org/ontology/RXNORM/32937", "preferredName": "Paroxetine"}, {"semTypes": ["T999"], "to": "14235", "fro": "14212", "fullId": "http://purl.bioontology.org/ontology/MSH/D017374", "preferredName": "Paroxetine"}, {"semTypes": ["T999"], "to": "12501", "fro": "12492", "fullId": "http://purl.bioontology.org/ontology/MSH/D017374", "preferredName": "Paroxetine"}, {"semTypes": ["T999"], "to": "2569", "fro": "2562", "fullId": "http://purl.bioontology.org/ontology/RXNORM/8331", "preferredName": "Pimozide"}, {"semTypes": ["T999"], "to": "2367", "fro": "2344", "fullId": "http://purl.bioontology.org/ontology/MSH/D017374", "preferredName": "Paroxetine"}, {"semTypes": ["T999"], "to": "13025", "fro": "13016", "fullId": "http://purl.bioontology.org/ontology/MSH/D017374", "preferredName": "Paroxetine"}, {"semTypes": ["T121", "T109"], "to": "12788", "fro": "12779", "fullId": "http://purl.bioontology.org/ontology/RXNORM/38400", "preferredName": "atomoxetine"}, {"semTypes": ["T999"], "to": "6802", "fro": "6790", "fullId": "http://purl.bioontology.org/ontology/RXNORM/235830", "preferredName": "Paroxetine Hydrochloride"}, {"semTypes": ["T197", "T121"], "to": "16431", "fro": "16415", "fullId": "http://purl.bioontology.org/ontology/RXNORM/38400", "preferredName": "atomoxetine"}, {"semTypes": ["T999"], "to": "11561", "fro": "11552", "fullId": "http://purl.bioontology.org/ontology/MSH/D017374", "preferredName": "Paroxetine"}, {"semTypes": ["T999"], "to": "1698", "fro": "1691", "fullId": "http://purl.bioontology.org/ontology/RXNORM/32937", "preferredName": "Paroxetine"}, {"semTypes": ["T999"], "to": "17147", "fro": "17138", "fullId": "http://purl.bioontology.org/ontology/MSH/D017374", "preferredName": "Paroxetine"}, {"semTypes": ["T109", "T121"], "to": "15837", "fro": "15814", "fullId": "http://purl.bioontology.org/ontology/MSH/D017374", "preferredName": "Paroxetine"}, {"semTypes": ["T109", "T121"], "to": "6589", "fro": "6577", "fullId": "http://purl.bioontology.org/ontology/RXNORM/32937", "preferredName": "Paroxetine"}, {"semTypes": ["T999"], "to": "19276", "fro": "19265", "fullId": "http://purl.bioontology.org/ontology/RXNORM/235830", "preferredName": "Paroxetine Hydrochloride"}, {"semTypes": ["T999"], "to": "556", "fro": "533", "fullId": "http://purl.bioontology.org/ontology/MSH/D017374", "preferredName": "Paroxetine"}, {"semTypes": ["T121", "T109"], "to": "12516", "fro": "12506", "fullId": "http://purl.bioontology.org/ontology/RXNORM/235830", "preferredName": "Paroxetine Hydrochloride"}, {"semTypes": ["T999"], "to": "3972", "fro": "3949", "fullId": "http://purl.bioontology.org/ontology/MSH/D017374", "preferredName": "Paroxetine"}, {"semTypes": ["T999"], "to": "1895", "fro": "1888", "fullId": "http://purl.bioontology.org/ontology/RXNORM/32937", "preferredName": "Paroxetine"}]